#
# There is insufficient memory for the Java Runtime Environment to continue.
# Native memory allocation (malloc) failed to allocate 1029264 bytes. Error detail: Chunk::new
# Possible reasons:
#   The system is out of physical RAM or swap space
#   This process is running with CompressedOops enabled, and the Java Heap may be blocking the growth of the native heap
# Possible solutions:
#   Reduce memory load on the system
#   Increase physical memory or swap space
#   Check if swap backing store is full
#   Decrease Java heap size (-Xmx/-Xms)
#   Decrease number of Java threads
#   Decrease Java thread stack sizes (-Xss)
#   Set larger code cache with -XX:ReservedCodeCacheSize=
#   JVM is running with Unscaled Compressed Oops mode in which the Java heap is
#     placed in the first 4GB address space. The Java Heap base address is the
#     maximum limit for the native heap growth. Please use -XX:HeapBaseMinAddress
#     to set the Java Heap base and to place the Java Heap above 4GB virtual address.
# This output file may be truncated or incomplete.
#
#  Out of Memory Error (arena.cpp:168), pid=19468, tid=26140
#
# JRE version: OpenJDK Runtime Environment Temurin-21.0.3+9 (21.0.3+9) (build 21.0.3+9-LTS)
# Java VM: OpenJDK 64-Bit Server VM Temurin-21.0.3+9 (21.0.3+9-LTS, mixed mode, sharing, tiered, compressed oops, compressed class ptrs, g1 gc, windows-amd64)
# No core dump will be written. Minidumps are not enabled by default on client versions of Windows
#

---------------  S U M M A R Y ------------

Command Line: --add-opens=java.base/java.lang=ALL-UNNAMED --add-opens=java.base/java.lang.invoke=ALL-UNNAMED --add-opens=java.base/java.util=ALL-UNNAMED --add-opens=java.prefs/java.util.prefs=ALL-UNNAMED --add-exports=jdk.compiler/com.sun.tools.javac.api=ALL-UNNAMED --add-exports=jdk.compiler/com.sun.tools.javac.util=ALL-UNNAMED --add-opens=java.base/java.util=ALL-UNNAMED --add-opens=java.prefs/java.util.prefs=ALL-UNNAMED --add-opens=java.base/java.nio.charset=ALL-UNNAMED --add-opens=java.base/java.net=ALL-UNNAMED --add-opens=java.base/java.util.concurrent.atomic=ALL-UNNAMED --add-opens=java.xml/javax.xml.namespace=ALL-UNNAMED -Xmx1536m -Dfile.encoding=UTF-8 -Duser.country=US -Duser.language=en -Duser.variant -javaagent:D:\GradleCache\wrapper\dists\gradle-8.14.3-all\10utluxaxniiv4wxiphsi49nj\gradle-8.14.3\lib\agents\gradle-instrumentation-agent-8.14.3.jar org.gradle.launcher.daemon.bootstrap.GradleDaemon 8.14.3

Host: AMD Ryzen 5 5600H with Radeon Graphics         , 12 cores, 15G,  Windows 11 , 64 bit Build 26100 (10.0.26100.9549)
Time: Thu Oct  1 23:09:51 2026 India Standard Time elapsed time: 27.379233 seconds (0d 0h 0m 27s)

---------------  T H R E A D  ---------------

Current thread (0x00000280f18044a0):  JavaThread "C2 CompilerThread2" daemon [_thread_in_native, id=26140, stack(0x0000008fd3c00000,0x0000008fd3d00000) (1024K)]


Current CompileTask:
C2:  27379 15844 %     4       groovy.lang.MetaClassImpl::inheritInterfaceNewMetaMethods @ 100 (195 bytes)

Stack: [0x0000008fd3c00000,0x0000008fd3d00000]
Native frames: (J=compiled Java code, j=interpreted, Vv=VM code, C=native code)
V  [jvm.dll+0x6c8699]
V  [jvm.dll+0x8a2061]
V  [jvm.dll+0x8a458e]
V  [jvm.dll+0x8a4c63]
V  [jvm.dll+0x27e476]
V  [jvm.dll+0xc4a1d]
V  [jvm.dll+0xc4f53]
V  [jvm.dll+0x3b265c]
V  [jvm.dll+0x37efa5]
V  [jvm.dll+0x37e40a]
V  [jvm.dll+0x2469c0]
V  [jvm.dll+0x245f9f]
V  [jvm.dll+0x1c6f4e]
V  [jvm.dll+0x255719]
V  [jvm.dll+0x253cba]
V  [jvm.dll+0x3ec1e6]
V  [jvm.dll+0x84bf8b]
V  [jvm.dll+0x6c6dcd]
C  [ucrtbase.dll+0x2cd30]
C  [KERNEL32.DLL+0x2cdf7]
C  [ntdll.dll+0x7ee4c]


---------------  P R O C E S S  ---------------

Threads class SMR info:
_java_thread_list=0x00000280fcd60900, length=91, elements={
0x00000280d4df0ca0, 0x00000280f1469080, 0x00000280f1469ae0, 0x00000280f146d920,
0x00000280f1470760, 0x00000280f146f620, 0x00000280f14760f0, 0x00000280f14777d0,
0x00000280f14a3800, 0x00000280f14307f0, 0x00000280f17ec130, 0x00000280f7fcb900,
0x00000280f7fc7a20, 0x00000280f7f28e30, 0x00000280f821f640, 0x00000280f821fcb0,
0x00000280f7fe0750, 0x00000280f7ff10a0, 0x00000280f7ff0380, 0x00000280f7fefcf0,
0x00000280f7ff0a10, 0x00000280f81b9e70, 0x00000280f81b9150, 0x00000280f81b8ac0,
0x00000280f81bab90, 0x00000280f81b7da0, 0x00000280f81b97e0, 0x00000280f81ba500,
0x00000280f9e543a0, 0x00000280f9e54a30, 0x00000280f9e52960, 0x00000280f9e53680,
0x00000280f9e51c40, 0x00000280f9e515b0, 0x00000280f9e522d0, 0x00000280f173dee0,
0x00000280f173f290, 0x00000280f173ec00, 0x00000280f173ffb0, 0x00000280f173f920,
0x00000280f1740640, 0x00000280f173d850, 0x00000280f1744150, 0x00000280f1742080,
0x00000280f1741360, 0x00000280f17419f0, 0x00000280f1742710, 0x00000280f1742da0,
0x00000280f1743ac0, 0x00000280f1743430, 0x00000280f17165c0, 0x00000280f1718000,
0x00000280f1718d20, 0x00000280f1718690, 0x00000280f17193b0, 0x00000280f1715f30,
0x00000280f1716c50, 0x00000280f1719a40, 0x00000280f171a0d0, 0x00000280f1717970,
0x00000280f171a760, 0x00000280f17172e0, 0x00000280f171b480, 0x00000280f171cec0,
0x00000280f171c830, 0x00000280f171adf0, 0x00000280f171bb10, 0x00000280f171c1a0,
0x00000280f171d550, 0x00000280fc8556d0, 0x00000280fc8549b0, 0x00000280fc854320,
0x00000280f1802960, 0x00000280f18044a0, 0x00000280fc856a80, 0x00000280fc853c90,
0x00000280fc85a590, 0x00000280fc858b50, 0x00000280fc8584c0, 0x00000280fc8591e0,
0x00000280f62f3240, 0x00000280f62f5310, 0x00000280f62f1e90, 0x00000280f62f8e20,
0x00000280f62f8790, 0x00000280f62f6030, 0x00000280f62f66c0, 0x00000280f62f73e0,
0x00000280f62f6d50, 0x00000280f62f59a0, 0x00000280f62f7a70
}

Java Threads: ( => current thread )
  0x00000280d4df0ca0 JavaThread "main"                              [_thread_blocked, id=22500, stack(0x0000008fd2900000,0x0000008fd2a00000) (1024K)]
  0x00000280f1469080 JavaThread "Reference Handler"          daemon [_thread_blocked, id=25288, stack(0x0000008fd3100000,0x0000008fd3200000) (1024K)]
  0x00000280f1469ae0 JavaThread "Finalizer"                  daemon [_thread_blocked, id=6308, stack(0x0000008fd3200000,0x0000008fd3300000) (1024K)]
  0x00000280f146d920 JavaThread "Signal Dispatcher"          daemon [_thread_blocked, id=11800, stack(0x0000008fd3300000,0x0000008fd3400000) (1024K)]
  0x00000280f1470760 JavaThread "Attach Listener"            daemon [_thread_blocked, id=24280, stack(0x0000008fd3400000,0x0000008fd3500000) (1024K)]
  0x00000280f146f620 JavaThread "Service Thread"             daemon [_thread_blocked, id=19004, stack(0x0000008fd3500000,0x0000008fd3600000) (1024K)]
  0x00000280f14760f0 JavaThread "Monitor Deflation Thread"   daemon [_thread_blocked, id=10112, stack(0x0000008fd3600000,0x0000008fd3700000) (1024K)]
  0x00000280f14777d0 JavaThread "C2 CompilerThread0"         daemon [_thread_in_native, id=25640, stack(0x0000008fd3700000,0x0000008fd3800000) (1024K)]
  0x00000280f14a3800 JavaThread "C1 CompilerThread0"         daemon [_thread_in_native, id=24008, stack(0x0000008fd3800000,0x0000008fd3900000) (1024K)]
  0x00000280f14307f0 JavaThread "Common-Cleaner"             daemon [_thread_blocked, id=5224, stack(0x0000008fd3900000,0x0000008fd3a00000) (1024K)]
  0x00000280f17ec130 JavaThread "Notification Thread"        daemon [_thread_blocked, id=26120, stack(0x0000008fd3a00000,0x0000008fd3b00000) (1024K)]
  0x00000280f7fcb900 JavaThread "Daemon health stats"               [_thread_blocked, id=22232, stack(0x0000008fd4400000,0x0000008fd4500000) (1024K)]
  0x00000280f7fc7a20 JavaThread "Incoming local TCP Connector on port 64103"        [_thread_in_native, id=5236, stack(0x0000008fd4500000,0x0000008fd4600000) (1024K)]
  0x00000280f7f28e30 JavaThread "Daemon periodic checks"            [_thread_blocked, id=18456, stack(0x0000008fd4600000,0x0000008fd4700000) (1024K)]
  0x00000280f821f640 JavaThread "Daemon"                            [_thread_blocked, id=18612, stack(0x0000008fd4700000,0x0000008fd4800000) (1024K)]
  0x00000280f821fcb0 JavaThread "Handler for socket connection from /127.0.0.1:64103 to /127.0.0.1:64104"        [_thread_in_native, id=13836, stack(0x0000008fd4800000,0x0000008fd4900000) (1024K)]
  0x00000280f7fe0750 JavaThread "Cancel handler"                    [_thread_blocked, id=25800, stack(0x0000008fd4900000,0x0000008fd4a00000) (1024K)]
  0x00000280f7ff10a0 JavaThread "Daemon worker"                     [_thread_in_Java, id=2116, stack(0x0000008fd4a00000,0x0000008fd4b00000) (1024K)]
  0x00000280f7ff0380 JavaThread "Asynchronous log dispatcher for DefaultDaemonConnection: socket connection from /127.0.0.1:64103 to /127.0.0.1:64104"        [_thread_blocked, id=4376, stack(0x0000008fd4b00000,0x0000008fd4c00000) (1024K)]
  0x00000280f7fefcf0 JavaThread "Stdin handler"                     [_thread_blocked, id=18116, stack(0x0000008fd4c00000,0x0000008fd4d00000) (1024K)]
  0x00000280f7ff0a10 JavaThread "Daemon client event forwarder"        [_thread_blocked, id=22920, stack(0x0000008fd4d00000,0x0000008fd4e00000) (1024K)]
  0x00000280f81b9e70 JavaThread "Cache worker for journal cache (D:\GradleCache\caches\journal-1)"        [_thread_blocked, id=16104, stack(0x0000008fd4e00000,0x0000008fd4f00000) (1024K)]
  0x00000280f81b9150 JavaThread "File lock request listener"        [_thread_in_native, id=22128, stack(0x0000008fd4f00000,0x0000008fd5000000) (1024K)]
  0x00000280f81b8ac0 JavaThread "Cache worker for file hash cache (D:\GradleCache\caches\8.14.3\fileHashes)"        [_thread_blocked, id=3624, stack(0x0000008fd5000000,0x0000008fd5100000) (1024K)]
  0x00000280f81bab90 JavaThread "Cache worker for file hash cache (D:\SyncSphere\frontend-next\android\.gradle\8.14.3\fileHashes)"        [_thread_blocked, id=5388, stack(0x0000008fd5500000,0x0000008fd5600000) (1024K)]
  0x00000280f81b7da0 JavaThread "Cache worker for Build Output Cleanup Cache (D:\SyncSphere\frontend-next\android\.gradle\buildOutputCleanup)"        [_thread_blocked, id=17160, stack(0x0000008fd5600000,0x0000008fd5700000) (1024K)]
  0x00000280f81b97e0 JavaThread "File watcher server"        daemon [_thread_in_native, id=20140, stack(0x0000008fd5700000,0x0000008fd5800000) (1024K)]
  0x00000280f81ba500 JavaThread "File watcher consumer"      daemon [_thread_blocked, id=26620, stack(0x0000008fd5800000,0x0000008fd5900000) (1024K)]
  0x00000280f9e543a0 JavaThread "jar transforms"                    [_thread_blocked, id=23024, stack(0x0000008fd5900000,0x0000008fd5a00000) (1024K)]
  0x00000280f9e54a30 JavaThread "jar transforms Thread 2"           [_thread_blocked, id=18812, stack(0x0000008fd5a00000,0x0000008fd5b00000) (1024K)]
  0x00000280f9e52960 JavaThread "Cache worker for checksums cache (D:\SyncSphere\frontend-next\android\.gradle\8.14.3\checksums)"        [_thread_blocked, id=24268, stack(0x0000008fd5b00000,0x0000008fd5c00000) (1024K)]
  0x00000280f9e53680 JavaThread "Cache worker for file content cache (D:\GradleCache\caches\8.14.3\fileContent)"        [_thread_blocked, id=26596, stack(0x0000008fd5c00000,0x0000008fd5d00000) (1024K)]
  0x00000280f9e51c40 JavaThread "jar transforms Thread 3"           [_thread_blocked, id=26268, stack(0x0000008fd5d00000,0x0000008fd5e00000) (1024K)]
  0x00000280f9e515b0 JavaThread "jar transforms Thread 4"           [_thread_blocked, id=8288, stack(0x0000008fd5e00000,0x0000008fd5f00000) (1024K)]
  0x00000280f9e522d0 JavaThread "jar transforms Thread 5"           [_thread_blocked, id=7360, stack(0x0000008fd5f00000,0x0000008fd6000000) (1024K)]
  0x00000280f173dee0 JavaThread "jar transforms Thread 6"           [_thread_blocked, id=15792, stack(0x0000008fd6000000,0x0000008fd6100000) (1024K)]
  0x00000280f173f290 JavaThread "Cache worker for cache directory md-supplier (D:\GradleCache\caches\8.14.3\md-supplier)"        [_thread_blocked, id=10944, stack(0x0000008fd6100000,0x0000008fd6200000) (1024K)]
  0x00000280f173ec00 JavaThread "Cache worker for cache directory md-rule (D:\GradleCache\caches\8.14.3\md-rule)"        [_thread_blocked, id=20268, stack(0x0000008fd6200000,0x0000008fd6300000) (1024K)]
  0x00000280f173ffb0 JavaThread "jar transforms Thread 7"           [_thread_blocked, id=19960, stack(0x0000008fd6300000,0x0000008fd6400000) (1024K)]
  0x00000280f173f920 JavaThread "Unconstrained build operations"        [_thread_blocked, id=2304, stack(0x0000008fd6400000,0x0000008fd6500000) (1024K)]
  0x00000280f1740640 JavaThread "Unconstrained build operations Thread 2"        [_thread_blocked, id=9300, stack(0x0000008fd6500000,0x0000008fd6600000) (1024K)]
  0x00000280f173d850 JavaThread "Unconstrained build operations Thread 3"        [_thread_blocked, id=14760, stack(0x0000008fd6600000,0x0000008fd6700000) (1024K)]
  0x00000280f1744150 JavaThread "Unconstrained build operations Thread 4"        [_thread_blocked, id=20384, stack(0x0000008fd6700000,0x0000008fd6800000) (1024K)]
  0x00000280f1742080 JavaThread "Unconstrained build operations Thread 5"        [_thread_blocked, id=15312, stack(0x0000008fd6800000,0x0000008fd6900000) (1024K)]
  0x00000280f1741360 JavaThread "Unconstrained build operations Thread 6"        [_thread_blocked, id=26452, stack(0x0000008fd6900000,0x0000008fd6a00000) (1024K)]
  0x00000280f17419f0 JavaThread "Unconstrained build operations Thread 7"        [_thread_blocked, id=21484, stack(0x0000008fd6a00000,0x0000008fd6b00000) (1024K)]
  0x00000280f1742710 JavaThread "Unconstrained build operations Thread 8"        [_thread_blocked, id=20424, stack(0x0000008fd6b00000,0x0000008fd6c00000) (1024K)]
  0x00000280f1742da0 JavaThread "Unconstrained build operations Thread 9"        [_thread_blocked, id=4016, stack(0x0000008fd6c00000,0x0000008fd6d00000) (1024K)]
  0x00000280f1743ac0 JavaThread "Unconstrained build operations Thread 10"        [_thread_blocked, id=14000, stack(0x0000008fd6d00000,0x0000008fd6e00000) (1024K)]
  0x00000280f1743430 JavaThread "Unconstrained build operations Thread 11"        [_thread_blocked, id=19320, stack(0x0000008fd6e00000,0x0000008fd6f00000) (1024K)]
  0x00000280f17165c0 JavaThread "Unconstrained build operations Thread 12"        [_thread_blocked, id=19752, stack(0x0000008fd6f00000,0x0000008fd7000000) (1024K)]
  0x00000280f1718000 JavaThread "Unconstrained build operations Thread 13"        [_thread_blocked, id=26248, stack(0x0000008fd7000000,0x0000008fd7100000) (1024K)]
  0x00000280f1718d20 JavaThread "Unconstrained build operations Thread 14"        [_thread_blocked, id=4604, stack(0x0000008fd7100000,0x0000008fd7200000) (1024K)]
  0x00000280f1718690 JavaThread "Unconstrained build operations Thread 15"        [_thread_blocked, id=26196, stack(0x0000008fd7200000,0x0000008fd7300000) (1024K)]
  0x00000280f17193b0 JavaThread "Unconstrained build operations Thread 16"        [_thread_blocked, id=26212, stack(0x0000008fd7300000,0x0000008fd7400000) (1024K)]
  0x00000280f1715f30 JavaThread "Unconstrained build operations Thread 17"        [_thread_blocked, id=2280, stack(0x0000008fd7400000,0x0000008fd7500000) (1024K)]
  0x00000280f1716c50 JavaThread "Unconstrained build operations Thread 18"        [_thread_blocked, id=26572, stack(0x0000008fd7500000,0x0000008fd7600000) (1024K)]
  0x00000280f1719a40 JavaThread "Unconstrained build operations Thread 19"        [_thread_blocked, id=22976, stack(0x0000008fd7600000,0x0000008fd7700000) (1024K)]
  0x00000280f171a0d0 JavaThread "Unconstrained build operations Thread 20"        [_thread_blocked, id=19500, stack(0x0000008fd7700000,0x0000008fd7800000) (1024K)]
  0x00000280f1717970 JavaThread "Unconstrained build operations Thread 21"        [_thread_blocked, id=2004, stack(0x0000008fd7800000,0x0000008fd7900000) (1024K)]
  0x00000280f171a760 JavaThread "Unconstrained build operations Thread 22"        [_thread_blocked, id=18592, stack(0x0000008fd7900000,0x0000008fd7a00000) (1024K)]
  0x00000280f17172e0 JavaThread "Unconstrained build operations Thread 23"        [_thread_blocked, id=1136, stack(0x0000008fd7a00000,0x0000008fd7b00000) (1024K)]
  0x00000280f171b480 JavaThread "Unconstrained build operations Thread 24"        [_thread_blocked, id=18564, stack(0x0000008fd7b00000,0x0000008fd7c00000) (1024K)]
  0x00000280f171cec0 JavaThread "Unconstrained build operations Thread 25"        [_thread_blocked, id=8408, stack(0x0000008fd7c00000,0x0000008fd7d00000) (1024K)]
  0x00000280f171c830 JavaThread "Unconstrained build operations Thread 26"        [_thread_blocked, id=12700, stack(0x0000008fd7d00000,0x0000008fd7e00000) (1024K)]
  0x00000280f171adf0 JavaThread "Unconstrained build operations Thread 27"        [_thread_blocked, id=17528, stack(0x0000008fd7e00000,0x0000008fd7f00000) (1024K)]
  0x00000280f171bb10 JavaThread "Unconstrained build operations Thread 28"        [_thread_blocked, id=25952, stack(0x0000008fd7f00000,0x0000008fd8000000) (1024K)]
  0x00000280f171c1a0 JavaThread "Unconstrained build operations Thread 29"        [_thread_blocked, id=6208, stack(0x0000008fd8000000,0x0000008fd8100000) (1024K)]
  0x00000280f171d550 JavaThread "Unconstrained build operations Thread 30"        [_thread_blocked, id=25964, stack(0x0000008fd8100000,0x0000008fd8200000) (1024K)]
  0x00000280fc8556d0 JavaThread "Unconstrained build operations Thread 31"        [_thread_blocked, id=15576, stack(0x0000008fd8200000,0x0000008fd8300000) (1024K)]
  0x00000280fc8549b0 JavaThread "Unconstrained build operations Thread 32"        [_thread_blocked, id=3772, stack(0x0000008fd8300000,0x0000008fd8400000) (1024K)]
  0x00000280fc854320 JavaThread "Unconstrained build operations Thread 33"        [_thread_blocked, id=22540, stack(0x0000008fd8400000,0x0000008fd8500000) (1024K)]
  0x00000280f1802960 JavaThread "C2 CompilerThread1"         daemon [_thread_blocked, id=14100, stack(0x0000008fd3b00000,0x0000008fd3c00000) (1024K)]
=>0x00000280f18044a0 JavaThread "C2 CompilerThread2"         daemon [_thread_in_native, id=26140, stack(0x0000008fd3c00000,0x0000008fd3d00000) (1024K)]
  0x00000280fc856a80 JavaThread "jar transforms Thread 8"           [_thread_blocked, id=12868, stack(0x0000008fd8500000,0x0000008fd8600000) (1024K)]
  0x00000280fc853c90 JavaThread "jar transforms Thread 9"           [_thread_blocked, id=20720, stack(0x0000008fd8600000,0x0000008fd8700000) (1024K)]
  0x00000280fc85a590 JavaThread "jar transforms Thread 10"          [_thread_blocked, id=11968, stack(0x0000008fd8700000,0x0000008fd8800000) (1024K)]
  0x00000280fc858b50 JavaThread "jar transforms Thread 11"          [_thread_blocked, id=18864, stack(0x0000008fd8800000,0x0000008fd8900000) (1024K)]
  0x00000280fc8584c0 JavaThread "jar transforms Thread 12"          [_thread_blocked, id=15036, stack(0x0000008fd8900000,0x0000008fd8a00000) (1024K)]
  0x00000280fc8591e0 JavaThread "Memory manager"                    [_thread_blocked, id=21636, stack(0x0000008fd8a00000,0x0000008fd8b00000) (1024K)]
  0x00000280f62f3240 JavaThread "Unconstrained build operations Thread 34"        [_thread_blocked, id=25128, stack(0x0000008fd8b00000,0x0000008fd8c00000) (1024K)]
  0x00000280f62f5310 JavaThread "Unconstrained build operations Thread 35"        [_thread_blocked, id=25244, stack(0x0000008fd8c00000,0x0000008fd8d00000) (1024K)]
  0x00000280f62f1e90 JavaThread "Unconstrained build operations Thread 36"        [_thread_blocked, id=18776, stack(0x0000008fd8d00000,0x0000008fd8e00000) (1024K)]
  0x00000280f62f8e20 JavaThread "Unconstrained build operations Thread 37"        [_thread_blocked, id=18856, stack(0x0000008fd8e00000,0x0000008fd8f00000) (1024K)]
  0x00000280f62f8790 JavaThread "Unconstrained build operations Thread 38"        [_thread_blocked, id=26220, stack(0x0000008fd8f00000,0x0000008fd9000000) (1024K)]
  0x00000280f62f6030 JavaThread "Unconstrained build operations Thread 39"        [_thread_blocked, id=12264, stack(0x0000008fd9000000,0x0000008fd9100000) (1024K)]
  0x00000280f62f66c0 JavaThread "Unconstrained build operations Thread 40"        [_thread_blocked, id=4072, stack(0x0000008fd9100000,0x0000008fd9200000) (1024K)]
  0x00000280f62f73e0 JavaThread "Unconstrained build operations Thread 41"        [_thread_blocked, id=26272, stack(0x0000008fd9200000,0x0000008fd9300000) (1024K)]
  0x00000280f62f6d50 JavaThread "Unconstrained build operations Thread 42"        [_thread_blocked, id=15076, stack(0x0000008fd9300000,0x0000008fd9400000) (1024K)]
  0x00000280f62f59a0 JavaThread "Unconstrained build operations Thread 43"        [_thread_blocked, id=23548, stack(0x0000008fd9400000,0x0000008fd9500000) (1024K)]
  0x00000280f62f7a70 JavaThread "Unconstrained build operations Thread 44"        [_thread_blocked, id=3696, stack(0x0000008fd9500000,0x0000008fd9600000) (1024K)]
Total: 91

Other Threads:
  0x00000280f1446e80 VMThread "VM Thread"                           [id=11888, stack(0x0000008fd3000000,0x0000008fd3100000) (1024K)]
  0x00000280f15310a0 WatcherThread "VM Periodic Task Thread"        [id=3192, stack(0x0000008fd2f00000,0x0000008fd3000000) (1024K)]
  0x00000280d4e39060 WorkerThread "GC Thread#0"                     [id=2608, stack(0x0000008fd2a00000,0x0000008fd2b00000) (1024K)]
  0x00000280f6350d00 WorkerThread "GC Thread#1"                     [id=23292, stack(0x0000008fd3d00000,0x0000008fd3e00000) (1024K)]
  0x00000280f64531a0 WorkerThread "GC Thread#2"                     [id=7832, stack(0x0000008fd3e00000,0x0000008fd3f00000) (1024K)]
  0x00000280f604def0 WorkerThread "GC Thread#3"                     [id=22224, stack(0x0000008fd3f00000,0x0000008fd4000000) (1024K)]
  0x00000280f604e290 WorkerThread "GC Thread#4"                     [id=11368, stack(0x0000008fd4000000,0x0000008fd4100000) (1024K)]
  0x00000280f6eec4a0 WorkerThread "GC Thread#5"                     [id=14608, stack(0x0000008fd4100000,0x0000008fd4200000) (1024K)]
  0x00000280f7e6d230 WorkerThread "GC Thread#6"                     [id=9600, stack(0x0000008fd4200000,0x0000008fd4300000) (1024K)]
  0x00000280f775a230 WorkerThread "GC Thread#7"                     [id=1860, stack(0x0000008fd4300000,0x0000008fd4400000) (1024K)]
  0x00000280f7eb0920 WorkerThread "GC Thread#8"                     [id=26360, stack(0x0000008fd5100000,0x0000008fd5200000) (1024K)]
  0x00000280f7eaf360 WorkerThread "GC Thread#9"                     [id=13468, stack(0x0000008fd5200000,0x0000008fd5300000) (1024K)]
  0x00000280d4e48df0 ConcurrentGCThread "G1 Main Marker"            [id=18900, stack(0x0000008fd2b00000,0x0000008fd2c00000) (1024K)]
  0x00000280d4e49800 WorkerThread "G1 Conc#0"                       [id=19428, stack(0x0000008fd2c00000,0x0000008fd2d00000) (1024K)]
  0x00000280f7eaefc0 WorkerThread "G1 Conc#1"                       [id=14428, stack(0x0000008fd5300000,0x0000008fd5400000) (1024K)]
  0x00000280fa062a30 WorkerThread "G1 Conc#2"                       [id=24600, stack(0x0000008fd5400000,0x0000008fd5500000) (1024K)]
  0x00000280f13832a0 ConcurrentGCThread "G1 Refine#0"               [id=16580, stack(0x0000008fd2d00000,0x0000008fd2e00000) (1024K)]
  0x00000280f1388af0 ConcurrentGCThread "G1 Service"                [id=1992, stack(0x0000008fd2e00000,0x0000008fd2f00000) (1024K)]
Total: 18

Threads with active compile tasks:
C2 CompilerThread2    27433 15844 %     4       groovy.lang.MetaClassImpl::inheritInterfaceNewMetaMethods @ 100 (195 bytes)
Total: 1

VM state: not at safepoint (normal execution)

VM Mutex/Monitor currently owned by a thread: None

Heap address: 0x00000000a0000000, size: 1536 MB, Compressed Oops mode: 32-bit

CDS archive(s) mapped at: [0x0000028080000000-0x0000028080c90000-0x0000028080c90000), size 13172736, SharedBaseAddress: 0x0000028080000000, ArchiveRelocationMode: 1.
Compressed class space mapped at: 0x0000028081000000-0x00000280c1000000, reserved size: 1073741824
Narrow klass base: 0x0000028080000000, Narrow klass shift: 0, Narrow klass range: 0x100000000

GC Precious Log:
 CardTable entry size: 512
 Card Set container configuration: InlinePtr #cards 5 size 8 Array Of Cards #cards 12 size 40 Howl #buckets 4 coarsen threshold 1843 Howl Bitmap #cards 512 size 80 coarsen threshold 460 Card regions per heap region 1 cards per card region 2048
 CPUs: 12 total, 12 available
 Memory: 15713M
 Large Page Support: Disabled
 NUMA Support: Disabled
 Compressed Oops: Enabled (32-bit)
 Heap Region Size: 1M
 Heap Min Capacity: 8M
 Heap Initial Capacity: 246M
 Heap Max Capacity: 1536M
 Pre-touch: Disabled
 Parallel Workers: 10
 Concurrent Workers: 3
 Concurrent Refinement Workers: 10
 Periodic GC: Disabled

Heap:
 garbage-first heap   total 421888K, used 164278K [0x00000000a0000000, 0x0000000100000000)
  region size 1024K, 51 young (52224K), 19 survivors (19456K)
 Metaspace       used 87915K, committed 90112K, reserved 1179648K
  class space    used 12090K, committed 13184K, reserved 1048576K

Heap Regions: E=young(eden), S=young(survivor), O=old, HS=humongous(starts), HC=humongous(continues), CS=collection set, F=free, TAMS=top-at-mark-start, PB=parsable bottom
|   0|0x00000000a0000000, 0x00000000a0100000, 0x00000000a0100000|100%|HS|  |TAMS 0x00000000a0000000| PB 0x00000000a0000000| Complete 
|   1|0x00000000a0100000, 0x00000000a0200000, 0x00000000a0200000|100%|HC|  |TAMS 0x00000000a0100000| PB 0x00000000a0100000| Complete 
|   2|0x00000000a0200000, 0x00000000a0300000, 0x00000000a0300000|100%|HC|  |TAMS 0x00000000a0200000| PB 0x00000000a0200000| Complete 
|   3|0x00000000a0300000, 0x00000000a0400000, 0x00000000a0400000|100%| O|  |TAMS 0x00000000a0300000| PB 0x00000000a0300000| Untracked 
|   4|0x00000000a0400000, 0x00000000a0500000, 0x00000000a0500000|100%| O|  |TAMS 0x00000000a0400000| PB 0x00000000a0400000| Untracked 
|   5|0x00000000a0500000, 0x00000000a0600000, 0x00000000a0600000|100%| O|  |TAMS 0x00000000a0500000| PB 0x00000000a0500000| Untracked 
|   6|0x00000000a0600000, 0x00000000a0700000, 0x00000000a0700000|100%|HS|  |TAMS 0x00000000a0600000| PB 0x00000000a0600000| Complete 
|   7|0x00000000a0700000, 0x00000000a0800000, 0x00000000a0800000|100%| O|  |TAMS 0x00000000a0700000| PB 0x00000000a0700000| Untracked 
|   8|0x00000000a0800000, 0x00000000a0900000, 0x00000000a0900000|100%| O|  |TAMS 0x00000000a0800000| PB 0x00000000a0800000| Untracked 
|   9|0x00000000a0900000, 0x00000000a0a00000, 0x00000000a0a00000|100%| O|  |TAMS 0x00000000a0900000| PB 0x00000000a0900000| Untracked 
|  10|0x00000000a0a00000, 0x00000000a0b00000, 0x00000000a0b00000|100%| O|  |TAMS 0x00000000a0a00000| PB 0x00000000a0a00000| Untracked 
|  11|0x00000000a0b00000, 0x00000000a0c00000, 0x00000000a0c00000|100%| O|  |TAMS 0x00000000a0b00000| PB 0x00000000a0b00000| Untracked 
|  12|0x00000000a0c00000, 0x00000000a0d00000, 0x00000000a0d00000|100%| O|  |TAMS 0x00000000a0c00000| PB 0x00000000a0c00000| Untracked 
|  13|0x00000000a0d00000, 0x00000000a0e00000, 0x00000000a0e00000|100%| O|  |TAMS 0x00000000a0d00000| PB 0x00000000a0d00000| Untracked 
|  14|0x00000000a0e00000, 0x00000000a0f00000, 0x00000000a0f00000|100%| O|  |TAMS 0x00000000a0e00000| PB 0x00000000a0e00000| Untracked 
|  15|0x00000000a0f00000, 0x00000000a1000000, 0x00000000a1000000|100%| O|  |TAMS 0x00000000a0f00000| PB 0x00000000a0f00000| Untracked 
|  16|0x00000000a1000000, 0x00000000a1100000, 0x00000000a1100000|100%| O|  |TAMS 0x00000000a1000000| PB 0x00000000a1000000| Untracked 
|  17|0x00000000a1100000, 0x00000000a1200000, 0x00000000a1200000|100%| O|  |TAMS 0x00000000a1100000| PB 0x00000000a1100000| Untracked 
|  18|0x00000000a1200000, 0x00000000a1300000, 0x00000000a1300000|100%| O|  |TAMS 0x00000000a1200000| PB 0x00000000a1200000| Untracked 
|  19|0x00000000a1300000, 0x00000000a1400000, 0x00000000a1400000|100%| O|  |TAMS 0x00000000a1300000| PB 0x00000000a1300000| Untracked 
|  20|0x00000000a1400000, 0x00000000a1500000, 0x00000000a1500000|100%| O|  |TAMS 0x00000000a1400000| PB 0x00000000a1400000| Untracked 
|  21|0x00000000a1500000, 0x00000000a1600000, 0x00000000a1600000|100%| O|  |TAMS 0x00000000a1500000| PB 0x00000000a1500000| Untracked 
|  22|0x00000000a1600000, 0x00000000a1700000, 0x00000000a1700000|100%| O|  |TAMS 0x00000000a1600000| PB 0x00000000a1600000| Untracked 
|  23|0x00000000a1700000, 0x00000000a1800000, 0x00000000a1800000|100%| O|  |TAMS 0x00000000a1700000| PB 0x00000000a1700000| Untracked 
|  24|0x00000000a1800000, 0x00000000a1900000, 0x00000000a1900000|100%| O|  |TAMS 0x00000000a1800000| PB 0x00000000a1800000| Untracked 
|  25|0x00000000a1900000, 0x00000000a1a00000, 0x00000000a1a00000|100%| O|  |TAMS 0x00000000a1900000| PB 0x00000000a1900000| Untracked 
|  26|0x00000000a1a00000, 0x00000000a1b00000, 0x00000000a1b00000|100%| O|  |TAMS 0x00000000a1a00000| PB 0x00000000a1a00000| Untracked 
|  27|0x00000000a1b00000, 0x00000000a1c00000, 0x00000000a1c00000|100%| O|  |TAMS 0x00000000a1b00000| PB 0x00000000a1b00000| Untracked 
|  28|0x00000000a1c00000, 0x00000000a1d00000, 0x00000000a1d00000|100%| O|  |TAMS 0x00000000a1c00000| PB 0x00000000a1c00000| Untracked 
|  29|0x00000000a1d00000, 0x00000000a1e00000, 0x00000000a1e00000|100%| O|  |TAMS 0x00000000a1d00000| PB 0x00000000a1d00000| Untracked 
|  30|0x00000000a1e00000, 0x00000000a1f00000, 0x00000000a1f00000|100%| O|  |TAMS 0x00000000a1e00000| PB 0x00000000a1e00000| Untracked 
|  31|0x00000000a1f00000, 0x00000000a2000000, 0x00000000a2000000|100%| O|  |TAMS 0x00000000a1f00000| PB 0x00000000a1f00000| Untracked 
|  32|0x00000000a2000000, 0x00000000a2100000, 0x00000000a2100000|100%| O|  |TAMS 0x00000000a2000000| PB 0x00000000a2000000| Untracked 
|  33|0x00000000a2100000, 0x00000000a2200000, 0x00000000a2200000|100%| O|  |TAMS 0x00000000a2100000| PB 0x00000000a2100000| Untracked 
|  34|0x00000000a2200000, 0x00000000a2300000, 0x00000000a2300000|100%| O|  |TAMS 0x00000000a2200000| PB 0x00000000a2200000| Untracked 
|  35|0x00000000a2300000, 0x00000000a2400000, 0x00000000a2400000|100%| O|  |TAMS 0x00000000a2300000| PB 0x00000000a2300000| Untracked 
|  36|0x00000000a2400000, 0x00000000a2500000, 0x00000000a2500000|100%| O|  |TAMS 0x00000000a2400000| PB 0x00000000a2400000| Untracked 
|  37|0x00000000a2500000, 0x00000000a2600000, 0x00000000a2600000|100%| O|  |TAMS 0x00000000a2500000| PB 0x00000000a2500000| Untracked 
|  38|0x00000000a2600000, 0x00000000a2700000, 0x00000000a2700000|100%| O|  |TAMS 0x00000000a2600000| PB 0x00000000a2600000| Untracked 
|  39|0x00000000a2700000, 0x00000000a2800000, 0x00000000a2800000|100%| O|  |TAMS 0x00000000a2700000| PB 0x00000000a2700000| Untracked 
|  40|0x00000000a2800000, 0x00000000a2900000, 0x00000000a2900000|100%| O|  |TAMS 0x00000000a2800000| PB 0x00000000a2800000| Untracked 
|  41|0x00000000a2900000, 0x00000000a2a00000, 0x00000000a2a00000|100%| O|  |TAMS 0x00000000a2900000| PB 0x00000000a2900000| Untracked 
|  42|0x00000000a2a00000, 0x00000000a2b00000, 0x00000000a2b00000|100%| O|  |TAMS 0x00000000a2a00000| PB 0x00000000a2a00000| Untracked 
|  43|0x00000000a2b00000, 0x00000000a2c00000, 0x00000000a2c00000|100%| O|  |TAMS 0x00000000a2b00000| PB 0x00000000a2b00000| Untracked 
|  44|0x00000000a2c00000, 0x00000000a2d00000, 0x00000000a2d00000|100%| O|  |TAMS 0x00000000a2c00000| PB 0x00000000a2c00000| Untracked 
|  45|0x00000000a2d00000, 0x00000000a2e00000, 0x00000000a2e00000|100%| O|  |TAMS 0x00000000a2d00000| PB 0x00000000a2d00000| Untracked 
|  46|0x00000000a2e00000, 0x00000000a2f00000, 0x00000000a2f00000|100%|HS|  |TAMS 0x00000000a2e00000| PB 0x00000000a2e00000| Complete 
|  47|0x00000000a2f00000, 0x00000000a3000000, 0x00000000a3000000|100%|HS|  |TAMS 0x00000000a2f00000| PB 0x00000000a2f00000| Complete 
|  48|0x00000000a3000000, 0x00000000a3100000, 0x00000000a3100000|100%| O|  |TAMS 0x00000000a3000000| PB 0x00000000a3000000| Untracked 
|  49|0x00000000a3100000, 0x00000000a3200000, 0x00000000a3200000|100%| O|  |TAMS 0x00000000a3100000| PB 0x00000000a3100000| Untracked 
|  50|0x00000000a3200000, 0x00000000a3300000, 0x00000000a3300000|100%| O|  |TAMS 0x00000000a3200000| PB 0x00000000a3200000| Untracked 
|  51|0x00000000a3300000, 0x00000000a3400000, 0x00000000a3400000|100%| O|  |TAMS 0x00000000a3300000| PB 0x00000000a3300000| Untracked 
|  52|0x00000000a3400000, 0x00000000a3500000, 0x00000000a3500000|100%| O|  |TAMS 0x00000000a3400000| PB 0x00000000a3400000| Untracked 
|  53|0x00000000a3500000, 0x00000000a3600000, 0x00000000a3600000|100%| O|  |TAMS 0x00000000a3500000| PB 0x00000000a3500000| Untracked 
|  54|0x00000000a3600000, 0x00000000a3700000, 0x00000000a3700000|100%| O|  |TAMS 0x00000000a3600000| PB 0x00000000a3600000| Untracked 
|  55|0x00000000a3700000, 0x00000000a3800000, 0x00000000a3800000|100%| O|  |TAMS 0x00000000a3700000| PB 0x00000000a3700000| Untracked 
|  56|0x00000000a3800000, 0x00000000a3900000, 0x00000000a3900000|100%| O|  |TAMS 0x00000000a3800000| PB 0x00000000a3800000| Untracked 
|  57|0x00000000a3900000, 0x00000000a3a00000, 0x00000000a3a00000|100%| O|  |TAMS 0x00000000a3900000| PB 0x00000000a3900000| Untracked 
|  58|0x00000000a3a00000, 0x00000000a3b00000, 0x00000000a3b00000|100%| O|  |TAMS 0x00000000a3a00000| PB 0x00000000a3a00000| Untracked 
|  59|0x00000000a3b00000, 0x00000000a3c00000, 0x00000000a3c00000|100%| O|  |TAMS 0x00000000a3b00000| PB 0x00000000a3b00000| Untracked 
|  60|0x00000000a3c00000, 0x00000000a3d00000, 0x00000000a3d00000|100%| O|  |TAMS 0x00000000a3c00000| PB 0x00000000a3c00000| Untracked 
|  61|0x00000000a3d00000, 0x00000000a3e00000, 0x00000000a3e00000|100%| O|  |TAMS 0x00000000a3d00000| PB 0x00000000a3d00000| Untracked 
|  62|0x00000000a3e00000, 0x00000000a3f00000, 0x00000000a3f00000|100%| O|  |TAMS 0x00000000a3e00000| PB 0x00000000a3e00000| Untracked 
|  63|0x00000000a3f00000, 0x00000000a4000000, 0x00000000a4000000|100%| O|  |TAMS 0x00000000a3f00000| PB 0x00000000a3f00000| Untracked 
|  64|0x00000000a4000000, 0x00000000a4100000, 0x00000000a4100000|100%| O|  |TAMS 0x00000000a4000000| PB 0x00000000a4000000| Untracked 
|  65|0x00000000a4100000, 0x00000000a4200000, 0x00000000a4200000|100%| O|  |TAMS 0x00000000a4100000| PB 0x00000000a4100000| Untracked 
|  66|0x00000000a4200000, 0x00000000a4300000, 0x00000000a4300000|100%| O|  |TAMS 0x00000000a4200000| PB 0x00000000a4200000| Untracked 
|  67|0x00000000a4300000, 0x00000000a4400000, 0x00000000a4400000|100%| O|  |TAMS 0x00000000a4300000| PB 0x00000000a4300000| Untracked 
|  68|0x00000000a4400000, 0x00000000a4500000, 0x00000000a4500000|100%| O|  |TAMS 0x00000000a4400000| PB 0x00000000a4400000| Untracked 
|  69|0x00000000a4500000, 0x00000000a4600000, 0x00000000a4600000|100%| O|  |TAMS 0x00000000a4500000| PB 0x00000000a4500000| Untracked 
|  70|0x00000000a4600000, 0x00000000a4700000, 0x00000000a4700000|100%| O|  |TAMS 0x00000000a4600000| PB 0x00000000a4600000| Untracked 
|  71|0x00000000a4700000, 0x00000000a4800000, 0x00000000a4800000|100%| O|  |TAMS 0x00000000a4700000| PB 0x00000000a4700000| Untracked 
|  72|0x00000000a4800000, 0x00000000a4900000, 0x00000000a4900000|100%| O|  |TAMS 0x00000000a4800000| PB 0x00000000a4800000| Untracked 
|  73|0x00000000a4900000, 0x00000000a4a00000, 0x00000000a4a00000|100%|HS|  |TAMS 0x00000000a4900000| PB 0x00000000a4900000| Complete 
|  74|0x00000000a4a00000, 0x00000000a4b00000, 0x00000000a4b00000|100%| O|  |TAMS 0x00000000a4a00000| PB 0x00000000a4a00000| Untracked 
|  75|0x00000000a4b00000, 0x00000000a4c00000, 0x00000000a4c00000|100%|HS|  |TAMS 0x00000000a4b00000| PB 0x00000000a4b00000| Complete 
|  76|0x00000000a4c00000, 0x00000000a4d00000, 0x00000000a4d00000|100%|HS|  |TAMS 0x00000000a4c00000| PB 0x00000000a4c00000| Complete 
|  77|0x00000000a4d00000, 0x00000000a4e00000, 0x00000000a4e00000|100%| O|  |TAMS 0x00000000a4d00000| PB 0x00000000a4d00000| Untracked 
|  78|0x00000000a4e00000, 0x00000000a4f00000, 0x00000000a4f00000|100%|HS|  |TAMS 0x00000000a4e00000| PB 0x00000000a4e00000| Complete 
|  79|0x00000000a4f00000, 0x00000000a5000000, 0x00000000a5000000|100%| O|  |TAMS 0x00000000a4f00000| PB 0x00000000a4f00000| Untracked 
|  80|0x00000000a5000000, 0x00000000a5100000, 0x00000000a5100000|100%|HS|  |TAMS 0x00000000a5000000| PB 0x00000000a5000000| Complete 
|  81|0x00000000a5100000, 0x00000000a5200000, 0x00000000a5200000|100%| O|  |TAMS 0x00000000a5100000| PB 0x00000000a5100000| Untracked 
|  82|0x00000000a5200000, 0x00000000a5300000, 0x00000000a5300000|100%| O|  |TAMS 0x00000000a5200000| PB 0x00000000a5200000| Untracked 
|  83|0x00000000a5300000, 0x00000000a5400000, 0x00000000a5400000|100%| O|  |TAMS 0x00000000a5300000| PB 0x00000000a5300000| Untracked 
|  84|0x00000000a5400000, 0x00000000a5500000, 0x00000000a5500000|100%|HS|  |TAMS 0x00000000a5400000| PB 0x00000000a5400000| Complete 
|  85|0x00000000a5500000, 0x00000000a5600000, 0x00000000a5600000|100%| O|  |TAMS 0x00000000a5500000| PB 0x00000000a5500000| Untracked 
|  86|0x00000000a5600000, 0x00000000a5700000, 0x00000000a5700000|100%| O|  |TAMS 0x00000000a5600000| PB 0x00000000a5600000| Untracked 
|  87|0x00000000a5700000, 0x00000000a5800000, 0x00000000a5800000|100%| O|  |TAMS 0x00000000a5700000| PB 0x00000000a5700000| Untracked 
|  88|0x00000000a5800000, 0x00000000a5900000, 0x00000000a5900000|100%| O|  |TAMS 0x00000000a5800000| PB 0x00000000a5800000| Untracked 
|  89|0x00000000a5900000, 0x00000000a5a00000, 0x00000000a5a00000|100%| O|  |TAMS 0x00000000a5900000| PB 0x00000000a5900000| Untracked 
|  90|0x00000000a5a00000, 0x00000000a5b00000, 0x00000000a5b00000|100%| O|  |TAMS 0x00000000a5a00000| PB 0x00000000a5a00000| Untracked 
|  91|0x00000000a5b00000, 0x00000000a5c00000, 0x00000000a5c00000|100%| O|  |TAMS 0x00000000a5b00000| PB 0x00000000a5b00000| Untracked 
|  92|0x00000000a5c00000, 0x00000000a5d00000, 0x00000000a5d00000|100%| O|  |TAMS 0x00000000a5c00000| PB 0x00000000a5c00000| Untracked 
|  93|0x00000000a5d00000, 0x00000000a5e00000, 0x00000000a5e00000|100%| O|  |TAMS 0x00000000a5d00000| PB 0x00000000a5d00000| Untracked 
|  94|0x00000000a5e00000, 0x00000000a5f00000, 0x00000000a5f00000|100%| O|  |TAMS 0x00000000a5e00000| PB 0x00000000a5e00000| Untracked 
|  95|0x00000000a5f00000, 0x00000000a5f00000, 0x00000000a6000000|  0%| F|  |TAMS 0x00000000a5f00000| PB 0x00000000a5f00000| Untracked 
|  96|0x00000000a6000000, 0x00000000a6100000, 0x00000000a6100000|100%| O|  |TAMS 0x00000000a6000000| PB 0x00000000a6000000| Untracked 
|  97|0x00000000a6100000, 0x00000000a6200000, 0x00000000a6200000|100%| O|  |TAMS 0x00000000a6100000| PB 0x00000000a6100000| Untracked 
|  98|0x00000000a6200000, 0x00000000a6300000, 0x00000000a6300000|100%| O|  |TAMS 0x00000000a6200000| PB 0x00000000a6200000| Untracked 
|  99|0x00000000a6300000, 0x00000000a6400000, 0x00000000a6400000|100%| O|  |TAMS 0x00000000a6300000| PB 0x00000000a6300000| Untracked 
| 100|0x00000000a6400000, 0x00000000a6500000, 0x00000000a6500000|100%| O|  |TAMS 0x00000000a6400000| PB 0x00000000a6400000| Untracked 
| 101|0x00000000a6500000, 0x00000000a6600000, 0x00000000a6600000|100%| O|  |TAMS 0x00000000a6500000| PB 0x00000000a6500000| Untracked 
| 102|0x00000000a6600000, 0x00000000a6700000, 0x00000000a6700000|100%| O|  |TAMS 0x00000000a6600000| PB 0x00000000a6600000| Untracked 
| 103|0x00000000a6700000, 0x00000000a6800000, 0x00000000a6800000|100%| O|  |TAMS 0x00000000a6700000| PB 0x00000000a6700000| Untracked 
| 104|0x00000000a6800000, 0x00000000a6900000, 0x00000000a6900000|100%| O|  |TAMS 0x00000000a6800000| PB 0x00000000a6800000| Untracked 
| 105|0x00000000a6900000, 0x00000000a6a00000, 0x00000000a6a00000|100%| O|  |TAMS 0x00000000a6900000| PB 0x00000000a6900000| Untracked 
| 106|0x00000000a6a00000, 0x00000000a6b00000, 0x00000000a6b00000|100%| O|  |TAMS 0x00000000a6a00000| PB 0x00000000a6a00000| Untracked 
| 107|0x00000000a6b00000, 0x00000000a6c00000, 0x00000000a6c00000|100%| O|  |TAMS 0x00000000a6b00000| PB 0x00000000a6b00000| Untracked 
| 108|0x00000000a6c00000, 0x00000000a6d00000, 0x00000000a6d00000|100%| O|  |TAMS 0x00000000a6c00000| PB 0x00000000a6c00000| Untracked 
| 109|0x00000000a6d00000, 0x00000000a6e00000, 0x00000000a6e00000|100%| O|  |TAMS 0x00000000a6d00000| PB 0x00000000a6d00000| Untracked 
| 110|0x00000000a6e00000, 0x00000000a6f00000, 0x00000000a6f00000|100%| O|  |TAMS 0x00000000a6e00000| PB 0x00000000a6e00000| Untracked 
| 111|0x00000000a6f00000, 0x00000000a6f00000, 0x00000000a7000000|  0%| F|  |TAMS 0x00000000a6f00000| PB 0x00000000a6f00000| Untracked 
| 112|0x00000000a7000000, 0x00000000a7000000, 0x00000000a7100000|  0%| F|  |TAMS 0x00000000a7000000| PB 0x00000000a7000000| Untracked 
| 113|0x00000000a7100000, 0x00000000a7100000, 0x00000000a7200000|  0%| F|  |TAMS 0x00000000a7100000| PB 0x00000000a7100000| Untracked 
| 114|0x00000000a7200000, 0x00000000a7200000, 0x00000000a7300000|  0%| F|  |TAMS 0x00000000a7200000| PB 0x00000000a7200000| Untracked 
| 115|0x00000000a7300000, 0x00000000a7300000, 0x00000000a7400000|  0%| F|  |TAMS 0x00000000a7300000| PB 0x00000000a7300000| Untracked 
| 116|0x00000000a7400000, 0x00000000a7400000, 0x00000000a7500000|  0%| F|  |TAMS 0x00000000a7400000| PB 0x00000000a7400000| Untracked 
| 117|0x00000000a7500000, 0x00000000a7500000, 0x00000000a7600000|  0%| F|  |TAMS 0x00000000a7500000| PB 0x00000000a7500000| Untracked 
| 118|0x00000000a7600000, 0x00000000a7600000, 0x00000000a7700000|  0%| F|  |TAMS 0x00000000a7600000| PB 0x00000000a7600000| Untracked 
| 119|0x00000000a7700000, 0x00000000a7700000, 0x00000000a7800000|  0%| F|  |TAMS 0x00000000a7700000| PB 0x00000000a7700000| Untracked 
| 120|0x00000000a7800000, 0x00000000a7800000, 0x00000000a7900000|  0%| F|  |TAMS 0x00000000a7800000| PB 0x00000000a7800000| Untracked 
| 121|0x00000000a7900000, 0x00000000a7900000, 0x00000000a7a00000|  0%| F|  |TAMS 0x00000000a7900000| PB 0x00000000a7900000| Untracked 
| 122|0x00000000a7a00000, 0x00000000a7a00000, 0x00000000a7b00000|  0%| F|  |TAMS 0x00000000a7a00000| PB 0x00000000a7a00000| Untracked 
| 123|0x00000000a7b00000, 0x00000000a7b00000, 0x00000000a7c00000|  0%| F|  |TAMS 0x00000000a7b00000| PB 0x00000000a7b00000| Untracked 
| 124|0x00000000a7c00000, 0x00000000a7c00000, 0x00000000a7d00000|  0%| F|  |TAMS 0x00000000a7c00000| PB 0x00000000a7c00000| Untracked 
| 125|0x00000000a7d00000, 0x00000000a7d00000, 0x00000000a7e00000|  0%| F|  |TAMS 0x00000000a7d00000| PB 0x00000000a7d00000| Untracked 
| 126|0x00000000a7e00000, 0x00000000a7e00000, 0x00000000a7f00000|  0%| F|  |TAMS 0x00000000a7e00000| PB 0x00000000a7e00000| Untracked 
| 127|0x00000000a7f00000, 0x00000000a7f00000, 0x00000000a8000000|  0%| F|  |TAMS 0x00000000a7f00000| PB 0x00000000a7f00000| Untracked 
| 128|0x00000000a8000000, 0x00000000a8000000, 0x00000000a8100000|  0%| F|  |TAMS 0x00000000a8000000| PB 0x00000000a8000000| Untracked 
| 129|0x00000000a8100000, 0x00000000a8100000, 0x00000000a8200000|  0%| F|  |TAMS 0x00000000a8100000| PB 0x00000000a8100000| Untracked 
| 130|0x00000000a8200000, 0x00000000a8200000, 0x00000000a8300000|  0%| F|  |TAMS 0x00000000a8200000| PB 0x00000000a8200000| Untracked 
| 131|0x00000000a8300000, 0x00000000a8300000, 0x00000000a8400000|  0%| F|  |TAMS 0x00000000a8300000| PB 0x00000000a8300000| Untracked 
| 132|0x00000000a8400000, 0x00000000a8400000, 0x00000000a8500000|  0%| F|  |TAMS 0x00000000a8400000| PB 0x00000000a8400000| Untracked 
| 133|0x00000000a8500000, 0x00000000a8500000, 0x00000000a8600000|  0%| F|  |TAMS 0x00000000a8500000| PB 0x00000000a8500000| Untracked 
| 134|0x00000000a8600000, 0x00000000a8600000, 0x00000000a8700000|  0%| F|  |TAMS 0x00000000a8600000| PB 0x00000000a8600000| Untracked 
| 135|0x00000000a8700000, 0x00000000a8700000, 0x00000000a8800000|  0%| F|  |TAMS 0x00000000a8700000| PB 0x00000000a8700000| Untracked 
| 136|0x00000000a8800000, 0x00000000a8800000, 0x00000000a8900000|  0%| F|  |TAMS 0x00000000a8800000| PB 0x00000000a8800000| Untracked 
| 137|0x00000000a8900000, 0x00000000a8900000, 0x00000000a8a00000|  0%| F|  |TAMS 0x00000000a8900000| PB 0x00000000a8900000| Untracked 
| 138|0x00000000a8a00000, 0x00000000a8a00000, 0x00000000a8b00000|  0%| F|  |TAMS 0x00000000a8a00000| PB 0x00000000a8a00000| Untracked 
| 139|0x00000000a8b00000, 0x00000000a8b00000, 0x00000000a8c00000|  0%| F|  |TAMS 0x00000000a8b00000| PB 0x00000000a8b00000| Untracked 
| 140|0x00000000a8c00000, 0x00000000a8c00000, 0x00000000a8d00000|  0%| F|  |TAMS 0x00000000a8c00000| PB 0x00000000a8c00000| Untracked 
| 141|0x00000000a8d00000, 0x00000000a8d00000, 0x00000000a8e00000|  0%| F|  |TAMS 0x00000000a8d00000| PB 0x00000000a8d00000| Untracked 
| 142|0x00000000a8e00000, 0x00000000a8e00000, 0x00000000a8f00000|  0%| F|  |TAMS 0x00000000a8e00000| PB 0x00000000a8e00000| Untracked 
| 143|0x00000000a8f00000, 0x00000000a8f00000, 0x00000000a9000000|  0%| F|  |TAMS 0x00000000a8f00000| PB 0x00000000a8f00000| Untracked 
| 144|0x00000000a9000000, 0x00000000a9000000, 0x00000000a9100000|  0%| F|  |TAMS 0x00000000a9000000| PB 0x00000000a9000000| Untracked 
| 145|0x00000000a9100000, 0x00000000a916d8f8, 0x00000000a9200000| 42%| S|CS|TAMS 0x00000000a9100000| PB 0x00000000a9100000| Complete 
| 146|0x00000000a9200000, 0x00000000a9300000, 0x00000000a9300000|100%| S|CS|TAMS 0x00000000a9200000| PB 0x00000000a9200000| Complete 
| 147|0x00000000a9300000, 0x00000000a9400000, 0x00000000a9400000|100%| S|CS|TAMS 0x00000000a9300000| PB 0x00000000a9300000| Complete 
| 148|0x00000000a9400000, 0x00000000a9500000, 0x00000000a9500000|100%| S|CS|TAMS 0x00000000a9400000| PB 0x00000000a9400000| Complete 
| 149|0x00000000a9500000, 0x00000000a9600000, 0x00000000a9600000|100%| S|CS|TAMS 0x00000000a9500000| PB 0x00000000a9500000| Complete 
| 150|0x00000000a9600000, 0x00000000a9700000, 0x00000000a9700000|100%| S|CS|TAMS 0x00000000a9600000| PB 0x00000000a9600000| Complete 
| 151|0x00000000a9700000, 0x00000000a9800000, 0x00000000a9800000|100%| S|CS|TAMS 0x00000000a9700000| PB 0x00000000a9700000| Complete 
| 152|0x00000000a9800000, 0x00000000a9900000, 0x00000000a9900000|100%| S|CS|TAMS 0x00000000a9800000| PB 0x00000000a9800000| Complete 
| 153|0x00000000a9900000, 0x00000000a9a00000, 0x00000000a9a00000|100%| S|CS|TAMS 0x00000000a9900000| PB 0x00000000a9900000| Complete 
| 154|0x00000000a9a00000, 0x00000000a9b00000, 0x00000000a9b00000|100%| S|CS|TAMS 0x00000000a9a00000| PB 0x00000000a9a00000| Complete 
| 155|0x00000000a9b00000, 0x00000000a9c00000, 0x00000000a9c00000|100%| S|CS|TAMS 0x00000000a9b00000| PB 0x00000000a9b00000| Complete 
| 156|0x00000000a9c00000, 0x00000000a9d00000, 0x00000000a9d00000|100%| S|CS|TAMS 0x00000000a9c00000| PB 0x00000000a9c00000| Complete 
| 157|0x00000000a9d00000, 0x00000000a9d00000, 0x00000000a9e00000|  0%| F|  |TAMS 0x00000000a9d00000| PB 0x00000000a9d00000| Untracked 
| 158|0x00000000a9e00000, 0x00000000a9e00000, 0x00000000a9f00000|  0%| F|  |TAMS 0x00000000a9e00000| PB 0x00000000a9e00000| Untracked 
| 159|0x00000000a9f00000, 0x00000000a9f00000, 0x00000000aa000000|  0%| F|  |TAMS 0x00000000a9f00000| PB 0x00000000a9f00000| Untracked 
| 160|0x00000000aa000000, 0x00000000aa100000, 0x00000000aa100000|100%| S|CS|TAMS 0x00000000aa000000| PB 0x00000000aa000000| Complete 
| 161|0x00000000aa100000, 0x00000000aa200000, 0x00000000aa200000|100%| S|CS|TAMS 0x00000000aa100000| PB 0x00000000aa100000| Complete 
| 162|0x00000000aa200000, 0x00000000aa200000, 0x00000000aa300000|  0%| F|  |TAMS 0x00000000aa200000| PB 0x00000000aa200000| Untracked 
| 163|0x00000000aa300000, 0x00000000aa300000, 0x00000000aa400000|  0%| F|  |TAMS 0x00000000aa300000| PB 0x00000000aa300000| Untracked 
| 164|0x00000000aa400000, 0x00000000aa400000, 0x00000000aa500000|  0%| F|  |TAMS 0x00000000aa400000| PB 0x00000000aa400000| Untracked 
| 165|0x00000000aa500000, 0x00000000aa500000, 0x00000000aa600000|  0%| F|  |TAMS 0x00000000aa500000| PB 0x00000000aa500000| Untracked 
| 166|0x00000000aa600000, 0x00000000aa700000, 0x00000000aa700000|100%| S|CS|TAMS 0x00000000aa600000| PB 0x00000000aa600000| Complete 
| 167|0x00000000aa700000, 0x00000000aa800000, 0x00000000aa800000|100%| S|CS|TAMS 0x00000000aa700000| PB 0x00000000aa700000| Complete 
| 168|0x00000000aa800000, 0x00000000aa900000, 0x00000000aa900000|100%| S|CS|TAMS 0x00000000aa800000| PB 0x00000000aa800000| Complete 
| 169|0x00000000aa900000, 0x00000000aaa00000, 0x00000000aaa00000|100%| S|CS|TAMS 0x00000000aa900000| PB 0x00000000aa900000| Complete 
| 170|0x00000000aaa00000, 0x00000000aab00000, 0x00000000aab00000|100%| S|CS|TAMS 0x00000000aaa00000| PB 0x00000000aaa00000| Complete 
| 171|0x00000000aab00000, 0x00000000aab00000, 0x00000000aac00000|  0%| F|  |TAMS 0x00000000aab00000| PB 0x00000000aab00000| Untracked 
| 172|0x00000000aac00000, 0x00000000aac00000, 0x00000000aad00000|  0%| F|  |TAMS 0x00000000aac00000| PB 0x00000000aac00000| Untracked 
| 173|0x00000000aad00000, 0x00000000aad00000, 0x00000000aae00000|  0%| F|  |TAMS 0x00000000aad00000| PB 0x00000000aad00000| Untracked 
| 174|0x00000000aae00000, 0x00000000aae00000, 0x00000000aaf00000|  0%| F|  |TAMS 0x00000000aae00000| PB 0x00000000aae00000| Untracked 
| 175|0x00000000aaf00000, 0x00000000aaf00000, 0x00000000ab000000|  0%| F|  |TAMS 0x00000000aaf00000| PB 0x00000000aaf00000| Untracked 
| 176|0x00000000ab000000, 0x00000000ab000000, 0x00000000ab100000|  0%| F|  |TAMS 0x00000000ab000000| PB 0x00000000ab000000| Untracked 
| 177|0x00000000ab100000, 0x00000000ab100000, 0x00000000ab200000|  0%| F|  |TAMS 0x00000000ab100000| PB 0x00000000ab100000| Untracked 
| 178|0x00000000ab200000, 0x00000000ab200000, 0x00000000ab300000|  0%| F|  |TAMS 0x00000000ab200000| PB 0x00000000ab200000| Untracked 
| 179|0x00000000ab300000, 0x00000000ab300000, 0x00000000ab400000|  0%| F|  |TAMS 0x00000000ab300000| PB 0x00000000ab300000| Untracked 
| 180|0x00000000ab400000, 0x00000000ab400000, 0x00000000ab500000|  0%| F|  |TAMS 0x00000000ab400000| PB 0x00000000ab400000| Untracked 
| 181|0x00000000ab500000, 0x00000000ab500000, 0x00000000ab600000|  0%| F|  |TAMS 0x00000000ab500000| PB 0x00000000ab500000| Untracked 
| 182|0x00000000ab600000, 0x00000000ab600000, 0x00000000ab700000|  0%| F|  |TAMS 0x00000000ab600000| PB 0x00000000ab600000| Untracked 
| 183|0x00000000ab700000, 0x00000000ab700000, 0x00000000ab800000|  0%| F|  |TAMS 0x00000000ab700000| PB 0x00000000ab700000| Untracked 
| 184|0x00000000ab800000, 0x00000000ab800000, 0x00000000ab900000|  0%| F|  |TAMS 0x00000000ab800000| PB 0x00000000ab800000| Untracked 
| 185|0x00000000ab900000, 0x00000000ab900000, 0x00000000aba00000|  0%| F|  |TAMS 0x00000000ab900000| PB 0x00000000ab900000| Untracked 
| 186|0x00000000aba00000, 0x00000000aba00000, 0x00000000abb00000|  0%| F|  |TAMS 0x00000000aba00000| PB 0x00000000aba00000| Untracked 
| 187|0x00000000abb00000, 0x00000000abb00000, 0x00000000abc00000|  0%| F|  |TAMS 0x00000000abb00000| PB 0x00000000abb00000| Untracked 
| 188|0x00000000abc00000, 0x00000000abc00000, 0x00000000abd00000|  0%| F|  |TAMS 0x00000000abc00000| PB 0x00000000abc00000| Untracked 
| 189|0x00000000abd00000, 0x00000000abd00000, 0x00000000abe00000|  0%| F|  |TAMS 0x00000000abd00000| PB 0x00000000abd00000| Untracked 
| 190|0x00000000abe00000, 0x00000000abe00000, 0x00000000abf00000|  0%| F|  |TAMS 0x00000000abe00000| PB 0x00000000abe00000| Untracked 
| 191|0x00000000abf00000, 0x00000000abf00000, 0x00000000ac000000|  0%| F|  |TAMS 0x00000000abf00000| PB 0x00000000abf00000| Untracked 
| 192|0x00000000ac000000, 0x00000000ac000000, 0x00000000ac100000|  0%| F|  |TAMS 0x00000000ac000000| PB 0x00000000ac000000| Untracked 
| 193|0x00000000ac100000, 0x00000000ac100000, 0x00000000ac200000|  0%| F|  |TAMS 0x00000000ac100000| PB 0x00000000ac100000| Untracked 
| 194|0x00000000ac200000, 0x00000000ac200000, 0x00000000ac300000|  0%| F|  |TAMS 0x00000000ac200000| PB 0x00000000ac200000| Untracked 
| 195|0x00000000ac300000, 0x00000000ac300000, 0x00000000ac400000|  0%| F|  |TAMS 0x00000000ac300000| PB 0x00000000ac300000| Untracked 
| 196|0x00000000ac400000, 0x00000000ac400000, 0x00000000ac500000|  0%| F|  |TAMS 0x00000000ac400000| PB 0x00000000ac400000| Untracked 
| 197|0x00000000ac500000, 0x00000000ac500000, 0x00000000ac600000|  0%| F|  |TAMS 0x00000000ac500000| PB 0x00000000ac500000| Untracked 
| 198|0x00000000ac600000, 0x00000000ac600000, 0x00000000ac700000|  0%| F|  |TAMS 0x00000000ac600000| PB 0x00000000ac600000| Untracked 
| 199|0x00000000ac700000, 0x00000000ac700000, 0x00000000ac800000|  0%| F|  |TAMS 0x00000000ac700000| PB 0x00000000ac700000| Untracked 
| 200|0x00000000ac800000, 0x00000000ac800000, 0x00000000ac900000|  0%| F|  |TAMS 0x00000000ac800000| PB 0x00000000ac800000| Untracked 
| 201|0x00000000ac900000, 0x00000000ac900000, 0x00000000aca00000|  0%| F|  |TAMS 0x00000000ac900000| PB 0x00000000ac900000| Untracked 
| 202|0x00000000aca00000, 0x00000000aca00000, 0x00000000acb00000|  0%| F|  |TAMS 0x00000000aca00000| PB 0x00000000aca00000| Untracked 
| 203|0x00000000acb00000, 0x00000000acb00000, 0x00000000acc00000|  0%| F|  |TAMS 0x00000000acb00000| PB 0x00000000acb00000| Untracked 
| 204|0x00000000acc00000, 0x00000000acc00000, 0x00000000acd00000|  0%| F|  |TAMS 0x00000000acc00000| PB 0x00000000acc00000| Untracked 
| 205|0x00000000acd00000, 0x00000000acd00000, 0x00000000ace00000|  0%| F|  |TAMS 0x00000000acd00000| PB 0x00000000acd00000| Untracked 
| 206|0x00000000ace00000, 0x00000000ace00000, 0x00000000acf00000|  0%| F|  |TAMS 0x00000000ace00000| PB 0x00000000ace00000| Untracked 
| 207|0x00000000acf00000, 0x00000000acf00000, 0x00000000ad000000|  0%| F|  |TAMS 0x00000000acf00000| PB 0x00000000acf00000| Untracked 
| 208|0x00000000ad000000, 0x00000000ad000000, 0x00000000ad100000|  0%| F|  |TAMS 0x00000000ad000000| PB 0x00000000ad000000| Untracked 
| 209|0x00000000ad100000, 0x00000000ad100000, 0x00000000ad200000|  0%| F|  |TAMS 0x00000000ad100000| PB 0x00000000ad100000| Untracked 
| 210|0x00000000ad200000, 0x00000000ad200000, 0x00000000ad300000|  0%| F|  |TAMS 0x00000000ad200000| PB 0x00000000ad200000| Untracked 
| 211|0x00000000ad300000, 0x00000000ad300000, 0x00000000ad400000|  0%| F|  |TAMS 0x00000000ad300000| PB 0x00000000ad300000| Untracked 
| 212|0x00000000ad400000, 0x00000000ad400000, 0x00000000ad500000|  0%| F|  |TAMS 0x00000000ad400000| PB 0x00000000ad400000| Untracked 
| 213|0x00000000ad500000, 0x00000000ad500000, 0x00000000ad600000|  0%| F|  |TAMS 0x00000000ad500000| PB 0x00000000ad500000| Untracked 
| 214|0x00000000ad600000, 0x00000000ad600000, 0x00000000ad700000|  0%| F|  |TAMS 0x00000000ad600000| PB 0x00000000ad600000| Untracked 
| 215|0x00000000ad700000, 0x00000000ad700000, 0x00000000ad800000|  0%| F|  |TAMS 0x00000000ad700000| PB 0x00000000ad700000| Untracked 
| 216|0x00000000ad800000, 0x00000000ad800000, 0x00000000ad900000|  0%| F|  |TAMS 0x00000000ad800000| PB 0x00000000ad800000| Untracked 
| 217|0x00000000ad900000, 0x00000000ad900000, 0x00000000ada00000|  0%| F|  |TAMS 0x00000000ad900000| PB 0x00000000ad900000| Untracked 
| 218|0x00000000ada00000, 0x00000000ada00000, 0x00000000adb00000|  0%| F|  |TAMS 0x00000000ada00000| PB 0x00000000ada00000| Untracked 
| 219|0x00000000adb00000, 0x00000000adb00000, 0x00000000adc00000|  0%| F|  |TAMS 0x00000000adb00000| PB 0x00000000adb00000| Untracked 
| 220|0x00000000adc00000, 0x00000000adc00000, 0x00000000add00000|  0%| F|  |TAMS 0x00000000adc00000| PB 0x00000000adc00000| Untracked 
| 221|0x00000000add00000, 0x00000000add00000, 0x00000000ade00000|  0%| F|  |TAMS 0x00000000add00000| PB 0x00000000add00000| Untracked 
| 222|0x00000000ade00000, 0x00000000ade00000, 0x00000000adf00000|  0%| F|  |TAMS 0x00000000ade00000| PB 0x00000000ade00000| Untracked 
| 223|0x00000000adf00000, 0x00000000adf00000, 0x00000000ae000000|  0%| F|  |TAMS 0x00000000adf00000| PB 0x00000000adf00000| Untracked 
| 224|0x00000000ae000000, 0x00000000ae000000, 0x00000000ae100000|  0%| F|  |TAMS 0x00000000ae000000| PB 0x00000000ae000000| Untracked 
| 225|0x00000000ae100000, 0x00000000ae100000, 0x00000000ae200000|  0%| F|  |TAMS 0x00000000ae100000| PB 0x00000000ae100000| Untracked 
| 226|0x00000000ae200000, 0x00000000ae200000, 0x00000000ae300000|  0%| F|  |TAMS 0x00000000ae200000| PB 0x00000000ae200000| Untracked 
| 227|0x00000000ae300000, 0x00000000ae300000, 0x00000000ae400000|  0%| F|  |TAMS 0x00000000ae300000| PB 0x00000000ae300000| Untracked 
| 228|0x00000000ae400000, 0x00000000ae400000, 0x00000000ae500000|  0%| F|  |TAMS 0x00000000ae400000| PB 0x00000000ae400000| Untracked 
| 229|0x00000000ae500000, 0x00000000ae500000, 0x00000000ae600000|  0%| F|  |TAMS 0x00000000ae500000| PB 0x00000000ae500000| Untracked 
| 230|0x00000000ae600000, 0x00000000ae600000, 0x00000000ae700000|  0%| F|  |TAMS 0x00000000ae600000| PB 0x00000000ae600000| Untracked 
| 231|0x00000000ae700000, 0x00000000ae700000, 0x00000000ae800000|  0%| F|  |TAMS 0x00000000ae700000| PB 0x00000000ae700000| Untracked 
| 232|0x00000000ae800000, 0x00000000ae800000, 0x00000000ae900000|  0%| F|  |TAMS 0x00000000ae800000| PB 0x00000000ae800000| Untracked 
| 233|0x00000000ae900000, 0x00000000ae900000, 0x00000000aea00000|  0%| F|  |TAMS 0x00000000ae900000| PB 0x00000000ae900000| Untracked 
| 234|0x00000000aea00000, 0x00000000aea00000, 0x00000000aeb00000|  0%| F|  |TAMS 0x00000000aea00000| PB 0x00000000aea00000| Untracked 
| 235|0x00000000aeb00000, 0x00000000aeb00000, 0x00000000aec00000|  0%| F|  |TAMS 0x00000000aeb00000| PB 0x00000000aeb00000| Untracked 
| 236|0x00000000aec00000, 0x00000000aec00000, 0x00000000aed00000|  0%| F|  |TAMS 0x00000000aec00000| PB 0x00000000aec00000| Untracked 
| 237|0x00000000aed00000, 0x00000000aed00000, 0x00000000aee00000|  0%| F|  |TAMS 0x00000000aed00000| PB 0x00000000aed00000| Untracked 
| 238|0x00000000aee00000, 0x00000000aee00000, 0x00000000aef00000|  0%| F|  |TAMS 0x00000000aee00000| PB 0x00000000aee00000| Untracked 
| 239|0x00000000aef00000, 0x00000000aef00000, 0x00000000af000000|  0%| F|  |TAMS 0x00000000aef00000| PB 0x00000000aef00000| Untracked 
| 240|0x00000000af000000, 0x00000000af000000, 0x00000000af100000|  0%| F|  |TAMS 0x00000000af000000| PB 0x00000000af000000| Untracked 
| 241|0x00000000af100000, 0x00000000af100000, 0x00000000af200000|  0%| F|  |TAMS 0x00000000af100000| PB 0x00000000af100000| Untracked 
| 242|0x00000000af200000, 0x00000000af200000, 0x00000000af300000|  0%| F|  |TAMS 0x00000000af200000| PB 0x00000000af200000| Untracked 
| 243|0x00000000af300000, 0x00000000af300000, 0x00000000af400000|  0%| F|  |TAMS 0x00000000af300000| PB 0x00000000af300000| Untracked 
| 244|0x00000000af400000, 0x00000000af400000, 0x00000000af500000|  0%| F|  |TAMS 0x00000000af400000| PB 0x00000000af400000| Untracked 
| 245|0x00000000af500000, 0x00000000af500000, 0x00000000af600000|  0%| F|  |TAMS 0x00000000af500000| PB 0x00000000af500000| Untracked 
| 246|0x00000000af600000, 0x00000000af600000, 0x00000000af700000|  0%| F|  |TAMS 0x00000000af600000| PB 0x00000000af600000| Untracked 
| 247|0x00000000af700000, 0x00000000af700000, 0x00000000af800000|  0%| F|  |TAMS 0x00000000af700000| PB 0x00000000af700000| Untracked 
| 248|0x00000000af800000, 0x00000000af800000, 0x00000000af900000|  0%| F|  |TAMS 0x00000000af800000| PB 0x00000000af800000| Untracked 
| 249|0x00000000af900000, 0x00000000af900000, 0x00000000afa00000|  0%| F|  |TAMS 0x00000000af900000| PB 0x00000000af900000| Untracked 
| 250|0x00000000afa00000, 0x00000000afa00000, 0x00000000afb00000|  0%| F|  |TAMS 0x00000000afa00000| PB 0x00000000afa00000| Untracked 
| 251|0x00000000afb00000, 0x00000000afb00000, 0x00000000afc00000|  0%| F|  |TAMS 0x00000000afb00000| PB 0x00000000afb00000| Untracked 
| 252|0x00000000afc00000, 0x00000000afc00000, 0x00000000afd00000|  0%| F|  |TAMS 0x00000000afc00000| PB 0x00000000afc00000| Untracked 
| 253|0x00000000afd00000, 0x00000000afd00000, 0x00000000afe00000|  0%| F|  |TAMS 0x00000000afd00000| PB 0x00000000afd00000| Untracked 
| 254|0x00000000afe00000, 0x00000000afe00000, 0x00000000aff00000|  0%| F|  |TAMS 0x00000000afe00000| PB 0x00000000afe00000| Untracked 
| 255|0x00000000aff00000, 0x00000000aff00000, 0x00000000b0000000|  0%| F|  |TAMS 0x00000000aff00000| PB 0x00000000aff00000| Untracked 
| 256|0x00000000b0000000, 0x00000000b0000000, 0x00000000b0100000|  0%| F|  |TAMS 0x00000000b0000000| PB 0x00000000b0000000| Untracked 
| 257|0x00000000b0100000, 0x00000000b0100000, 0x00000000b0200000|  0%| F|  |TAMS 0x00000000b0100000| PB 0x00000000b0100000| Untracked 
| 258|0x00000000b0200000, 0x00000000b0200000, 0x00000000b0300000|  0%| F|  |TAMS 0x00000000b0200000| PB 0x00000000b0200000| Untracked 
| 259|0x00000000b0300000, 0x00000000b0300000, 0x00000000b0400000|  0%| F|  |TAMS 0x00000000b0300000| PB 0x00000000b0300000| Untracked 
| 260|0x00000000b0400000, 0x00000000b0400000, 0x00000000b0500000|  0%| F|  |TAMS 0x00000000b0400000| PB 0x00000000b0400000| Untracked 
| 261|0x00000000b0500000, 0x00000000b0500000, 0x00000000b0600000|  0%| F|  |TAMS 0x00000000b0500000| PB 0x00000000b0500000| Untracked 
| 262|0x00000000b0600000, 0x00000000b0600000, 0x00000000b0700000|  0%| F|  |TAMS 0x00000000b0600000| PB 0x00000000b0600000| Untracked 
| 263|0x00000000b0700000, 0x00000000b0700000, 0x00000000b0800000|  0%| F|  |TAMS 0x00000000b0700000| PB 0x00000000b0700000| Untracked 
| 264|0x00000000b0800000, 0x00000000b0800000, 0x00000000b0900000|  0%| F|  |TAMS 0x00000000b0800000| PB 0x00000000b0800000| Untracked 
| 265|0x00000000b0900000, 0x00000000b0900000, 0x00000000b0a00000|  0%| F|  |TAMS 0x00000000b0900000| PB 0x00000000b0900000| Untracked 
| 266|0x00000000b0a00000, 0x00000000b0a00000, 0x00000000b0b00000|  0%| F|  |TAMS 0x00000000b0a00000| PB 0x00000000b0a00000| Untracked 
| 267|0x00000000b0b00000, 0x00000000b0b00000, 0x00000000b0c00000|  0%| F|  |TAMS 0x00000000b0b00000| PB 0x00000000b0b00000| Untracked 
| 268|0x00000000b0c00000, 0x00000000b0c00000, 0x00000000b0d00000|  0%| F|  |TAMS 0x00000000b0c00000| PB 0x00000000b0c00000| Untracked 
| 269|0x00000000b0d00000, 0x00000000b0d00000, 0x00000000b0e00000|  0%| F|  |TAMS 0x00000000b0d00000| PB 0x00000000b0d00000| Untracked 
| 270|0x00000000b0e00000, 0x00000000b0e00000, 0x00000000b0f00000|  0%| F|  |TAMS 0x00000000b0e00000| PB 0x00000000b0e00000| Untracked 
| 271|0x00000000b0f00000, 0x00000000b0f00000, 0x00000000b1000000|  0%| F|  |TAMS 0x00000000b0f00000| PB 0x00000000b0f00000| Untracked 
| 272|0x00000000b1000000, 0x00000000b1000000, 0x00000000b1100000|  0%| F|  |TAMS 0x00000000b1000000| PB 0x00000000b1000000| Untracked 
| 273|0x00000000b1100000, 0x00000000b1100000, 0x00000000b1200000|  0%| F|  |TAMS 0x00000000b1100000| PB 0x00000000b1100000| Untracked 
| 274|0x00000000b1200000, 0x00000000b1200000, 0x00000000b1300000|  0%| F|  |TAMS 0x00000000b1200000| PB 0x00000000b1200000| Untracked 
| 275|0x00000000b1300000, 0x00000000b1300000, 0x00000000b1400000|  0%| F|  |TAMS 0x00000000b1300000| PB 0x00000000b1300000| Untracked 
| 276|0x00000000b1400000, 0x00000000b1400000, 0x00000000b1500000|  0%| F|  |TAMS 0x00000000b1400000| PB 0x00000000b1400000| Untracked 
| 277|0x00000000b1500000, 0x00000000b1500000, 0x00000000b1600000|  0%| F|  |TAMS 0x00000000b1500000| PB 0x00000000b1500000| Untracked 
| 278|0x00000000b1600000, 0x00000000b1600000, 0x00000000b1700000|  0%| F|  |TAMS 0x00000000b1600000| PB 0x00000000b1600000| Untracked 
| 279|0x00000000b1700000, 0x00000000b1700000, 0x00000000b1800000|  0%| F|  |TAMS 0x00000000b1700000| PB 0x00000000b1700000| Untracked 
| 280|0x00000000b1800000, 0x00000000b1800000, 0x00000000b1900000|  0%| F|  |TAMS 0x00000000b1800000| PB 0x00000000b1800000| Untracked 
| 281|0x00000000b1900000, 0x00000000b1900000, 0x00000000b1a00000|  0%| F|  |TAMS 0x00000000b1900000| PB 0x00000000b1900000| Untracked 
| 282|0x00000000b1a00000, 0x00000000b1a00000, 0x00000000b1b00000|  0%| F|  |TAMS 0x00000000b1a00000| PB 0x00000000b1a00000| Untracked 
| 283|0x00000000b1b00000, 0x00000000b1b00000, 0x00000000b1c00000|  0%| F|  |TAMS 0x00000000b1b00000| PB 0x00000000b1b00000| Untracked 
| 284|0x00000000b1c00000, 0x00000000b1c00000, 0x00000000b1d00000|  0%| F|  |TAMS 0x00000000b1c00000| PB 0x00000000b1c00000| Untracked 
| 285|0x00000000b1d00000, 0x00000000b1d00000, 0x00000000b1e00000|  0%| F|  |TAMS 0x00000000b1d00000| PB 0x00000000b1d00000| Untracked 
| 286|0x00000000b1e00000, 0x00000000b1e00000, 0x00000000b1f00000|  0%| F|  |TAMS 0x00000000b1e00000| PB 0x00000000b1e00000| Untracked 
| 287|0x00000000b1f00000, 0x00000000b1f00000, 0x00000000b2000000|  0%| F|  |TAMS 0x00000000b1f00000| PB 0x00000000b1f00000| Untracked 
| 288|0x00000000b2000000, 0x00000000b2000000, 0x00000000b2100000|  0%| F|  |TAMS 0x00000000b2000000| PB 0x00000000b2000000| Untracked 
| 289|0x00000000b2100000, 0x00000000b2100000, 0x00000000b2200000|  0%| F|  |TAMS 0x00000000b2100000| PB 0x00000000b2100000| Untracked 
| 290|0x00000000b2200000, 0x00000000b2200000, 0x00000000b2300000|  0%| F|  |TAMS 0x00000000b2200000| PB 0x00000000b2200000| Untracked 
| 291|0x00000000b2300000, 0x00000000b2300000, 0x00000000b2400000|  0%| F|  |TAMS 0x00000000b2300000| PB 0x00000000b2300000| Untracked 
| 292|0x00000000b2400000, 0x00000000b2400000, 0x00000000b2500000|  0%| F|  |TAMS 0x00000000b2400000| PB 0x00000000b2400000| Untracked 
| 293|0x00000000b2500000, 0x00000000b2500000, 0x00000000b2600000|  0%| F|  |TAMS 0x00000000b2500000| PB 0x00000000b2500000| Untracked 
| 294|0x00000000b2600000, 0x00000000b2600000, 0x00000000b2700000|  0%| F|  |TAMS 0x00000000b2600000| PB 0x00000000b2600000| Untracked 
| 295|0x00000000b2700000, 0x00000000b2700000, 0x00000000b2800000|  0%| F|  |TAMS 0x00000000b2700000| PB 0x00000000b2700000| Untracked 
| 296|0x00000000b2800000, 0x00000000b2800000, 0x00000000b2900000|  0%| F|  |TAMS 0x00000000b2800000| PB 0x00000000b2800000| Untracked 
| 297|0x00000000b2900000, 0x00000000b2900000, 0x00000000b2a00000|  0%| F|  |TAMS 0x00000000b2900000| PB 0x00000000b2900000| Untracked 
| 298|0x00000000b2a00000, 0x00000000b2a00000, 0x00000000b2b00000|  0%| F|  |TAMS 0x00000000b2a00000| PB 0x00000000b2a00000| Untracked 
| 299|0x00000000b2b00000, 0x00000000b2b00000, 0x00000000b2c00000|  0%| F|  |TAMS 0x00000000b2b00000| PB 0x00000000b2b00000| Untracked 
| 300|0x00000000b2c00000, 0x00000000b2c00000, 0x00000000b2d00000|  0%| F|  |TAMS 0x00000000b2c00000| PB 0x00000000b2c00000| Untracked 
| 301|0x00000000b2d00000, 0x00000000b2d00000, 0x00000000b2e00000|  0%| F|  |TAMS 0x00000000b2d00000| PB 0x00000000b2d00000| Untracked 
| 302|0x00000000b2e00000, 0x00000000b2e00000, 0x00000000b2f00000|  0%| F|  |TAMS 0x00000000b2e00000| PB 0x00000000b2e00000| Untracked 
| 303|0x00000000b2f00000, 0x00000000b2f00000, 0x00000000b3000000|  0%| F|  |TAMS 0x00000000b2f00000| PB 0x00000000b2f00000| Untracked 
| 304|0x00000000b3000000, 0x00000000b3000000, 0x00000000b3100000|  0%| F|  |TAMS 0x00000000b3000000| PB 0x00000000b3000000| Untracked 
| 305|0x00000000b3100000, 0x00000000b3100000, 0x00000000b3200000|  0%| F|  |TAMS 0x00000000b3100000| PB 0x00000000b3100000| Untracked 
| 306|0x00000000b3200000, 0x00000000b3200000, 0x00000000b3300000|  0%| F|  |TAMS 0x00000000b3200000| PB 0x00000000b3200000| Untracked 
| 307|0x00000000b3300000, 0x00000000b3300000, 0x00000000b3400000|  0%| F|  |TAMS 0x00000000b3300000| PB 0x00000000b3300000| Untracked 
| 308|0x00000000b3400000, 0x00000000b3400000, 0x00000000b3500000|  0%| F|  |TAMS 0x00000000b3400000| PB 0x00000000b3400000| Untracked 
| 309|0x00000000b3500000, 0x00000000b3500000, 0x00000000b3600000|  0%| F|  |TAMS 0x00000000b3500000| PB 0x00000000b3500000| Untracked 
| 310|0x00000000b3600000, 0x00000000b3600000, 0x00000000b3700000|  0%| F|  |TAMS 0x00000000b3600000| PB 0x00000000b3600000| Untracked 
| 311|0x00000000b3700000, 0x00000000b3700000, 0x00000000b3800000|  0%| F|  |TAMS 0x00000000b3700000| PB 0x00000000b3700000| Untracked 
| 312|0x00000000b3800000, 0x00000000b3800000, 0x00000000b3900000|  0%| F|  |TAMS 0x00000000b3800000| PB 0x00000000b3800000| Untracked 
| 313|0x00000000b3900000, 0x00000000b3900000, 0x00000000b3a00000|  0%| F|  |TAMS 0x00000000b3900000| PB 0x00000000b3900000| Untracked 
| 314|0x00000000b3a00000, 0x00000000b3a00000, 0x00000000b3b00000|  0%| F|  |TAMS 0x00000000b3a00000| PB 0x00000000b3a00000| Untracked 
| 315|0x00000000b3b00000, 0x00000000b3b00000, 0x00000000b3c00000|  0%| F|  |TAMS 0x00000000b3b00000| PB 0x00000000b3b00000| Untracked 
| 316|0x00000000b3c00000, 0x00000000b3c00000, 0x00000000b3d00000|  0%| F|  |TAMS 0x00000000b3c00000| PB 0x00000000b3c00000| Untracked 
| 317|0x00000000b3d00000, 0x00000000b3d00000, 0x00000000b3e00000|  0%| F|  |TAMS 0x00000000b3d00000| PB 0x00000000b3d00000| Untracked 
| 318|0x00000000b3e00000, 0x00000000b3e00000, 0x00000000b3f00000|  0%| F|  |TAMS 0x00000000b3e00000| PB 0x00000000b3e00000| Untracked 
| 319|0x00000000b3f00000, 0x00000000b3f00000, 0x00000000b4000000|  0%| F|  |TAMS 0x00000000b3f00000| PB 0x00000000b3f00000| Untracked 
| 320|0x00000000b4000000, 0x00000000b4000000, 0x00000000b4100000|  0%| F|  |TAMS 0x00000000b4000000| PB 0x00000000b4000000| Untracked 
| 321|0x00000000b4100000, 0x00000000b4100000, 0x00000000b4200000|  0%| F|  |TAMS 0x00000000b4100000| PB 0x00000000b4100000| Untracked 
| 322|0x00000000b4200000, 0x00000000b4200000, 0x00000000b4300000|  0%| F|  |TAMS 0x00000000b4200000| PB 0x00000000b4200000| Untracked 
| 323|0x00000000b4300000, 0x00000000b4300000, 0x00000000b4400000|  0%| F|  |TAMS 0x00000000b4300000| PB 0x00000000b4300000| Untracked 
| 324|0x00000000b4400000, 0x00000000b4400000, 0x00000000b4500000|  0%| F|  |TAMS 0x00000000b4400000| PB 0x00000000b4400000| Untracked 
| 325|0x00000000b4500000, 0x00000000b4500000, 0x00000000b4600000|  0%| F|  |TAMS 0x00000000b4500000| PB 0x00000000b4500000| Untracked 
| 326|0x00000000b4600000, 0x00000000b4600000, 0x00000000b4700000|  0%| F|  |TAMS 0x00000000b4600000| PB 0x00000000b4600000| Untracked 
| 327|0x00000000b4700000, 0x00000000b4700000, 0x00000000b4800000|  0%| F|  |TAMS 0x00000000b4700000| PB 0x00000000b4700000| Untracked 
| 328|0x00000000b4800000, 0x00000000b4800000, 0x00000000b4900000|  0%| F|  |TAMS 0x00000000b4800000| PB 0x00000000b4800000| Untracked 
| 329|0x00000000b4900000, 0x00000000b4900000, 0x00000000b4a00000|  0%| F|  |TAMS 0x00000000b4900000| PB 0x00000000b4900000| Untracked 
| 330|0x00000000b4a00000, 0x00000000b4a00000, 0x00000000b4b00000|  0%| F|  |TAMS 0x00000000b4a00000| PB 0x00000000b4a00000| Untracked 
| 331|0x00000000b4b00000, 0x00000000b4b00000, 0x00000000b4c00000|  0%| F|  |TAMS 0x00000000b4b00000| PB 0x00000000b4b00000| Untracked 
| 332|0x00000000b4c00000, 0x00000000b4c00000, 0x00000000b4d00000|  0%| F|  |TAMS 0x00000000b4c00000| PB 0x00000000b4c00000| Untracked 
| 333|0x00000000b4d00000, 0x00000000b4d00000, 0x00000000b4e00000|  0%| F|  |TAMS 0x00000000b4d00000| PB 0x00000000b4d00000| Untracked 
| 334|0x00000000b4e00000, 0x00000000b4e00000, 0x00000000b4f00000|  0%| F|  |TAMS 0x00000000b4e00000| PB 0x00000000b4e00000| Untracked 
| 335|0x00000000b4f00000, 0x00000000b4f00000, 0x00000000b5000000|  0%| F|  |TAMS 0x00000000b4f00000| PB 0x00000000b4f00000| Untracked 
| 336|0x00000000b5000000, 0x00000000b5000000, 0x00000000b5100000|  0%| F|  |TAMS 0x00000000b5000000| PB 0x00000000b5000000| Untracked 
| 337|0x00000000b5100000, 0x00000000b5100000, 0x00000000b5200000|  0%| F|  |TAMS 0x00000000b5100000| PB 0x00000000b5100000| Untracked 
| 338|0x00000000b5200000, 0x00000000b5200000, 0x00000000b5300000|  0%| F|  |TAMS 0x00000000b5200000| PB 0x00000000b5200000| Untracked 
| 339|0x00000000b5300000, 0x00000000b5300000, 0x00000000b5400000|  0%| F|  |TAMS 0x00000000b5300000| PB 0x00000000b5300000| Untracked 
| 340|0x00000000b5400000, 0x00000000b5400000, 0x00000000b5500000|  0%| F|  |TAMS 0x00000000b5400000| PB 0x00000000b5400000| Untracked 
| 341|0x00000000b5500000, 0x00000000b5500000, 0x00000000b5600000|  0%| F|  |TAMS 0x00000000b5500000| PB 0x00000000b5500000| Untracked 
| 342|0x00000000b5600000, 0x00000000b5600000, 0x00000000b5700000|  0%| F|  |TAMS 0x00000000b5600000| PB 0x00000000b5600000| Untracked 
| 343|0x00000000b5700000, 0x00000000b5700000, 0x00000000b5800000|  0%| F|  |TAMS 0x00000000b5700000| PB 0x00000000b5700000| Untracked 
| 344|0x00000000b5800000, 0x00000000b5800000, 0x00000000b5900000|  0%| F|  |TAMS 0x00000000b5800000| PB 0x00000000b5800000| Untracked 
| 345|0x00000000b5900000, 0x00000000b5900000, 0x00000000b5a00000|  0%| F|  |TAMS 0x00000000b5900000| PB 0x00000000b5900000| Untracked 
| 346|0x00000000b5a00000, 0x00000000b5a00000, 0x00000000b5b00000|  0%| F|  |TAMS 0x00000000b5a00000| PB 0x00000000b5a00000| Untracked 
| 347|0x00000000b5b00000, 0x00000000b5b00000, 0x00000000b5c00000|  0%| F|  |TAMS 0x00000000b5b00000| PB 0x00000000b5b00000| Untracked 
| 348|0x00000000b5c00000, 0x00000000b5c00000, 0x00000000b5d00000|  0%| F|  |TAMS 0x00000000b5c00000| PB 0x00000000b5c00000| Untracked 
| 349|0x00000000b5d00000, 0x00000000b5d00000, 0x00000000b5e00000|  0%| F|  |TAMS 0x00000000b5d00000| PB 0x00000000b5d00000| Untracked 
| 350|0x00000000b5e00000, 0x00000000b5e00000, 0x00000000b5f00000|  0%| F|  |TAMS 0x00000000b5e00000| PB 0x00000000b5e00000| Untracked 
| 351|0x00000000b5f00000, 0x00000000b5f00000, 0x00000000b6000000|  0%| F|  |TAMS 0x00000000b5f00000| PB 0x00000000b5f00000| Untracked 
| 352|0x00000000b6000000, 0x00000000b6000000, 0x00000000b6100000|  0%| F|  |TAMS 0x00000000b6000000| PB 0x00000000b6000000| Untracked 
| 353|0x00000000b6100000, 0x00000000b6100000, 0x00000000b6200000|  0%| F|  |TAMS 0x00000000b6100000| PB 0x00000000b6100000| Untracked 
| 354|0x00000000b6200000, 0x00000000b6200000, 0x00000000b6300000|  0%| F|  |TAMS 0x00000000b6200000| PB 0x00000000b6200000| Untracked 
| 355|0x00000000b6300000, 0x00000000b6300000, 0x00000000b6400000|  0%| F|  |TAMS 0x00000000b6300000| PB 0x00000000b6300000| Untracked 
| 356|0x00000000b6400000, 0x00000000b6400000, 0x00000000b6500000|  0%| F|  |TAMS 0x00000000b6400000| PB 0x00000000b6400000| Untracked 
| 357|0x00000000b6500000, 0x00000000b6500000, 0x00000000b6600000|  0%| F|  |TAMS 0x00000000b6500000| PB 0x00000000b6500000| Untracked 
| 358|0x00000000b6600000, 0x00000000b6600000, 0x00000000b6700000|  0%| F|  |TAMS 0x00000000b6600000| PB 0x00000000b6600000| Untracked 
| 359|0x00000000b6700000, 0x00000000b6700000, 0x00000000b6800000|  0%| F|  |TAMS 0x00000000b6700000| PB 0x00000000b6700000| Untracked 
| 360|0x00000000b6800000, 0x00000000b6800000, 0x00000000b6900000|  0%| F|  |TAMS 0x00000000b6800000| PB 0x00000000b6800000| Untracked 
| 361|0x00000000b6900000, 0x00000000b6900000, 0x00000000b6a00000|  0%| F|  |TAMS 0x00000000b6900000| PB 0x00000000b6900000| Untracked 
| 362|0x00000000b6a00000, 0x00000000b6a00000, 0x00000000b6b00000|  0%| F|  |TAMS 0x00000000b6a00000| PB 0x00000000b6a00000| Untracked 
| 363|0x00000000b6b00000, 0x00000000b6b00000, 0x00000000b6c00000|  0%| F|  |TAMS 0x00000000b6b00000| PB 0x00000000b6b00000| Untracked 
| 364|0x00000000b6c00000, 0x00000000b6c00000, 0x00000000b6d00000|  0%| F|  |TAMS 0x00000000b6c00000| PB 0x00000000b6c00000| Untracked 
| 365|0x00000000b6d00000, 0x00000000b6d00000, 0x00000000b6e00000|  0%| F|  |TAMS 0x00000000b6d00000| PB 0x00000000b6d00000| Untracked 
| 366|0x00000000b6e00000, 0x00000000b6e00000, 0x00000000b6f00000|  0%| F|  |TAMS 0x00000000b6e00000| PB 0x00000000b6e00000| Untracked 
| 367|0x00000000b6f00000, 0x00000000b6f00000, 0x00000000b7000000|  0%| F|  |TAMS 0x00000000b6f00000| PB 0x00000000b6f00000| Untracked 
| 368|0x00000000b7000000, 0x00000000b7000000, 0x00000000b7100000|  0%| F|  |TAMS 0x00000000b7000000| PB 0x00000000b7000000| Untracked 
| 369|0x00000000b7100000, 0x00000000b7100000, 0x00000000b7200000|  0%| F|  |TAMS 0x00000000b7100000| PB 0x00000000b7100000| Untracked 
| 370|0x00000000b7200000, 0x00000000b7200000, 0x00000000b7300000|  0%| F|  |TAMS 0x00000000b7200000| PB 0x00000000b7200000| Untracked 
| 371|0x00000000b7300000, 0x00000000b7300000, 0x00000000b7400000|  0%| F|  |TAMS 0x00000000b7300000| PB 0x00000000b7300000| Untracked 
| 372|0x00000000b7400000, 0x00000000b7400000, 0x00000000b7500000|  0%| F|  |TAMS 0x00000000b7400000| PB 0x00000000b7400000| Untracked 
| 373|0x00000000b7500000, 0x00000000b7500000, 0x00000000b7600000|  0%| F|  |TAMS 0x00000000b7500000| PB 0x00000000b7500000| Untracked 
| 374|0x00000000b7600000, 0x00000000b7600000, 0x00000000b7700000|  0%| F|  |TAMS 0x00000000b7600000| PB 0x00000000b7600000| Untracked 
| 375|0x00000000b7700000, 0x00000000b7700000, 0x00000000b7800000|  0%| F|  |TAMS 0x00000000b7700000| PB 0x00000000b7700000| Untracked 
| 376|0x00000000b7800000, 0x00000000b7800000, 0x00000000b7900000|  0%| F|  |TAMS 0x00000000b7800000| PB 0x00000000b7800000| Untracked 
| 377|0x00000000b7900000, 0x00000000b7900000, 0x00000000b7a00000|  0%| F|  |TAMS 0x00000000b7900000| PB 0x00000000b7900000| Untracked 
| 378|0x00000000b7a00000, 0x00000000b7a80800, 0x00000000b7b00000| 50%| E|  |TAMS 0x00000000b7a00000| PB 0x00000000b7a00000| Complete 
| 379|0x00000000b7b00000, 0x00000000b7c00000, 0x00000000b7c00000|100%| E|CS|TAMS 0x00000000b7b00000| PB 0x00000000b7b00000| Complete 
| 380|0x00000000b7c00000, 0x00000000b7d00000, 0x00000000b7d00000|100%| E|CS|TAMS 0x00000000b7c00000| PB 0x00000000b7c00000| Complete 
| 381|0x00000000b7d00000, 0x00000000b7e00000, 0x00000000b7e00000|100%| E|CS|TAMS 0x00000000b7d00000| PB 0x00000000b7d00000| Complete 
| 382|0x00000000b7e00000, 0x00000000b7f00000, 0x00000000b7f00000|100%| E|CS|TAMS 0x00000000b7e00000| PB 0x00000000b7e00000| Complete 
| 383|0x00000000b7f00000, 0x00000000b8000000, 0x00000000b8000000|100%| E|CS|TAMS 0x00000000b7f00000| PB 0x00000000b7f00000| Complete 
| 384|0x00000000b8000000, 0x00000000b8100000, 0x00000000b8100000|100%| E|CS|TAMS 0x00000000b8000000| PB 0x00000000b8000000| Complete 
| 385|0x00000000b8100000, 0x00000000b8200000, 0x00000000b8200000|100%| E|CS|TAMS 0x00000000b8100000| PB 0x00000000b8100000| Complete 
| 386|0x00000000b8200000, 0x00000000b8300000, 0x00000000b8300000|100%| E|CS|TAMS 0x00000000b8200000| PB 0x00000000b8200000| Complete 
| 387|0x00000000b8300000, 0x00000000b8400000, 0x00000000b8400000|100%| E|CS|TAMS 0x00000000b8300000| PB 0x00000000b8300000| Complete 
| 388|0x00000000b8400000, 0x00000000b8500000, 0x00000000b8500000|100%| E|CS|TAMS 0x00000000b8400000| PB 0x00000000b8400000| Complete 
| 389|0x00000000b8500000, 0x00000000b8600000, 0x00000000b8600000|100%| E|CS|TAMS 0x00000000b8500000| PB 0x00000000b8500000| Complete 
| 390|0x00000000b8600000, 0x00000000b8700000, 0x00000000b8700000|100%| E|CS|TAMS 0x00000000b8600000| PB 0x00000000b8600000| Complete 
| 391|0x00000000b8700000, 0x00000000b8800000, 0x00000000b8800000|100%| E|CS|TAMS 0x00000000b8700000| PB 0x00000000b8700000| Complete 
| 392|0x00000000b8800000, 0x00000000b8900000, 0x00000000b8900000|100%| E|CS|TAMS 0x00000000b8800000| PB 0x00000000b8800000| Complete 
| 393|0x00000000b8900000, 0x00000000b8a00000, 0x00000000b8a00000|100%| E|CS|TAMS 0x00000000b8900000| PB 0x00000000b8900000| Complete 
| 394|0x00000000b8a00000, 0x00000000b8b00000, 0x00000000b8b00000|100%| E|CS|TAMS 0x00000000b8a00000| PB 0x00000000b8a00000| Complete 
| 395|0x00000000b8b00000, 0x00000000b8c00000, 0x00000000b8c00000|100%| E|CS|TAMS 0x00000000b8b00000| PB 0x00000000b8b00000| Complete 
| 396|0x00000000b8c00000, 0x00000000b8d00000, 0x00000000b8d00000|100%| E|CS|TAMS 0x00000000b8c00000| PB 0x00000000b8c00000| Complete 
| 397|0x00000000b8d00000, 0x00000000b8e00000, 0x00000000b8e00000|100%| E|CS|TAMS 0x00000000b8d00000| PB 0x00000000b8d00000| Complete 
| 398|0x00000000b8e00000, 0x00000000b8f00000, 0x00000000b8f00000|100%| E|CS|TAMS 0x00000000b8e00000| PB 0x00000000b8e00000| Complete 
| 399|0x00000000b8f00000, 0x00000000b9000000, 0x00000000b9000000|100%| E|CS|TAMS 0x00000000b8f00000| PB 0x00000000b8f00000| Complete 
| 400|0x00000000b9000000, 0x00000000b9100000, 0x00000000b9100000|100%| E|CS|TAMS 0x00000000b9000000| PB 0x00000000b9000000| Complete 
| 401|0x00000000b9100000, 0x00000000b9200000, 0x00000000b9200000|100%| E|CS|TAMS 0x00000000b9100000| PB 0x00000000b9100000| Complete 
| 402|0x00000000b9200000, 0x00000000b9300000, 0x00000000b9300000|100%| E|CS|TAMS 0x00000000b9200000| PB 0x00000000b9200000| Complete 
| 403|0x00000000b9300000, 0x00000000b9400000, 0x00000000b9400000|100%| E|CS|TAMS 0x00000000b9300000| PB 0x00000000b9300000| Complete 
| 404|0x00000000b9400000, 0x00000000b9500000, 0x00000000b9500000|100%| E|CS|TAMS 0x00000000b9400000| PB 0x00000000b9400000| Complete 
| 405|0x00000000b9500000, 0x00000000b9600000, 0x00000000b9600000|100%| E|CS|TAMS 0x00000000b9500000| PB 0x00000000b9500000| Complete 
| 406|0x00000000b9600000, 0x00000000b9700000, 0x00000000b9700000|100%| E|CS|TAMS 0x00000000b9600000| PB 0x00000000b9600000| Complete 
| 407|0x00000000b9700000, 0x00000000b9800000, 0x00000000b9800000|100%| E|CS|TAMS 0x00000000b9700000| PB 0x00000000b9700000| Complete 
| 408|0x00000000b9800000, 0x00000000b9900000, 0x00000000b9900000|100%| E|CS|TAMS 0x00000000b9800000| PB 0x00000000b9800000| Complete 
| 409|0x00000000b9900000, 0x00000000b9a00000, 0x00000000b9a00000|100%| E|CS|TAMS 0x00000000b9900000| PB 0x00000000b9900000| Complete 
|1534|0x00000000ffe00000, 0x00000000fff00000, 0x00000000fff00000|100%| E|CS|TAMS 0x00000000ffe00000| PB 0x00000000ffe00000| Complete 
|1535|0x00000000fff00000, 0x0000000100000000, 0x0000000100000000|100%| O|  |TAMS 0x00000000fff00000| PB 0x00000000fff00000| Untracked 

Card table byte_map: [0x00000280ecd10000,0x00000280ed010000] _byte_map_base: 0x00000280ec810000

Marking Bits: (CMBitMap*) 0x00000280d4e3a680
 Bits: [0x00000280ed010000, 0x00000280ee810000)

Polling page: 0x00000280d2cf0000

Metaspace:

Usage:
  Non-class:     74.11 MB used.
      Class:     11.81 MB used.
       Both:     85.92 MB used.

Virtual space:
  Non-class space:      128.00 MB reserved,      75.19 MB ( 59%) committed,  2 nodes.
      Class space:        1.00 GB reserved,      12.88 MB (  1%) committed,  1 nodes.
             Both:        1.12 GB reserved,      88.06 MB (  8%) committed. 

Chunk freelists:
   Non-Class:  4.76 MB
       Class:  3.10 MB
        Both:  7.87 MB

MaxMetaspaceSize: unlimited
CompressedClassSpaceSize: 1.00 GB
Initial GC threshold: 21.00 MB
Current GC threshold: 99.81 MB
CDS: on
 - commit_granule_bytes: 65536.
 - commit_granule_words: 8192.
 - virtual_space_node_default_size: 8388608.
 - enlarge_chunks_in_place: 1.
 - use_allocation_guard: 0.


Internal statistics:

num_allocs_failed_limit: 9.
num_arena_births: 3936.
num_arena_deaths: 2.
num_vsnodes_births: 3.
num_vsnodes_deaths: 0.
num_space_committed: 1409.
num_space_uncommitted: 0.
num_chunks_returned_to_freelist: 15.
num_chunks_taken_from_freelist: 8055.
num_chunk_merges: 10.
num_chunk_splits: 5287.
num_chunks_enlarged: 3330.
num_inconsistent_stats: 0.

CodeHeap 'non-profiled nmethods': size=120000Kb used=12661Kb max_used=12661Kb free=107338Kb
 bounds [0x00000280e4f90000, 0x00000280e5bf0000, 0x00000280ec4c0000]
CodeHeap 'profiled nmethods': size=120000Kb used=27447Kb max_used=27447Kb free=92552Kb
 bounds [0x00000280dd4c0000, 0x00000280def90000, 0x00000280e49f0000]
CodeHeap 'non-nmethods': size=5760Kb used=2882Kb max_used=2945Kb free=2877Kb
 bounds [0x00000280e49f0000, 0x00000280e4cf0000, 0x00000280e4f90000]
 total_blobs=14942 nmethods=13967 adapters=878
 compilation: enabled
              stopped_count=0, restarted_count=0
 full_count=0

Compilation events (20 events):
Event: 27.220 Thread 0x00000280f14a3800 nmethod 15856 0x00000280def56210 code [0x00000280def56880, 0x00000280def5a050]
Event: 27.221 Thread 0x00000280f14a3800 15857       3       com.sun.beans.introspect.PropertyInfo::get (471 bytes)
Event: 27.228 Thread 0x00000280f1802960 15860       4       groovyjarjarasm.asm.SymbolTable::addConstantUtf8 (98 bytes)
Event: 27.236 Thread 0x00000280f14a3800 nmethod 15857 0x00000280def5b290 code [0x00000280def5bd60, 0x00000280def635b0]
Event: 27.238 Thread 0x00000280f14a3800 15858       3       java.util.Collections$UnmodifiableCollection::isEmpty (10 bytes)
Event: 27.238 Thread 0x00000280f14a3800 nmethod 15858 0x00000280def65990 code [0x00000280def65b40, 0x00000280def65d18]
Event: 27.238 Thread 0x00000280f14a3800 15861       3       groovy.lang.MetaClassImpl::chooseMethod (29 bytes)
Event: 27.239 Thread 0x00000280f14a3800 nmethod 15861 0x00000280def65e10 code [0x00000280def65fe0, 0x00000280def663a0]
Event: 27.241 Thread 0x00000280f14a3800 15862       3       sun.invoke.util.ValueConversions::unboxBoolean (37 bytes)
Event: 27.312 Thread 0x00000280f14a3800 nmethod 15862 0x00000280def66490 code [0x00000280def66680, 0x00000280def66b40]
Event: 27.316 Thread 0x00000280f14a3800 15864       3       groovy.lang.MetaClassImpl::getMetaProperty (45 bytes)
Event: 27.317 Thread 0x00000280f14a3800 nmethod 15864 0x00000280def66c90 code [0x00000280def66e80, 0x00000280def67378]
Event: 27.317 Thread 0x00000280f14a3800 15865       3       org.gradle.api.internal.plugins.DefaultPluginRegistry$PluginIdLookupCacheKey::hashCode (23 bytes)
Event: 27.317 Thread 0x00000280f14a3800 nmethod 15865 0x00000280def67510 code [0x00000280def676e0, 0x00000280def679a0]
Event: 27.325 Thread 0x00000280f14a3800 15866       3       org.gradle.api.internal.collections.AbstractIterationOrderRetainingElementSource$RealizedElementCollectionIterator::updateNext (157 bytes)
Event: 27.327 Thread 0x00000280f14a3800 nmethod 15866 0x00000280def67a90 code [0x00000280def67d40, 0x00000280def68c50]
Event: 27.338 Thread 0x00000280f1802960 nmethod 15860 0x00000280e5be2d10 code [0x00000280e5be2f80, 0x00000280e5be41c8]
Event: 27.339 Thread 0x00000280f1802960 15859  s!   4       java.beans.PropertyDescriptor::getWriteMethod (152 bytes)
Event: 27.346 Thread 0x00000280f1802960 nmethod 15859 0x00000280e5be4b10 code [0x00000280e5be4d60, 0x00000280e5be5690]
Event: 27.353 Thread 0x00000280f14777d0 nmethod 15846 0x00000280e5be5b90 code [0x00000280e5be5f20, 0x00000280e5be7ca8]

GC Heap History (20 events):
Event: 16.789 GC heap before
{Heap before GC invocations=43 (full 0):
 garbage-first heap   total 421888K, used 328789K [0x00000000a0000000, 0x0000000100000000)
  region size 1024K, 247 young (252928K), 11 survivors (11264K)
 Metaspace       used 60067K, committed 61824K, reserved 1114112K
  class space    used 8393K, committed 9216K, reserved 1048576K
}
Event: 16.801 GC heap after
{Heap after GC invocations=44 (full 0):
 garbage-first heap   total 421888K, used 87076K [0x00000000a0000000, 0x0000000100000000)
  region size 1024K, 14 young (14336K), 14 survivors (14336K)
 Metaspace       used 60067K, committed 61824K, reserved 1114112K
  class space    used 8393K, committed 9216K, reserved 1048576K
}
Event: 17.470 GC heap before
{Heap before GC invocations=44 (full 0):
 garbage-first heap   total 421888K, used 324644K [0x00000000a0000000, 0x0000000100000000)
  region size 1024K, 247 young (252928K), 14 survivors (14336K)
 Metaspace       used 60102K, committed 61824K, reserved 1114112K
  class space    used 8393K, committed 9216K, reserved 1048576K
}
Event: 17.480 GC heap after
{Heap after GC invocations=45 (full 0):
 garbage-first heap   total 421888K, used 84518K [0x00000000a0000000, 0x0000000100000000)
  region size 1024K, 12 young (12288K), 12 survivors (12288K)
 Metaspace       used 60102K, committed 61824K, reserved 1114112K
  class space    used 8393K, committed 9216K, reserved 1048576K
}
Event: 18.014 GC heap before
{Heap before GC invocations=45 (full 0):
 garbage-first heap   total 421888K, used 324134K [0x00000000a0000000, 0x0000000100000000)
  region size 1024K, 247 young (252928K), 12 survivors (12288K)
 Metaspace       used 60106K, committed 61824K, reserved 1114112K
  class space    used 8393K, committed 9216K, reserved 1048576K
}
Event: 18.020 GC heap after
{Heap after GC invocations=46 (full 0):
 garbage-first heap   total 421888K, used 85409K [0x00000000a0000000, 0x0000000100000000)
  region size 1024K, 11 young (11264K), 11 survivors (11264K)
 Metaspace       used 60106K, committed 61824K, reserved 1114112K
  class space    used 8393K, committed 9216K, reserved 1048576K
}
Event: 18.725 GC heap before
{Heap before GC invocations=46 (full 0):
 garbage-first heap   total 421888K, used 329121K [0x00000000a0000000, 0x0000000100000000)
  region size 1024K, 247 young (252928K), 11 survivors (11264K)
 Metaspace       used 60230K, committed 61952K, reserved 1114112K
  class space    used 8414K, committed 9280K, reserved 1048576K
}
Event: 18.730 GC heap after
{Heap after GC invocations=47 (full 0):
 garbage-first heap   total 421888K, used 85416K [0x00000000a0000000, 0x0000000100000000)
  region size 1024K, 10 young (10240K), 10 survivors (10240K)
 Metaspace       used 60230K, committed 61952K, reserved 1114112K
  class space    used 8414K, committed 9280K, reserved 1048576K
}
Event: 19.444 GC heap before
{Heap before GC invocations=47 (full 0):
 garbage-first heap   total 421888K, used 329128K [0x00000000a0000000, 0x0000000100000000)
  region size 1024K, 247 young (252928K), 10 survivors (10240K)
 Metaspace       used 60230K, committed 61952K, reserved 1114112K
  class space    used 8414K, committed 9280K, reserved 1048576K
}
Event: 19.449 GC heap after
{Heap after GC invocations=48 (full 0):
 garbage-first heap   total 421888K, used 84326K [0x00000000a0000000, 0x0000000100000000)
  region size 1024K, 10 young (10240K), 10 survivors (10240K)
 Metaspace       used 60230K, committed 61952K, reserved 1114112K
  class space    used 8414K, committed 9280K, reserved 1048576K
}
Event: 20.081 GC heap before
{Heap before GC invocations=48 (full 0):
 garbage-first heap   total 421888K, used 328038K [0x00000000a0000000, 0x0000000100000000)
  region size 1024K, 247 young (252928K), 10 survivors (10240K)
 Metaspace       used 60247K, committed 61952K, reserved 1114112K
  class space    used 8414K, committed 9280K, reserved 1048576K
}
Event: 20.087 GC heap after
{Heap after GC invocations=49 (full 0):
 garbage-first heap   total 421888K, used 87643K [0x00000000a0000000, 0x0000000100000000)
  region size 1024K, 12 young (12288K), 12 survivors (12288K)
 Metaspace       used 60247K, committed 61952K, reserved 1114112K
  class space    used 8414K, committed 9280K, reserved 1048576K
}
Event: 21.102 GC heap before
{Heap before GC invocations=49 (full 0):
 garbage-first heap   total 421888K, used 332379K [0x00000000a0000000, 0x0000000100000000)
  region size 1024K, 247 young (252928K), 12 survivors (12288K)
 Metaspace       used 61078K, committed 62912K, reserved 1114112K
  class space    used 8545K, committed 9472K, reserved 1048576K
}
Event: 21.114 GC heap after
{Heap after GC invocations=50 (full 0):
 garbage-first heap   total 421888K, used 95013K [0x00000000a0000000, 0x0000000100000000)
  region size 1024K, 15 young (15360K), 15 survivors (15360K)
 Metaspace       used 61078K, committed 62912K, reserved 1114112K
  class space    used 8545K, committed 9472K, reserved 1048576K
}
Event: 23.253 GC heap before
{Heap before GC invocations=50 (full 0):
 garbage-first heap   total 421888K, used 338725K [0x00000000a0000000, 0x0000000100000000)
  region size 1024K, 247 young (252928K), 15 survivors (15360K)
 Metaspace       used 77014K, committed 78976K, reserved 1179648K
  class space    used 10497K, committed 11456K, reserved 1048576K
}
Event: 23.272 GC heap after
{Heap after GC invocations=51 (full 0):
 garbage-first heap   total 421888K, used 113969K [0x00000000a0000000, 0x0000000100000000)
  region size 1024K, 30 young (30720K), 30 survivors (30720K)
 Metaspace       used 77014K, committed 78976K, reserved 1179648K
  class space    used 10497K, committed 11456K, reserved 1048576K
}
Event: 25.166 GC heap before
{Heap before GC invocations=51 (full 0):
 garbage-first heap   total 421888K, used 337201K [0x00000000a0000000, 0x0000000100000000)
  region size 1024K, 247 young (252928K), 30 survivors (30720K)
 Metaspace       used 87373K, committed 89600K, reserved 1179648K
  class space    used 12035K, committed 13120K, reserved 1048576K
}
Event: 25.191 GC heap after
{Heap after GC invocations=52 (full 0):
 garbage-first heap   total 421888K, used 121217K [0x00000000a0000000, 0x0000000100000000)
  region size 1024K, 24 young (24576K), 24 survivors (24576K)
 Metaspace       used 87373K, committed 89600K, reserved 1179648K
  class space    used 12035K, committed 13120K, reserved 1048576K
}
Event: 26.937 GC heap before
{Heap before GC invocations=52 (full 0):
 garbage-first heap   total 421888K, used 350593K [0x00000000a0000000, 0x0000000100000000)
  region size 1024K, 247 young (252928K), 24 survivors (24576K)
 Metaspace       used 87415K, committed 89600K, reserved 1179648K
  class space    used 12035K, committed 13120K, reserved 1048576K
}
Event: 26.957 GC heap after
{Heap after GC invocations=53 (full 0):
 garbage-first heap   total 421888K, used 132534K [0x00000000a0000000, 0x0000000100000000)
  region size 1024K, 19 young (19456K), 19 survivors (19456K)
 Metaspace       used 87415K, committed 89600K, reserved 1179648K
  class space    used 12035K, committed 13120K, reserved 1048576K
}

Dll operation events (15 events):
Event: 0.011 Loaded shared library C:\Program Files\Eclipse Adoptium\jdk-21.0.3.9-hotspot\bin\java.dll
Event: 0.059 Loaded shared library C:\Program Files\Eclipse Adoptium\jdk-21.0.3.9-hotspot\bin\jsvml.dll
Event: 0.128 Loaded shared library C:\Program Files\Eclipse Adoptium\jdk-21.0.3.9-hotspot\bin\zip.dll
Event: 0.136 Loaded shared library C:\Program Files\Eclipse Adoptium\jdk-21.0.3.9-hotspot\bin\instrument.dll
Event: 0.193 Loaded shared library C:\Program Files\Eclipse Adoptium\jdk-21.0.3.9-hotspot\bin\net.dll
Event: 0.291 Loaded shared library C:\Program Files\Eclipse Adoptium\jdk-21.0.3.9-hotspot\bin\nio.dll
Event: 0.330 Loaded shared library C:\Program Files\Eclipse Adoptium\jdk-21.0.3.9-hotspot\bin\zip.dll
Event: 0.521 Loaded shared library C:\Program Files\Eclipse Adoptium\jdk-21.0.3.9-hotspot\bin\jimage.dll
Event: 0.641 Loaded shared library C:\Program Files\Eclipse Adoptium\jdk-21.0.3.9-hotspot\bin\verify.dll
Event: 0.705 Loaded shared library D:\GradleCache\native\1def1411415f61bf3af743bc5b6707747c0891f09f0c88961ee8f79bc544acac\windows-amd64\native-platform.dll
Event: 0.713 Loaded shared library D:\GradleCache\native\0.2.7\x86_64-windows-gnu\gradle-fileevents.dll
Event: 1.418 Loaded shared library C:\Program Files\Eclipse Adoptium\jdk-21.0.3.9-hotspot\bin\management.dll
Event: 1.421 Loaded shared library C:\Program Files\Eclipse Adoptium\jdk-21.0.3.9-hotspot\bin\management_ext.dll
Event: 1.544 Loaded shared library C:\Program Files\Eclipse Adoptium\jdk-21.0.3.9-hotspot\bin\extnet.dll
Event: 1.750 Loaded shared library C:\Program Files\Eclipse Adoptium\jdk-21.0.3.9-hotspot\bin\sunmscapi.dll

Deoptimization events (20 events):
Event: 26.709 Thread 0x00000280f62f3240 Uncommon trap: trap_request=0xffffffbe fr.pc=0x00000280e5ba0c1c relative=0x00000000000002fc
Event: 26.709 Thread 0x00000280f62f3240 Uncommon trap: reason=profile_predicate action=maybe_recompile pc=0x00000280e5ba0c1c method=sun.security.provider.HashDrbg.addBytes([BI[[B)V @ 36 c2
Event: 26.709 Thread 0x00000280f62f3240 DEOPT PACKING pc=0x00000280e5ba0c1c sp=0x0000008fd8bfd350
Event: 26.709 Thread 0x00000280f62f3240 DEOPT UNPACKING pc=0x00000280e4a446a2 sp=0x0000008fd8bfd2a0 mode 2
Event: 26.709 Thread 0x00000280f62f5310 Uncommon trap: trap_request=0xffffffbe fr.pc=0x00000280e5ba0c1c relative=0x00000000000002fc
Event: 26.709 Thread 0x00000280f62f5310 Uncommon trap: reason=profile_predicate action=maybe_recompile pc=0x00000280e5ba0c1c method=sun.security.provider.HashDrbg.addBytes([BI[[B)V @ 36 c2
Event: 26.709 Thread 0x00000280f62f5310 DEOPT PACKING pc=0x00000280e5ba0c1c sp=0x0000008fd8cfd350
Event: 26.709 Thread 0x00000280f62f5310 DEOPT UNPACKING pc=0x00000280e4a446a2 sp=0x0000008fd8cfd2a0 mode 2
Event: 26.843 Thread 0x00000280f7ff10a0 DEOPT PACKING pc=0x00000280de7c5c0e sp=0x0000008fd4af8de0
Event: 26.843 Thread 0x00000280f7ff10a0 DEOPT UNPACKING pc=0x00000280e4a44e42 sp=0x0000008fd4af82c8 mode 0
Event: 26.845 Thread 0x00000280f7ff10a0 DEOPT PACKING pc=0x00000280de7c5c0e sp=0x0000008fd4af8df0
Event: 26.845 Thread 0x00000280f7ff10a0 DEOPT UNPACKING pc=0x00000280e4a44e42 sp=0x0000008fd4af82d8 mode 0
Event: 27.179 Thread 0x00000280f7ff10a0 Uncommon trap: trap_request=0xffffffbe fr.pc=0x00000280e59ce6f8 relative=0x0000000000000eb8
Event: 27.179 Thread 0x00000280f7ff10a0 Uncommon trap: reason=profile_predicate action=maybe_recompile pc=0x00000280e59ce6f8 method=java.util.TimSort.gallopRight(Ljava/lang/Object;[Ljava/lang/Object;IIILjava/util/Comparator;)I @ 263 c2
Event: 27.179 Thread 0x00000280f7ff10a0 DEOPT PACKING pc=0x00000280e59ce6f8 sp=0x0000008fd4af8cd0
Event: 27.179 Thread 0x00000280f7ff10a0 DEOPT UNPACKING pc=0x00000280e4a446a2 sp=0x0000008fd4af8c58 mode 2
Event: 27.179 Thread 0x00000280f7ff10a0 Uncommon trap: trap_request=0xffffff45 fr.pc=0x00000280e595c16c relative=0x000000000000018c
Event: 27.179 Thread 0x00000280f7ff10a0 Uncommon trap: reason=unstable_if action=reinterpret pc=0x00000280e595c16c method=sun.reflect.generics.parser.SignatureParser.parseTypeSignature()Lsun/reflect/generics/tree/TypeSignature; @ 4 c2
Event: 27.179 Thread 0x00000280f7ff10a0 DEOPT PACKING pc=0x00000280e595c16c sp=0x0000008fd4af8ba0
Event: 27.179 Thread 0x00000280f7ff10a0 DEOPT UNPACKING pc=0x00000280e4a446a2 sp=0x0000008fd4af8b48 mode 2

Classes loaded (20 events):
Event: 23.025 Loading class java/beans/IntrospectionException
Event: 23.025 Loading class java/beans/IntrospectionException done
Event: 23.365 Loading class java/lang/EnumBeanInfo
Event: 23.365 Loading class java/lang/EnumBeanInfo done
Event: 23.365 Loading class java/lang/EnumBeanInfo
Event: 23.365 Loading class java/lang/EnumBeanInfo done
Event: 23.365 Loading class java/lang/EnumCustomizer
Event: 23.365 Loading class java/lang/EnumCustomizer done
Event: 23.366 Loading class java/lang/EnumCustomizer
Event: 23.366 Loading class java/lang/EnumCustomizer done
Event: 23.510 Loading class java/io/LineNumberReader
Event: 23.510 Loading class java/io/LineNumberReader done
Event: 23.876 Loading class java/util/Currency
Event: 23.877 Loading class java/util/Currency done
Event: 23.880 Loading class java/util/concurrent/atomic/AtomicLongArray
Event: 23.880 Loading class java/util/concurrent/atomic/AtomicLongArray done
Event: 23.955 Loading class java/util/regex/Pattern$Caret
Event: 23.955 Loading class java/util/regex/Pattern$Caret done
Event: 27.179 Loading class sun/reflect/generics/tree/LongSignature
Event: 27.180 Loading class sun/reflect/generics/tree/LongSignature done

Classes unloaded (5 events):
Event: 8.350 Thread 0x00000280f1446e80 Unloading class 0x00000280815c4000 '_BuildScript_$_run_closure1$_closure2'
Event: 8.350 Thread 0x00000280f1446e80 Unloading class 0x00000280815bca98 '_BuildScript_$_run_closure1'
Event: 8.350 Thread 0x00000280f1446e80 Unloading class 0x00000280815bc568 '_BuildScript_'
Event: 8.350 Thread 0x00000280f1446e80 Unloading class 0x00000280815bc2b0 'GradleAnnotationProcessorPatchPlugin$AnnotationProcessorModelBuilder'
Event: 8.350 Thread 0x00000280f1446e80 Unloading class 0x00000280815bc000 'GradleAnnotationProcessorPatchPlugin'

Classes redefined (0 events):
No events

Internal exceptions (20 events):
Event: 27.134 Thread 0x00000280f173dee0 Exception <a 'sun/nio/fs/WindowsException'{0x00000000b89eb0c0}> (0x00000000b89eb0c0) 
thrown [s\src\hotspot\share\prims\jni.cpp, line 520]
Event: 27.136 Thread 0x00000280f173dee0 Exception <a 'sun/nio/fs/WindowsException'{0x00000000b89fa238}> (0x00000000b89fa238) 
thrown [s\src\hotspot\share\prims\jni.cpp, line 520]
Event: 27.138 Thread 0x00000280f173dee0 Exception <a 'sun/nio/fs/WindowsException'{0x00000000b8810be0}> (0x00000000b8810be0) 
thrown [s\src\hotspot\share\prims\jni.cpp, line 520]
Event: 27.140 Thread 0x00000280f173dee0 Exception <a 'sun/nio/fs/WindowsException'{0x00000000b8821088}> (0x00000000b8821088) 
thrown [s\src\hotspot\share\prims\jni.cpp, line 520]
Event: 27.151 Thread 0x00000280f7ff10a0 Exception <a 'java/lang/ClassNotFoundException'{0x00000000b8870d98}: build_c7h5xyxaqnqp12vw50f5x30lkBeanInfo> (0x00000000b8870d98) 
thrown [s\src\hotspot\share\classfile\systemDictionary.cpp, line 312]
Event: 27.152 Thread 0x00000280f7ff10a0 Exception <a 'java/lang/ClassNotFoundException'{0x00000000b8877ae8}: build_c7h5xyxaqnqp12vw50f5x30lkCustomizer> (0x00000000b8877ae8) 
thrown [s\src\hotspot\share\classfile\systemDictionary.cpp, line 312]
Event: 27.171 Thread 0x00000280f7ff10a0 Exception <a 'java/lang/ClassNotFoundException'{0x00000000b8401710}: org/gradle/api/internal/tasks/DefaultTaskContainer_DecoratedBeanInfo> (0x00000000b8401710) 
thrown [s\src\hotspot\share\classfile\systemDictionary.cpp, line 312]
Event: 27.172 Thread 0x00000280f7ff10a0 Exception <a 'java/lang/ClassNotFoundException'{0x00000000b8414938}: org/gradle/api/internal/tasks/DefaultTaskContainerBeanInfo> (0x00000000b8414938) 
thrown [s\src\hotspot\share\classfile\systemDictionary.cpp, line 312]
Event: 27.173 Thread 0x00000280f7ff10a0 Exception <a 'java/lang/ClassNotFoundException'{0x00000000b8427b88}: org/gradle/api/internal/tasks/DefaultTaskCollectionBeanInfo> (0x00000000b8427b88) 
thrown [s\src\hotspot\share\classfile\systemDictionary.cpp, line 312]
Event: 27.175 Thread 0x00000280f7ff10a0 Exception <a 'java/lang/ClassNotFoundException'{0x00000000b843ada8}: org/gradle/api/internal/tasks/DefaultTaskCollectionCustomizer> (0x00000000b843ada8) 
thrown [s\src\hotspot\share\classfile\systemDictionary.cpp, line 312]
Event: 27.179 Thread 0x00000280f7ff10a0 Exception <a 'java/lang/ClassNotFoundException'{0x00000000b84a1a48}: org/gradle/api/internal/tasks/DefaultTaskContainerCustomizer> (0x00000000b84a1a48) 
thrown [s\src\hotspot\share\classfile\systemDictionary.cpp, line 312]
Event: 27.183 Thread 0x00000280f7ff10a0 Exception <a 'java/lang/ClassNotFoundException'{0x00000000b83314d8}: org/gradle/api/internal/tasks/DefaultTaskContainer_DecoratedCustomizer> (0x00000000b83314d8) 
thrown [s\src\hotspot\share\classfile\systemDictionary.cpp, line 312]
Event: 27.201 Thread 0x00000280f7ff10a0 Exception <a 'java/lang/ClassNotFoundException'{0x00000000b81f2a78}: org/gradle/api/internal/tasks/DefaultRealizableTaskCollection_DecoratedBeanInfo> (0x00000000b81f2a78) 
thrown [s\src\hotspot\share\classfile\systemDictionary.cpp, line 312]
Event: 27.202 Thread 0x00000280f7ff10a0 Exception <a 'java/lang/ClassNotFoundException'{0x00000000b8006530}: org/gradle/api/internal/tasks/DefaultRealizableTaskCollectionBeanInfo> (0x00000000b8006530) 
thrown [s\src\hotspot\share\classfile\systemDictionary.cpp, line 312]
Event: 27.204 Thread 0x00000280f7ff10a0 Exception <a 'java/lang/ClassNotFoundException'{0x00000000b8019818}: org/gradle/api/internal/DelegatingNamedDomainObjectSetBeanInfo> (0x00000000b8019818) 
thrown [s\src\hotspot\share\classfile\systemDictionary.cpp, line 312]
Event: 27.205 Thread 0x00000280f7ff10a0 Exception <a 'java/lang/ClassNotFoundException'{0x00000000b802ca20}: org/gradle/api/internal/DelegatingDomainObjectSetBeanInfo> (0x00000000b802ca20) 
thrown [s\src\hotspot\share\classfile\systemDictionary.cpp, line 312]
Event: 27.206 Thread 0x00000280f7ff10a0 Exception <a 'java/lang/ClassNotFoundException'{0x00000000b803fc38}: org/gradle/api/internal/DelegatingDomainObjectSetCustomizer> (0x00000000b803fc38) 
thrown [s\src\hotspot\share\classfile\systemDictionary.cpp, line 312]
Event: 27.211 Thread 0x00000280f7ff10a0 Exception <a 'java/lang/ClassNotFoundException'{0x00000000b8081c90}: org/gradle/api/internal/DelegatingNamedDomainObjectSetCustomizer> (0x00000000b8081c90) 
thrown [s\src\hotspot\share\classfile\systemDictionary.cpp, line 312]
Event: 27.215 Thread 0x00000280f7ff10a0 Exception <a 'java/lang/ClassNotFoundException'{0x00000000b80d07d0}: org/gradle/api/internal/tasks/DefaultRealizableTaskCollectionCustomizer> (0x00000000b80d07d0) 
thrown [s\src\hotspot\share\classfile\systemDictionary.cpp, line 312]
Event: 27.221 Thread 0x00000280f7ff10a0 Exception <a 'java/lang/ClassNotFoundException'{0x00000000b7f34ef0}: org/gradle/api/internal/tasks/DefaultRealizableTaskCollection_DecoratedCustomizer> (0x00000000b7f34ef0) 
thrown [s\src\hotspot\share\classfile\systemDictionary.cpp, line 312]

ZGC Phase Switch (0 events):
No events

VM Operations (20 events):
Event: 23.506 Executing VM operation: HandshakeAllThreads (Deoptimize)
Event: 23.506 Executing VM operation: HandshakeAllThreads (Deoptimize) done
Event: 23.509 Executing VM operation: HandshakeAllThreads (Deoptimize)
Event: 23.509 Executing VM operation: HandshakeAllThreads (Deoptimize) done
Event: 23.512 Executing VM operation: HandshakeAllThreads (Deoptimize)
Event: 23.512 Executing VM operation: HandshakeAllThreads (Deoptimize) done
Event: 23.554 Executing VM operation: HandshakeAllThreads (Deoptimize)
Event: 23.554 Executing VM operation: HandshakeAllThreads (Deoptimize) done
Event: 24.069 Executing VM operation: ICBufferFull
Event: 24.069 Executing VM operation: ICBufferFull done
Event: 24.714 Executing VM operation: ICBufferFull
Event: 24.714 Executing VM operation: ICBufferFull done
Event: 25.036 Executing VM operation: ICBufferFull
Event: 25.036 Executing VM operation: ICBufferFull done
Event: 25.165 Executing VM operation: G1CollectForAllocation (G1 Evacuation Pause)
Event: 25.192 Executing VM operation: G1CollectForAllocation (G1 Evacuation Pause) done
Event: 26.213 Executing VM operation: ICBufferFull
Event: 26.214 Executing VM operation: ICBufferFull done
Event: 26.937 Executing VM operation: G1CollectForAllocation (G1 Evacuation Pause)
Event: 26.958 Executing VM operation: G1CollectForAllocation (G1 Evacuation Pause) done

Events (20 events):
Event: 20.245 Thread 0x00000280f1804b70 Thread exited: 0x00000280f1804b70
Event: 20.535 Thread 0x00000280f1802960 Thread added: 0x00000280f1802960
Event: 20.535 Thread 0x00000280f18044a0 Thread added: 0x00000280f18044a0
Event: 20.665 Thread 0x00000280fc856a80 Thread added: 0x00000280fc856a80
Event: 20.727 Thread 0x00000280fc853c90 Thread added: 0x00000280fc853c90
Event: 20.781 Thread 0x00000280fc85a590 Thread added: 0x00000280fc85a590
Event: 21.054 Thread 0x00000280fc858b50 Thread added: 0x00000280fc858b50
Event: 21.253 Thread 0x00000280fc8584c0 Thread added: 0x00000280fc8584c0
Event: 22.186 Thread 0x00000280fc8591e0 Thread added: 0x00000280fc8591e0
Event: 25.099 Thread 0x00000280f62f3240 Thread added: 0x00000280f62f3240
Event: 25.100 Thread 0x00000280f62f5310 Thread added: 0x00000280f62f5310
Event: 25.100 Thread 0x00000280f62f1e90 Thread added: 0x00000280f62f1e90
Event: 25.101 Thread 0x00000280f62f8e20 Thread added: 0x00000280f62f8e20
Event: 25.101 Thread 0x00000280f62f8790 Thread added: 0x00000280f62f8790
Event: 25.101 Thread 0x00000280f62f6030 Thread added: 0x00000280f62f6030
Event: 25.101 Thread 0x00000280f62f66c0 Thread added: 0x00000280f62f66c0
Event: 25.102 Thread 0x00000280f62f73e0 Thread added: 0x00000280f62f73e0
Event: 25.102 Thread 0x00000280f62f6d50 Thread added: 0x00000280f62f6d50
Event: 25.102 Thread 0x00000280f62f59a0 Thread added: 0x00000280f62f59a0
Event: 25.102 Thread 0x00000280f62f7a70 Thread added: 0x00000280f62f7a70


Dynamic libraries:
0x00007ff6c0aa0000 - 0x00007ff6c0aae000 	C:\Program Files\Eclipse Adoptium\jdk-21.0.3.9-hotspot\bin\java.exe
0x00007ffbc80c0000 - 0x00007ffbc8327000 	C:\WINDOWS\SYSTEM32\ntdll.dll
0x00007ffbc7690000 - 0x00007ffbc775b000 	C:\WINDOWS\System32\KERNEL32.DLL
0x00007ffbc57b0000 - 0x00007ffbc5bb1000 	C:\WINDOWS\System32\KERNELBASE.dll
0x00007ffbc5430000 - 0x00007ffbc557c000 	C:\WINDOWS\System32\ucrtbase.dll
0x00007ffbbffa0000 - 0x00007ffbbffb8000 	C:\Program Files\Eclipse Adoptium\jdk-21.0.3.9-hotspot\bin\jli.dll
0x00007ffbc7b90000 - 0x00007ffbc7d67000 	C:\WINDOWS\System32\USER32.dll
0x00007ffbc5db0000 - 0x00007ffbc5dd7000 	C:\WINDOWS\System32\win32u.dll
0x00007ffbc6020000 - 0x00007ffbc604b000 	C:\WINDOWS\System32\GDI32.dll
0x00007ffbbfea0000 - 0x00007ffbbfebb000 	C:\Program Files\Eclipse Adoptium\jdk-21.0.3.9-hotspot\bin\VCRUNTIME140.dll
0x00007ffbc5bc0000 - 0x00007ffbc5ce8000 	C:\WINDOWS\System32\gdi32full.dll
0x00007ffbc5380000 - 0x00007ffbc5423000 	C:\WINDOWS\System32\msvcp_win.dll
0x00007ffba6680000 - 0x00007ffba6910000 	C:\WINDOWS\WinSxS\amd64_microsoft.windows.common-controls_6595b64144ccf1df_6.0.26100.9549_none_3e0a0396e3330090\COMCTL32.dll
0x00007ffbc75e0000 - 0x00007ffbc7689000 	C:\WINDOWS\System32\msvcrt.dll
0x00007ffbc7220000 - 0x00007ffbc7251000 	C:\WINDOWS\System32\IMM32.DLL
0x00007ffbbe370000 - 0x00007ffbbe37c000 	C:\Program Files\Eclipse Adoptium\jdk-21.0.3.9-hotspot\bin\vcruntime140_1.dll
0x00007ffb7c2a0000 - 0x00007ffb7c32e000 	C:\Program Files\Eclipse Adoptium\jdk-21.0.3.9-hotspot\bin\msvcp140.dll
0x00007ffb23420000 - 0x00007ffb241a2000 	C:\Program Files\Eclipse Adoptium\jdk-21.0.3.9-hotspot\bin\server\jvm.dll
0x00007ffbc7360000 - 0x00007ffbc741b000 	C:\WINDOWS\System32\ADVAPI32.dll
0x00007ffbc6630000 - 0x00007ffbc66d8000 	C:\WINDOWS\System32\sechost.dll
0x00007ffbc7d90000 - 0x00007ffbc7ea8000 	C:\WINDOWS\System32\RPCRT4.dll
0x00007ffbc6050000 - 0x00007ffbc60d1000 	C:\WINDOWS\System32\WS2_32.dll
0x00007ffbc5130000 - 0x00007ffbc518e000 	C:\WINDOWS\SYSTEM32\POWRPROF.dll
0x00007ffbbb870000 - 0x00007ffbbb8a7000 	C:\WINDOWS\SYSTEM32\WINMM.dll
0x00007ffbc2a20000 - 0x00007ffbc2a2b000 	C:\WINDOWS\SYSTEM32\VERSION.dll
0x00007ffbc5110000 - 0x00007ffbc5125000 	C:\WINDOWS\SYSTEM32\UMPDC.dll
0x00007ffbc3f40000 - 0x00007ffbc3f5b000 	C:\WINDOWS\SYSTEM32\kernel.appcore.dll
0x00007ffbbe360000 - 0x00007ffbbe36a000 	C:\Program Files\Eclipse Adoptium\jdk-21.0.3.9-hotspot\bin\jimage.dll
0x00007ffbb7f70000 - 0x00007ffbb81bc000 	C:\WINDOWS\SYSTEM32\DBGHELP.DLL
0x00007ffbc77d0000 - 0x00007ffbc7b5a000 	C:\WINDOWS\System32\combase.dll
0x00007ffbc7420000 - 0x00007ffbc74f9000 	C:\WINDOWS\System32\OLEAUT32.dll
0x00007ffba4850000 - 0x00007ffba488b000 	C:\WINDOWS\SYSTEM32\dbgcore.DLL
0x00007ffbc5cf0000 - 0x00007ffbc5d9c000 	C:\WINDOWS\System32\bcryptPrimitives.dll
0x00007ffbbe350000 - 0x00007ffbbe35f000 	C:\Program Files\Eclipse Adoptium\jdk-21.0.3.9-hotspot\bin\instrument.dll
0x00007ffbbc350000 - 0x00007ffbbc36f000 	C:\Program Files\Eclipse Adoptium\jdk-21.0.3.9-hotspot\bin\java.dll
0x00007ffbc68f0000 - 0x00007ffbc708c000 	C:\WINDOWS\System32\SHELL32.dll
0x00007ffbc2ce0000 - 0x00007ffbc358d000 	C:\WINDOWS\SYSTEM32\windows.storage.dll
0x00007ffbc67f0000 - 0x00007ffbc68e9000 	C:\WINDOWS\System32\SHCORE.dll
0x00007ffbc7760000 - 0x00007ffbc77c6000 	C:\WINDOWS\System32\shlwapi.dll
0x00007ffbc51d0000 - 0x00007ffbc51f9000 	C:\WINDOWS\SYSTEM32\profapi.dll
0x00007ffb48290000 - 0x00007ffb48367000 	C:\Program Files\Eclipse Adoptium\jdk-21.0.3.9-hotspot\bin\jsvml.dll
0x00007ffbbc330000 - 0x00007ffbbc348000 	C:\Program Files\Eclipse Adoptium\jdk-21.0.3.9-hotspot\bin\zip.dll
0x00007ffbbc320000 - 0x00007ffbbc330000 	C:\Program Files\Eclipse Adoptium\jdk-21.0.3.9-hotspot\bin\net.dll
0x00007ffbbcde0000 - 0x00007ffbbcf0a000 	C:\WINDOWS\SYSTEM32\WINHTTP.dll
0x00007ffbc4520000 - 0x00007ffbc458c000 	C:\WINDOWS\system32\mswsock.dll
0x00007ffbb8fb0000 - 0x00007ffbb8fc6000 	C:\Program Files\Eclipse Adoptium\jdk-21.0.3.9-hotspot\bin\nio.dll
0x00007ffbb8f90000 - 0x00007ffbb8fa0000 	C:\Program Files\Eclipse Adoptium\jdk-21.0.3.9-hotspot\bin\verify.dll
0x00007ffbbe380000 - 0x00007ffbbe3a7000 	D:\GradleCache\native\1def1411415f61bf3af743bc5b6707747c0891f09f0c88961ee8f79bc544acac\windows-amd64\native-platform.dll
0x00007ffb96010000 - 0x00007ffb96088000 	D:\GradleCache\native\0.2.7\x86_64-windows-gnu\gradle-fileevents.dll
0x00007ffbb8f80000 - 0x00007ffbb8f8a000 	C:\Program Files\Eclipse Adoptium\jdk-21.0.3.9-hotspot\bin\management.dll
0x00007ffbb8f70000 - 0x00007ffbb8f7b000 	C:\Program Files\Eclipse Adoptium\jdk-21.0.3.9-hotspot\bin\management_ext.dll
0x00007ffbc7b80000 - 0x00007ffbc7b88000 	C:\WINDOWS\System32\PSAPI.DLL
0x00007ffbc38d0000 - 0x00007ffbc3903000 	C:\WINDOWS\SYSTEM32\IPHLPAPI.DLL
0x00007ffbc70a0000 - 0x00007ffbc70aa000 	C:\WINDOWS\System32\NSI.dll
0x00007ffba9670000 - 0x00007ffba9679000 	C:\Program Files\Eclipse Adoptium\jdk-21.0.3.9-hotspot\bin\extnet.dll
0x00007ffbc4810000 - 0x00007ffbc482b000 	C:\WINDOWS\SYSTEM32\CRYPTSP.dll
0x00007ffbc3ea0000 - 0x00007ffbc3ed9000 	C:\WINDOWS\system32\rsaenh.dll
0x00007ffbc45d0000 - 0x00007ffbc4604000 	C:\WINDOWS\SYSTEM32\USERENV.dll
0x00007ffbc51a0000 - 0x00007ffbc51ca000 	C:\WINDOWS\SYSTEM32\bcrypt.dll
0x00007ffbc4830000 - 0x00007ffbc483c000 	C:\WINDOWS\SYSTEM32\CRYPTBASE.dll
0x00007ffba9660000 - 0x00007ffba966e000 	C:\Program Files\Eclipse Adoptium\jdk-21.0.3.9-hotspot\bin\sunmscapi.dll
0x00007ffbc5590000 - 0x00007ffbc570f000 	C:\WINDOWS\System32\CRYPT32.dll
0x00007ffbc4a70000 - 0x00007ffbc4aa0000 	C:\WINDOWS\SYSTEM32\ncrypt.dll
0x00007ffbc4a20000 - 0x00007ffbc4a5f000 	C:\WINDOWS\SYSTEM32\NTASN1.dll
0x00007ffba0980000 - 0x00007ffba0988000 	C:\WINDOWS\system32\wshunix.dll

dbghelp: loaded successfully - version: 4.0.5 - missing functions: none
symbol engine: initialized successfully - sym options: 0x614 - pdb path: .;C:\Program Files\Eclipse Adoptium\jdk-21.0.3.9-hotspot\bin;C:\WINDOWS\SYSTEM32;C:\WINDOWS\WinSxS\amd64_microsoft.windows.common-controls_6595b64144ccf1df_6.0.26100.9549_none_3e0a0396e3330090;C:\Program Files\Eclipse Adoptium\jdk-21.0.3.9-hotspot\bin\server;D:\GradleCache\native\1def1411415f61bf3af743bc5b6707747c0891f09f0c88961ee8f79bc544acac\windows-amd64;D:\GradleCache\native\0.2.7\x86_64-windows-gnu

VM Arguments:
jvm_args: --add-opens=java.base/java.lang=ALL-UNNAMED --add-opens=java.base/java.lang.invoke=ALL-UNNAMED --add-opens=java.base/java.util=ALL-UNNAMED --add-opens=java.prefs/java.util.prefs=ALL-UNNAMED --add-exports=jdk.compiler/com.sun.tools.javac.api=ALL-UNNAMED --add-exports=jdk.compiler/com.sun.tools.javac.util=ALL-UNNAMED --add-opens=java.base/java.util=ALL-UNNAMED --add-opens=java.prefs/java.util.prefs=ALL-UNNAMED --add-opens=java.base/java.nio.charset=ALL-UNNAMED --add-opens=java.base/java.net=ALL-UNNAMED --add-opens=java.base/java.util.concurrent.atomic=ALL-UNNAMED --add-opens=java.xml/javax.xml.namespace=ALL-UNNAMED -Xmx1536m -Dfile.encoding=UTF-8 -Duser.country=US -Duser.language=en -Duser.variant -javaagent:D:\GradleCache\wrapper\dists\gradle-8.14.3-all\10utluxaxniiv4wxiphsi49nj\gradle-8.14.3\lib\agents\gradle-instrumentation-agent-8.14.3.jar 
java_command: org.gradle.launcher.daemon.bootstrap.GradleDaemon 8.14.3
java_class_path (initial): D:\GradleCache\wrapper\dists\gradle-8.14.3-all\10utluxaxniiv4wxiphsi49nj\gradle-8.14.3\lib\gradle-daemon-main-8.14.3.jar
Launcher Type: SUN_STANDARD

[Global flags]
     intx CICompilerCount                          = 4                                         {product} {ergonomic}
     uint ConcGCThreads                            = 3                                         {product} {ergonomic}
     uint G1ConcRefinementThreads                  = 10                                        {product} {ergonomic}
   size_t G1HeapRegionSize                         = 1048576                                   {product} {ergonomic}
    uintx GCDrainStackTargetSize                   = 64                                        {product} {ergonomic}
   size_t InitialHeapSize                          = 257949696                                 {product} {ergonomic}
   size_t MarkStackSize                            = 4194304                                   {product} {ergonomic}
   size_t MaxHeapSize                              = 1610612736                                {product} {command line}
   size_t MaxNewSize                               = 965738496                                 {product} {ergonomic}
   size_t MinHeapDeltaBytes                        = 1048576                                   {product} {ergonomic}
   size_t MinHeapSize                              = 8388608                                   {product} {ergonomic}
    uintx NonNMethodCodeHeapSize                   = 5839372                                {pd product} {ergonomic}
    uintx NonProfiledCodeHeapSize                  = 122909434                              {pd product} {ergonomic}
    uintx ProfiledCodeHeapSize                     = 122909434                              {pd product} {ergonomic}
    uintx ReservedCodeCacheSize                    = 251658240                              {pd product} {ergonomic}
     bool SegmentedCodeCache                       = true                                      {product} {ergonomic}
   size_t SoftMaxHeapSize                          = 1610612736                             {manageable} {ergonomic}
     bool UseCompressedOops                        = true                           {product lp64_product} {ergonomic}
     bool UseG1GC                                  = true                                      {product} {ergonomic}
     bool UseLargePagesIndividualAllocation        = false                                  {pd product} {ergonomic}

Logging:
Log output configuration:
 #0: stdout all=warning uptime,level,tags foldmultilines=false
 #1: stderr all=off uptime,level,tags foldmultilines=false

Environment Variables:
JAVA_HOME=C:\Program Files\Eclipse Adoptium\jdk-21.0.3.9-hotspot\
PATH=C:\Program Files (x86)\Microsoft SDKs\Azure\CLI2\wbin;C:\Program Files\Common Files\Oracle\Java\javapath;C:\Program Files (x86)\Common Files\Oracle\Java\java8path;C:\Program Files (x86)\Common Files\Oracle\Java\javapath;C:\Program Files\Eclipse Adoptium\jdk-21.0.3.9-hotspot\bin;C:\Program Files\NVIDIA GPU Computing Toolkit\CUDA\v12.0\bin;C:\Program Files\NVIDIA GPU Computing Toolkit\CUDA\v12.0\libnvvp;C:\Program Files (x86)\Common Files\Intel\Shared Libraries\redist\intel64\compiler;C:\windows\system32;C:\windows;C:\windows\System32\Wbem;C:\windows\System32\WindowsPowerShell\v1.0\;C:\windows\System32\OpenSSH\;C:\Program Files (x86)\NVIDIA Corporation\PhysX\Common;C:\WINDOWS\system32;C:\WINDOWS;C:\WINDOWS\System32\Wbem;C:\WINDOWS\System32\WindowsPowerShell\v1.0\;C:\WINDOWS\System32\OpenSSH\;C:\Program Files\NVIDIA Corporation\Nsight Compute 2022.4.1\;C:\MinGW\bin;D:\android studio 2\platform-tools;D:\android studio 2\emulator;C:\Program Files\NVIDIA Corporation\NVIDIA App\NvDLISR;C:\ProgramData\chocolatey\bin;C:\Program Files\dotnet\;D:\node js\;C:\Program Files\Docker\Docker\resources\bin;D:\Git\cmd;D:\Git\mingw64\bin;D:\Git\usr\bin;D:\Scripts\;C:\Users\Ashwani\AppData\Local\Programs\Python\Launcher\;C:\Users\Ashwani\AppData\Local\Programs\Python\Python311\Scripts\;C:\Users\Ashwani\AppData\Local\Programs\Python\Python311\;D:\python\Scripts\;C:\Program Files\MySQL\MySQL Shell 8.0\bin\;D:\;C:\Users\Ashwani\AppData\Local\Programs\Microsoft VS Code\bin;C:\Users\Ashwani\AppData\Local\Microsoft\WindowsApps;C:\Program Files\nodejs;C:\Users\Ashwani\AppData\Local\npm-cache\_logs\2025-02-14T21_18_58_255Z-debug-0.log;D:\android studio 2\platform-tools;C:\Users\Ashwani\AppData\Roaming\npm;D:\Antigravity\bin;D:\python\;C:\Users\Ashwani\AppData\Local\PowerToys\DSCModules\;C:\Users\Ashwani\AppData\Local\Programs\Antigravity IDE\bin;D:\Antigravity IDE\bin;D:\colmap-x64-windows-cuda
USERNAME=Ashwani
OS=Windows_NT
PROCESSOR_IDENTIFIER=AMD64 Family 25 Model 80 Stepping 0, AuthenticAMD
TMP=C:\Users\Ashwani\AppData\Local\Temp
TEMP=C:\Users\Ashwani\AppData\Local\Temp




Periodic native trim disabled

---------------  S Y S T E M  ---------------

OS:
 Windows 11 , 64 bit Build 26100 (10.0.26100.9549)
OS uptime: 0 days 3:27 hours
Hyper-V role detected

CPU: total 12 (initial active 12) (12 cores per cpu, 2 threads per core) family 25 model 80 stepping 0 microcode 0xa500014, cx8, cmov, fxsr, ht, mmx, 3dnowpref, sse, sse2, sse3, ssse3, sse4a, sse4.1, sse4.2, popcnt, lzcnt, tsc, tscinvbit, avx, avx2, aes, erms, clmul, bmi1, bmi2, adx, sha, fma, vzeroupper, clflush, clflushopt, hv, rdtscp, rdpid, fsrm, f16c, cet_ss
Processor Information for all 12 processors :
  Max Mhz: 3301, Current Mhz: 3301, Mhz Limit: 3301

Memory: 4k page, system-wide physical 15713M (1708M free)
TotalPageFile size 19809M (AvailPageFile size 1M)
current process WorkingSet (physical memory assigned to process): 723M, peak: 738M
current process commit charge ("private bytes"): 772M, peak: 786M

vm_info: OpenJDK 64-Bit Server VM (21.0.3+9-LTS) for windows-amd64 JRE (21.0.3+9-LTS), built on 2024-04-16T00:00:00Z by "admin" with MS VC++ 17.7 (VS2022)

END.
