#
# There is insufficient memory for the Java Runtime Environment to continue.
# Native memory allocation (mmap) failed to map 65536 bytes. Error detail: Failed to commit metaspace.
# Possible reasons:
#   The system is out of physical RAM or swap space
#   This process is running with CompressedOops enabled, and the Java Heap may be blocking the growth of the native heap
# Possible solutions:
#   Reduce memory load on the system
#   Increase physical memory or swap space
#   Check if swap backing store is full
#   Decrease Java heap size (-Xmx/-Xms)
#   Decrease number of Java threads
#   Decrease Java thread stack sizes (-Xss)
#   Set larger code cache with -XX:ReservedCodeCacheSize=
#   JVM is running with Unscaled Compressed Oops mode in which the Java heap is
#     placed in the first 4GB address space. The Java Heap base address is the
#     maximum limit for the native heap growth. Please use -XX:HeapBaseMinAddress
#     to set the Java Heap base and to place the Java Heap above 4GB virtual address.
# This output file may be truncated or incomplete.
#
#  Out of Memory Error (virtualSpaceNode.cpp:113), pid=5180, tid=6468
#
# JRE version: OpenJDK Runtime Environment Temurin-21.0.12.1+1 (21.0.12.1+1) (build 21.0.12.1+1-LTS)
# Java VM: OpenJDK 64-Bit Server VM Temurin-21.0.12.1+1 (21.0.12.1+1-LTS, mixed mode, sharing, tiered, compressed oops, compressed class ptrs, g1 gc, windows-amd64)
# No core dump will be written. Minidumps are not enabled by default on client versions of Windows
#

---------------  S U M M A R Y ------------

Command Line: --add-opens=java.base/java.lang=ALL-UNNAMED --add-opens=java.base/java.lang.invoke=ALL-UNNAMED --add-opens=java.base/java.util=ALL-UNNAMED --add-opens=java.prefs/java.util.prefs=ALL-UNNAMED --add-exports=jdk.compiler/com.sun.tools.javac.api=ALL-UNNAMED --add-exports=jdk.compiler/com.sun.tools.javac.util=ALL-UNNAMED --add-opens=java.base/java.util=ALL-UNNAMED --add-opens=java.prefs/java.util.prefs=ALL-UNNAMED --add-opens=java.base/java.nio.charset=ALL-UNNAMED --add-opens=java.base/java.net=ALL-UNNAMED --add-opens=java.base/java.util.concurrent.atomic=ALL-UNNAMED --add-opens=java.xml/javax.xml.namespace=ALL-UNNAMED -Xmx1024m -Dfile.encoding=UTF-8 -Duser.country=US -Duser.language=en -Duser.variant -javaagent:D:\GradleCache\wrapper\dists\gradle-8.14.3-all\10utluxaxniiv4wxiphsi49nj\gradle-8.14.3\lib\agents\gradle-instrumentation-agent-8.14.3.jar org.gradle.launcher.daemon.bootstrap.GradleDaemon 8.14.3

Host: AMD Ryzen 5 5600H with Radeon Graphics         , 12 cores, 15G,  Windows 11 , 64 bit Build 26100 (10.0.26100.9549)
Time: Fri Oct  2 02:12:51 2026 India Standard Time elapsed time: 158.608634 seconds (0d 0h 2m 38s)

---------------  T H R E A D  ---------------

Current thread (0x00000184ecbe6280):  JavaThread "Daemon worker"        [_thread_in_vm, id=6468, stack(0x0000006c14c00000,0x0000006c14d00000) (1024K)]

Stack: [0x0000006c14c00000,0x0000006c14d00000]
Native frames: (J=compiled Java code, j=interpreted, Vv=VM code, C=native code)
V  [jvm.dll+0x6d83e9]
V  [jvm.dll+0x8b5736]
V  [jvm.dll+0x8b7cee]
V  [jvm.dll+0x8b83d3]
V  [jvm.dll+0x284596]
V  [jvm.dll+0x8b147e]
V  [jvm.dll+0x679ad4]
V  [jvm.dll+0x1e849b]
V  [jvm.dll+0x1e825e]
V  [jvm.dll+0x67c3d2]
V  [jvm.dll+0x67c202]
V  [jvm.dll+0x67a4ae]
V  [jvm.dll+0x3c7a23]
V  [jvm.dll+0x2118db]
V  [jvm.dll+0x5b6aa9]
V  [jvm.dll+0x82f606]
V  [jvm.dll+0x4792f8]
V  [jvm.dll+0x47f128]
C  [java.dll+0x17ec]

Java frames: (J=compiled Java code, j=interpreted, Vv=VM code)
J 844  java.lang.ClassLoader.defineClass1(Ljava/lang/ClassLoader;Ljava/lang/String;[BIILjava/security/ProtectionDomain;Ljava/lang/String;)Ljava/lang/Class; java.base@21.0.12.1 (0 bytes) @ 0x000001849a9a7c91 [0x000001849a9a7bc0+0x00000000000000d1]
J 4676 c2 java.security.SecureClassLoader.defineClass(Ljava/lang/String;[BIILjava/security/CodeSource;)Ljava/lang/Class; java.base@21.0.12.1 (16 bytes) @ 0x000001849a9c407c [0x000001849a9c35c0+0x0000000000000abc]
J 3805 c2 java.net.URLClassLoader.findClass(Ljava/lang/String;)Ljava/lang/Class; java.base@21.0.12.1 (47 bytes) @ 0x000001849ab6a390 [0x000001849ab68f20+0x0000000000001470]
j  org.gradle.internal.classloader.VisitableURLClassLoader$InstrumentingVisitableURLClassLoader.findClass(Ljava/lang/String;)Ljava/lang/Class;+10
J 5237 c2 java.lang.ClassLoader.loadClass(Ljava/lang/String;Z)Ljava/lang/Class; java.base@21.0.12.1 (121 bytes) @ 0x000001849abe66b8 [0x000001849abe5e20+0x0000000000000898]
J 3670 c2 java.lang.ClassLoader.loadClass(Ljava/lang/String;)Ljava/lang/Class; java.base@21.0.12.1 (7 bytes) @ 0x000001849ab4226c [0x000001849ab42220+0x000000000000004c]
v  ~StubRoutines::call_stub 0x000001849a3b100d
j  com.android.build.gradle.options.ProjectOptions.readTestRunnerArgs(Ljava/util/Map;)Lcom/google/common/collect/ImmutableMap;+4
j  com.android.build.gradle.options.ProjectOptions.<init>(Lcom/google/common/collect/ImmutableMap;Lorg/gradle/api/provider/ProviderFactory;)V+12
j  com.android.build.gradle.options.ProjectOptionService.<init>()V+42
j  com.android.build.gradle.options.ProjectOptionService$Inject.<init>()V+1
J 3632 c1 java.lang.invoke.DirectMethodHandle$Holder.newInvokeSpecial(Ljava/lang/Object;)Ljava/lang/Object; java.base@21.0.12.1 (20 bytes) @ 0x000001849358e004 [0x000001849358da80+0x0000000000000584]
J 1610 c1 jdk.internal.reflect.DirectConstructorHandleAccessor.newInstance([Ljava/lang/Object;)Ljava/lang/Object; java.base@21.0.12.1 (130 bytes) @ 0x000001849317ee7c [0x000001849317dcc0+0x00000000000011bc]
J 1607 c1 java.lang.reflect.Constructor.newInstanceWithCaller([Ljava/lang/Object;ZLjava/lang/Class;)Ljava/lang/Object; java.base@21.0.12.1 (51 bytes) @ 0x000001849317cd4c [0x000001849317cb60+0x00000000000001ec]
J 8126 c1 org.gradle.internal.instantiation.generator.AsmBackedClassGenerator$InvokeConstructorStrategy.newInstance(Lorg/gradle/internal/service/ServiceLookup;Lorg/gradle/internal/instantiation/InstanceGenerator;Lorg/gradle/api/Describable;[Ljava/lang/Object;)Ljava/lang/Object; (66 bytes) @ 0x0000018493c9013c [0x0000018493c8f820+0x000000000000091c]
j  org.gradle.internal.instantiation.generator.AbstractClassGenerator$GeneratedClassImpl$GeneratedConstructorImpl.newInstance(Lorg/gradle/internal/service/ServiceLookup;Lorg/gradle/internal/instantiation/InstanceGenerator;Lorg/gradle/api/Describable;[Ljava/lang/Object;)Ljava/lang/Object;+9
J 8124 c1 org.gradle.internal.instantiation.generator.DependencyInjectingInstantiator.doCreate(Ljava/lang/Class;Lorg/gradle/api/Describable;[Ljava/lang/Object;)Ljava/lang/Object; (64 bytes) @ 0x0000018493c8ee9c [0x0000018493c8eca0+0x00000000000001fc]
J 8127 c1 org.gradle.internal.instantiation.generator.DependencyInjectingInstantiator.newInstance(Ljava/lang/Class;[Ljava/lang/Object;)Ljava/lang/Object; (8 bytes) @ 0x0000018493c915cc [0x0000018493c91540+0x000000000000008c]
j  org.gradle.api.services.internal.RegisteredBuildServiceProvider.instantiate(Lorg/gradle/internal/service/ServiceLookup;)Lorg/gradle/api/services/BuildService;+23
j  org.gradle.api.services.internal.RegisteredBuildServiceProvider.instantiate()Lorg/gradle/internal/Try;+30
j  org.gradle.api.services.internal.RegisteredBuildServiceProvider.getInstance()Lorg/gradle/api/services/BuildService;+26
j  org.gradle.api.services.internal.RegisteredBuildServiceProvider.calculateOwnValue(Lorg/gradle/api/internal/provider/ValueSupplier$ValueConsumer;)Lorg/gradle/api/internal/provider/ValueSupplier$Value;+1
j  org.gradle.api.internal.provider.AbstractMinimalProvider.calculateOwnPresentValue()Lorg/gradle/api/internal/provider/ValueSupplier$Value;+4
j  org.gradle.api.internal.provider.AbstractMinimalProvider.get()Ljava/lang/Object;+1
j  com.android.build.gradle.internal.plugins.AndroidPluginBaseServices$optionService$2$1.invoke(Lorg/gradle/api/Project;)Lcom/android/build/gradle/options/ProjectOptionService;+17
j  com.android.build.gradle.internal.plugins.AndroidPluginBaseServices$optionService$2$1.invoke(Ljava/lang/Object;)Ljava/lang/Object;+5
j  com.android.build.gradle.internal.plugins.AndroidPluginBaseServices.withProject(Ljava/lang/String;Lkotlin/jvm/functions/Function1;)Ljava/lang/Object;+28
j  com.android.build.gradle.internal.plugins.AndroidPluginBaseServices$optionService$2.invoke()Lcom/android/build/gradle/options/ProjectOptionService;+12
j  com.android.build.gradle.internal.plugins.AndroidPluginBaseServices$optionService$2.invoke()Ljava/lang/Object;+1
j  kotlin.SynchronizedLazyImpl.getValue()Ljava/lang/Object;+54
j  com.android.build.gradle.internal.plugins.AndroidPluginBaseServices.getOptionService()Lcom/android/build/gradle/options/ProjectOptionService;+6
j  com.android.build.gradle.internal.plugins.AndroidPluginBaseServices.access$getOptionService(Lcom/android/build/gradle/internal/plugins/AndroidPluginBaseServices;)Lcom/android/build/gradle/options/ProjectOptionService;+1
j  com.android.build.gradle.internal.plugins.AndroidPluginBaseServices$projectServices$2$1.invoke(Lorg/gradle/api/Project;)Lcom/android/build/gradle/internal/services/ProjectServices;+10
j  com.android.build.gradle.internal.plugins.AndroidPluginBaseServices$projectServices$2$1.invoke(Ljava/lang/Object;)Ljava/lang/Object;+5
j  com.android.build.gradle.internal.plugins.AndroidPluginBaseServices.withProject(Ljava/lang/String;Lkotlin/jvm/functions/Function1;)Ljava/lang/Object;+28
j  com.android.build.gradle.internal.plugins.AndroidPluginBaseServices$projectServices$2.invoke()Lcom/android/build/gradle/internal/services/ProjectServices;+20
j  com.android.build.gradle.internal.plugins.AndroidPluginBaseServices$projectServices$2.invoke()Ljava/lang/Object;+1
j  kotlin.SynchronizedLazyImpl.getValue()Ljava/lang/Object;+54
j  com.android.build.gradle.internal.plugins.AndroidPluginBaseServices.getProjectServices()Lcom/android/build/gradle/internal/services/ProjectServices;+6
j  com.android.build.gradle.internal.plugins.AndroidPluginBaseServices.applyBaseServices(Lorg/gradle/api/Project;Lorg/gradle/api/configuration/BuildFeatures;)V+50
j  com.android.build.gradle.internal.plugins.BasePlugin$apply$1.run()V+15
j  com.android.build.gradle.internal.crash.CrashReporting.runAction(Ljava/lang/Runnable;)V+8
j  com.android.build.gradle.internal.plugins.BasePlugin.apply(Lorg/gradle/api/Project;)V+19
j  com.android.build.gradle.internal.plugins.BasePlugin.apply(Ljava/lang/Object;)V+5
j  org.gradle.api.internal.plugins.ImperativeOnlyPluginTarget.applyImperative(Ljava/lang/String;Lorg/gradle/api/Plugin;)V+13
j  org.gradle.api.internal.plugins.RuleBasedPluginTarget.applyImperative(Ljava/lang/String;Lorg/gradle/api/Plugin;)V+6
j  org.gradle.api.internal.plugins.DefaultPluginManager.addPlugin(Ljava/lang/Runnable;Lorg/gradle/api/internal/plugins/PluginImplementation;Ljava/lang/String;Ljava/lang/Class;)V+54
j  org.gradle.api.internal.plugins.DefaultPluginManager.access$100(Lorg/gradle/api/internal/plugins/DefaultPluginManager;Ljava/lang/Runnable;Lorg/gradle/api/internal/plugins/PluginImplementation;Ljava/lang/String;Ljava/lang/Class;)V+6
j  org.gradle.api.internal.plugins.DefaultPluginManager$AddPluginBuildOperation.run(Lorg/gradle/internal/operations/BuildOperationContext;)V+20
j  org.gradle.internal.operations.DefaultBuildOperationRunner$1.execute(Lorg/gradle/internal/operations/RunnableBuildOperation;Lorg/gradle/internal/operations/BuildOperationContext;)V+2
j  org.gradle.internal.operations.DefaultBuildOperationRunner$1.execute(Lorg/gradle/internal/operations/BuildOperation;Lorg/gradle/internal/operations/BuildOperationContext;)V+6
J 7572 c1 org.gradle.internal.operations.DefaultBuildOperationRunner$2.execute(Lorg/gradle/internal/operations/BuildOperationDescriptor;Lorg/gradle/internal/operations/BuildOperationState;Lorg/gradle/internal/operations/BuildOperationState;Lorg/gradle/internal/operations/DefaultBuildOperationRunner$ReadableBuildOperationContext;Lorg/gradle/internal/operations/DefaultBuildOperationRunner$BuildOperationExecutionListener;)Lorg/gradle/internal/operations/BuildOperation; (110 bytes) @ 0x0000018493b50344 [0x0000018493b50140+0x0000000000000204]
J 7574 c1 org.gradle.internal.operations.DefaultBuildOperationRunner$2.execute(Lorg/gradle/internal/operations/BuildOperationDescriptor;Lorg/gradle/internal/operations/BuildOperationState;Lorg/gradle/internal/operations/BuildOperationState;Lorg/gradle/internal/operations/DefaultBuildOperationRunner$ReadableBuildOperationContext;Lorg/gradle/internal/operations/DefaultBuildOperationRunner$BuildOperationExecutionListener;)Ljava/lang/Object; (12 bytes) @ 0x0000018493b5cbbc [0x0000018493b5cb40+0x000000000000007c]
J 7577 c1 org.gradle.internal.operations.DefaultBuildOperationRunner.execute(Lorg/gradle/internal/operations/BuildOperationDescriptor$Builder;Lorg/gradle/internal/operations/BuildOperationState;Lorg/gradle/internal/operations/DefaultBuildOperationRunner$BuildOperationExecution;)Ljava/lang/Object; (147 bytes) @ 0x0000018493b5bd04 [0x0000018493b5b200+0x0000000000000b04]
J 7341 c1 org.gradle.internal.operations.DefaultBuildOperationRunner.execute(Lorg/gradle/internal/operations/BuildOperation;Lorg/gradle/internal/operations/BuildOperationWorker;Lorg/gradle/internal/operations/BuildOperationState;)V (23 bytes) @ 0x0000018493adf714 [0x0000018493adf460+0x00000000000002b4]
j  org.gradle.internal.operations.DefaultBuildOperationRunner.run(Lorg/gradle/internal/operations/RunnableBuildOperation;)V+9
j  org.gradle.api.internal.plugins.DefaultPluginManager.lambda$doApply$0(Ljava/lang/Runnable;Lorg/gradle/api/internal/plugins/PluginImplementation;Ljava/lang/String;Ljava/lang/Class;Lorg/gradle/internal/code/UserCodeApplicationId;)V+20
j  org.gradle.api.internal.plugins.DefaultPluginManager$$Lambda+0x00000184a8688e10.execute(Ljava/lang/Object;)V+24
j  org.gradle.internal.code.DefaultUserCodeApplicationContext.apply(Lorg/gradle/internal/code/UserCodeSource;Lorg/gradle/api/Action;)V+37
j  org.gradle.api.internal.plugins.DefaultPluginManager.doApply(Lorg/gradle/api/internal/plugins/PluginImplementation;)V+144
j  org.gradle.api.internal.plugins.DefaultPluginManager.apply(Ljava/lang/String;)V+52
j  org.gradle.api.internal.plugins.DefaultObjectConfigurationAction.applyType(Ljava/lang/String;)V+43
j  org.gradle.api.internal.plugins.DefaultObjectConfigurationAction.access$200(Lorg/gradle/api/internal/plugins/DefaultObjectConfigurationAction;Ljava/lang/String;)V+2
j  org.gradle.api.internal.plugins.DefaultObjectConfigurationAction$3.run()V+8
j  org.gradle.api.internal.plugins.DefaultObjectConfigurationAction.execute()V+58
j  org.gradle.api.internal.project.AbstractPluginAware.apply(Ljava/util/Map;)V+12
j  org.gradle.api.internal.project.DefaultProject.apply(Ljava/util/Map;)V+6
j  com.android.build.gradle.AppPlugin.apply(Lorg/gradle/api/Project;)V+15
j  com.android.build.gradle.AppPlugin.apply(Ljava/lang/Object;)V+5
j  org.gradle.api.internal.plugins.ImperativeOnlyPluginTarget.applyImperative(Ljava/lang/String;Lorg/gradle/api/Plugin;)V+13
j  org.gradle.api.internal.plugins.RuleBasedPluginTarget.applyImperative(Ljava/lang/String;Lorg/gradle/api/Plugin;)V+6
j  org.gradle.api.internal.plugins.DefaultPluginManager.addPlugin(Ljava/lang/Runnable;Lorg/gradle/api/internal/plugins/PluginImplementation;Ljava/lang/String;Ljava/lang/Class;)V+54
j  org.gradle.api.internal.plugins.DefaultPluginManager.access$100(Lorg/gradle/api/internal/plugins/DefaultPluginManager;Ljava/lang/Runnable;Lorg/gradle/api/internal/plugins/PluginImplementation;Ljava/lang/String;Ljava/lang/Class;)V+6
j  org.gradle.api.internal.plugins.DefaultPluginManager$AddPluginBuildOperation.run(Lorg/gradle/internal/operations/BuildOperationContext;)V+20
j  org.gradle.internal.operations.DefaultBuildOperationRunner$1.execute(Lorg/gradle/internal/operations/RunnableBuildOperation;Lorg/gradle/internal/operations/BuildOperationContext;)V+2
j  org.gradle.internal.operations.DefaultBuildOperationRunner$1.execute(Lorg/gradle/internal/operations/BuildOperation;Lorg/gradle/internal/operations/BuildOperationContext;)V+6
J 7572 c1 org.gradle.internal.operations.DefaultBuildOperationRunner$2.execute(Lorg/gradle/internal/operations/BuildOperationDescriptor;Lorg/gradle/internal/operations/BuildOperationState;Lorg/gradle/internal/operations/BuildOperationState;Lorg/gradle/internal/operations/DefaultBuildOperationRunner$ReadableBuildOperationContext;Lorg/gradle/internal/operations/DefaultBuildOperationRunner$BuildOperationExecutionListener;)Lorg/gradle/internal/operations/BuildOperation; (110 bytes) @ 0x0000018493b50344 [0x0000018493b50140+0x0000000000000204]
J 7574 c1 org.gradle.internal.operations.DefaultBuildOperationRunner$2.execute(Lorg/gradle/internal/operations/BuildOperationDescriptor;Lorg/gradle/internal/operations/BuildOperationState;Lorg/gradle/internal/operations/BuildOperationState;Lorg/gradle/internal/operations/DefaultBuildOperationRunner$ReadableBuildOperationContext;Lorg/gradle/internal/operations/DefaultBuildOperationRunner$BuildOperationExecutionListener;)Ljava/lang/Object; (12 bytes) @ 0x0000018493b5cbbc [0x0000018493b5cb40+0x000000000000007c]
J 7577 c1 org.gradle.internal.operations.DefaultBuildOperationRunner.execute(Lorg/gradle/internal/operations/BuildOperationDescriptor$Builder;Lorg/gradle/internal/operations/BuildOperationState;Lorg/gradle/internal/operations/DefaultBuildOperationRunner$BuildOperationExecution;)Ljava/lang/Object; (147 bytes) @ 0x0000018493b5bd04 [0x0000018493b5b200+0x0000000000000b04]
J 7341 c1 org.gradle.internal.operations.DefaultBuildOperationRunner.execute(Lorg/gradle/internal/operations/BuildOperation;Lorg/gradle/internal/operations/BuildOperationWorker;Lorg/gradle/internal/operations/BuildOperationState;)V (23 bytes) @ 0x0000018493adf714 [0x0000018493adf460+0x00000000000002b4]
j  org.gradle.internal.operations.DefaultBuildOperationRunner.run(Lorg/gradle/internal/operations/RunnableBuildOperation;)V+9
j  org.gradle.api.internal.plugins.DefaultPluginManager.lambda$doApply$0(Ljava/lang/Runnable;Lorg/gradle/api/internal/plugins/PluginImplementation;Ljava/lang/String;Ljava/lang/Class;Lorg/gradle/internal/code/UserCodeApplicationId;)V+20
j  org.gradle.api.internal.plugins.DefaultPluginManager$$Lambda+0x00000184a8688e10.execute(Ljava/lang/Object;)V+24
j  org.gradle.internal.code.DefaultUserCodeApplicationContext.apply(Lorg/gradle/internal/code/UserCodeSource;Lorg/gradle/api/Action;)V+37
j  org.gradle.api.internal.plugins.DefaultPluginManager.doApply(Lorg/gradle/api/internal/plugins/PluginImplementation;)V+144
j  org.gradle.api.internal.plugins.DefaultPluginManager.apply(Ljava/lang/String;)V+52
j  org.gradle.api.internal.plugins.DefaultObjectConfigurationAction.applyType(Ljava/lang/String;)V+43
j  org.gradle.api.internal.plugins.DefaultObjectConfigurationAction.access$200(Lorg/gradle/api/internal/plugins/DefaultObjectConfigurationAction;Ljava/lang/String;)V+2
j  org.gradle.api.internal.plugins.DefaultObjectConfigurationAction$3.run()V+8
j  org.gradle.api.internal.plugins.DefaultObjectConfigurationAction.execute()V+58
j  org.gradle.api.internal.project.AbstractPluginAware.apply(Ljava/util/Map;)V+12
j  org.gradle.api.internal.project.DefaultProject.apply(Ljava/util/Map;)V+6
j  org.gradle.api.internal.project.ProjectScript.apply(Ljava/util/Map;)V+5
j  org.gradle.api.Script$apply.callCurrent(Lgroovy/lang/GroovyObject;[Ljava/lang/Object;)Ljava/lang/Object;+19
j  org.codehaus.groovy.runtime.callsite.CallSiteArray.defaultCallCurrent(Lorg/codehaus/groovy/runtime/callsite/CallSite;Lgroovy/lang/GroovyObject;[Ljava/lang/Object;)Ljava/lang/Object;+17
j  org.codehaus.groovy.runtime.callsite.AbstractCallSite.callCurrent(Lgroovy/lang/GroovyObject;[Ljava/lang/Object;)Ljava/lang/Object;+3
j  org.codehaus.groovy.runtime.callsite.AbstractCallSite.callCurrent(Lgroovy/lang/GroovyObject;Ljava/lang/Object;)Ljava/lang/Object;+33
j  build_1wz0arrbffmm9x88n5iafw4se.run()Ljava/lang/Object;+27
j  org.gradle.groovy.scripts.internal.DefaultScriptRunnerFactory$ScriptRunnerImpl.run(Ljava/lang/Object;Lorg/gradle/internal/service/ServiceRegistry;)V+57
j  org.gradle.configuration.DefaultScriptPluginFactory$ScriptPluginImpl.lambda$apply$1(Lorg/gradle/groovy/scripts/ScriptRunner;Ljava/lang/Object;Lorg/gradle/internal/service/CloseableServiceRegistry;)V+3
j  org.gradle.configuration.DefaultScriptPluginFactory$ScriptPluginImpl$$Lambda+0x00000184a845bce8.run()V+12
j  org.gradle.configuration.ProjectScriptTarget.addConfiguration(Ljava/lang/Runnable;Z)V+18
j  org.gradle.configuration.DefaultScriptPluginFactory$ScriptPluginImpl.apply(Ljava/lang/Object;)V+342
j  org.gradle.configuration.BuildOperationScriptPlugin$1.run(Lorg/gradle/internal/operations/BuildOperationContext;)V+11
j  org.gradle.internal.operations.DefaultBuildOperationRunner$1.execute(Lorg/gradle/internal/operations/RunnableBuildOperation;Lorg/gradle/internal/operations/BuildOperationContext;)V+2
j  org.gradle.internal.operations.DefaultBuildOperationRunner$1.execute(Lorg/gradle/internal/operations/BuildOperation;Lorg/gradle/internal/operations/BuildOperationContext;)V+6
J 7572 c1 org.gradle.internal.operations.DefaultBuildOperationRunner$2.execute(Lorg/gradle/internal/operations/BuildOperationDescriptor;Lorg/gradle/internal/operations/BuildOperationState;Lorg/gradle/internal/operations/BuildOperationState;Lorg/gradle/internal/operations/DefaultBuildOperationRunner$ReadableBuildOperationContext;Lorg/gradle/internal/operations/DefaultBuildOperationRunner$BuildOperationExecutionListener;)Lorg/gradle/internal/operations/BuildOperation; (110 bytes) @ 0x0000018493b50344 [0x0000018493b50140+0x0000000000000204]
J 7574 c1 org.gradle.internal.operations.DefaultBuildOperationRunner$2.execute(Lorg/gradle/internal/operations/BuildOperationDescriptor;Lorg/gradle/internal/operations/BuildOperationState;Lorg/gradle/internal/operations/BuildOperationState;Lorg/gradle/internal/operations/DefaultBuildOperationRunner$ReadableBuildOperationContext;Lorg/gradle/internal/operations/DefaultBuildOperationRunner$BuildOperationExecutionListener;)Ljava/lang/Object; (12 bytes) @ 0x0000018493b5cbbc [0x0000018493b5cb40+0x000000000000007c]
J 7577 c1 org.gradle.internal.operations.DefaultBuildOperationRunner.execute(Lorg/gradle/internal/operations/BuildOperationDescriptor$Builder;Lorg/gradle/internal/operations/BuildOperationState;Lorg/gradle/internal/operations/DefaultBuildOperationRunner$BuildOperationExecution;)Ljava/lang/Object; (147 bytes) @ 0x0000018493b5bd04 [0x0000018493b5b200+0x0000000000000b04]
J 7341 c1 org.gradle.internal.operations.DefaultBuildOperationRunner.execute(Lorg/gradle/internal/operations/BuildOperation;Lorg/gradle/internal/operations/BuildOperationWorker;Lorg/gradle/internal/operations/BuildOperationState;)V (23 bytes) @ 0x0000018493adf714 [0x0000018493adf460+0x00000000000002b4]
j  org.gradle.internal.operations.DefaultBuildOperationRunner.run(Lorg/gradle/internal/operations/RunnableBuildOperation;)V+9
j  org.gradle.configuration.BuildOperationScriptPlugin.lambda$apply$0(Ljava/lang/Object;Lorg/gradle/internal/code/UserCodeApplicationId;)V+14
j  org.gradle.configuration.BuildOperationScriptPlugin$$Lambda+0x00000184a841daf0.execute(Ljava/lang/Object;)V+12
j  org.gradle.internal.code.DefaultUserCodeApplicationContext.apply(Lorg/gradle/internal/code/UserCodeSource;Lorg/gradle/api/Action;)V+37
j  org.gradle.configuration.BuildOperationScriptPlugin.apply(Ljava/lang/Object;)V+71
j  org.gradle.configuration.project.BuildScriptProcessor$$Lambda+0x00000184a86cd248.accept(Ljava/lang/Object;)V+8
j  org.gradle.api.internal.project.DefaultProjectStateRegistry$ProjectStateImpl.lambda$applyToMutableState$1(Ljava/util/function/Consumer;Lorg/gradle/api/internal/project/ProjectInternal;)Ljava/lang/Object;+2
j  org.gradle.api.internal.project.DefaultProjectStateRegistry$ProjectStateImpl$$Lambda+0x00000184a8667318.apply(Ljava/lang/Object;)Ljava/lang/Object;+8
j  org.gradle.api.internal.project.DefaultProjectStateRegistry$ProjectStateImpl.fromMutableState(Ljava/util/function/Function;)Ljava/lang/Object;+97
j  org.gradle.api.internal.project.DefaultProjectStateRegistry$ProjectStateImpl.applyToMutableState(Ljava/util/function/Consumer;)V+7
j  org.gradle.configuration.project.BuildScriptProcessor.execute(Lorg/gradle/api/internal/project/ProjectInternal;)V+88
j  org.gradle.configuration.project.BuildScriptProcessor.execute(Ljava/lang/Object;)V+5
j  org.gradle.configuration.project.ConfigureActionsProjectEvaluator.evaluate(Lorg/gradle/api/internal/project/ProjectInternal;Lorg/gradle/api/internal/project/ProjectStateInternal;)V+33
j  org.gradle.configuration.project.LifecycleProjectEvaluator$EvaluateProject.lambda$run$0(Lorg/gradle/internal/operations/BuildOperationContext;Lorg/gradle/api/internal/project/ProjectInternal;)V+67
j  org.gradle.configuration.project.LifecycleProjectEvaluator$EvaluateProject$$Lambda+0x00000184a86704a0.accept(Ljava/lang/Object;)V+12
j  org.gradle.api.internal.project.DefaultProjectStateRegistry$ProjectStateImpl.lambda$applyToMutableState$1(Ljava/util/function/Consumer;Lorg/gradle/api/internal/project/ProjectInternal;)Ljava/lang/Object;+2
j  org.gradle.api.internal.project.DefaultProjectStateRegistry$ProjectStateImpl$$Lambda+0x00000184a8667318.apply(Ljava/lang/Object;)Ljava/lang/Object;+8
j  org.gradle.api.internal.project.DefaultProjectStateRegistry$ProjectStateImpl.lambda$fromMutableState$2(Ljava/util/function/Function;)Ljava/lang/Object;+5
j  org.gradle.api.internal.project.DefaultProjectStateRegistry$ProjectStateImpl$$Lambda+0x00000184a8667560.create()Ljava/lang/Object;+8
j  org.gradle.internal.work.DefaultWorkerLeaseService.withReplacedLocks(Ljava/util/Collection;Lorg/gradle/internal/resources/ResourceLock;Lorg/gradle/internal/Factory;)Ljava/lang/Object;+40
j  org.gradle.api.internal.project.DefaultProjectStateRegistry$ProjectStateImpl.fromMutableState(Ljava/util/function/Function;)Ljava/lang/Object;+133
j  org.gradle.api.internal.project.DefaultProjectStateRegistry$ProjectStateImpl.applyToMutableState(Ljava/util/function/Consumer;)V+7
j  org.gradle.configuration.project.LifecycleProjectEvaluator$EvaluateProject.run(Lorg/gradle/internal/operations/BuildOperationContext;)V+16
j  org.gradle.internal.operations.DefaultBuildOperationRunner$1.execute(Lorg/gradle/internal/operations/RunnableBuildOperation;Lorg/gradle/internal/operations/BuildOperationContext;)V+2
j  org.gradle.internal.operations.DefaultBuildOperationRunner$1.execute(Lorg/gradle/internal/operations/BuildOperation;Lorg/gradle/internal/operations/BuildOperationContext;)V+6
J 7572 c1 org.gradle.internal.operations.DefaultBuildOperationRunner$2.execute(Lorg/gradle/internal/operations/BuildOperationDescriptor;Lorg/gradle/internal/operations/BuildOperationState;Lorg/gradle/internal/operations/BuildOperationState;Lorg/gradle/internal/operations/DefaultBuildOperationRunner$ReadableBuildOperationContext;Lorg/gradle/internal/operations/DefaultBuildOperationRunner$BuildOperationExecutionListener;)Lorg/gradle/internal/operations/BuildOperation; (110 bytes) @ 0x0000018493b50344 [0x0000018493b50140+0x0000000000000204]
J 7574 c1 org.gradle.internal.operations.DefaultBuildOperationRunner$2.execute(Lorg/gradle/internal/operations/BuildOperationDescriptor;Lorg/gradle/internal/operations/BuildOperationState;Lorg/gradle/internal/operations/BuildOperationState;Lorg/gradle/internal/operations/DefaultBuildOperationRunner$ReadableBuildOperationContext;Lorg/gradle/internal/operations/DefaultBuildOperationRunner$BuildOperationExecutionListener;)Ljava/lang/Object; (12 bytes) @ 0x0000018493b5cbbc [0x0000018493b5cb40+0x000000000000007c]
J 7577 c1 org.gradle.internal.operations.DefaultBuildOperationRunner.execute(Lorg/gradle/internal/operations/BuildOperationDescriptor$Builder;Lorg/gradle/internal/operations/BuildOperationState;Lorg/gradle/internal/operations/DefaultBuildOperationRunner$BuildOperationExecution;)Ljava/lang/Object; (147 bytes) @ 0x0000018493b5bd04 [0x0000018493b5b200+0x0000000000000b04]
J 7341 c1 org.gradle.internal.operations.DefaultBuildOperationRunner.execute(Lorg/gradle/internal/operations/BuildOperation;Lorg/gradle/internal/operations/BuildOperationWorker;Lorg/gradle/internal/operations/BuildOperationState;)V (23 bytes) @ 0x0000018493adf714 [0x0000018493adf460+0x00000000000002b4]
j  org.gradle.internal.operations.DefaultBuildOperationRunner.run(Lorg/gradle/internal/operations/RunnableBuildOperation;)V+9
j  org.gradle.configuration.project.LifecycleProjectEvaluator.evaluate(Lorg/gradle/api/internal/project/ProjectInternal;Lorg/gradle/api/internal/project/ProjectStateInternal;)V+42
j  org.gradle.api.internal.project.DefaultProject.evaluateUnchecked()Lorg/gradle/api/internal/project/ProjectInternal;+20
j  org.gradle.api.internal.project.ProjectLifecycleController.lambda$ensureSelfConfigured$2()V+4
j  org.gradle.api.internal.project.ProjectLifecycleController$$Lambda+0x00000184a866ea18.run()V+4
j  org.gradle.internal.model.StateTransitionController.lambda$doTransition$14(Ljava/lang/Runnable;)Lorg/gradle/internal/build/ExecutionResult;+1
j  org.gradle.internal.model.StateTransitionController$$Lambda+0x00000184a83e8400.get()Ljava/lang/Object;+4
j  org.gradle.internal.model.StateTransitionController.doTransition(Lorg/gradle/internal/model/StateTransitionController$State;Lorg/gradle/internal/model/StateTransitionController$State;Ljava/util/function/Supplier;)Lorg/gradle/internal/build/ExecutionResult;+24
j  org.gradle.internal.model.StateTransitionController.doTransition(Lorg/gradle/internal/model/StateTransitionController$State;Lorg/gradle/internal/model/StateTransitionController$State;Ljava/lang/Runnable;)V+9
j  org.gradle.internal.model.StateTransitionController.lambda$maybeTransitionIfNotCurrentlyTransitioning$10(Lorg/gradle/internal/model/StateTransitionController$State;Lorg/gradle/internal/model/StateTransitionController$State;Ljava/lang/Runnable;)V+16
j  org.gradle.internal.model.StateTransitionController$$Lambda+0x00000184a866ec40.run()V+16
j  org.gradle.internal.work.DefaultSynchronizer.withLock(Ljava/lang/Runnable;)V+6
j  org.gradle.internal.model.StateTransitionController.maybeTransitionIfNotCurrentlyTransitioning(Lorg/gradle/internal/model/StateTransitionController$State;Lorg/gradle/internal/model/StateTransitionController$State;Ljava/lang/Runnable;)V+13
j  org.gradle.api.internal.project.ProjectLifecycleController.ensureSelfConfigured()V+16
j  org.gradle.api.internal.project.DefaultProjectStateRegistry$ProjectStateImpl.ensureConfigured()V+19
j  org.gradle.execution.TaskPathProjectEvaluator.configure(Lorg/gradle/api/internal/project/ProjectInternal;)V+6
j  org.gradle.execution.TaskPathProjectEvaluator.configureHierarchy(Lorg/gradle/api/internal/project/ProjectInternal;)V+41
j  org.gradle.configuration.DefaultProjectsPreparer.prepareProjects(Lorg/gradle/api/internal/GradleInternal;)V+52
j  org.gradle.configuration.BuildTreePreparingProjectsPreparer.prepareProjects(Lorg/gradle/api/internal/GradleInternal;)V+114
j  org.gradle.configuration.BuildOperationFiringProjectsPreparer$ConfigureBuild.run(Lorg/gradle/internal/operations/BuildOperationContext;)V+11
j  org.gradle.internal.operations.DefaultBuildOperationRunner$1.execute(Lorg/gradle/internal/operations/RunnableBuildOperation;Lorg/gradle/internal/operations/BuildOperationContext;)V+2
j  org.gradle.internal.operations.DefaultBuildOperationRunner$1.execute(Lorg/gradle/internal/operations/BuildOperation;Lorg/gradle/internal/operations/BuildOperationContext;)V+6
j  org.gradle.internal.operations.DefaultBuildOperationRunner$2.execute(Lorg/gradle/internal/operations/BuildOperationDescriptor;Lorg/gradle/internal/operations/BuildOperationState;Lorg/gradle/internal/operations/BuildOperationState;Lorg/gradle/internal/operations/DefaultBuildOperationRunner$ReadableBuildOperationContext;Lorg/gradle/internal/operations/DefaultBuildOperationRunner$BuildOperationExecutionListener;)Lorg/gradle/internal/operations/BuildOperation;+22
j  org.gradle.internal.operations.DefaultBuildOperationRunner$2.execute(Lorg/gradle/internal/operations/BuildOperationDescriptor;Lorg/gradle/internal/operations/BuildOperationState;Lorg/gradle/internal/operations/BuildOperationState;Lorg/gradle/internal/operations/DefaultBuildOperationRunner$ReadableBuildOperationContext;Lorg/gradle/internal/operations/DefaultBuildOperationRunner$BuildOperationExecutionListener;)Ljava/lang/Object;+8
j  org.gradle.internal.operations.DefaultBuildOperationRunner.execute(Lorg/gradle/internal/operations/BuildOperationDescriptor$Builder;Lorg/gradle/internal/operations/BuildOperationState;Lorg/gradle/internal/operations/DefaultBuildOperationRunner$BuildOperationExecution;)Ljava/lang/Object;+141
j  org.gradle.internal.operations.DefaultBuildOperationRunner.execute(Lorg/gradle/internal/operations/BuildOperation;Lorg/gradle/internal/operations/BuildOperationWorker;Lorg/gradle/internal/operations/BuildOperationState;)V+18
j  org.gradle.internal.operations.DefaultBuildOperationRunner.run(Lorg/gradle/internal/operations/RunnableBuildOperation;)V+9
j  org.gradle.configuration.BuildOperationFiringProjectsPreparer.prepareProjects(Lorg/gradle/api/internal/GradleInternal;)V+13
j  org.gradle.initialization.VintageBuildModelController.lambda$prepareProjects$2()V+8
j  org.gradle.initialization.VintageBuildModelController$$Lambda+0x00000184a863a180.run()V+4
j  org.gradle.internal.model.StateTransitionController.lambda$doTransition$14(Ljava/lang/Runnable;)Lorg/gradle/internal/build/ExecutionResult;+1
j  org.gradle.internal.model.StateTransitionController$$Lambda+0x00000184a83e8400.get()Ljava/lang/Object;+4
j  org.gradle.internal.model.StateTransitionController.doTransition(Lorg/gradle/internal/model/StateTransitionController$State;Lorg/gradle/internal/model/StateTransitionController$State;Ljava/util/function/Supplier;)Lorg/gradle/internal/build/ExecutionResult;+24
j  org.gradle.internal.model.StateTransitionController.doTransition(Lorg/gradle/internal/model/StateTransitionController$State;Lorg/gradle/internal/model/StateTransitionController$State;Ljava/lang/Runnable;)V+9
j  org.gradle.internal.model.StateTransitionController.lambda$transitionIfNotPreviously$11(Lorg/gradle/internal/model/StateTransitionController$State;Lorg/gradle/internal/model/StateTransitionController$State;Ljava/lang/Runnable;)V+16
j  org.gradle.internal.model.StateTransitionController$$Lambda+0x00000184a83f0228.run()V+16
j  org.gradle.internal.work.DefaultSynchronizer.withLock(Ljava/lang/Runnable;)V+6
j  org.gradle.internal.model.StateTransitionController.transitionIfNotPreviously(Lorg/gradle/internal/model/StateTransitionController$State;Lorg/gradle/internal/model/StateTransitionController$State;Ljava/lang/Runnable;)V+13
j  org.gradle.initialization.VintageBuildModelController.prepareProjects()V+16
j  org.gradle.initialization.VintageBuildModelController.prepareToScheduleTasks()V+5
j  org.gradle.internal.build.DefaultBuildLifecycleController.lambda$prepareToScheduleTasks$6()V+9
j  org.gradle.internal.build.DefaultBuildLifecycleController$$Lambda+0x00000184a83eba00.run()V+4
j  org.gradle.internal.model.StateTransitionController.lambda$doTransition$14(Ljava/lang/Runnable;)Lorg/gradle/internal/build/ExecutionResult;+1
j  org.gradle.internal.model.StateTransitionController$$Lambda+0x00000184a83e8400.get()Ljava/lang/Object;+4
j  org.gradle.internal.model.StateTransitionController.doTransition(Lorg/gradle/internal/model/StateTransitionController$State;Lorg/gradle/internal/model/StateTransitionController$State;Ljava/util/function/Supplier;)Lorg/gradle/internal/build/ExecutionResult;+24
j  org.gradle.internal.model.StateTransitionController.doTransition(Lorg/gradle/internal/model/StateTransitionController$State;Lorg/gradle/internal/model/StateTransitionController$State;Ljava/lang/Runnable;)V+9
j  org.gradle.internal.model.StateTransitionController.lambda$maybeTransition$9(Lorg/gradle/internal/model/StateTransitionController$State;Lorg/gradle/internal/model/StateTransitionController$State;Ljava/lang/Runnable;)V+16
j  org.gradle.internal.model.StateTransitionController$$Lambda+0x00000184a83ebc28.run()V+16
j  org.gradle.internal.work.DefaultSynchronizer.withLock(Ljava/lang/Runnable;)V+6
j  org.gradle.internal.model.StateTransitionController.maybeTransition(Lorg/gradle/internal/model/StateTransitionController$State;Lorg/gradle/internal/model/StateTransitionController$State;Ljava/lang/Runnable;)V+13
j  org.gradle.internal.build.DefaultBuildLifecycleController.prepareToScheduleTasks()V+16
j  org.gradle.internal.buildtree.DefaultBuildTreeWorkPreparer.scheduleRequestedTasks(Lorg/gradle/internal/buildtree/BuildTreeWorkGraph;Lorg/gradle/execution/EntryTaskSelector;)Lorg/gradle/internal/buildtree/BuildTreeWorkGraph$FinalizedGraph;+4
j  org.gradle.internal.cc.impl.VintageBuildTreeWorkController$scheduleAndRunRequestedTasks$1.apply(Lorg/gradle/internal/buildtree/BuildTreeWorkGraph;)Lorg/gradle/internal/build/ExecutionResult;+18
j  org.gradle.internal.cc.impl.VintageBuildTreeWorkController$scheduleAndRunRequestedTasks$1.apply(Ljava/lang/Object;)Ljava/lang/Object;+5
j  org.gradle.composite.internal.DefaultIncludedBuildTaskGraph.withNewWorkGraph(Ljava/util/function/Function;)Ljava/lang/Object;+30
j  org.gradle.internal.cc.impl.VintageBuildTreeWorkController.scheduleAndRunRequestedTasks(Lorg/gradle/execution/EntryTaskSelector;)Lorg/gradle/internal/build/ExecutionResult;+16
j  org.gradle.internal.buildtree.DefaultBuildTreeLifecycleController.lambda$scheduleAndRunTasks$1(Lorg/gradle/execution/EntryTaskSelector;)Lorg/gradle/internal/build/ExecutionResult;+5
j  org.gradle.internal.buildtree.DefaultBuildTreeLifecycleController$$Lambda+0x00000184a83ead60.get()Ljava/lang/Object;+8
j  org.gradle.internal.buildtree.DefaultBuildTreeLifecycleController.lambda$runBuild$4(Ljava/util/function/Supplier;)Ljava/lang/Object;+1
j  org.gradle.internal.buildtree.DefaultBuildTreeLifecycleController$$Lambda+0x00000184a83eaf88.get()Ljava/lang/Object;+8
j  org.gradle.internal.model.StateTransitionController.lambda$transition$6(Ljava/util/function/Supplier;)Lorg/gradle/internal/build/ExecutionResult;+1
j  org.gradle.internal.model.StateTransitionController$$Lambda+0x00000184a83eb3d8.get()Ljava/lang/Object;+4
j  org.gradle.internal.model.StateTransitionController.doTransition(Lorg/gradle/internal/model/StateTransitionController$State;Lorg/gradle/internal/model/StateTransitionController$State;Ljava/util/function/Supplier;)Lorg/gradle/internal/build/ExecutionResult;+24
j  org.gradle.internal.model.StateTransitionController.lambda$transition$7(Lorg/gradle/internal/model/StateTransitionController$State;Lorg/gradle/internal/model/StateTransitionController$State;Ljava/util/function/Supplier;)Ljava/lang/Object;+9
j  org.gradle.internal.model.StateTransitionController$$Lambda+0x00000184a83eb1b0.create()Ljava/lang/Object;+16
j  org.gradle.internal.work.DefaultSynchronizer.withLock(Lorg/gradle/internal/Factory;)Ljava/lang/Object;+6
j  org.gradle.internal.model.StateTransitionController.transition(Lorg/gradle/internal/model/StateTransitionController$State;Lorg/gradle/internal/model/StateTransitionController$State;Ljava/util/function/Supplier;)Ljava/lang/Object;+13
j  org.gradle.internal.buildtree.DefaultBuildTreeLifecycleController.runBuild(Ljava/util/function/Supplier;)Ljava/lang/Object;+17
j  org.gradle.internal.buildtree.DefaultBuildTreeLifecycleController.scheduleAndRunTasks(Lorg/gradle/execution/EntryTaskSelector;)V+8
j  org.gradle.internal.buildtree.DefaultBuildTreeLifecycleController.scheduleAndRunTasks()V+2
j  org.gradle.tooling.internal.provider.runner.BuildModelActionRunner.run(Lorg/gradle/internal/invocation/BuildAction;Lorg/gradle/internal/buildtree/BuildTreeLifecycleController;)Lorg/gradle/internal/buildtree/BuildActionRunner$Result;+65
j  org.gradle.launcher.exec.ChainingBuildActionRunner.run(Lorg/gradle/internal/invocation/BuildAction;Lorg/gradle/internal/buildtree/BuildTreeLifecycleController;)Lorg/gradle/internal/buildtree/BuildActionRunner$Result;+34
j  org.gradle.internal.buildtree.ProblemReportingBuildActionRunner.run(Lorg/gradle/internal/invocation/BuildAction;Lorg/gradle/internal/buildtree/BuildTreeLifecycleController;)Lorg/gradle/internal/buildtree/BuildActionRunner$Result;+12
j  org.gradle.launcher.exec.BuildOutcomeReportingBuildActionRunner.run(Lorg/gradle/internal/invocation/BuildAction;Lorg/gradle/internal/buildtree/BuildTreeLifecycleController;)Lorg/gradle/internal/buildtree/BuildActionRunner$Result;+69
j  org.gradle.tooling.internal.provider.FileSystemWatchingBuildActionRunner.run(Lorg/gradle/internal/invocation/BuildAction;Lorg/gradle/internal/buildtree/BuildTreeLifecycleController;)Lorg/gradle/internal/buildtree/BuildActionRunner$Result;+317
j  org.gradle.launcher.exec.BuildCompletionNotifyingBuildActionRunner.run(Lorg/gradle/internal/invocation/BuildAction;Lorg/gradle/internal/buildtree/BuildTreeLifecycleController;)Lorg/gradle/internal/buildtree/BuildActionRunner$Result;+6
j  org.gradle.launcher.exec.RootBuildLifecycleBuildActionExecutor.lambda$execute$0(Lorg/gradle/internal/invocation/BuildAction;Lorg/gradle/internal/buildtree/BuildTreeLifecycleController;)Lorg/gradle/internal/buildtree/BuildActionRunner$Result;+6
j  org.gradle.launcher.exec.RootBuildLifecycleBuildActionExecutor$$Lambda+0x00000184a83d6830.apply(Ljava/lang/Object;)Ljava/lang/Object;+12
j  org.gradle.composite.internal.DefaultRootBuildState.run(Ljava/util/function/Function;)Ljava/lang/Object;+87
j  org.gradle.launcher.exec.RootBuildLifecycleBuildActionExecutor.execute(Lorg/gradle/internal/invocation/BuildAction;Lorg/gradle/internal/buildtree/BuildTreeContext;)Lorg/gradle/internal/buildtree/BuildActionRunner$Result;+75
j  org.gradle.internal.buildtree.InitDeprecationLoggingActionExecutor.execute(Lorg/gradle/internal/invocation/BuildAction;Lorg/gradle/internal/buildtree/BuildTreeContext;)Lorg/gradle/internal/buildtree/BuildActionRunner$Result;+83
j  org.gradle.internal.buildtree.InitProblems.execute(Lorg/gradle/internal/invocation/BuildAction;Lorg/gradle/internal/buildtree/BuildTreeContext;)Lorg/gradle/internal/buildtree/BuildActionRunner$Result;+13
j  org.gradle.internal.buildtree.DefaultBuildTreeContext.execute(Lorg/gradle/internal/invocation/BuildAction;)Lorg/gradle/internal/buildtree/BuildActionRunner$Result;+64
j  org.gradle.launcher.exec.BuildTreeLifecycleBuildActionExecutor.lambda$execute$0(Lorg/gradle/internal/invocation/BuildAction;Lorg/gradle/internal/buildtree/BuildTreeContext;)Lorg/gradle/internal/buildtree/BuildActionRunner$Result;+2
j  org.gradle.launcher.exec.BuildTreeLifecycleBuildActionExecutor$$Lambda+0x00000184a82b8658.apply(Ljava/lang/Object;)Ljava/lang/Object;+8
j  org.gradle.internal.buildtree.BuildTreeState.run(Ljava/util/function/Function;)Ljava/lang/Object;+47
j  org.gradle.launcher.exec.BuildTreeLifecycleBuildActionExecutor.execute(Lorg/gradle/internal/invocation/BuildAction;Lorg/gradle/internal/session/BuildSessionContext;)Lorg/gradle/internal/buildtree/BuildActionRunner$Result;+74
j  org.gradle.launcher.exec.RunAsBuildOperationBuildActionExecutor$2.call(Lorg/gradle/internal/operations/BuildOperationContext;)Lorg/gradle/internal/buildtree/BuildActionRunner$Result;+25
j  org.gradle.launcher.exec.RunAsBuildOperationBuildActionExecutor$2.call(Lorg/gradle/internal/operations/BuildOperationContext;)Ljava/lang/Object;+2
j  org.gradle.internal.operations.DefaultBuildOperationRunner$CallableBuildOperationWorker.execute(Lorg/gradle/internal/operations/CallableBuildOperation;Lorg/gradle/internal/operations/BuildOperationContext;)V+3
j  org.gradle.internal.operations.DefaultBuildOperationRunner$CallableBuildOperationWorker.execute(Lorg/gradle/internal/operations/BuildOperation;Lorg/gradle/internal/operations/BuildOperationContext;)V+6
j  org.gradle.internal.operations.DefaultBuildOperationRunner$2.execute(Lorg/gradle/internal/operations/BuildOperationDescriptor;Lorg/gradle/internal/operations/BuildOperationState;Lorg/gradle/internal/operations/BuildOperationState;Lorg/gradle/internal/operations/DefaultBuildOperationRunner$ReadableBuildOperationContext;Lorg/gradle/internal/operations/DefaultBuildOperationRunner$BuildOperationExecutionListener;)Lorg/gradle/internal/operations/BuildOperation;+22
j  org.gradle.internal.operations.DefaultBuildOperationRunner$2.execute(Lorg/gradle/internal/operations/BuildOperationDescriptor;Lorg/gradle/internal/operations/BuildOperationState;Lorg/gradle/internal/operations/BuildOperationState;Lorg/gradle/internal/operations/DefaultBuildOperationRunner$ReadableBuildOperationContext;Lorg/gradle/internal/operations/DefaultBuildOperationRunner$BuildOperationExecutionListener;)Ljava/lang/Object;+8
j  org.gradle.internal.operations.DefaultBuildOperationRunner.execute(Lorg/gradle/internal/operations/BuildOperationDescriptor$Builder;Lorg/gradle/internal/operations/BuildOperationState;Lorg/gradle/internal/operations/DefaultBuildOperationRunner$BuildOperationExecution;)Ljava/lang/Object;+141
j  org.gradle.internal.operations.DefaultBuildOperationRunner.execute(Lorg/gradle/internal/operations/BuildOperation;Lorg/gradle/internal/operations/BuildOperationWorker;Lorg/gradle/internal/operations/BuildOperationState;)V+18
j  org.gradle.internal.operations.DefaultBuildOperationRunner.call(Lorg/gradle/internal/operations/CallableBuildOperation;)Ljava/lang/Object;+16
j  org.gradle.launcher.exec.RunAsBuildOperationBuildActionExecutor.execute(Lorg/gradle/internal/invocation/BuildAction;Lorg/gradle/internal/session/BuildSessionContext;)Lorg/gradle/internal/buildtree/BuildActionRunner$Result;+23
j  org.gradle.launcher.exec.RunAsWorkerThreadBuildActionExecutor.lambda$execute$0(Lorg/gradle/internal/invocation/BuildAction;Lorg/gradle/internal/session/BuildSessionContext;)Lorg/gradle/internal/buildtree/BuildActionRunner$Result;+6
j  org.gradle.launcher.exec.RunAsWorkerThreadBuildActionExecutor$$Lambda+0x00000184a8288dd8.create()Ljava/lang/Object;+12
j  org.gradle.internal.work.DefaultWorkerLeaseService.withLocks(Ljava/util/Collection;Lorg/gradle/internal/Factory;)Ljava/lang/Object;+28
j  org.gradle.internal.work.DefaultWorkerLeaseService.runAsWorkerThread(Lorg/gradle/internal/Factory;)Ljava/lang/Object;+33
j  org.gradle.launcher.exec.RunAsWorkerThreadBuildActionExecutor.execute(Lorg/gradle/internal/invocation/BuildAction;Lorg/gradle/internal/session/BuildSessionContext;)Lorg/gradle/internal/buildtree/BuildActionRunner$Result;+12
j  org.gradle.tooling.internal.provider.continuous.ContinuousBuildActionExecutor.execute(Lorg/gradle/internal/invocation/BuildAction;Lorg/gradle/internal/session/BuildSessionContext;)Lorg/gradle/internal/buildtree/BuildActionRunner$Result;+58
j  org.gradle.tooling.internal.provider.SubscribableBuildActionExecutor.execute(Lorg/gradle/internal/invocation/BuildAction;Lorg/gradle/internal/session/BuildSessionContext;)Lorg/gradle/internal/buildtree/BuildActionRunner$Result;+30
j  org.gradle.internal.session.DefaultBuildSessionContext.execute(Lorg/gradle/internal/invocation/BuildAction;)Lorg/gradle/internal/buildtree/BuildActionRunner$Result;+64
j  org.gradle.internal.buildprocess.execution.BuildSessionLifecycleBuildActionExecutor$ActionImpl.apply(Lorg/gradle/internal/session/BuildSessionContext;)Lorg/gradle/launcher/exec/BuildActionResult;+6
j  org.gradle.internal.buildprocess.execution.BuildSessionLifecycleBuildActionExecutor$ActionImpl.apply(Ljava/lang/Object;)Ljava/lang/Object;+5
j  org.gradle.internal.session.BuildSessionState.run(Ljava/util/function/Function;)Ljava/lang/Object;+5
j  org.gradle.internal.buildprocess.execution.BuildSessionLifecycleBuildActionExecutor.execute(Lorg/gradle/internal/invocation/BuildAction;Lorg/gradle/launcher/exec/BuildActionParameters;Lorg/gradle/initialization/BuildRequestContext;)Lorg/gradle/launcher/exec/BuildActionResult;+95
j  org.gradle.internal.buildprocess.execution.BuildSessionLifecycleBuildActionExecutor.execute(Lorg/gradle/internal/invocation/BuildAction;Ljava/lang/Object;Ljava/lang/Object;)Lorg/gradle/launcher/exec/BuildActionResult;+10
j  org.gradle.internal.buildprocess.execution.StartParamsValidatingActionExecutor.execute(Lorg/gradle/internal/invocation/BuildAction;Lorg/gradle/launcher/exec/BuildActionParameters;Lorg/gradle/initialization/BuildRequestContext;)Lorg/gradle/launcher/exec/BuildActionResult;+203
j  org.gradle.internal.buildprocess.execution.StartParamsValidatingActionExecutor.execute(Lorg/gradle/internal/invocation/BuildAction;Ljava/lang/Object;Ljava/lang/Object;)Lorg/gradle/launcher/exec/BuildActionResult;+10
j  org.gradle.internal.buildprocess.execution.SessionFailureReportingActionExecutor.execute(Lorg/gradle/internal/invocation/BuildAction;Lorg/gradle/launcher/exec/BuildActionParameters;Lorg/gradle/initialization/BuildRequestContext;)Lorg/gradle/launcher/exec/BuildActionResult;+7
j  org.gradle.internal.buildprocess.execution.SessionFailureReportingActionExecutor.execute(Lorg/gradle/internal/invocation/BuildAction;Ljava/lang/Object;Ljava/lang/Object;)Lorg/gradle/launcher/exec/BuildActionResult;+10
j  org.gradle.internal.buildprocess.execution.SetupLoggingActionExecutor.execute(Lorg/gradle/internal/invocation/BuildAction;Lorg/gradle/launcher/exec/BuildActionParameters;Lorg/gradle/initialization/BuildRequestContext;)Lorg/gradle/launcher/exec/BuildActionResult;+50
j  org.gradle.internal.buildprocess.execution.SetupLoggingActionExecutor.execute(Lorg/gradle/internal/invocation/BuildAction;Ljava/lang/Object;Ljava/lang/Object;)Lorg/gradle/launcher/exec/BuildActionResult;+10
j  org.gradle.launcher.daemon.server.exec.ExecuteBuild.doBuild(Lorg/gradle/launcher/daemon/server/api/DaemonCommandExecution;Lorg/gradle/launcher/daemon/protocol/Build;)V+147
j  org.gradle.launcher.daemon.server.exec.BuildCommandOnly.execute(Lorg/gradle/launcher/daemon/server/api/DaemonCommandExecution;)V+49
j  org.gradle.launcher.daemon.server.api.DaemonCommandExecution.proceed()Z+23
j  org.gradle.launcher.daemon.server.exec.WatchForDisconnection.execute(Lorg/gradle/launcher/daemon/server/api/DaemonCommandExecution;)V+19
j  org.gradle.launcher.daemon.server.api.DaemonCommandExecution.proceed()Z+23
j  org.gradle.launcher.daemon.server.exec.ResetDeprecationLogger.execute(Lorg/gradle/launcher/daemon/server/api/DaemonCommandExecution;)V+7
j  org.gradle.launcher.daemon.server.api.DaemonCommandExecution.proceed()Z+23
j  org.gradle.launcher.daemon.server.exec.RequestStopIfSingleUsedDaemon.execute(Lorg/gradle/launcher/daemon/server/api/DaemonCommandExecution;)V+33
j  org.gradle.launcher.daemon.server.api.DaemonCommandExecution.proceed()Z+23
j  org.gradle.launcher.daemon.server.exec.ForwardClientInput.lambda$execute$0(Lorg/gradle/launcher/daemon/server/api/DaemonCommandExecution;Lorg/gradle/internal/daemon/clientinput/StdinHandler;)Ljava/lang/Object;+11
j  org.gradle.launcher.daemon.server.exec.ForwardClientInput$$Lambda+0x00000184a8194538.apply(Ljava/lang/Object;)Ljava/lang/Object;+8
j  org.gradle.internal.daemon.clientinput.ClientInputForwarder.forwardInput(Ljava/util/function/Function;)Ljava/lang/Object;+46
j  org.gradle.launcher.daemon.server.exec.ForwardClientInput.execute(Lorg/gradle/launcher/daemon/server/api/DaemonCommandExecution;)V+10
j  org.gradle.launcher.daemon.server.api.DaemonCommandExecution.proceed()Z+23
j  org.gradle.launcher.daemon.server.exec.LogAndCheckHealth.execute(Lorg/gradle/launcher/daemon/server/api/DaemonCommandExecution;)V+51
j  org.gradle.launcher.daemon.server.api.DaemonCommandExecution.proceed()Z+23
j  org.gradle.launcher.daemon.server.exec.LogToClient.doBuild(Lorg/gradle/launcher/daemon/server/api/DaemonCommandExecution;Lorg/gradle/launcher/daemon/protocol/Build;)V+87
j  org.gradle.launcher.daemon.server.exec.BuildCommandOnly.execute(Lorg/gradle/launcher/daemon/server/api/DaemonCommandExecution;)V+49
j  org.gradle.launcher.daemon.server.api.DaemonCommandExecution.proceed()Z+23
j  org.gradle.launcher.daemon.server.exec.EstablishBuildEnvironment.doBuild(Lorg/gradle/launcher/daemon/server/api/DaemonCommandExecution;Lorg/gradle/launcher/daemon/protocol/Build;)V+356
j  org.gradle.launcher.daemon.server.exec.BuildCommandOnly.execute(Lorg/gradle/launcher/daemon/server/api/DaemonCommandExecution;)V+49
j  org.gradle.launcher.daemon.server.api.DaemonCommandExecution.proceed()Z+23
j  org.gradle.launcher.daemon.server.exec.StartBuildOrRespondWithBusy$1.run()V+44
j  org.gradle.launcher.daemon.server.DaemonStateCoordinator.lambda$runCommand$0(Ljava/lang/Runnable;)V+1
j  org.gradle.launcher.daemon.server.DaemonStateCoordinator$$Lambda+0x00000184a818f080.run()V+8
j  org.gradle.internal.concurrent.ExecutorPolicy$CatchAndRecordFailures.onExecute(Ljava/lang/Runnable;)V+1
j  org.gradle.internal.concurrent.AbstractManagedExecutor$1.run()V+25
j  java.util.concurrent.ThreadPoolExecutor.runWorker(Ljava/util/concurrent/ThreadPoolExecutor$Worker;)V+92 java.base@21.0.12.1
j  java.util.concurrent.ThreadPoolExecutor$Worker.run()V+5 java.base@21.0.12.1
j  java.lang.Thread.runWith(Ljava/lang/Object;Ljava/lang/Runnable;)V+5 java.base@21.0.12.1
j  java.lang.Thread.run()V+19 java.base@21.0.12.1
v  ~StubRoutines::call_stub 0x000001849a3b100d

Compiled method (n/a) 158654  844     n 0       java.lang.ClassLoader::defineClass1 (native)
 total in heap  [0x000001849a9a7a10,0x000001849a9a7fa8] = 1432
 relocation     [0x000001849a9a7b70,0x000001849a9a7ba8] = 56
 main code      [0x000001849a9a7bc0,0x000001849a9a7fa1] = 993
 stub code      [0x000001849a9a7fa1,0x000001849a9a7fa8] = 7

[Constant Pool (empty)]

[MachCode]
[Entry Point]
  # {method} {0x00000184a7434c38} 'defineClass1' '(Ljava/lang/ClassLoader;Ljava/lang/String;[BIILjava/security/ProtectionDomain;Ljava/lang/String;)Ljava/lang/Class;' in 'java/lang/ClassLoader'
  # parm0:    rdx:rdx   = 'java/lang/ClassLoader'
  # parm1:    r8:r8     = 'java/lang/String'
  # parm2:    r9:r9     = '[B'
  # parm3:    rdi       = int
  # parm4:    rsi       = int
  # parm5:    rcx:rcx   = 'java/security/ProtectionDomain'
  # parm6:    [sp+0xa0]   = 'java/lang/String'  (sp of caller)
  0x000001849a9a7bc0: 448b 5208 | 49bb 0000 | 00a7 8401 | 0000 4d03 | d349 3bc2 | 0f84 0600 

  0x000001849a9a7bd8: ;   {runtime_call ic_miss_stub}
  0x000001849a9a7bd8: 0000 e9a1 | 6ba5 ff90 
[Verified Entry Point]
  0x000001849a9a7be0: 8984 2400 | 80ff ff55 | 488b ec48 | 81ec 9000 | 0000 6690 | 4181 7f20 | 0700 0000 

  0x000001849a9a7bfc: ;   {runtime_call StubRoutines (final stubs)}
  0x000001849a9a7bfc: 7405 e89d | e8a3 ff48 | 837d 1000 | 488d 4510 | 480f 4445 | 1048 8944 | 2440 4889 | 4c24 7048 
  0x000001849a9a7c1c: 83f9 0048 | 8d44 2470 | 480f 4444 | 2470 4889 | 4424 3848 | 8974 2430 | 4889 7c24 | 284c 894c 
  0x000001849a9a7c3c: 2458 4983 | f900 488d | 4424 5848 | 0f44 4424 | 5848 8944 | 2420 4c89 | 4424 5049 | 83f8 004c 
  0x000001849a9a7c5c: 8d4c 2450 | 4c0f 444c | 2450 4889 | 5424 4848 | 83fa 004c | 8d44 2448 | 4c0f 4444 

  0x000001849a9a7c78: ;   {oop(a 'java/lang/Class'{0x00000000c08290d8} = 'java/lang/ClassLoader')}
  0x000001849a9a7c78: 2448 49be | d890 82c0 | 0000 0000 | 4c89 7424 | 784c 8d74 | 2478 498b | d6c5 f877 

  0x000001849a9a7c94: ;   {internal_word}
  0x000001849a9a7c94: 49ba 917c | 9a9a 8401 | 0000 4d89 | 97a8 0300 | 0049 89a7 | a003 0000 

  0x000001849a9a7cac: ;   {external_word}
  0x000001849a9a7cac: 49ba 066d | 6e43 ff7f | 0000 4180 | 3a00 0f84 | 4e00 0000 | 5241 5041 

  0x000001849a9a7cc4: ;   {metadata({method} {0x00000184a7434c38} 'defineClass1' '(Ljava/lang/ClassLoader;Ljava/lang/String;[BIILjava/security/ProtectionDomain;Ljava/lang/String;)Ljava/lang/Class;' in 'java/lang/ClassLoader')}
  0x000001849a9a7cc4: 5148 ba30 | 4c43 a784 | 0100 0049 | 8bcf 4883 | ec20 40f6 | c40f 0f84 | 1900 0000 | 4883 ec08 
  0x000001849a9a7ce4: ;   {runtime_call}
  0x000001849a9a7ce4: 48b8 e0ea | 1743 ff7f | 0000 ffd0 | 4883 c408 | e90c 0000 

  0x000001849a9a7cf8: ;   {runtime_call}
  0x000001849a9a7cf8: 0048 b8e0 | ea17 43ff | 7f00 00ff | d048 83c4 | 2041 5941 | 585a 498d | 8fc0 0300 | 0041 c787 
  0x000001849a9a7d18: 4c04 0000 | 0400 0000 

  0x000001849a9a7d20: ;   {runtime_call}
  0x000001849a9a7d20: 48b8 ac16 | c041 ff7f | 0000 ffd0 | c5f8 7741 | c787 4c04 | 0000 0500 | 0000 f083 | 4424 c000 
  0x000001849a9a7d40: 493b af50 | 0400 000f | 870e 0000 | 0041 83bf | 4804 0000 | 000f 842b | 0000 00c5 | f877 4889 
  0x000001849a9a7d60: 45f8 498b | cf4c 8be4 | 4883 ec20 | 4883 e4f0 

  0x000001849a9a7d70: ;   {runtime_call}
  0x000001849a9a7d70: 48b8 0058 | e342 ff7f | 0000 ffd0 | 498b e44d | 33e4 488b | 45f8 41c7 | 874c 0400 | 0008 0000 
  0x000001849a9a7d90: 0041 83bf | c804 0000 | 020f 84d5 

  0x000001849a9a7d9c: ;   {external_word}
  0x000001849a9a7d9c: 0100 0049 | ba06 6d6e | 43ff 7f00 | 0041 803a | 000f 844c | 0000 0048 

  0x000001849a9a7db4: ;   {metadata({method} {0x00000184a7434c38} 'defineClass1' '(Ljava/lang/ClassLoader;Ljava/lang/String;[BIILjava/security/ProtectionDomain;Ljava/lang/String;)Ljava/lang/Class;' in 'java/lang/ClassLoader')}
  0x000001849a9a7db4: 8945 f848 | ba30 4c43 | a784 0100 | 0049 8bcf | 4883 ec20 | 40f6 c40f | 0f84 1900 | 0000 4883 
  0x000001849a9a7dd4: ;   {runtime_call}
  0x000001849a9a7dd4: ec08 48b8 | e0ea 1743 | ff7f 0000 | ffd0 4883 | c408 e90c 

  0x000001849a9a7de8: ;   {runtime_call}
  0x000001849a9a7de8: 0000 0048 | b8e0 ea17 | 43ff 7f00 | 00ff d048 | 83c4 2048 | 8b45 f849 | c787 a003 | 0000 0000 
  0x000001849a9a7e08: 0000 49c7 | 87a8 0300 | 0000 0000 | 00c5 f877 | 4885 c00f | 8430 0100 | 00a8 030f | 8508 0000 
  0x000001849a9a7e28: 0048 8b00 | e920 0100 | 00a8 010f | 8509 0000 | 0048 8b40 | fee9 0f01 | 0000 488b | 40ff 4180 
  0x000001849a9a7e48: 7f40 000f | 8400 0100 | 0048 83f8 | 000f 84f6 | 0000 0049 | 8b4f 2848 | 83f9 000f | 8414 0000 
  0x000001849a9a7e68: 0048 83e9 | 0849 894f | 2849 034f | 3848 8901 | e9d4 0000 | 0048 83ec | 7048 8904 | 2448 894c 
  0x000001849a9a7e88: 2408 4889 | 5424 104c | 8944 2418 | 4c89 4c24 | 204c 8954 | 2428 4c89 | 5c24 30c5 | fb11 4424 
  0x000001849a9a7ea8: 40c5 fb11 | 4c24 48c5 | fb11 5424 | 50c5 fb11 | 5c24 58c5 | fb11 6424 | 60c5 fb11 | 6c24 6849 
  0x000001849a9a7ec8: 8bd7 488b | c848 83ec | 2040 f6c4 | 0f0f 8419 | 0000 0048 

  0x000001849a9a7edc: ;   {runtime_call}
  0x000001849a9a7edc: 83ec 0848 | b820 a4d6 | 42ff 7f00 | 00ff d048 | 83c4 08e9 | 0c00 0000 

  0x000001849a9a7ef4: ;   {runtime_call}
  0x000001849a9a7ef4: 48b8 20a4 | d642 ff7f | 0000 ffd0 | 4883 c420 | c5fb 106c | 2468 c5fb | 1064 2460 | c5fb 105c 
  0x000001849a9a7f14: 2458 c5fb | 1054 2450 | c5fb 104c | 2448 c5fb | 1044 2440 | 4c8b 5c24 | 304c 8b54 | 2428 4c8b 
  0x000001849a9a7f34: 4c24 204c | 8b44 2418 | 488b 5424 | 1048 8b4c | 2408 488b | 0424 4883 | c470 c5f8 | 7749 8b8f 
  0x000001849a9a7f54: 3004 0000 | c781 0001 | 0000 0000 | 0000 c949 | 837f 0800 | 0f85 0100 

  0x000001849a9a7f6c: ;   {runtime_call StubRoutines (initial stubs)}
  0x000001849a9a7f6c: 0000 c3e9 | 8c8f a0ff | c5f8 7748 | 8945 f84c | 8be4 4883 | ec20 4883 

  0x000001849a9a7f84: ;   {runtime_call}
  0x000001849a9a7f84: e4f0 48b8 | 3022 1843 | ff7f 0000 | ffd0 498b | e44d 33e4 | 488b 45f8 | e9fe fdff | fff4 f4f4 
  0x000001849a9a7fa4: f4f4 f4f4 
[/MachCode]


Compiled method (c2) 158667 4676       4       java.security.SecureClassLoader::defineClass (16 bytes)
 total in heap  [0x000001849a9c3190,0x000001849a9c7c80] = 19184
 relocation     [0x000001849a9c32f0,0x000001849a9c35c0] = 720
 main code      [0x000001849a9c35c0,0x000001849a9c6100] = 11072
 stub code      [0x000001849a9c6100,0x000001849a9c61b0] = 176
 oops           [0x000001849a9c61b0,0x000001849a9c61d8] = 40
 metadata       [0x000001849a9c61d8,0x000001849a9c6388] = 432
 scopes data    [0x000001849a9c6388,0x000001849a9c7280] = 3832
 scopes pcs     [0x000001849a9c7280,0x000001849a9c78d0] = 1616
 dependencies   [0x000001849a9c78d0,0x000001849a9c78e0] = 16
 handler table  [0x000001849a9c78e0,0x000001849a9c7bb0] = 720
 nul chk table  [0x000001849a9c7bb0,0x000001849a9c7c80] = 208

[Constant Pool (empty)]

[MachCode]
[Entry Point]
  # {method} {0x00000184a704e0e8} 'defineClass' '(Ljava/lang/String;[BIILjava/security/CodeSource;)Ljava/lang/Class;' in 'java/security/SecureClassLoader'
  # this:     rdx:rdx   = 'java/security/SecureClassLoader'
  # parm0:    r8:r8     = 'java/lang/String'
  # parm1:    r9:r9     = '[B'
  # parm2:    rdi       = int
  # parm3:    rsi       = int
  # parm4:    rcx:rcx   = 'java/security/CodeSource'
  #           [sp+0xc0]  (sp of caller)
  0x000001849a9c35c0: 448b 5208 | 49bb 0000 | 00a7 8401 | 0000 4d03 | d349 3bc2 

  0x000001849a9c35d4: ;   {runtime_call ic_miss_stub}
  0x000001849a9c35d4: 0f85 a6b1 | a3ff 6690 | 0f1f 4000 
[Verified Entry Point]
  0x000001849a9c35e0: 8984 2400 | 80ff ff55 | 4881 ecb0 | 0000 0090 | 4181 7f20 | 0700 0000 | 0f85 f42a | 0000 8974 
  0x000001849a9c3600: 2444 897c | 2440 4c89 | 4c24 384c | 8944 2430 | 4889 5424 | 2848 8be9 | 4885 c90f | 840f 2000 
  0x000001849a9c3620: 004d 8b87 | b801 0000 | 4d8b d049 | 83c2 104d | 3b97 c801 | 0000 0f83 | 8d17 0000 | 4d89 97b8 
  0x000001849a9c3640: 0100 0041 | 0f18 8200 | 0100 0049 | c700 0100 

  0x000001849a9c3650: ;   {metadata('java/security/SecureClassLoader$CodeSourceKey')}
  0x000001849a9c3650: 0000 41c7 | 4008 b8b4 | 1100 4c8b | d545 8950 | 0c4d 8b8f | b801 0000 | 4c8b 5424 | 2841 8b6a 
  0x000001849a9c3670: 504d 8bd1 | 4983 c210 | 4d3b 97c8 | 0100 000f | 8316 1700 | 004d 8997 | b801 0000 | 410f 1882 
  0x000001849a9c3690: 0001 0000 | 49c7 0101 

  0x000001849a9c3698: ;   {metadata('java/security/SecureClassLoader$1')}
  0x000001849a9c3698: 0000 0041 | c741 0850 | ba11 004c | 8b54 2428 | 4589 510c 

  0x000001849a9c36ac: ; implicit exception: dispatches to 0x000001849a9c5d30
  0x000001849a9c36ac: 448b 5508 

  0x000001849a9c36b0: ;   {metadata('java/util/concurrent/ConcurrentHashMap')}
  0x000001849a9c36b0: 4181 fa80 | 2706 000f | 851f 1b00 | 0048 8bd5 

  0x000001849a9c36c0: ;   {optimized virtual_call}
  0x000001849a9c36c0: c5f8 77e8 

  0x000001849a9c36c4: ; ImmutableOopMap {[40]=Oop [48]=Oop [56]=Oop }
                      ;*invokeinterface computeIfAbsent {reexecute=0 rethrow=0 return_oop=1}
                      ; - java.security.SecureClassLoader::getProtectionDomain@28
                      ; - java.security.SecureClassLoader::defineClass@9
  0x000001849a9c36c4: b80f 11f9 

  0x000001849a9c36c8: ;   {other}
  0x000001849a9c36c8: 0f1f 8400 | 3805 0000 

  0x000001849a9c36d0: ; implicit exception: dispatches to 0x000001849a9c5d50
  0x000001849a9c36d0: 448b 5808 

  0x000001849a9c36d4: ;   {metadata('java/security/ProtectionDomain')}
  0x000001849a9c36d4: 4181 fbe8 | 5800 000f | 85db 2500 | 0048 8984 | 2490 0000 | 004c 8b54 | 2430 458b | 5214 458b 
  0x000001849a9c36f4: 5a0c 4585 | db0f 8631 | 1b00 004c | 8b44 2430 | 450f be40 | 1045 85c0 | 0f85 4a1d | 0000 c442 
  0x000001849a9c3714: 3af7 c345 | 3bc3 458b | c845 0f4f | cb49 8bca | c4e1 f96e | c94d 8d72 | 1045 85c9 | 0f8e d000 
  0x000001849a9c3734: 0000 453b | d90f 82fd | 1c00 00b8 | 2f00 0000 | 498b fe41 | 8bd1 488b | df83 fa10 | 0f8c 7900 
  0x000001849a9c3754: 0000 83fa | 200f 8c36 | 0000 00c5 | f96e d8c4 | e27d 78db | c5ed efd2 | 8bca 83e1 | e083 e21f 
  0x000001849a9c3774: c5fe 6f03 | c5fd 74c3 | c4e2 7d17 | d00f 8369 | 0000 0048 | 83c3 2083 | e920 75e4 | e90d 0000 
  0x000001849a9c3794: 00c5 f96e | d8c5 e9ef | d2c4 e261 | 00da 83fa | 100f 8c24 | 0000 008b | ca83 e1f0 | 83e2 0fc5 
  0x000001849a9c37b4: fa6f 03c5 | f974 c3c4 | e279 17d0 | 0f83 2a00 | 0000 4883 | c310 83e9 | 1075 e485 

  0x000001849a9c37d0: ;   {no_reloc}
  0x000001849a9c37d0: d20f 8412 | 0000 000f | b60b 3bc1 | 741c 4883 | c301 83ea | 0174 02eb | eebb ffff | ffff eb0d 
  0x000001849a9c37f0: c5fd d7c8 | 0fbc c148 | 03d8 482b | df83 fbff | 0f85 0a1e | 0000 410f | b62e 83fd | 5b0f 8451 
  0x000001849a9c3810: 1e00 0041 | 8d48 fb85 | c97c 5445 | 0fbe 0e41 | 83f9 6a75 | 4a41 83fb | 040f 86cd | 2100 0041 
  0x000001849a9c3830: 807a 1161 | 7539 4180 | 7a12 7675 | 3241 807a | 1361 752b | 4180 7a14 

  0x000001849a9c3848: ;   {oop(a 'jdk/internal/loader/ClassLoaders$PlatformClassLoader'{0x00000000c0576bf8})}
  0x000001849a9c3848: 2e75 2449 | b9f8 6b57 | c000 0000 | 0048 8b4c | 2428 493b | c90f 8535 

  0x000001849a9c3860: ;   {oop(a 'jdk/internal/loader/ClassLoaders$PlatformClassLoader'{0x00000000c0576bf8})}
  0x000001849a9c3860: 2400 0048 | bbf8 6b57 | c000 0000 | 00eb 0548 | 8b5c 2428 | 4c8b 8c24 | 9000 0000 | 418b 4910 
  0x000001849a9c3880: 894c 2460 | 418d 4bff | 458d 48ff | 443b c944 | 0f4f c945 | 85c9 0f8c | d70e 0000 | 453b cb0f 
  0x000001849a9c38a0: 83bb 1800 | 0045 85c9 | 0f8e 6a1b | 0000 418d | 49ff 33f6 | 430f be54 | 0a10 83fa | 2e0f 84c2 
  0x000001849a9c38c0: 0d00 0041 | ffc9 443b | c97f e941 | 83f9 020f | 8e9f 0000 | 00bf a00f | 0000 418d | 49fe 4183 
  0x000001849a9c38e0: f902 0f4c | ce81 f9a0 | 0f00 000f | 47cf 418b | c12b c10f | 1f80 0000 | 0000 660f | 1f44 0000 
  0x000001849a9c3900: 4963 d141 | 0fbe 4c12 | 1083 f92e | 0f84 8b00 | 0000 410f | be4c 120f | 83f9 2e0f | 8481 0000 
  0x000001849a9c3920: 0041 8d49 | fe41 0fbe | 6c0a 1083 | fd2e 7476 | 418d 49fd | 410f be54 | 0a10 83fa | 2e74 6741 
  0x000001849a9c3940: 83c1 fc44 | 3bc8 7fb8 | 498b af58 | 0400 0048 | 8b4c 2428 | 488b 5424 | 3048 8b84 | 2490 0000 
  0x000001849a9c3960: ;   {no_reloc}
  0x000001849a9c3960: 00c5 fa10 

  0x000001849a9c3964: ; ImmutableOopMap {r10=NarrowOop rcx=Oop rbx=Oop rdx=Oop rax=Oop xmm0=NarrowOop xmm1=Oop r14=Derived_oop_xmm1 [40]=Oop [48]=Oop [56]=Oop [96]=NarrowOop [144]=Oop }
                      ;*goto {reexecute=1 rethrow=0 return_oop=0}
                      ; - (reexecute) java.lang.StringLatin1::lastIndexOf@35
                      ; - java.lang.String::lastIndexOf@13
                      ; - java.lang.String::lastIndexOf@8
                      ; - java.lang.ClassLoader::checkCerts@3
                      ; - java.lang.ClassLoader::preDefineClass@113
                      ; - java.lang.ClassLoader::defineClass@4
                      ; - java.security.SecureClassLoader::defineClass@12
                      ;   {poll}
  0x000001849a9c3964: 4424 6085 | 4500 4183 | f902 0f8f | 66ff ffff | 4183 f9ff | 0f8e f70d | 0000 6690 | 430f be4c 
  0x000001849a9c3984: 0a10 83f9 | 2e0f 8445 | 2000 0041 | ffc9 4183 | f9ff 7fe8 | e9d8 0d00 | 0041 8bc9 | eb04 418d 
  0x000001849a9c39a4: 49ff 83f9 | ff0f 8445 | 0f00 0085 | c90f 8c31 | 1c00 0041 | 3bc8 0f8f | c81f 0000 | 413b c80f 
  0x000001849a9c39c4: 84fb 0600 | 0085 c90f | 8414 0f00 | 004d 8baf | b801 0000 | 4d8b c549 | 83c0 184d | 3b87 c801 
  0x000001849a9c39e4: 0000 0f83 | e714 0000 | 4d89 87b8 | 0100 0041 | 0f18 8000 | 0100 0049 | c745 0001 

  0x000001849a9c3a00: ;   {metadata('java/lang/String')}
  0x000001849a9c3a00: 0000 0041 | c745 0878 | e800 0045 | 8965 0c4d | 8965 1041 | 3bcb 0f85 | 860b 0000 | 4d63 c341 
  0x000001849a9c3a20: 81fb 0000 | 1000 0f87 | 4d15 0000 | 498b afb8 | 0100 004d | 8d48 1749 | 83e1 f848 | 8bcd 4903 
  0x000001849a9c3a40: c949 3b8f | c801 0000 | 0f83 2b15 | 0000 4989 | 8fb8 0100 | 000f 1881 | 0001 0000 | 48c7 4500 
  0x000001849a9c3a60: 0100 0000 | 0f18 8140 

  0x000001849a9c3a68: ;   {metadata({type array byte})}
  0x000001849a9c3a68: 0100 00c7 | 4508 1823 | 0000 4489 | 5d0c 0f18 | 8180 0100 | 0048 8bd5 | 4883 c210 | 4983 c007 
  0x000001849a9c3a88: 49c1 e803 | 498b cec5 | f877 49ba | 604b 3e9a | 8401 0000 

  0x000001849a9c3a9c: ;   {other}
  0x000001849a9c3a9c: 41ff d20f | 1f84 0000 | 0000 0041 | 807f 4000 | 0f85 af0d | 0000 4d8b | d54c 8bc5 | 4589 4514 
  0x000001849a9c3abc: 4c8b dd4d | 33da 49c1 | eb14 4d85 | db74 1a49 | c1ea 0948 | b900 00fd | a184 0100 | 0049 03ca 
  0x000001849a9c3adc: 8039 020f | 85af 0d00 | 0045 8865 | 1044 8b54 | 2460 418b | 6a14 85ed | 0f85 821b | 0000 418b 
  0x000001849a9c3afc: 6a10 85ed | 0f85 a21b | 0000 448b | 5b2c 4585 | db0f 841a | 1600 0048 | 895c 2448 | 8974 2420 
  0x000001849a9c3b1c: ;   {oop(a 'java/security/cert/Certificate'[0] {0x00000000c058a830})}
  0x000001849a9c3b1c: 498b d349 | b930 a858 | c000 0000 | 00bf 0100 | 0000 4d8b | c566 6690 

  0x000001849a9c3b34: ;   {optimized virtual_call}
  0x000001849a9c3b34: c5f8 77e8 

  0x000001849a9c3b38: ; ImmutableOopMap {[40]=Oop [48]=Oop [56]=Oop [72]=Oop [144]=Oop }
                      ;*invokevirtual putVal {reexecute=0 rethrow=0 return_oop=1}
                      ; - java.util.concurrent.ConcurrentHashMap::putIfAbsent@4
                      ; - java.lang.ClassLoader::checkCerts@62
                      ; - java.lang.ClassLoader::preDefineClass@113
                      ; - java.lang.ClassLoader::defineClass@4
                      ; - java.security.SecureClassLoader::defineClass@12
  0x000001849a9c3b38: 24df 3600 

  0x000001849a9c3b3c: ;   {other}
  0x000001849a9c3b3c: 0f1f 8400 | ac09 0002 | 4885 c074 | 1c44 8b58 

  0x000001849a9c3b4c: ;   {metadata('java/security/cert/Certificate'[])}
  0x000001849a9c3b4c: 0841 81fb | 2029 1000 | 0f85 9621 | 0000 8b68 | 0c85 ed0f | 874f 1e00 | 004c 8b94 | 2490 0000 
  0x000001849a9c3b6c: 0045 8b5a | 1041 8b73 | 0c85 f60f | 8457 1b00 | 0044 3b66 | 380f 84c1 | 1500 0049 | 8b87 b801 
  0x000001849a9c3b8c: 0000 4c8b | d049 83c2 | 184c 8bf6 | 4d3b 97c8 | 0100 000f | 8347 1200 | 004d 8997 | b801 0000 
  0x000001849a9c3bac: 410f 1882 | 0001 0000 | 48c7 0001 

  0x000001849a9c3bb8: ;   {metadata('java/lang/StringBuilder')}
  0x000001849a9c3bb8: 0000 00c7 | 4008 4080 | 0000 4489 | 600c 4c89 | 6010 488b | d849 8b87 | b801 0000 | 4c8b d049 
  0x000001849a9c3bd8: 83c2 204d | 3b97 c801 | 0000 0f83 | 3612 0000 | 4d89 97b8 | 0100 0041 | 0f18 8200 | 0100 0048 
  0x000001849a9c3bf8: c700 0100 | 0000 410f | 1882 4001 

  0x000001849a9c3c04: ;   {metadata({type array byte})}
  0x000001849a9c3c04: 0000 c740 | 0818 2300 | 0041 0f18 | 8280 0100 | 00c7 400c | 1000 0000 | 4c89 6010 | 4c89 6018 
  0x000001849a9c3c24: 4c8b d34c | 8bd8 4489 | 5b14 4c8b | c04d 33c2 | 49c1 e814 | 4d85 c00f | 843e 0b00 | 0049 c1ea 
  0x000001849a9c3c44: 0948 b900 | 00fd a184 | 0100 0049 | 03ca 8039 | 020f 855f | 0b00 0045 | 33c0 448b | 4e14 4488 
  0x000001849a9c3c64: 6310 4585 | c90f 8494 | 0c00 0041 | 8b49 1444 | 8b51 0c41 | 8b53 0c41 | 0fbe 4910 | c4c2 72f7 
  0x000001849a9c3c84: fa44 03c7 | 458b d044 | 2bd2 4585 | d20f 8f4f | 0800 0044 | 0fbe 5310 | 450f be59 | 1044 8b43 
  0x000001849a9c3ca4: 0c45 3bd3 | 0f85 761c | 0000 8b4b | 1445 3bda | 0f85 c618 | 0000 458b | 5914 458b | 4b0c c4c2 
  0x000001849a9c3cc4: 29f7 e844 | 8b51 0c85 | ed0f 8ce1 | 1600 0045 | 8d04 2945 | 3bd0 0f82 | d416 0000 | 4585 c976 
  0x000001849a9c3ce4: 2a4c 8bd1 | 488d 5429 | 104d 63c1 | 4d8b d349 | 8d4b 10c5 | f877 49ba | a045 3e9a | 8401 0000 
  0x000001849a9c3d04: ;   {no_reloc}
  0x000001849a9c3d04: 41ff d20f | 1f84 0000 | 0000 0001 | 7b0c 448b | 5314 458b | 5a0c 448b | 430c 440f | be4b 10c4 
  0x000001849a9c3d24: 4232 f7cb | 458b d845 | 2bd9 41ff | c345 85db | 0f8f 7304 | 0000 807b | 1000 0f85 | ac09 0000 
  0x000001849a9c3d44: 8b6b 0c44 | 8d45 0144 | 8943 0c45 | 8b42 0c41 | 3be8 0f83 | 2814 0000 | 41c6 442a | 103a 8b6e 
  0x000001849a9c3d64: 2485 ed0f | 8520 0900 | 008b 6b14 

  0x000001849a9c3d70: ; implicit exception: dispatches to 0x000001849a9c5da4
  0x000001849a9c3d70: 448b 550c | 448b 430c | 440f be5b | 10c4 4222 | f7da 458b | d045 2bd3 | 4585 d20f | 8fbe 0400 
  0x000001849a9c3d90: 0044 0fbe | 5b10 448b | 4b0c 4585 | db0f 856d | 1900 008b | 6b14 448b | 5d0c 4585 | c90f 8c99 
  0x000001849a9c3db0: 1400 0045 | 3bd9 0f82 | 9014 0000 | 8b46 2844 | 8b58 1445 | 8b43 0c44 | 8b6b 1445 | 8b55 0c44 
  0x000001849a9c3dd0: 0fbe 5810 | 448b 4b0c | c4c2 22f7 | f80f be4b | 1046 8d04 | 0fc4 4272 | f7d2 418b | d041 2bd2 
  0x000001849a9c3df0: 85d2 0f8f | f704 0000 | 413b cb0f | 856b 1900 | 0044 8b53 

  0x000001849a9c3e04: ;   {no_reloc}
  0x000001849a9c3e04: 1444 3bd9 | 0f85 8216 | 0000 8b40 | 1444 8b40 | 0cc4 c271 | f7e9 458b | 4a0c 85ed | 0f8c 7e14 
  0x000001849a9c3e24: 0000 418d | 0c28 443b | c90f 8271 | 1400 0045 | 85c0 762a | 4d63 c04c | 8bd8 488d | 4810 4d8b 
  0x000001849a9c3e44: da49 8d54 | 2a10 c5f8 | 7749 baa0 | 453e 9a84 | 0100 0041 

  0x000001849a9c3e58: ;   {other}
  0x000001849a9c3e58: ffd2 0f1f | 8400 0000 | 0000 448b | c744 0343 | 0c44 8943 | 0c8b 6e20 | 85ed 0f85 | 5c19 0000 
  0x000001849a9c3e78: 8b6b 1444 | 8b55 0c44 | 0fbe 4b10 | c442 32f7 | d245 8bc8 | 452b ca45 | 85c9 0f8f | 1e05 0000 
  0x000001849a9c3e98: 440f be43 | 1044 8b53 | 0c45 85c0 | 0f85 7a19 | 0000 8b6b | 1444 8b5d | 0c45 85d2 | 0f8c 4e14 
  0x000001849a9c3eb8: 0000 453b | da0f 8245 | 1400 008b | 6e30 85ed | 0f85 b219 | 0000 8b4b | 1444 8b51 | 0c0f be6b 
  0x000001849a9c3ed8: 1044 8b43 | 0cc4 4252 | f7da 458b | d045 2bd3 | 4585 d20f | 8f61 0500 | 0085 ed0f | 85d3 1900 
  0x000001849a9c3ef8: 008b 6b14 

  0x000001849a9c3efc: ; implicit exception: dispatches to 0x000001849a9c5e84
  0x000001849a9c3efc: 448b 550c | 4585 c00f | 8c57 1400 | 0045 3bd0 | 0f82 4e14 | 0000 498b | 87b8 0100 | 004c 8bd0 
  0x000001849a9c3f1c: 4983 c218 | 4d3b 97c8 | 0100 000f | 8332 0f00 | 004d 8997 | b801 0000 | 410f 1882 | 0001 0000 
  0x000001849a9c3f3c: 48c7 0001 

  0x000001849a9c3f40: ;   {metadata('java/lang/String')}
  0x000001849a9c3f40: 0000 00c7 | 4008 78e8 | 0000 4489 | 600c 4c89 | 6010 4c8b | e844 0fbe | 4b10 448b | 4314 448b 
  0x000001849a9c3f60: 5b0c 4585 | c90f 858d | 1500 0045 | 8b50 0c4d | 8bc8 4c89 | 4c24 784d | 8d48 1045 | 3bda 0f85 
  0x000001849a9c3f80: 4a01 0000 | 4963 fa41 | 81fa 0000 | 1000 0f87 | f60e 0000 | 498b 9fb8 | 0100 004c | 8d5f 1749 
  0x000001849a9c3fa0: 83e3 f848 | 8bcb 4903 | cb49 3b8f | c801 0000 | 0f83 d40e | 0000 4989 | 8fb8 0100 | 000f 1881 
  0x000001849a9c3fc0: 0001 0000 | 48c7 0301 | 0000 000f | 1881 4001 

  0x000001849a9c3fd0: ;   {metadata({type array byte})}
  0x000001849a9c3fd0: 0000 c743 | 0818 2300 | 0044 8953 | 0c0f 1881 | 8001 0000 | 488b d348 | 83c2 1048 | 83c7 0748 
  0x000001849a9c3ff0: c1ef 0349 | 8bc9 4c8b | c7c5 f877 | 49ba 604b | 3e9a 8401 | 0000 41ff 

  0x000001849a9c4008: ;   {other}
  0x000001849a9c4008: d20f 1f84 | 0000 0000 | 0041 807f | 4000 0f85 | 6b07 0000 | 4c8b db45 | 895d 144d | 8bd5 4c8b 
  0x000001849a9c4028: db4d 33da | 49c1 eb14 | 4d85 db74 | 1b49 c1ea | 0949 b800 | 00fd a184 | 0100 004d | 03c2 4180 
  0x000001849a9c4048: 3802 0f85 | bc07 0000 | 488b 5424 | 284c 8b44 | 2430 4c8b | 4c24 388b | 7c24 408b | 7424 4448 
  0x000001849a9c4068: 8b8c 2490 | 0000 004c | 892c 2490 

  0x000001849a9c4074: ;   {static_call}
  0x000001849a9c4074: c5f8 77e8 

  0x000001849a9c4078: ; ImmutableOopMap {[40]=Oop [144]=Oop }
                      ;*invokestatic defineClass1 {reexecute=0 rethrow=0 return_oop=1}
                      ; - java.lang.ClassLoader::defineClass@27
                      ; - java.security.SecureClassLoader::defineClass@12
  0x000001849a9c4078: 643b feff 

  0x000001849a9c407c: ;   {other}
  0x000001849a9c407c: 0f1f 8400 | ec0e 0003 | 488b e848 | 8b54 2428 | 4c8b c04c | 8b8c 2490 | 0000 0090 

  0x000001849a9c4098: ;   {optimized virtual_call}
  0x000001849a9c4098: c5f8 77e8 

  0x000001849a9c409c: ; ImmutableOopMap {rbp=Oop }
                      ;*invokevirtual postDefineClass {reexecute=0 rethrow=0 return_oop=0}
                      ; - java.lang.ClassLoader::defineClass@37
                      ; - java.security.SecureClassLoader::defineClass@12
  0x000001849a9c409c: 407d 2000 

  0x000001849a9c40a0: ;   {other}
  0x000001849a9c40a0: 0f1f 8400 | 100f 0004 | 488b c5c5 | f877 4881 | c4b0 0000 

  0x000001849a9c40b4: ;   {poll_return}
  0x000001849a9c40b4: 005d 493b | a750 0400 | 000f 8719 | 2000 00c3 | 4c8b 6c24 | 30e9 1bfa | ffff 4585 | db0f 8c69 
  0x000001849a9c40d4: 1b00 0041 | 81fb 0000 | 1000 0f87 | 3c19 0000 | 4963 cb45 | 3bd3 418b | ea41 0f4f | eb44 3bd5 
  0x000001849a9c40f4: 0f82 9719 | 0000 443b | dd0f 828e | 1900 0048 | 83c1 174c | 8bc1 4983 | e0f8 4181 | fb00 0010 
  0x000001849a9c4114: 000f 87f1 | 0e00 0049 | 8b9f b801 | 0000 4c8b | d34d 03d0 | 4d3b 97c8 | 0100 000f | 83d7 0e00 
  0x000001849a9c4134: 004d 8997 | b801 0000 | 410f 1882 | 0001 0000 | 48c7 0301 | 0000 0041 | 0f18 8240 

  0x000001849a9c4150: ;   {metadata({type array byte})}
  0x000001849a9c4150: 0100 00c7 | 4308 1823 | 0000 4489 | 5b0c 410f | 1882 8001 | 0000 4c8b | d349 83c2 | 1048 c1e9 
  0x000001849a9c4170: 0385 ed0f | 84af 1800 | 0041 3beb | 0f8c b507 | 0000 4983 | c0f0 49c1 | e803 498b | c949 8bd2 
  0x000001849a9c4190: c5f8 7749 | ba60 4b3e | 9a84 0100 | 0041 ffd2 

  0x000001849a9c41a0: ;   {other}
  0x000001849a9c41a0: 0f1f 8400 | 0000 0000 | e964 feff | ff44 8954 | 2450 488b | eb4c 8974 | 2448 8974 | 2424 41ff 
  0x000001849a9c41c0: c048 8bd3 

  0x000001849a9c41c4: ;   {optimized virtual_call}
  0x000001849a9c41c4: c5f8 77e8 

  0x000001849a9c41c8: ; ImmutableOopMap {rbp=Oop [36]=NarrowOop [40]=Oop [48]=Oop [56]=Oop [72]=Oop [80]=NarrowOop [144]=Oop }
                      ;*invokevirtual newCapacity {reexecute=0 rethrow=0 return_oop=0}
                      ; - java.lang.AbstractStringBuilder::ensureCapacityInternal@24
                      ; - java.lang.AbstractStringBuilder::append@7
                      ; - java.lang.StringBuilder::append@2
                      ; - java.net.URLStreamHandler::toExternalForm@16
                      ; - java.net.URL::toExternalForm@5
                      ; - java.net.URL::toString@1
                      ; - java.lang.ClassLoader::defineClassSourceLocation@22
                      ; - java.lang.ClassLoader::defineClass@12
                      ; - java.security.SecureClassLoader::defineClass@12
  0x000001849a9c41c8: b4a8 a3ff 

  0x000001849a9c41cc: ;   {other}
  0x000001849a9c41cc: 0f1f 8400 | 3c10 0005 | 440f be55 | 10c4 6229 | f7c0 448b | 5c24 5049 | 8bd3 6690 

  0x000001849a9c41e8: ;   {static_call}
  0x000001849a9c41e8: c5f8 77e8 

  0x000001849a9c41ec: ; ImmutableOopMap {rbp=Oop [36]=NarrowOop [40]=Oop [48]=Oop [56]=Oop [72]=Oop [144]=Oop }
                      ;*invokestatic copyOf {reexecute=0 rethrow=0 return_oop=1}
                      ; - java.lang.AbstractStringBuilder::ensureCapacityInternal@32
                      ; - java.lang.AbstractStringBuilder::append@7
                      ; - java.lang.StringBuilder::append@2
                      ; - java.net.URLStreamHandler::toExternalForm@16
                      ; - java.net.URL::toExternalForm@5
                      ; - java.net.URL::toString@1
                      ; - java.lang.ClassLoader::defineClassSourceLocation@22
                      ; - java.lang.ClassLoader::defineClass@12
                      ; - java.security.SecureClassLoader::defineClass@12
  0x000001849a9c41ec: 90ae a3ff 

  0x000001849a9c41f0: ;   {other}
  0x000001849a9c41f0: 0f1f 8400 | 6010 0006 | 488b f841 | 807f 4000 | 0f85 cc07 | 0000 488b | dd4c 8bd7 | 4489 5314 
  0x000001849a9c4210: 4c8b db4c | 8bc7 4d33 | c349 c1e8 | 144d 85c0 | 741f 4885 | ff74 1a49 | c1eb 0948 | b900 00fd 
  0x000001849a9c4230: a184 0100 | 0049 03cb | 8039 020f | 85d9 0800 | 008b 7424 | 244c 8b74 | 2448 e9eb | faff ff48 
  0x000001849a9c4250: 895c 2450 | 4c89 7424 | 4889 7424 | 2448 8bd3 

  0x000001849a9c4260: ;   {optimized virtual_call}
  0x000001849a9c4260: c5f8 77e8 

  0x000001849a9c4264: ; ImmutableOopMap {rbp=NarrowOop [36]=NarrowOop [40]=Oop [48]=Oop [56]=Oop [72]=Oop [80]=Oop [144]=Oop }
                      ;*invokevirtual newCapacity {reexecute=0 rethrow=0 return_oop=0}
                      ; - java.lang.AbstractStringBuilder::ensureCapacityInternal@24
                      ; - java.lang.AbstractStringBuilder::append@21
                      ; - java.lang.StringBuilder::append@2
                      ; - java.net.URLStreamHandler::toExternalForm@59
                      ; - java.net.URL::toExternalForm@5
                      ; - java.net.URL::toString@1
                      ; - java.lang.ClassLoader::defineClassSourceLocation@22
                      ; - java.lang.ClassLoader::defineClass@12
                      ; - java.security.SecureClassLoader::defineClass@12
  0x000001849a9c4264: 18a8 a3ff 

  0x000001849a9c4268: ;   {other}
  0x000001849a9c4268: 0f1f 8400 | d810 0007 | 4c8b 5424 | 5045 0fbe | 5210 c462 | 29f7 c048 | 8bd5 488b | 6c24 5090 
  0x000001849a9c4288: ;   {static_call}
  0x000001849a9c4288: c5f8 77e8 

  0x000001849a9c428c: ; ImmutableOopMap {rbp=Oop [36]=NarrowOop [40]=Oop [48]=Oop [56]=Oop [72]=Oop [144]=Oop }
                      ;*invokestatic copyOf {reexecute=0 rethrow=0 return_oop=1}
                      ; - java.lang.AbstractStringBuilder::ensureCapacityInternal@32
                      ; - java.lang.AbstractStringBuilder::append@21
                      ; - java.lang.StringBuilder::append@2
                      ; - java.net.URLStreamHandler::toExternalForm@59
                      ; - java.net.URL::toExternalForm@5
                      ; - java.net.URL::toString@1
                      ; - java.lang.ClassLoader::defineClassSourceLocation@22
                      ; - java.lang.ClassLoader::defineClass@12
                      ; - java.security.SecureClassLoader::defineClass@12
  0x000001849a9c428c: f0ad a3ff 

  0x000001849a9c4290: ;   {other}
  0x000001849a9c4290: 0f1f 8400 | 0011 0008 | 488b f841 | 807f 4000 | 0f85 6207 | 0000 488b | dd4c 8bdf | 4489 5b14 
  0x000001849a9c42b0: 4c8b d34c | 8bdf 4d33 | da49 c1eb | 144d 85db | 741f 4885 | ff74 1a49 | c1ea 0948 | b900 00fd 
  0x000001849a9c42d0: a184 0100 | 0049 03ca | 8039 020f | 8587 0800 | 008b 7424 | 244c 8b74 | 2448 e9a2 | faff ff89 
  0x000001849a9c42f0: 7c24 6044 | 896c 245c | 4889 5c24 | 504c 8974 | 2448 8974 | 2424 488b | e889 4424 | 5848 8bd3 
  0x000001849a9c4310: ;   {optimized virtual_call}
  0x000001849a9c4310: c5f8 77e8 

  0x000001849a9c4314: ; ImmutableOopMap {rbp=Oop [36]=NarrowOop [40]=Oop [48]=Oop [56]=Oop [72]=Oop [80]=Oop [88]=NarrowOop [92]=NarrowOop [144]=Oop }
                      ;*invokevirtual newCapacity {reexecute=0 rethrow=0 return_oop=0}
                      ; - java.lang.AbstractStringBuilder::ensureCapacityInternal@24
                      ; - java.lang.AbstractStringBuilder::append@21
                      ; - java.lang.StringBuilder::append@2
                      ; - java.net.URLStreamHandler::toExternalForm@77
                      ; - java.net.URL::toExternalForm@5
                      ; - java.net.URL::toString@1
                      ; - java.lang.ClassLoader::defineClassSourceLocation@22
                      ; - java.lang.ClassLoader::defineClass@12
                      ; - java.security.SecureClassLoader::defineClass@12
  0x000001849a9c4314: 2827 ffff 

  0x000001849a9c4318: ;   {other}
  0x000001849a9c4318: 0f1f 8400 | 8811 0009 | 4c8b 5424 | 5045 0fbe | 5210 c462 | 29f7 c044 | 8b5c 245c | 498b d390 
  0x000001849a9c4338: ;   {static_call}
  0x000001849a9c4338: c5f8 77e8 

  0x000001849a9c433c: ; ImmutableOopMap {rbp=Oop [36]=NarrowOop [40]=Oop [48]=Oop [56]=Oop [72]=Oop [80]=Oop [88]=NarrowOop [144]=Oop }
                      ;*invokestatic copyOf {reexecute=0 rethrow=0 return_oop=1}
                      ; - java.lang.AbstractStringBuilder::ensureCapacityInternal@32
                      ; - java.lang.AbstractStringBuilder::append@21
                      ; - java.lang.StringBuilder::append@2
                      ; - java.net.URLStreamHandler::toExternalForm@77
                      ; - java.net.URL::toExternalForm@5
                      ; - java.net.URL::toString@1
                      ; - java.lang.ClassLoader::defineClassSourceLocation@22
                      ; - java.lang.ClassLoader::defineClass@12
                      ; - java.security.SecureClassLoader::defineClass@12
  0x000001849a9c433c: 00da 0c00 

  0x000001849a9c4340: ;   {other}
  0x000001849a9c4340: 0f1f 8400 | b011 000a | 488b f841 | 807f 4000 | 0f85 e806 | 0000 488b | 5c24 504c | 8bd7 4489 
  0x000001849a9c4360: 5314 4c8b | d34c 8bdf | 4d33 da49 | c1eb 144d | 85db 741f | 4885 ff74 | 1a49 c1ea | 0948 b900 
  0x000001849a9c4380: 00fd a184 | 0100 0049 | 03ca 8039 | 020f 8526 | 0800 000f | be4b 108b | 4424 5844 | 0fbe 5810 
  0x000001849a9c43a0: 448b 4b0c | 8b74 2424 | 4c8b 7424 | 488b 7c24 | 60e9 42fa | ffff 4889 | 5c24 504c | 8974 2448 
  0x000001849a9c43c0: 8974 2424 | 488b d390 

  0x000001849a9c43c8: ;   {optimized virtual_call}
  0x000001849a9c43c8: c5f8 77e8 

  0x000001849a9c43cc: ; ImmutableOopMap {rbp=NarrowOop [36]=NarrowOop [40]=Oop [48]=Oop [56]=Oop [72]=Oop [80]=Oop [144]=Oop }
                      ;*invokevirtual newCapacity {reexecute=0 rethrow=0 return_oop=0}
                      ; - java.lang.AbstractStringBuilder::ensureCapacityInternal@24
                      ; - java.lang.AbstractStringBuilder::append@21
                      ; - java.lang.StringBuilder::append@2
                      ; - java.net.URLStreamHandler::toExternalForm@113
                      ; - java.net.URL::toExternalForm@5
                      ; - java.net.URL::toString@1
                      ; - java.lang.ClassLoader::defineClassSourceLocation@22
                      ; - java.lang.ClassLoader::defineClass@12
                      ; - java.security.SecureClassLoader::defineClass@12
  0x000001849a9c43cc: b0a6 a3ff 

  0x000001849a9c43d0: ;   {other}
  0x000001849a9c43d0: 0f1f 8400 | 4012 000b | 4c8b 5424 | 5045 0fbe | 5a10 c462 | 21f7 c048 | 8bd5 498b | ea66 6690 
  0x000001849a9c43f0: ;   {static_call}
  0x000001849a9c43f0: c5f8 77e8 

  0x000001849a9c43f4: ; ImmutableOopMap {rbp=Oop [36]=NarrowOop [40]=Oop [48]=Oop [56]=Oop [72]=Oop [144]=Oop }
                      ;*invokestatic copyOf {reexecute=0 rethrow=0 return_oop=1}
                      ; - java.lang.AbstractStringBuilder::ensureCapacityInternal@32
                      ; - java.lang.AbstractStringBuilder::append@21
                      ; - java.lang.StringBuilder::append@2
                      ; - java.net.URLStreamHandler::toExternalForm@113
                      ; - java.net.URL::toExternalForm@5
                      ; - java.net.URL::toString@1
                      ; - java.lang.ClassLoader::defineClassSourceLocation@22
                      ; - java.lang.ClassLoader::defineClass@12
                      ; - java.security.SecureClassLoader::defineClass@12
  0x000001849a9c43f4: 88ac a3ff 

  0x000001849a9c43f8: ;   {other}
  0x000001849a9c43f8: 0f1f 8400 | 6812 000c | 488b f841 | 807f 4000 | 0f85 6806 | 0000 488b | dd4c 8bd7 | 4489 5314 
  0x000001849a9c4418: 4c8b d34c | 8bdf 4d33 | da49 c1eb | 144d 85db | 741f 4885 | ff74 1a49 | c1ea 0948 | b900 00fd 
  0x000001849a9c4438: a184 0100 | 0049 03ca | 8039 020f | 85c1 0700 | 008b 7424 | 24e9 46fa | ffff 894c | 2424 488b 
  0x000001849a9c4458: eb48 8bd3 

  0x000001849a9c445c: ;   {optimized virtual_call}
  0x000001849a9c445c: c5f8 77e8 

  0x000001849a9c4460: ; ImmutableOopMap {rbp=Oop [36]=NarrowOop [40]=Oop [48]=Oop [56]=Oop [144]=Oop }
                      ;*invokevirtual newCapacity {reexecute=0 rethrow=0 return_oop=0}
                      ; - java.lang.AbstractStringBuilder::ensureCapacityInternal@24
                      ; - java.lang.AbstractStringBuilder::append@21
                      ; - java.lang.StringBuilder::append@2
                      ; - java.net.URLStreamHandler::toExternalForm@149
                      ; - java.net.URL::toExternalForm@5
                      ; - java.net.URL::toString@1
                      ; - java.lang.ClassLoader::defineClassSourceLocation@22
                      ; - java.lang.ClassLoader::defineClass@12
                      ; - java.security.SecureClassLoader::defineClass@12
  0x000001849a9c4460: 1ca6 a3ff 

  0x000001849a9c4464: ;   {other}
  0x000001849a9c4464: 0f1f 8400 | d412 000d | 440f be55 | 10c4 6229 | f7c0 448b | 5c24 2449 | 8bd3 6690 

  0x000001849a9c4480: ;   {static_call}
  0x000001849a9c4480: c5f8 77e8 

  0x000001849a9c4484: ; ImmutableOopMap {rbp=Oop [40]=Oop [48]=Oop [56]=Oop [144]=Oop }
                      ;*invokestatic copyOf {reexecute=0 rethrow=0 return_oop=1}
                      ; - java.lang.AbstractStringBuilder::ensureCapacityInternal@32
                      ; - java.lang.AbstractStringBuilder::append@21
                      ; - java.lang.StringBuilder::append@2
                      ; - java.net.URLStreamHandler::toExternalForm@149
                      ; - java.net.URL::toExternalForm@5
                      ; - java.net.URL::toString@1
                      ; - java.lang.ClassLoader::defineClassSourceLocation@22
                      ; - java.lang.ClassLoader::defineClass@12
                      ; - java.security.SecureClassLoader::defineClass@12
  0x000001849a9c4484: f8ab a3ff 

  0x000001849a9c4488: ;   {other}
  0x000001849a9c4488: 0f1f 8400 | f812 000e | 488b f841 | 807f 4000 | 0f85 0e06 | 0000 488b | dd4c 8bd7 | 4489 5314 
  0x000001849a9c44a8: 4c8b d34c | 8bdf 4d33 | da49 c1eb | 144d 85db | 741f 4885 | ff74 1a49 | c1ea 0948 | b900 00fd 
  0x000001849a9c44c8: a184 0100 | 0049 03ca | 8039 020f | 8582 0700 | 000f be6b | 1044 8b43 | 0ce9 0bfa | ffff 897c 
  0x000001849a9c44e8: 2460 4489 | 5c24 5848 | 895c 2450 | 4c89 7424 | 4889 7424 | 2449 8be9 | 4489 4c24 | 5c48 8bd3 
  0x000001849a9c4508: ;   {optimized virtual_call}
  0x000001849a9c4508: c5f8 77e8 

  0x000001849a9c450c: ; ImmutableOopMap {rbp=Oop [36]=NarrowOop [40]=Oop [48]=Oop [56]=Oop [72]=Oop [80]=Oop [88]=NarrowOop [92]=NarrowOop [144]=Oop }
                      ;*invokevirtual newCapacity {reexecute=0 rethrow=0 return_oop=0}
                      ; - java.lang.AbstractStringBuilder::ensureCapacityInternal@24
                      ; - java.lang.AbstractStringBuilder::append@21
                      ; - java.lang.StringBuilder::append@2
                      ; - java.net.URLStreamHandler::toExternalForm@11
                      ; - java.net.URL::toExternalForm@5
                      ; - java.net.URL::toString@1
                      ; - java.lang.ClassLoader::defineClassSourceLocation@22
                      ; - java.lang.ClassLoader::defineClass@12
                      ; - java.security.SecureClassLoader::defineClass@12
  0x000001849a9c450c: 70a5 a3ff 

  0x000001849a9c4510: ;   {other}
  0x000001849a9c4510: 0f1f 8400 | 8013 000f | 4c8b 5424 | 5045 0fbe | 5a10 c462 | 21f7 c044 | 8b5c 2458 | 498b d390 
  0x000001849a9c4530: ;   {static_call}
  0x000001849a9c4530: c5f8 77e8 

  0x000001849a9c4534: ; ImmutableOopMap {rbp=Oop [36]=NarrowOop [40]=Oop [48]=Oop [56]=Oop [72]=Oop [80]=Oop [92]=NarrowOop [144]=Oop }
                      ;*invokestatic copyOf {reexecute=0 rethrow=0 return_oop=1}
                      ; - java.lang.AbstractStringBuilder::ensureCapacityInternal@32
                      ; - java.lang.AbstractStringBuilder::append@21
                      ; - java.lang.StringBuilder::append@2
                      ; - java.net.URLStreamHandler::toExternalForm@11
                      ; - java.net.URL::toExternalForm@5
                      ; - java.net.URL::toString@1
                      ; - java.lang.ClassLoader::defineClassSourceLocation@22
                      ; - java.lang.ClassLoader::defineClass@12
                      ; - java.security.SecureClassLoader::defineClass@12
  0x000001849a9c4534: 48ab a3ff 

  0x000001849a9c4538: ;   {other}
  0x000001849a9c4538: 0f1f 8400 | a813 0010 | 488b f841 | 807f 4000 | 0f85 9405 | 0000 488b | 5c24 504c | 8bdf 4489 
  0x000001849a9c4558: 5b14 4c8b | d34c 8bdf | 4d33 da49 | c1eb 144d | 85db 741f | 4885 ff74 | 1a49 c1ea | 0948 b900 
  0x000001849a9c4578: 00fd a184 | 0100 0049 | 03ca 8039 | 020f 8521 | 0700 008b | 7424 244c | 8b74 2448 | 448b 4c24 
  0x000001849a9c4598: 5c8b 7c24 | 60e9 f5f6 | ffff 81f9 | 0000 1000 | 0f87 3615 | 0000 4c63 | c944 3bd9 | 418b eb0f 
  0x000001849a9c45b8: 4fe9 896c | 2474 443b | dd0f 8291 | 1500 003b | cd0f 8289 | 1500 0049 | 83c1 174d | 8bc1 4983 
  0x000001849a9c45d8: e0f8 81f9 | 0000 1000 | 0f87 7f0a | 0000 498b | afb8 0100 | 004c 8bd5 | 4d03 d04d | 3b97 c801 
  0x000001849a9c45f8: 0000 0f83 | 650a 0000 | 4d89 97b8 | 0100 0041 | 0f18 8200 | 0100 0048 | c745 0001 | 0000 0041 
  0x000001849a9c4618: 0f18 8240 

  0x000001849a9c461c: ;   {metadata({type array byte})}
  0x000001849a9c461c: 0100 00c7 | 4508 1823 | 0000 894d | 0c41 0f18 | 8280 0100 | 004c 8bd5 | 4983 c210 | 49c1 e903 
  0x000001849a9c463c: 448b 5c24 | 7445 85db | 0f84 a214 | 0000 448b | d98b 4c24 | 7441 3bcb | 0f8c a306 | 0000 4983 
  0x000001849a9c465c: c0f0 49c1 | e803 498b | ce49 8bd2 | c5f8 7749 | ba60 4b3e | 9a84 0100 | 0041 ffd2 

  0x000001849a9c4678: ;   {other}
  0x000001849a9c4678: 0f1f 8400 | 0000 0000 | e922 f4ff | ff41 8bc9 | e919 f3ff | ff44 8b5d | 1445 8b53 | 0c45 85d2 
  0x000001849a9c4698: 0f86 cff6 | ffff ba45 | ffff ff4c | 8b54 2428 | 4c89 5424 | 204c 8b54 | 2430 4c89 | 5424 284c 
  0x000001849a9c46b8: 8b54 2438 | 4c89 5424 | 3044 8b5c | 2440 4489 | 5c24 3844 | 8b54 2444 | 4489 5424 | 3c89 7424 
  0x000001849a9c46d8: 4848 895c | 2450 6690 

  0x000001849a9c46e0: ;   {runtime_call UncommonTrapBlob}
  0x000001849a9c46e0: c5f8 77e8 

  0x000001849a9c46e4: ; ImmutableOopMap {rbp=NarrowOop [32]=Oop [40]=Oop [48]=Oop [72]=NarrowOop [80]=Oop [144]=Oop }
                      ;*ifne {reexecute=1 rethrow=0 return_oop=0}
                      ; - (reexecute) java.net.URLStreamHandler::toExternalForm@32
                      ; - java.net.URL::toExternalForm@5
                      ; - java.net.URL::toString@1
                      ; - java.lang.ClassLoader::defineClassSourceLocation@22
                      ; - java.lang.ClassLoader::defineClass@12
                      ; - java.security.SecureClassLoader::defineClass@12
  0x000001849a9c46e4: 98fc a3ff 

  0x000001849a9c46e8: ;   {other}
  0x000001849a9c46e8: 0f1f 8400 | 5815 0011 | 4889 5c24 | 504c 8974 | 2448 8974 | 2424 488b | d366 6690 

  0x000001849a9c4704: ;   {optimized virtual_call}
  0x000001849a9c4704: c5f8 77e8 

  0x000001849a9c4708: ; ImmutableOopMap {[36]=NarrowOop [40]=Oop [48]=Oop [56]=Oop [72]=Oop [80]=Oop [144]=Oop }
                      ;*invokevirtual isLatin1 {reexecute=0 rethrow=0 return_oop=0}
                      ; - java.lang.AbstractStringBuilder::append@46
                      ; - java.lang.StringBuilder::append@2
                      ; - java.net.URLStreamHandler::toExternalForm@16
                      ; - java.net.URL::toExternalForm@5
                      ; - java.net.URL::toString@1
                      ; - java.lang.ClassLoader::defineClassSourceLocation@22
                      ; - java.lang.ClassLoader::defineClass@12
                      ; - java.security.SecureClassLoader::defineClass@12
  0x000001849a9c4708: 74a3 a3ff 

  0x000001849a9c470c: ;   {other}
  0x000001849a9c470c: 0f1f 8400 | 7c15 0012 | 85c0 7418 | 488b 5424 | 5066 6690 

  0x000001849a9c4720: ;   {optimized virtual_call}
  0x000001849a9c4720: c5f8 77e8 

  0x000001849a9c4724: ; ImmutableOopMap {[36]=NarrowOop [40]=Oop [48]=Oop [56]=Oop [72]=Oop [80]=Oop [144]=Oop }
                      ;*invokevirtual inflate {reexecute=0 rethrow=0 return_oop=0}
                      ; - java.lang.AbstractStringBuilder::append@53
                      ; - java.lang.StringBuilder::append@2
                      ; - java.net.URLStreamHandler::toExternalForm@16
                      ; - java.net.URL::toExternalForm@5
                      ; - java.net.URL::toString@1
                      ; - java.lang.ClassLoader::defineClassSourceLocation@22
                      ; - java.lang.ClassLoader::defineClass@12
                      ; - java.security.SecureClassLoader::defineClass@12
  0x000001849a9c4724: 58a3 a3ff 

  0x000001849a9c4728: ;   {other}
  0x000001849a9c4728: 0f1f 8400 | 9815 0013 | 4c8b 5c24 | 5045 8b53 | 1445 8b43 | 0c49 8bd2 | 458d 5001 | 4589 530c 
  0x000001849a9c4748: 41b9 3a00 | 0000 6690 

  0x000001849a9c4750: ;   {static_call}
  0x000001849a9c4750: c5f8 77e8 

  0x000001849a9c4754: ; ImmutableOopMap {[36]=NarrowOop [40]=Oop [48]=Oop [56]=Oop [72]=Oop [80]=Oop [144]=Oop }
                      ;*invokestatic putCharSB {reexecute=0 rethrow=0 return_oop=0}
                      ; - java.lang.AbstractStringBuilder::append@72
                      ; - java.lang.StringBuilder::append@2
                      ; - java.net.URLStreamHandler::toExternalForm@16
                      ; - java.net.URL::toExternalForm@5
                      ; - java.net.URL::toString@1
                      ; - java.lang.ClassLoader::defineClassSourceLocation@22
                      ; - java.lang.ClassLoader::defineClass@12
                      ; - java.security.SecureClassLoader::defineClass@12
  0x000001849a9c4754: 28a9 a3ff 

  0x000001849a9c4758: ;   {other}
  0x000001849a9c4758: 0f1f 8400 | c815 0014 | 8b74 2424 | 4c8b 7424 | 4848 8b5c | 2450 e9ef | f5ff ff33 | f6b9 ffff 
  0x000001849a9c4778: ffff e927 | f2ff ff45 | 33c0 e9d7 | f4ff ff45 | 8b55 1445 | 85d2 0f84 | 88f8 ffff | 4d8b 5f28 
  0x000001849a9c4798: 498b ca4d | 85db 0f84 | bc0d 0000 | 4d8b 5738 | 4b89 4c1a | f849 83c3 | f84d 895f | 28e9 62f8 
  0x000001849a9c47b8: ffff 4d8b | 5748 4d8b | 5f58 f083 | 4424 c000 | 8039 0074 | 3244 8821 | 4d85 d274 | 0f4b 894c 
  0x000001849a9c47d8: 13f8 4983 | c2f8 4d89 | 5748 eb1b | 498b d7c5 | f877 49ba | 00a4 d642 | ff7f 0000 

  0x000001849a9c47f4: ;   {other}
  0x000001849a9c47f4: 41ff d20f | 1f84 0000 | 0000 0044 | 8b43 0c44 | 8b5b 14e9 | 52f4 ffff | 4d8b 5758 | 4d8b 5f48 
  0x000001849a9c4814: f083 4424 | c000 4180 | 3800 0f84 | 2cf8 ffff | 4588 204d | 85db 7523 | 498b c849 | 8bd7 c5f8 
  0x000001849a9c4834: 7749 ba00 | a4d6 42ff | 7f00 0041 

  0x000001849a9c4840: ;   {other}
  0x000001849a9c4840: ffd2 0f1f | 8400 0000 | 0000 e901 | f8ff ff4f | 8944 1af8 | 4983 c3f8 | 4d89 5f48 | e9ef f7ff 
  0x000001849a9c4860: ff45 8b55 | 1445 85d2 | 0f84 44f2 | ffff 4d8b | 5f28 498b | ca4d 85db | 0f84 5e11 | 0000 4d8b 
  0x000001849a9c4880: 5738 4b89 | 4c1a f849 | 83c3 f84d | 895f 28e9 | 1ef2 ffff | 4d8b 5748 | 4d8b 5f58 | f083 4424 
  0x000001849a9c48a0: c000 8039 | 000f 843a | f2ff ff44 | 8821 4d85 | d275 2049 | 8bd7 c5f8 | 7749 ba00 | a4d6 42ff 
  0x000001849a9c48c0: 7f00 0041 

  0x000001849a9c48c4: ;   {other}
  0x000001849a9c48c4: ffd2 0f1f | 8400 0000 | 0000 e912 | f2ff ff4b | 894c 13f8 | 4983 c2f8 | 4d89 5748 | e900 f2ff 
  0x000001849a9c48e4: ;   {oop(""{0x00000000c057d9e8})}
  0x000001849a9c48e4: ff49 bde8 | d957 c000 | 0000 00e9 | f5f1 ffff 

  0x000001849a9c48f4: ;   {oop(""{0x00000000c057d9e8})}
  0x000001849a9c48f4: 49bd e8d9 | 57c0 0000 | 0000 e9e6 | f1ff ff48 | 895c 2450 | 4c89 7424 | 4889 7424 | 2448 8bd3 
  0x000001849a9c4914: ;   {optimized virtual_call}
  0x000001849a9c4914: c5f8 77e8 

  0x000001849a9c4918: ; ImmutableOopMap {[36]=NarrowOop [40]=Oop [48]=Oop [56]=Oop [72]=Oop [80]=Oop [144]=Oop }
                      ;*invokevirtual appendNull {reexecute=0 rethrow=0 return_oop=1}
                      ; - java.lang.AbstractStringBuilder::append@5
                      ; - java.lang.StringBuilder::append@2
                      ; - java.net.URLStreamHandler::toExternalForm@11
                      ; - java.net.URL::toExternalForm@5
                      ; - java.net.URL::toString@1
                      ; - java.lang.ClassLoader::defineClassSourceLocation@22
                      ; - java.lang.ClassLoader::defineClass@12
                      ; - java.security.SecureClassLoader::defineClass@12
  0x000001849a9c4918: 64a1 a3ff 

  0x000001849a9c491c: ;   {other}
  0x000001849a9c491c: 0f1f 8400 | 8c17 0015 | 8b74 2424 | 4c8b 7424 | 4848 8b5c | 2450 e9db | f3ff ff4c | 63c5 4d8d 
  0x000001849a9c493c: 5810 498b | d348 83e2 | f848 8bfb | 4803 fa49 | c1eb 0349 | 2bcb 4833 | c048 83f9 | 087f 1048 
  0x000001849a9c495c: ffc9 784f | 4889 04cf | 48ff c97d | f7eb 44c5 | fdef c0e9 | 0d00 0000 | c5fe 7f07 | c5fe 7f47 
  0x000001849a9c497c: 2048 83c7 | 4048 83e9 | 087d ed48 | 83c1 047c | 0cc5 fe7f | 0748 83c7 | 2048 83e9 | 0448 83c1 
  0x000001849a9c499c: 047e 1048 | ffc9 c5f9 | d607 4883 | c708 48ff | c97d f349 | 8bc9 498b | d2c5 f877 | 49ba c044 
  0x000001849a9c49bc: 3e9a 8401 | 0000 41ff 

  0x000001849a9c49c4: ;   {other}
  0x000001849a9c49c4: d20f 1f84 | 0000 0000 | 00e9 d6f7 | ffff 488b | dd44 8b5b | 1445 85db | 0f84 27f8 | ffff 4d8b 
  0x000001849a9c49e4: 5728 498b | cb4d 85d2 | 0f84 8e11 | 0000 4d8b | 5f38 4b89 | 4c13 f849 | 83c2 f84d | 8957 28e9 
  0x000001849a9c4a04: 01f8 ffff | 488b dd44 | 8b53 1445 | 85d2 0f84 | 91f8 ffff | 4d8b 5f28 | 498b ca4d | 85db 0f84 
  0x000001849a9c4a24: 7811 0000 | 4d8b 5738 | 4b89 4c1a | f849 83c3 | f84d 895f | 28e9 6bf8 | ffff 488b | 5c24 5044 
  0x000001849a9c4a44: 8b5b 1445 | 85db 0f84 | 0bf9 ffff | 4d8b 5728 | 498b cb4d | 85d2 0f84 | 6011 0000 | 4d8b 5f38 
  0x000001849a9c4a64: 4b89 4c13 | f849 83c2 | f84d 8957 | 28e9 e5f8 | ffff 488b | dd44 8b5b | 1445 85db | 0f84 8bf9 
  0x000001849a9c4a84: ffff 4d8b | 5728 498b | cb4d 85d2 | 0f84 4a11 | 0000 4d8b | 5f38 4b89 | 4c13 f849 | 83c2 f84d 
  0x000001849a9c4aa4: 8957 28e9 | 65f9 ffff | 488b dd44 | 8b5b 1445 | 85db 0f84 | e5f9 ffff | 4d8b 5728 | 498b cb4d 
  0x000001849a9c4ac4: ;   {no_reloc}
  0x000001849a9c4ac4: 85d2 0f84 | 3411 0000 | 4d8b 5f38 | 4b89 4c13 | f849 83c2 | f84d 8957 | 28e9 bff9 | ffff 488b 
  0x000001849a9c4ae4: 5c24 5044 | 8b53 1445 | 85d2 0f84 | 5ffa ffff | 4d8b 5f28 | 498b ca4d | 85db 0f84 | 1c11 0000 
  0x000001849a9c4b04: 4d8b 5738 | 4b89 4c1a | f849 83c3 | f84d 895f | 28e9 39fa | ffff 4d8b | 5758 4d8b | 5f48 f083 
  0x000001849a9c4b24: 4424 c000 | 8039 0074 | 3244 8821 | 4d85 db74 | 0f4b 894c | 1af8 4983 | c3f8 4d89 | 5f48 eb1b 
  0x000001849a9c4b44: 498b d7c5 | f877 49ba | 00a4 d642 | ff7f 0000 

  0x000001849a9c4b54: ;   {other}
  0x000001849a9c4b54: 41ff d20f | 1f84 0000 | 0000 0044 | 8b53 14e9 | d9f6 ffff | 4d8b 5758 | 4d8b 5f48 | f083 4424 
  0x000001849a9c4b74: c000 8039 | 000f 8462 | f7ff ff44 | 8821 4d85 | db75 2049 | 8bd7 c5f8 | 7749 ba00 | a4d6 42ff 
  0x000001849a9c4b94: 7f00 0041 

  0x000001849a9c4b98: ;   {other}
  0x000001849a9c4b98: ffd2 0f1f | 8400 0000 | 0000 e93a | f7ff ff4b | 894c 1af8 | 4983 c3f8 | 4d89 5f48 | e928 f7ff 
  0x000001849a9c4bb8: ff4d 8b57 | 584d 8b5f | 48f0 8344 | 24c0 0080 | 3900 0f84 | c3f7 ffff | 4488 214d | 85db 7520 
  0x000001849a9c4bd8: 498b d7c5 | f877 49ba | 00a4 d642 | ff7f 0000 

  0x000001849a9c4be8: ;   {other}
  0x000001849a9c4be8: 41ff d20f | 1f84 0000 | 0000 00e9 | 9bf7 ffff | 4b89 4c1a | f849 83c3 | f84d 895f | 48e9 89f7 
  0x000001849a9c4c08: ffff 4d8b | 5758 4d8b | 5f48 f083 | 4424 c000 | 8039 000f | 8428 f8ff | ff44 8821 | 4d85 db75 
  0x000001849a9c4c28: 2049 8bd7 | c5f8 7749 | ba00 a4d6 | 42ff 7f00 | 0041 ffd2 

  0x000001849a9c4c3c: ;   {other}
  0x000001849a9c4c3c: 0f1f 8400 | 0000 0000 | e900 f8ff | ff4b 894c | 1af8 4983 | c3f8 4d89 | 5f48 e9ee | f7ff ff4d 
  0x000001849a9c4c5c: 8b57 584d | 8b5f 48f0 | 8344 24c0 | 0080 3900 | 0f84 67f8 | ffff 4488 | 214d 85db | 7520 498b 
  0x000001849a9c4c7c: d7c5 f877 | 49ba 00a4 | d642 ff7f | 0000 41ff 

  0x000001849a9c4c8c: ;   {other}
  0x000001849a9c4c8c: d20f 1f84 | 0000 0000 | 00e9 3ff8 | ffff 4b89 | 4c1a f849 | 83c3 f84d | 895f 48e9 | 2df8 ffff 
  0x000001849a9c4cac: 4d8b 5758 | 4d8b 5f48 | f083 4424 | c000 8039 | 000f 84c8 | f8ff ff44 | 8821 4d85 | db75 2049 
  0x000001849a9c4ccc: 8bd7 c5f8 | 7749 ba00 | a4d6 42ff | 7f00 0041 

  0x000001849a9c4cdc: ;   {other}
  0x000001849a9c4cdc: ffd2 0f1f | 8400 0000 | 0000 e9a0 | f8ff ff4b | 894c 1af8 | 4983 c3f8 | 4d89 5f48 | e98e f8ff 
  0x000001849a9c4cfc: ff4c 63c1 | 4d8d 5810 | 498b cb48 | 83e1 f848 | 8bfd 4803 | f949 c1eb | 034d 2bcb | 498b c948 
  0x000001849a9c4d1c: 33c0 4883 | f908 7f10 | 48ff c978 | 4f48 8904 | cf48 ffc9 | 7df7 eb44 | c5fd efc0 | e90d 0000 
  0x000001849a9c4d3c: 00c5 fe7f | 07c5 fe7f | 4720 4883 | c740 4883 | e908 7ded | 4883 c104 | 7c0c c5fe | 7f07 4883 
  0x000001849a9c4d5c: c720 4883 | e904 4883 | c104 7e10 | 48ff c9c5 | f9d6 0748 | 83c7 0848 | ffc9 7df3 | 498b ce49 
  0x000001849a9c4d7c: 8bd2 c5f8 | 7749 bac0 | 443e 9a84 | 0100 0041 

  0x000001849a9c4d8c: ;   {other}
  0x000001849a9c4d8c: ffd2 0f1f | 8400 0000 | 0000 e9e5 

  0x000001849a9c4d98: ;   {metadata('java/security/SecureClassLoader$1')}
  0x000001849a9c4d98: f8ff ff48 | ba50 ba11 | a784 0100 | 004c 8944 | 2450 6690 

  0x000001849a9c4dac: ;   {runtime_call _new_instance_Java}
  0x000001849a9c4dac: c5f8 77e8 

  0x000001849a9c4db0: ; ImmutableOopMap {rbp=NarrowOop [40]=Oop [48]=Oop [56]=Oop [80]=Oop }
                      ;*new {reexecute=0 rethrow=0 return_oop=1}
                      ; - java.security.SecureClassLoader::getProtectionDomain@20
                      ; - java.security.SecureClassLoader::defineClass@9
  0x000001849a9c4db0: 4ced afff 

  0x000001849a9c4db4: ;   {other}
  0x000001849a9c4db4: 0f1f 8400 | 241c 0016 | 4c8b c84c | 8b44 2450 | e9da e8ff 

  0x000001849a9c4dc8: ;   {metadata('java/security/SecureClassLoader$CodeSourceKey')}
  0x000001849a9c4dc8: ff48 bab8 | b411 a784 | 0100 0090 

  0x000001849a9c4dd4: ;   {runtime_call _new_instance_Java}
  0x000001849a9c4dd4: c5f8 77e8 

  0x000001849a9c4dd8: ; ImmutableOopMap {rbp=Oop [40]=Oop [48]=Oop [56]=Oop }
                      ;*new {reexecute=0 rethrow=0 return_oop=1}
                      ; - java.security.SecureClassLoader::getProtectionDomain@6
                      ; - java.security.SecureClassLoader::defineClass@9
  0x000001849a9c4dd8: 24ed afff 

  0x000001849a9c4ddc: ;   {other}
  0x000001849a9c4ddc: 0f1f 8400 | 4c1c 0017 | 4c8b c0e9 | 6ee8 ffff | 4c89 7424 | 4889 7424 

  0x000001849a9c4df4: ;   {metadata('java/lang/StringBuilder')}
  0x000001849a9c4df4: 2448 ba40 | 8000 a784 | 0100 0090 

  0x000001849a9c4e00: ;   {runtime_call _new_instance_Java}
  0x000001849a9c4e00: c5f8 77e8 

  0x000001849a9c4e04: ; ImmutableOopMap {[36]=NarrowOop [40]=Oop [48]=Oop [56]=Oop [72]=Oop [144]=Oop }
                      ;*new {reexecute=0 rethrow=0 return_oop=1}
                      ; - java.net.URLStreamHandler::toExternalForm@0
                      ; - java.net.URL::toExternalForm@5
                      ; - java.net.URL::toString@1
                      ; - java.lang.ClassLoader::defineClassSourceLocation@22
                      ; - java.lang.ClassLoader::defineClass@12
                      ; - java.security.SecureClassLoader::defineClass@12
  0x000001849a9c4e04: f8ec afff 

  0x000001849a9c4e08: ;   {other}
  0x000001849a9c4e08: 0f1f 8400 | 781c 0018 | 8b74 2424 | 4c8b 7424 | 48e9 aced | ffff 4889 | 5c24 504c | 8974 2448 
  0x000001849a9c4e28: 8974 2424 | 41b8 1000 

  0x000001849a9c4e30: ;   {metadata({type array byte})}
  0x000001849a9c4e30: 0000 48ba | 1823 00a7 | 8401 0000 

  0x000001849a9c4e3c: ;   {runtime_call _new_array_Java}
  0x000001849a9c4e3c: c5f8 77e8 

  0x000001849a9c4e40: ; ImmutableOopMap {[36]=NarrowOop [40]=Oop [48]=Oop [56]=Oop [72]=Oop [80]=Oop [144]=Oop }
                      ;*newarray {reexecute=0 rethrow=0 return_oop=1}
                      ; - java.lang.AbstractStringBuilder::<init>@12
                      ; - java.lang.StringBuilder::<init>@3
                      ; - java.net.URLStreamHandler::toExternalForm@4
                      ; - java.net.URL::toExternalForm@5
                      ; - java.net.URL::toString@1
                      ; - java.lang.ClassLoader::defineClassSourceLocation@22
                      ; - java.lang.ClassLoader::defineClass@12
                      ; - java.security.SecureClassLoader::defineClass@12
  0x000001849a9c4e40: 3c3a b0ff 

  0x000001849a9c4e44: ;   {other}
  0x000001849a9c4e44: 0f1f 8400 | b41c 0019 | 8b74 2424 | 4c8b 7424 | 4848 8b5c | 2450 e9c5 | edff ff48 | 895c 2448 
  0x000001849a9c4e64: ;   {metadata('java/lang/String')}
  0x000001849a9c4e64: 48ba 78e8 | 00a7 8401 | 0000 6690 

  0x000001849a9c4e70: ;   {runtime_call _new_instance_Java}
  0x000001849a9c4e70: c5f8 77e8 

  0x000001849a9c4e74: ; ImmutableOopMap {[40]=Oop [48]=Oop [56]=Oop [72]=Oop [144]=Oop }
                      ;*new {reexecute=0 rethrow=0 return_oop=1}
                      ; - java.lang.StringBuilder::toString@0
                      ; - java.net.URLStreamHandler::toExternalForm@152
                      ; - java.net.URL::toExternalForm@5
                      ; - java.net.URL::toString@1
                      ; - java.lang.ClassLoader::defineClassSourceLocation@22
                      ; - java.lang.ClassLoader::defineClass@12
                      ; - java.security.SecureClassLoader::defineClass@12
  0x000001849a9c4e74: 88ec afff 

  0x000001849a9c4e78: ;   {other}
  0x000001849a9c4e78: 0f1f 8400 | e81c 001a | 488b 5c24 | 48e9 c8f0 | ffff 4889 | 7c24 584c | 894c 2450 | 4489 4424 
  0x000001849a9c4e98: 484c 896c 

  0x000001849a9c4e9c: ;   {metadata({type array byte})}
  0x000001849a9c4e9c: 2420 48ba | 1823 00a7 | 8401 0000 | 458b c290 

  0x000001849a9c4eac: ;   {runtime_call _new_array_nozero_Java}
  0x000001849a9c4eac: c5f8 77e8 

  0x000001849a9c4eb0: ; ImmutableOopMap {[32]=Oop [40]=Oop [48]=Oop [56]=Oop [72]=NarrowOop [120]=Oop [80]=Derived_oop_[120] [144]=Oop }
                      ;*invokevirtual clone {reexecute=1 rethrow=0 return_oop=1}
                      ; - (reexecute) java.util.Arrays::copyOfRange@18
                      ; - java.lang.String::<init>@32
                      ; - java.lang.String::<init>@3
                      ; - java.lang.StringBuilder::toString@5
                      ; - java.net.URLStreamHandler::toExternalForm@152
                      ; - java.net.URL::toExternalForm@5
                      ; - java.net.URL::toString@1
                      ; - java.lang.ClassLoader::defineClassSourceLocation@22
                      ; - java.lang.ClassLoader::defineClass@12
                      ; - java.security.SecureClassLoader::defineClass@12
  0x000001849a9c4eb0: cc3c b0ff 

  0x000001849a9c4eb4: ;   {other}
  0x000001849a9c4eb4: 0f1f 8400 | 241d 001b | 4c8b 6c24 | 204c 8b4c | 2450 488b | 7c24 5848 | 8bd8 e911 | f1ff ff89 
  0x000001849a9c4ed4: 4c24 7844 | 8b44 2460 | 4489 4424 | 5c48 895c | 2470 4c89 | 7424 68c5 | fb11 4c24 | 6089 7424 
  0x000001849a9c4ef4: 5844 895c | 2454 4489 | 5424 504c | 8b94 2490 | 0000 004c | 8954 2448 | 4c8b 5424 | 304c 8954 
  0x000001849a9c4f14: 2420 488b 

  0x000001849a9c4f18: ;   {metadata('java/lang/String')}
  0x000001849a9c4f18: 6c24 2848 | ba78 e800 | a784 0100 | 0066 6690 

  0x000001849a9c4f28: ;   {runtime_call _new_instance_Java}
  0x000001849a9c4f28: c5f8 77e8 

  0x000001849a9c4f2c: ; ImmutableOopMap {rbp=Oop [32]=Oop [56]=Oop [72]=Oop [80]=NarrowOop [92]=NarrowOop [96]=Oop [104]=Derived_oop_[96] [112]=Oop [144]=Oop }
                      ;*new {reexecute=0 rethrow=0 return_oop=1}
                      ; - java.lang.StringLatin1::newString@7
                      ; - java.lang.String::substring@41
                      ; - java.lang.ClassLoader::checkCerts@21
                      ; - java.lang.ClassLoader::preDefineClass@113
                      ; - java.lang.ClassLoader::defineClass@4
                      ; - java.security.SecureClassLoader::defineClass@12
  0x000001849a9c4f2c: d0eb afff 

  0x000001849a9c4f30: ;   {other}
  0x000001849a9c4f30: 0f1f 8400 | a01d 001c | 4889 6c24 | 284c 8b54 | 2420 4c89 | 5424 3044 | 8b54 2450 | 448b 5c24 
  0x000001849a9c4f50: 548b 7424 | 58c5 fb10 | 4c24 604c | 8b74 2468 | 488b 5c24 | 708b 4c24 | 5c89 4c24 | 608b 4c24 
  0x000001849a9c4f70: 784c 8be8 | e99a eaff | ff4c 8944 | 2478 4c89 | 6c24 7044 | 8b44 2460 | 4489 4424 | 5448 895c 
  0x000001849a9c4f90: 2468 4c89 | 7424 60c5 | fb11 4c24 | 5889 7424 | 5041 8bea | 4c8b 9424 | 9000 0000 | 4c89 5424 
  0x000001849a9c4fb0: 484c 8b54 | 2428 4c89 

  0x000001849a9c4fb8: ;   {metadata({type array byte})}
  0x000001849a9c4fb8: 5424 2048 | ba18 2300 | a784 0100 | 0045 8bc3 

  0x000001849a9c4fc8: ;   {runtime_call _new_array_nozero_Java}
  0x000001849a9c4fc8: c5f8 77e8 

  0x000001849a9c4fcc: ; ImmutableOopMap {rbp=NarrowOop [32]=Oop [48]=Oop [56]=Oop [72]=Oop [84]=NarrowOop [88]=Oop [96]=Derived_oop_[88] [104]=Oop [112]=Oop [144]=Oop }
                      ;*invokevirtual clone {reexecute=1 rethrow=0 return_oop=1}
                      ; - (reexecute) java.util.Arrays::copyOfRange@18
                      ; - java.lang.StringLatin1::newString@16
                      ; - java.lang.String::substring@41
                      ; - java.lang.ClassLoader::checkCerts@21
                      ; - java.lang.ClassLoader::preDefineClass@113
                      ; - java.lang.ClassLoader::defineClass@4
                      ; - java.security.SecureClassLoader::defineClass@12
  0x000001849a9c4fcc: b03b b0ff 

  0x000001849a9c4fd0: ;   {other}
  0x000001849a9c4fd0: 0f1f 8400 | 401e 001d | 4c8b 5c24 | 204c 895c | 2428 8b74 | 2450 4c8b | 7424 6048 | 8b5c 2468 
  0x000001849a9c4ff0: 448b 5c24 | 5444 895c | 2460 4c8b | 6c24 704c | 8b44 2478 | 488b e8e9 | 71ea ffff | 4c89 4424 
  0x000001849a9c5010: 6848 894c | 2460 4c89 | 4c24 5844 | 895c 2450 | 4c89 6c24 

  0x000001849a9c5024: ;   {metadata({type array byte})}
  0x000001849a9c5024: 4848 ba18 | 2300 a784 | 0100 0045 | 8bc3 6690 

  0x000001849a9c5034: ;   {runtime_call _new_array_nozero_Java}
  0x000001849a9c5034: c5f8 77e8 

  0x000001849a9c5038: ; ImmutableOopMap {[40]=Oop [48]=Oop [56]=Oop [72]=Oop [120]=Oop [88]=Derived_oop_[120] [144]=Oop }
                      ;*newarray {reexecute=0 rethrow=0 return_oop=1}
                      ; - java.util.Arrays::copyOfRangeByte@10
                      ; - java.util.Arrays::copyOfRange@13
                      ; - java.lang.String::<init>@32
                      ; - java.lang.String::<init>@3
                      ; - java.lang.StringBuilder::toString@5
                      ; - java.net.URLStreamHandler::toExternalForm@152
                      ; - java.net.URL::toExternalForm@5
                      ; - java.net.URL::toString@1
                      ; - java.lang.ClassLoader::defineClassSourceLocation@22
                      ; - java.lang.ClassLoader::defineClass@12
                      ; - java.security.SecureClassLoader::defineClass@12
  0x000001849a9c5038: 443b b0ff 

  0x000001849a9c503c: ;   {other}
  0x000001849a9c503c: 0f1f 8400 | ac1e 001e | 4c8b 6c24 | 4844 8b5c | 2450 4c8b | 4c24 5848 | 8bd8 488b | 4c24 604c 
  0x000001849a9c505c: 8b44 2468 | e901 f1ff | ff4c 8984 | 2488 0000 | 004c 898c | 2480 0000 | 004c 896c | 2478 894c 
  0x000001849a9c507c: 2470 448b | 5c24 6044 | 895c 2454 | 4889 5c24 | 684c 8974 | 2460 c5fb | 114c 2458 | 8974 2450 
  0x000001849a9c509c: 4c8b 9424 | 9000 0000 | 4c89 5424 | 484c 8b54 | 2430 4c89 | 5424 2048 | 8b6c 2428 

  0x000001849a9c50b8: ;   {metadata({type array byte})}
  0x000001849a9c50b8: 48ba 1823 | 00a7 8401 | 0000 448b | c166 6690 

  0x000001849a9c50c8: ;   {runtime_call _new_array_nozero_Java}
  0x000001849a9c50c8: c5f8 77e8 

  0x000001849a9c50cc: ; ImmutableOopMap {rbp=Oop [32]=Oop [56]=Oop [72]=Oop [84]=NarrowOop [88]=Oop [96]=Derived_oop_[88] [104]=Oop [120]=Oop }
                      ;*newarray {reexecute=0 rethrow=0 return_oop=1}
                      ; - java.util.Arrays::copyOfRangeByte@10
                      ; - java.util.Arrays::copyOfRange@13
                      ; - java.lang.StringLatin1::newString@16
                      ; - java.lang.String::substring@41
                      ; - java.lang.ClassLoader::checkCerts@21
                      ; - java.lang.ClassLoader::preDefineClass@113
                      ; - java.lang.ClassLoader::defineClass@4
                      ; - java.security.SecureClassLoader::defineClass@12
  0x000001849a9c50cc: b03a b0ff 

  0x000001849a9c50d0: ;   {other}
  0x000001849a9c50d0: 0f1f 8400 | 401f 001f | 4889 6c24 | 284c 8b5c | 2420 4c89 | 5c24 304c | 8b5c 2448 | 4c89 9c24 
  0x000001849a9c50f0: 9000 0000 | 8b74 2450 | 4c8b 7424 | 6048 8b5c | 2468 448b | 5c24 5444 | 895c 2460 | 8b4c 2470 
  0x000001849a9c5110: 4c8b 6c24 | 7848 8be8 | 4c8b 8c24 | 8000 0000 | 4c8b 8424 | 8800 0000 | e904 f5ff | ffba f6ff 
  0x000001849a9c5130: ffff 498b | ed66 6690 

  0x000001849a9c5138: ;   {runtime_call UncommonTrapBlob}
  0x000001849a9c5138: c5f8 77e8 

  0x000001849a9c513c: ; ImmutableOopMap {rbp=Oop }
                      ;*invokevirtual putIfAbsent {reexecute=0 rethrow=0 return_oop=0}
                      ; - java.lang.ClassLoader::checkCerts@62
                      ; - java.lang.ClassLoader::preDefineClass@113
                      ; - java.lang.ClassLoader::defineClass@4
                      ; - java.security.SecureClassLoader::defineClass@12
  0x000001849a9c513c: 40f2 a3ff 

  0x000001849a9c5140: ;   {other}
  0x000001849a9c5140: 0f1f 8400 | b01f 0020 | baf6 ffff | ff8b ee90 

  0x000001849a9c5150: ;   {runtime_call UncommonTrapBlob}
  0x000001849a9c5150: c5f8 77e8 

  0x000001849a9c5154: ; ImmutableOopMap {rbp=NarrowOop }
                      ;*invokevirtual toExternalForm {reexecute=0 rethrow=0 return_oop=0}
                      ; - java.net.URL::toExternalForm@5
                      ; - java.net.URL::toString@1
                      ; - java.lang.ClassLoader::defineClassSourceLocation@22
                      ; - java.lang.ClassLoader::defineClass@12
                      ; - java.security.SecureClassLoader::defineClass@12
  0x000001849a9c5154: 28f2 a3ff 

  0x000001849a9c5158: ;   {other}
  0x000001849a9c5158: 0f1f 8400 | c81f 0021 | ba76 ffff | ff41 8bea | 4489 4c24 | 2448 895c | 2450 6690 

  0x000001849a9c5174: ;   {runtime_call UncommonTrapBlob}
  0x000001849a9c5174: c5f8 77e8 

  0x000001849a9c5178: ; ImmutableOopMap {rbp=NarrowOop [40]=Oop [48]=Oop [56]=Oop [80]=Oop [96]=NarrowOop [144]=Oop }
                      ;*iflt {reexecute=1 rethrow=0 return_oop=0}
                      ; - (reexecute) java.lang.StringLatin1::lastIndexOf@19
                      ; - java.lang.String::lastIndexOf@13
                      ; - java.lang.String::lastIndexOf@8
                      ; - java.lang.ClassLoader::checkCerts@3
                      ; - java.lang.ClassLoader::preDefineClass@113
                      ; - java.lang.ClassLoader::defineClass@4
                      ; - java.security.SecureClassLoader::defineClass@12
  0x000001849a9c5178: 04f2 a3ff 

  0x000001849a9c517c: ;   {other}
  0x000001849a9c517c: 0f1f 8400 | ec1f 0022 | bae4 ffff | ff4c 8b5c | 2428 4c89 | 5c24 204c | 8b5c 2430 | 4c89 5c24 
  0x000001849a9c519c: 284c 8b5c | 2438 4c89 | 5c24 3044 | 8b44 2440 | 4489 4424 | 3844 8b5c | 2444 4489 | 5c24 3c89 
  0x000001849a9c51bc: 7424 4848 | 895c 2458 | 4489 5424 | 4c66 6690 

  0x000001849a9c51cc: ;   {runtime_call UncommonTrapBlob}
  0x000001849a9c51cc: c5f8 77e8 

  0x000001849a9c51d0: ; ImmutableOopMap {[32]=Oop [40]=Oop [48]=Oop [72]=NarrowOop [76]=NarrowOop [88]=Oop [144]=Oop }
                      ;*bastore {reexecute=0 rethrow=0 return_oop=0}
                      ; - java.lang.AbstractStringBuilder::append@41
                      ; - java.lang.StringBuilder::append@2
                      ; - java.net.URLStreamHandler::toExternalForm@16
                      ; - java.net.URL::toExternalForm@5
                      ; - java.net.URL::toString@1
                      ; - java.lang.ClassLoader::defineClassSourceLocation@22
                      ; - java.lang.ClassLoader::defineClass@12
                      ; - java.security.SecureClassLoader::defineClass@12
  0x000001849a9c51d0: acf1 a3ff 

  0x000001849a9c51d4: ;   {other}
  0x000001849a9c51d4: 0f1f 8400 | 4420 0023 | bade ffff | ff4c 8b54 | 2428 4c89 | 5424 204c | 8b54 2430 | 4c89 5424 
  0x000001849a9c51f4: 284c 8b54 | 2438 4c89 | 5424 3044 | 8b5c 2440 | 4489 5c24 | 3844 8b5c | 2444 4489 | 5c24 3c4c 
  0x000001849a9c5214: 8944 2440 | 4c89 4c24 | 4866 6690 

  0x000001849a9c5220: ;   {runtime_call UncommonTrapBlob}
  0x000001849a9c5220: c5f8 77e8 

  0x000001849a9c5224: ; ImmutableOopMap {rbp=NarrowOop [32]=Oop [40]=Oop [48]=Oop [64]=Oop [72]=Oop }
                      ;*invokeinterface computeIfAbsent {reexecute=0 rethrow=0 return_oop=0}
                      ; - java.security.SecureClassLoader::getProtectionDomain@28
                      ; - java.security.SecureClassLoader::defineClass@9
  0x000001849a9c5224: 58f1 a3ff 

  0x000001849a9c5228: ;   {other}
  0x000001849a9c5228: 0f1f 8400 | 9820 0024 | ba45 ffff | ff48 8b6c | 2428 6690 

  0x000001849a9c523c: ;   {runtime_call UncommonTrapBlob}
  0x000001849a9c523c: c5f8 77e8 

  0x000001849a9c5240: ; ImmutableOopMap {rbp=Oop [48]=Oop [56]=Oop [144]=Oop }
                      ;*ifeq {reexecute=1 rethrow=0 return_oop=0}
                      ; - (reexecute) java.lang.ClassLoader::checkName@8
                      ; - java.lang.ClassLoader::preDefineClass@1
                      ; - java.lang.ClassLoader::defineClass@4
                      ; - java.security.SecureClassLoader::defineClass@12
  0x000001849a9c5240: 3cf1 a3ff 

  0x000001849a9c5244: ;   {other}
  0x000001849a9c5244: 0f1f 8400 | b420 0025 | bacc ffff | ff4c 8b54 | 2428 4c89 | 5424 204c | 8b54 2430 | 4c89 5424 
  0x000001849a9c5264: 284c 8b54 | 2438 4c89 | 5424 3044 | 8b5c 2440 | 4489 5c24 | 3844 8b54 | 2444 4489 | 5424 3c89 
  0x000001849a9c5284: 7424 4848 | 895c 2458 | 4489 4c24 | 4c66 6690 

  0x000001849a9c5294: ;   {runtime_call UncommonTrapBlob}
  0x000001849a9c5294: c5f8 77e8 

  0x000001849a9c5298: ; ImmutableOopMap {rbp=NarrowOop [32]=Oop [40]=Oop [48]=Oop [72]=NarrowOop [88]=Oop [144]=Oop }
                      ;*invokestatic arraycopy {reexecute=0 rethrow=0 return_oop=0}
                      ; - java.lang.String::getBytes@22
                      ; - java.lang.AbstractStringBuilder::putStringAt@15
                      ; - java.lang.AbstractStringBuilder::append@30
                      ; - java.lang.StringBuilder::append@2
                      ; - java.net.URLStreamHandler::toExternalForm@59
                      ; - java.net.URL::toExternalForm@5
                      ; - java.net.URL::toString@1
                      ; - java.lang.ClassLoader::defineClassSourceLocation@22
                      ; - java.lang.ClassLoader::defineClass@12
                      ; - java.security.SecureClassLoader::defineClass@12
  0x000001849a9c5298: e4f0 a3ff 

  0x000001849a9c529c: ;   {other}
  0x000001849a9c529c: 0f1f 8400 | 0c21 0026 | bacc ffff | ff4c 8b5c | 2428 4c89 | 5c24 204c | 8b5c 2430 | 4c89 5c24 
  0x000001849a9c52bc: 284c 8b5c | 2438 4c89 | 5c24 3044 | 8b5c 2440 | 4489 5c24 | 3844 8b4c | 2444 4489 | 4c24 3c89 
  0x000001849a9c52dc: 7424 4848 | 895c 2458 | 897c 244c | 8944 2460 | 4489 5424 | 6444 8944 | 2468 6690 

  0x000001849a9c52f8: ;   {runtime_call UncommonTrapBlob}
  0x000001849a9c52f8: c5f8 77e8 

  0x000001849a9c52fc: ; ImmutableOopMap {[32]=Oop [40]=Oop [48]=Oop [72]=NarrowOop [88]=Oop [96]=NarrowOop [100]=NarrowOop [144]=Oop }
                      ;*invokestatic arraycopy {reexecute=0 rethrow=0 return_oop=0}
                      ; - java.lang.String::getBytes@22
                      ; - java.lang.AbstractStringBuilder::putStringAt@15
                      ; - java.lang.AbstractStringBuilder::append@30
                      ; - java.lang.StringBuilder::append@2
                      ; - java.net.URLStreamHandler::toExternalForm@77
                      ; - java.net.URL::toExternalForm@5
                      ; - java.net.URL::toString@1
                      ; - java.lang.ClassLoader::defineClassSourceLocation@22
                      ; - java.lang.ClassLoader::defineClass@12
                      ; - java.security.SecureClassLoader::defineClass@12
  0x000001849a9c52fc: 80f0 a3ff 

  0x000001849a9c5300: ;   {other}
  0x000001849a9c5300: 0f1f 8400 | 7021 0027 | bacc ffff | ff4c 8b5c | 2428 4c89 | 5c24 204c | 8b5c 2430 | 4c89 5c24 
  0x000001849a9c5320: 284c 8b5c | 2438 4c89 | 5c24 3044 | 8b44 2440 | 4489 4424 | 3844 8b44 | 2444 4489 | 4424 3c89 
  0x000001849a9c5340: 7424 4848 | 895c 2458 | 4489 5424 | 4c66 6690 

  0x000001849a9c5350: ;   {runtime_call UncommonTrapBlob}
  0x000001849a9c5350: c5f8 77e8 

  0x000001849a9c5354: ; ImmutableOopMap {rbp=NarrowOop [32]=Oop [40]=Oop [48]=Oop [72]=NarrowOop [88]=Oop [144]=Oop }
                      ;*invokestatic arraycopy {reexecute=0 rethrow=0 return_oop=0}
                      ; - java.lang.String::getBytes@22
                      ; - java.lang.AbstractStringBuilder::putStringAt@15
                      ; - java.lang.AbstractStringBuilder::append@30
                      ; - java.lang.StringBuilder::append@2
                      ; - java.net.URLStreamHandler::toExternalForm@113
                      ; - java.net.URL::toExternalForm@5
                      ; - java.net.URL::toString@1
                      ; - java.lang.ClassLoader::defineClassSourceLocation@22
                      ; - java.lang.ClassLoader::defineClass@12
                      ; - java.security.SecureClassLoader::defineClass@12
  0x000001849a9c5354: 28f0 a3ff 

  0x000001849a9c5358: ;   {other}
  0x000001849a9c5358: 0f1f 8400 | c821 0028 | bacc ffff | ff4c 8b54 | 2428 4c89 | 5424 204c | 8b54 2430 | 4c89 5424 
  0x000001849a9c5378: 284c 8b54 | 2438 4c89 | 5424 3044 | 8b5c 2440 | 4489 5c24 | 3844 8b54 | 2444 4489 | 5424 3c48 
  0x000001849a9c5398: 895c 2450 | 4489 4424 | 5866 6690 

  0x000001849a9c53a4: ;   {runtime_call UncommonTrapBlob}
  0x000001849a9c53a4: c5f8 77e8 

  0x000001849a9c53a8: ; ImmutableOopMap {rbp=NarrowOop [32]=Oop [40]=Oop [48]=Oop [80]=Oop [144]=Oop }
                      ;*invokestatic arraycopy {reexecute=0 rethrow=0 return_oop=0}
                      ; - java.lang.String::getBytes@22
                      ; - java.lang.AbstractStringBuilder::putStringAt@15
                      ; - java.lang.AbstractStringBuilder::append@30
                      ; - java.lang.StringBuilder::append@2
                      ; - java.net.URLStreamHandler::toExternalForm@149
                      ; - java.net.URL::toExternalForm@5
                      ; - java.net.URL::toString@1
                      ; - java.lang.ClassLoader::defineClassSourceLocation@22
                      ; - java.lang.ClassLoader::defineClass@12
                      ; - java.security.SecureClassLoader::defineClass@12
  0x000001849a9c53a8: d4ef a3ff 

  0x000001849a9c53ac: ;   {other}
  0x000001849a9c53ac: 0f1f 8400 | 1c22 0029 | bacc ffff | ff4c 8b54 | 2428 4c89 | 5424 204c | 8b54 2430 | 4c89 5424 
  0x000001849a9c53cc: 284c 8b54 | 2438 4c89 | 5424 3044 | 8b44 2440 | 4489 4424 | 3844 8b54 | 2444 4489 | 5424 3c89 
  0x000001849a9c53ec: 7424 4848 | 895c 2458 | 897c 244c | 4489 5c24 | 6089 4c24 | 6444 894c | 2468 6690 

  0x000001849a9c5408: ;   {runtime_call UncommonTrapBlob}
  0x000001849a9c5408: c5f8 77e8 

  0x000001849a9c540c: ; ImmutableOopMap {[32]=Oop [40]=Oop [48]=Oop [72]=NarrowOop [88]=Oop [96]=NarrowOop [100]=NarrowOop [144]=Oop }
                      ;*invokestatic arraycopy {reexecute=0 rethrow=0 return_oop=0}
                      ; - java.lang.String::getBytes@22
                      ; - java.lang.AbstractStringBuilder::putStringAt@15
                      ; - java.lang.AbstractStringBuilder::append@30
                      ; - java.lang.StringBuilder::append@2
                      ; - java.net.URLStreamHandler::toExternalForm@11
                      ; - java.net.URL::toExternalForm@5
                      ; - java.net.URL::toString@1
                      ; - java.lang.ClassLoader::defineClassSourceLocation@22
                      ; - java.lang.ClassLoader::defineClass@12
                      ; - java.security.SecureClassLoader::defineClass@12
  0x000001849a9c540c: 70ef a3ff 

  0x000001849a9c5410: ;   {other}
  0x000001849a9c5410: 0f1f 8400 | 8022 002a | ba6e ffff | ff41 8bea | 4489 4c24 | 2448 895c | 2450 6690 

  0x000001849a9c542c: ;   {runtime_call UncommonTrapBlob}
  0x000001849a9c542c: c5f8 77e8 

  0x000001849a9c5430: ; ImmutableOopMap {rbp=NarrowOop [40]=Oop [48]=Oop [56]=Oop [80]=Oop [96]=NarrowOop [144]=Oop }
                      ;*iflt {reexecute=1 rethrow=0 return_oop=0}
                      ; - (reexecute) java.lang.StringLatin1::lastIndexOf@19
                      ; - java.lang.String::lastIndexOf@13
                      ; - java.lang.String::lastIndexOf@8
                      ; - java.lang.ClassLoader::checkCerts@3
                      ; - java.lang.ClassLoader::preDefineClass@113
                      ; - java.lang.ClassLoader::defineClass@4
                      ; - java.security.SecureClassLoader::defineClass@12
  0x000001849a9c5430: 4cef a3ff 

  0x000001849a9c5434: ;   {other}
  0x000001849a9c5434: 0f1f 8400 | a422 002b | bace ffff | ff41 8bea | 4489 4c24 | 6066 6690 

  0x000001849a9c544c: ;   {runtime_call UncommonTrapBlob}
  0x000001849a9c544c: c5f8 77e8 

  0x000001849a9c5450: ; ImmutableOopMap {rbp=NarrowOop [40]=Oop [48]=Oop [56]=Oop [144]=Oop }
                      ;*invokestatic indexOfChar {reexecute=0 rethrow=0 return_oop=0}
                      ; - java.lang.StringLatin1::indexOf@33
                      ; - java.lang.String::indexOf@17
                      ; - java.lang.String::indexOf@3
                      ; - java.lang.ClassLoader::checkName@16
                      ; - java.lang.ClassLoader::preDefineClass@1
                      ; - java.lang.ClassLoader::defineClass@4
                      ; - java.security.SecureClassLoader::defineClass@12
  0x000001849a9c5450: 2cef a3ff 

  0x000001849a9c5454: ;   {other}
  0x000001849a9c5454: 0f1f 8400 | c422 002c | 4533 db45 | 85c0 410f | 94c3 ba45 | ffff ff48 | 8b6c 2428 | 4c8b 5424 
  0x000001849a9c5474: 304c 8954 | 2420 4489 | 5c24 6090 

  0x000001849a9c5480: ;   {runtime_call UncommonTrapBlob}
  0x000001849a9c5480: c5f8 77e8 

  0x000001849a9c5484: ; ImmutableOopMap {rbp=Oop [32]=Oop [56]=Oop [144]=Oop }
                      ;*ifeq {reexecute=1 rethrow=0 return_oop=0}
                      ; - (reexecute) java.lang.String::indexOf@4
                      ; - java.lang.String::indexOf@3
                      ; - java.lang.ClassLoader::checkName@16
                      ; - java.lang.ClassLoader::preDefineClass@1
                      ; - java.lang.ClassLoader::defineClass@4
                      ; - java.security.SecureClassLoader::defineClass@12
  0x000001849a9c5484: f8ee a3ff 

  0x000001849a9c5488: ;   {other}
  0x000001849a9c5488: 0f1f 8400 | f822 002d | ba45 ffff | ff48 8b6c | 2428 4c8b | 4424 304c | 8944 2420 | 4c8b 4424 
  0x000001849a9c54a8: 384c 8944 | 2428 448b | 6c24 4044 | 896c 2430 | 448b 4424 | 4444 8944 | 2434 8974 | 2440 4889 
  0x000001849a9c54c8: 5c24 5089 | 7c24 4489 | 4424 5844 | 8954 245c | 4489 4c24 | 6044 895c | 2464 894c | 2468 6690 
  0x000001849a9c54e8: ;   {runtime_call UncommonTrapBlob}
  0x000001849a9c54e8: c5f8 77e8 

  0x000001849a9c54ec: ; ImmutableOopMap {rbp=Oop [32]=Oop [40]=Oop [64]=NarrowOop [80]=Oop [88]=NarrowOop [92]=NarrowOop [144]=Oop }
                      ;*if_icmpne {reexecute=1 rethrow=0 return_oop=0}
                      ; - (reexecute) java.lang.String::getBytes@5
                      ; - java.lang.AbstractStringBuilder::putStringAt@15
                      ; - java.lang.AbstractStringBuilder::append@30
                      ; - java.lang.StringBuilder::append@2
                      ; - java.net.URLStreamHandler::toExternalForm@77
                      ; - java.net.URL::toExternalForm@5
                      ; - java.net.URL::toString@1
                      ; - java.lang.ClassLoader::defineClassSourceLocation@22
                      ; - java.lang.ClassLoader::defineClass@12
                      ; - java.security.SecureClassLoader::defineClass@12
  0x000001849a9c54ec: 90ee a3ff 

  0x000001849a9c54f0: ;   {other}
  0x000001849a9c54f0: 0f1f 8400 | 6023 002e | 4585 c944 | 8b54 2420 | 410f 94c2 | ba45 ffff | ff48 8b6c | 2428 4c8b 
  0x000001849a9c5510: 4c24 304c | 894c 2420 | 4c8b 4c24 | 384c 894c | 2428 448b | 4c24 4044 | 894c 2430 | 8b4c 2444 
  0x000001849a9c5530: 894c 2434 | 4c89 6c24 | 4848 895c | 2450 4489 | 4424 5844 | 895c 245c | 4489 5424 | 6066 6690 
  0x000001849a9c5550: ;   {runtime_call UncommonTrapBlob}
  0x000001849a9c5550: c5f8 77e8 

  0x000001849a9c5554: ; ImmutableOopMap {rbp=Oop [32]=Oop [40]=Oop [72]=Oop [80]=Oop [88]=NarrowOop [144]=Oop }
                      ;*ifeq {reexecute=1 rethrow=0 return_oop=0}
                      ; - (reexecute) java.lang.String::<init>@19
                      ; - java.lang.String::<init>@3
                      ; - java.lang.StringBuilder::toString@5
                      ; - java.net.URLStreamHandler::toExternalForm@152
                      ; - java.net.URL::toExternalForm@5
                      ; - java.net.URL::toString@1
                      ; - java.lang.ClassLoader::defineClassSourceLocation@22
                      ; - java.lang.ClassLoader::defineClass@12
                      ; - java.security.SecureClassLoader::defineClass@12
  0x000001849a9c5554: 28ee a3ff 

  0x000001849a9c5558: ;   {other}
  0x000001849a9c5558: 0f1f 8400 | c823 002f | 498b d7c5 | f877 49ba | 20a4 d642 | ff7f 0000 

  0x000001849a9c5570: ;   {other}
  0x000001849a9c5570: 41ff d20f | 1f84 0000 | 0000 00e9 | 9cea ffff | ba45 ffff | ff48 8b6c | 2428 488b | 4424 3048 
  0x000001849a9c5590: 8944 2420 | 488b 4424 | 3848 8944 | 2428 448b | 6c24 4044 | 896c 2430 | 8b44 2444 | 8944 2434 
  0x000001849a9c55b0: 8974 2440 | 4889 5c24 | 5089 7c24 | 4444 894c | 2458 894c | 245c 4489 | 4424 6044 | 895c 2464 
  0x000001849a9c55d0: 4489 5424 | 6866 6690 

  0x000001849a9c55d8: ;   {runtime_call UncommonTrapBlob}
  0x000001849a9c55d8: c5f8 77e8 

  0x000001849a9c55dc: ; ImmutableOopMap {rbp=Oop [32]=Oop [40]=Oop [64]=NarrowOop [80]=Oop [88]=NarrowOop [92]=NarrowOop [144]=Oop }
                      ;*if_icmpne {reexecute=1 rethrow=0 return_oop=0}
                      ; - (reexecute) java.lang.String::getBytes@5
                      ; - java.lang.AbstractStringBuilder::putStringAt@15
                      ; - java.lang.AbstractStringBuilder::append@30
                      ; - java.lang.StringBuilder::append@2
                      ; - java.net.URLStreamHandler::toExternalForm@11
                      ; - java.net.URL::toExternalForm@5
                      ; - java.net.URL::toString@1
                      ; - java.lang.ClassLoader::defineClassSourceLocation@22
                      ; - java.lang.ClassLoader::defineClass@12
                      ; - java.security.SecureClassLoader::defineClass@12
  0x000001849a9c55dc: a0ed a3ff 

  0x000001849a9c55e0: ;   {other}
  0x000001849a9c55e0: 0f1f 8400 | 5024 0030 | ba45 ffff | ff89 4c24 | 2089 4c24 | 2448 895c | 2450 4489 | 4424 7090 
  0x000001849a9c5600: ;   {runtime_call UncommonTrapBlob}
  0x000001849a9c5600: c5f8 77e8 

  0x000001849a9c5604: ; ImmutableOopMap {[40]=Oop [48]=Oop [56]=Oop [80]=Oop [96]=NarrowOop [144]=Oop }
                      ;*if_icmpgt {reexecute=1 rethrow=0 return_oop=0}
                      ; - (reexecute) jdk.internal.util.Preconditions::checkFromToIndex@6
                      ; - java.lang.String::checkBoundsBeginEnd@6
                      ; - java.lang.String::substring@8
                      ; - java.lang.ClassLoader::checkCerts@21
                      ; - java.lang.ClassLoader::preDefineClass@113
                      ; - java.lang.ClassLoader::defineClass@4
                      ; - java.security.SecureClassLoader::defineClass@12
  0x000001849a9c5604: 78ed a3ff 

  0x000001849a9c5608: ;   {other}
  0x000001849a9c5608: 0f1f 8400 | 7824 0031 | ba45 ffff | ff48 8b6c | 2428 895c | 2450 6690 

  0x000001849a9c5620: ;   {runtime_call UncommonTrapBlob}
  0x000001849a9c5620: c5f8 77e8 

  0x000001849a9c5624: ; ImmutableOopMap {rbp=Oop [48]=Oop [56]=Oop [144]=Oop }
                      ;*if_icmpne {reexecute=1 rethrow=0 return_oop=0}
                      ; - (reexecute) java.lang.ClassLoader::checkName@20
                      ; - java.lang.ClassLoader::preDefineClass@1
                      ; - java.lang.ClassLoader::defineClass@4
                      ; - java.security.SecureClassLoader::defineClass@12
  0x000001849a9c5624: 58ed a3ff 

  0x000001849a9c5628: ;   {other}
  0x000001849a9c5628: 0f1f 8400 | 9824 0032 | ba45 ffff | ff4c 8b54 | 2428 4c89 | 5424 204c | 8944 2428 | 4c89 4c24 
  0x000001849a9c5648: 3089 7c24 | 3889 7424 | 3c66 6690 

  0x000001849a9c5654: ;   {runtime_call UncommonTrapBlob}
  0x000001849a9c5654: c5f8 77e8 

  0x000001849a9c5658: ; ImmutableOopMap {rbp=Oop [32]=Oop [40]=Oop [48]=Oop }
                      ;*ifnonnull {reexecute=1 rethrow=0 return_oop=0}
                      ; - (reexecute) java.security.SecureClassLoader::getProtectionDomain@1
                      ; - java.security.SecureClassLoader::defineClass@9
  0x000001849a9c5658: 24ed a3ff 

  0x000001849a9c565c: ;   {other}
  0x000001849a9c565c: 0f1f 8400 | cc24 0033 | ba45 ffff | ff66 6690 

  0x000001849a9c566c: ;   {runtime_call UncommonTrapBlob}
  0x000001849a9c566c: c5f8 77e8 

  0x000001849a9c5670: ; ImmutableOopMap {[40]=Oop [48]=Oop [56]=Oop [144]=Oop }
                      ;*if_icmpne {reexecute=1 rethrow=0 return_oop=0}
                      ; - (reexecute) java.lang.ClassLoader::checkName@30
                      ; - java.lang.ClassLoader::preDefineClass@1
                      ; - java.lang.ClassLoader::defineClass@4
                      ; - java.security.SecureClassLoader::defineClass@12
  0x000001849a9c5670: 0ced a3ff 

  0x000001849a9c5674: ;   {other}
  0x000001849a9c5674: 0f1f 8400 | e424 0034 | ba45 ffff | ff4c 8b54 | 2428 4c89 | 5424 2048 | 895c 2450 | 4c89 6c24 
  0x000001849a9c5694: 5866 6690 

  0x000001849a9c5698: ;   {runtime_call UncommonTrapBlob}
  0x000001849a9c5698: c5f8 77e8 

  0x000001849a9c569c: ; ImmutableOopMap {rbp=NarrowOop [32]=Oop [48]=Oop [56]=Oop [80]=Oop [88]=Oop [96]=NarrowOop [144]=Oop }
                      ;*ifnull {reexecute=1 rethrow=0 return_oop=0}
                      ; - (reexecute) java.security.CodeSource::getCertificates@4
                      ; - java.lang.ClassLoader::checkCerts@34
                      ; - java.lang.ClassLoader::preDefineClass@113
                      ; - java.lang.ClassLoader::defineClass@4
                      ; - java.security.SecureClassLoader::defineClass@12
  0x000001849a9c569c: e0ec a3ff 

  0x000001849a9c56a0: ;   {other}
  0x000001849a9c56a0: 0f1f 8400 | 1025 0035 | ba45 ffff | ff4c 8b54 | 2428 4c89 | 5424 2048 | 895c 2450 | 4c89 6c24 
  0x000001849a9c56c0: 5866 6690 

  0x000001849a9c56c4: ;   {runtime_call UncommonTrapBlob}
  0x000001849a9c56c4: c5f8 77e8 

  0x000001849a9c56c8: ; ImmutableOopMap {rbp=NarrowOop [32]=Oop [48]=Oop [56]=Oop [80]=Oop [88]=Oop [96]=NarrowOop [144]=Oop }
                      ;*ifnull {reexecute=1 rethrow=0 return_oop=0}
                      ; - (reexecute) java.security.CodeSource::getCertificates@22
                      ; - java.lang.ClassLoader::checkCerts@34
                      ; - java.lang.ClassLoader::preDefineClass@113
                      ; - java.lang.ClassLoader::defineClass@4
                      ; - java.security.SecureClassLoader::defineClass@12
  0x000001849a9c56c8: b4ec a3ff 

  0x000001849a9c56cc: ;   {other}
  0x000001849a9c56cc: 0f1f 8400 | 3c25 0036 | ba45 ffff | ff48 8b6c | 2428 4c8b | 5424 304c | 8954 2420 | 4c8b 5424 
  0x000001849a9c56ec: 384c 8954 | 2428 448b | 5424 4044 | 8954 2430 | 8974 2440 

  0x000001849a9c5700: ;   {runtime_call UncommonTrapBlob}
  0x000001849a9c5700: c5f8 77e8 

  0x000001849a9c5704: ; ImmutableOopMap {rbp=Oop [32]=Oop [40]=Oop [64]=NarrowOop [144]=Oop }
                      ;*ifnull {reexecute=1 rethrow=0 return_oop=0}
                      ; - (reexecute) java.lang.ClassLoader::defineClassSourceLocation@15
                      ; - java.lang.ClassLoader::defineClass@12
                      ; - java.security.SecureClassLoader::defineClass@12
  0x000001849a9c5704: 78ec a3ff 

  0x000001849a9c5708: ;   {other}
  0x000001849a9c5708: 0f1f 8400 | 7825 0037 | ba45 ffff | ff48 8b6c | 2428 4c8b | 5424 304c | 8954 2420 | 4c8b 5424 
  0x000001849a9c5728: 384c 8954 | 2428 448b | 5424 4044 | 8954 2430 | 448b 5424 | 4444 8954 | 2434 8974 | 2440 4889 
  0x000001849a9c5748: 5c24 5048 | 895c 2458 | 4489 4c24 | 4444 895c | 2468 6690 

  0x000001849a9c575c: ;   {runtime_call UncommonTrapBlob}
  0x000001849a9c575c: c5f8 77e8 

  0x000001849a9c5760: ; ImmutableOopMap {rbp=Oop [32]=Oop [40]=Oop [64]=NarrowOop [80]=Oop [88]=Oop [144]=Oop }
                      ;*if_icmpeq {reexecute=1 rethrow=0 return_oop=0}
                      ; - (reexecute) java.lang.AbstractStringBuilder::inflateIfNeededFor@14
                      ; - java.lang.AbstractStringBuilder::putStringAt@2
                      ; - java.lang.AbstractStringBuilder::append@30
                      ; - java.lang.StringBuilder::append@2
                      ; - java.net.URLStreamHandler::toExternalForm@59
                      ; - java.net.URL::toExternalForm@5
                      ; - java.net.URL::toString@1
                      ; - java.lang.ClassLoader::defineClassSourceLocation@22
                      ; - java.lang.ClassLoader::defineClass@12
                      ; - java.security.SecureClassLoader::defineClass@12
  0x000001849a9c5760: 1cec a3ff 

  0x000001849a9c5764: ;   {other}
  0x000001849a9c5764: 0f1f 8400 | d425 0038 | ba45 ffff | ff48 8b6c | 2428 4c8b | 5424 304c | 8954 2420 | 4c8b 5424 
  0x000001849a9c5784: 384c 8954 | 2428 448b | 5424 4044 | 8954 2430 | 448b 4424 | 4444 8944 | 2434 8974 | 2440 4889 
  0x000001849a9c57a4: 5c24 5089 | 7c24 4448 | 895c 2458 | 4489 4c24 | 6089 4424 | 6489 4c24 | 7044 895c | 2474 6690 
  0x000001849a9c57c4: ;   {runtime_call UncommonTrapBlob}
  0x000001849a9c57c4: c5f8 77e8 

  0x000001849a9c57c8: ; ImmutableOopMap {rbp=Oop [32]=Oop [40]=Oop [64]=NarrowOop [80]=Oop [88]=Oop [100]=NarrowOop [144]=Oop }
                      ;*if_icmpeq {reexecute=1 rethrow=0 return_oop=0}
                      ; - (reexecute) java.lang.AbstractStringBuilder::inflateIfNeededFor@14
                      ; - java.lang.AbstractStringBuilder::putStringAt@2
                      ; - java.lang.AbstractStringBuilder::append@30
                      ; - java.lang.StringBuilder::append@2
                      ; - java.net.URLStreamHandler::toExternalForm@77
                      ; - java.net.URL::toExternalForm@5
                      ; - java.net.URL::toString@1
                      ; - java.lang.ClassLoader::defineClassSourceLocation@22
                      ; - java.lang.ClassLoader::defineClass@12
                      ; - java.security.SecureClassLoader::defineClass@12
  0x000001849a9c57c8: b4eb a3ff 

  0x000001849a9c57cc: ;   {other}
  0x000001849a9c57cc: 0f1f 8400 | 3c26 0039 | ba45 ffff | ff4c 8b54 | 2428 4c89 | 5424 204c | 8b54 2430 | 4c89 5424 
  0x000001849a9c57ec: 284c 8b54 | 2438 4c89 | 5424 3044 | 8b5c 2440 | 4489 5c24 | 3844 8b54 | 2444 4489 | 5424 3c89 
  0x000001849a9c580c: 7424 4848 | 895c 2450 

  0x000001849a9c5814: ;   {runtime_call UncommonTrapBlob}
  0x000001849a9c5814: c5f8 77e8 

  0x000001849a9c5818: ; ImmutableOopMap {rbp=NarrowOop [32]=Oop [40]=Oop [48]=Oop [72]=NarrowOop [80]=Oop [144]=Oop }
                      ;*ifnull {reexecute=1 rethrow=0 return_oop=0}
                      ; - (reexecute) java.net.URLStreamHandler::toExternalForm@86
                      ; - java.net.URL::toExternalForm@5
                      ; - java.net.URL::toString@1
                      ; - java.lang.ClassLoader::defineClassSourceLocation@22
                      ; - java.lang.ClassLoader::defineClass@12
                      ; - java.security.SecureClassLoader::defineClass@12
  0x000001849a9c5818: 64eb a3ff 

  0x000001849a9c581c: ;   {other}
  0x000001849a9c581c: 0f1f 8400 | 8c26 003a | ba45 ffff | ff48 8b6c | 2428 4c8b | 5c24 304c | 895c 2420 | 4c8b 5c24 
  0x000001849a9c583c: 384c 895c | 2428 448b | 4c24 4044 | 894c 2430 | 448b 5c24 | 4444 895c | 2434 8974 | 2440 4889 
  0x000001849a9c585c: 5c24 5048 | 895c 2458 | 4489 5424 | 4444 8944 | 2468 6690 

  0x000001849a9c5870: ;   {runtime_call UncommonTrapBlob}
  0x000001849a9c5870: c5f8 77e8 

  0x000001849a9c5874: ; ImmutableOopMap {rbp=Oop [32]=Oop [40]=Oop [64]=NarrowOop [80]=Oop [88]=Oop [144]=Oop }
                      ;*if_icmpeq {reexecute=1 rethrow=0 return_oop=0}
                      ; - (reexecute) java.lang.AbstractStringBuilder::inflateIfNeededFor@14
                      ; - java.lang.AbstractStringBuilder::putStringAt@2
                      ; - java.lang.AbstractStringBuilder::append@30
                      ; - java.lang.StringBuilder::append@2
                      ; - java.net.URLStreamHandler::toExternalForm@113
                      ; - java.net.URL::toExternalForm@5
                      ; - java.net.URL::toString@1
                      ; - java.lang.ClassLoader::defineClassSourceLocation@22
                      ; - java.lang.ClassLoader::defineClass@12
                      ; - java.security.SecureClassLoader::defineClass@12
  0x000001849a9c5874: 08eb a3ff 

  0x000001849a9c5878: ;   {other}
  0x000001849a9c5878: 0f1f 8400 | e826 003b | ba45 ffff | ff4c 8b54 | 2428 4c89 | 5424 204c | 8b54 2430 | 4c89 5424 
  0x000001849a9c5898: 284c 8b54 | 2438 4c89 | 5424 3044 | 8b5c 2440 | 4489 5c24 | 3844 8b54 | 2444 4489 | 5424 3c48 
  0x000001849a9c58b8: 895c 2448 

  0x000001849a9c58bc: ;   {runtime_call UncommonTrapBlob}
  0x000001849a9c58bc: c5f8 77e8 

  0x000001849a9c58c0: ; ImmutableOopMap {rbp=NarrowOop [32]=Oop [40]=Oop [48]=Oop [72]=Oop [144]=Oop }
                      ;*ifnull {reexecute=1 rethrow=0 return_oop=0}
                      ; - (reexecute) java.net.URLStreamHandler::toExternalForm@122
                      ; - java.net.URL::toExternalForm@5
                      ; - java.net.URL::toString@1
                      ; - java.lang.ClassLoader::defineClassSourceLocation@22
                      ; - java.lang.ClassLoader::defineClass@12
                      ; - java.security.SecureClassLoader::defineClass@12
  0x000001849a9c58c0: bcea a3ff 

  0x000001849a9c58c4: ;   {other}
  0x000001849a9c58c4: 0f1f 8400 | 3427 003c | ba45 ffff | ff4c 8b54 | 2428 4c89 | 5424 204c | 8b54 2430 | 4c89 5424 
  0x000001849a9c58e4: 284c 8b54 | 2438 4c89 | 5424 3044 | 8b54 2440 | 4489 5424 | 3844 8b5c | 2444 4489 | 5c24 3c48 
  0x000001849a9c5904: 895c 2450 | 4889 5c24 | 5844 8944 | 2460 6690 

  0x000001849a9c5914: ;   {runtime_call UncommonTrapBlob}
  0x000001849a9c5914: c5f8 77e8 

  0x000001849a9c5918: ; ImmutableOopMap {[32]=Oop [40]=Oop [48]=Oop [80]=Oop [88]=Oop [144]=Oop }
                      ;*if_icmpeq {reexecute=1 rethrow=0 return_oop=0}
                      ; - (reexecute) java.lang.AbstractStringBuilder::inflateIfNeededFor@14
                      ; - java.lang.AbstractStringBuilder::putStringAt@2
                      ; - java.lang.AbstractStringBuilder::append@30
                      ; - java.lang.StringBuilder::append@2
                      ; - java.net.URLStreamHandler::toExternalForm@149
                      ; - java.net.URL::toExternalForm@5
                      ; - java.net.URL::toString@1
                      ; - java.lang.ClassLoader::defineClassSourceLocation@22
                      ; - java.lang.ClassLoader::defineClass@12
                      ; - java.security.SecureClassLoader::defineClass@12
  0x000001849a9c5918: 64ea a3ff 

  0x000001849a9c591c: ;   {other}
  0x000001849a9c591c: 0f1f 8400 | 8c27 003d | ba45 ffff | ff48 8b6c | 2428 488b | 4c24 3048 | 894c 2420 | 488b 4c24 
  0x000001849a9c593c: 3848 894c | 2428 8b4c | 2440 894c | 2430 8b44 | 2444 8944 | 2434 8974 | 2440 4889 | 5c24 5089 
  0x000001849a9c595c: 7c24 4448 | 895c 2458 | 4489 4424 | 6044 894c | 2464 4489 | 5424 7044 | 895c 2474 

  0x000001849a9c5978: ;   {runtime_call UncommonTrapBlob}
  0x000001849a9c5978: c5f8 77e8 

  0x000001849a9c597c: ; ImmutableOopMap {rbp=Oop [32]=Oop [40]=Oop [64]=NarrowOop [80]=Oop [88]=Oop [100]=NarrowOop [144]=Oop }
                      ;*if_icmpeq {reexecute=1 rethrow=0 return_oop=0}
                      ; - (reexecute) java.lang.AbstractStringBuilder::inflateIfNeededFor@14
                      ; - java.lang.AbstractStringBuilder::putStringAt@2
                      ; - java.lang.AbstractStringBuilder::append@30
                      ; - java.lang.StringBuilder::append@2
                      ; - java.net.URLStreamHandler::toExternalForm@11
                      ; - java.net.URL::toExternalForm@5
                      ; - java.net.URL::toString@1
                      ; - java.lang.ClassLoader::defineClassSourceLocation@22
                      ; - java.lang.ClassLoader::defineClass@12
                      ; - java.security.SecureClassLoader::defineClass@12
  0x000001849a9c597c: 00ea a3ff 

  0x000001849a9c5980: ;   {other}
  0x000001849a9c5980: 0f1f 8400 | f027 003e | ba45 ffff | ff89 4c24 | 2089 4c24 | 2448 895c | 2450 4489 | 4424 7044 
  0x000001849a9c59a0: 8944 2474 

  0x000001849a9c59a4: ;   {runtime_call UncommonTrapBlob}
  0x000001849a9c59a4: c5f8 77e8 

  0x000001849a9c59a8: ; ImmutableOopMap {[40]=Oop [48]=Oop [56]=Oop [80]=Oop [96]=NarrowOop [144]=Oop }
                      ;*if_icmple {reexecute=1 rethrow=0 return_oop=0}
                      ; - (reexecute) jdk.internal.util.Preconditions::checkFromToIndex@11
                      ; - java.lang.String::checkBoundsBeginEnd@6
                      ; - java.lang.String::substring@8
                      ; - java.lang.ClassLoader::checkCerts@21
                      ; - java.lang.ClassLoader::preDefineClass@113
                      ; - java.lang.ClassLoader::defineClass@4
                      ; - java.security.SecureClassLoader::defineClass@12
  0x000001849a9c59a8: d4e9 a3ff 

  0x000001849a9c59ac: ;   {other}
  0x000001849a9c59ac: 0f1f 8400 | 1c28 003f | ba45 ffff | ff4c 8b54 | 2428 4c89 | 5424 2090 

  0x000001849a9c59c4: ;   {runtime_call UncommonTrapBlob}
  0x000001849a9c59c4: c5f8 77e8 

  0x000001849a9c59c8: ; ImmutableOopMap {[32]=Oop [48]=Oop [56]=Oop [144]=Oop }
                      ;*ifne {reexecute=1 rethrow=0 return_oop=0}
                      ; - (reexecute) java.lang.ClassLoader::compareCerts@7
                      ; - java.lang.ClassLoader::checkCerts@80
                      ; - java.lang.ClassLoader::preDefineClass@113
                      ; - java.lang.ClassLoader::defineClass@4
                      ; - java.security.SecureClassLoader::defineClass@12
  0x000001849a9c59c8: b4e9 a3ff 

  0x000001849a9c59cc: ;   {other}
  0x000001849a9c59cc: 0f1f 8400 | 3c28 0040 | 418b c9e9 | cadf ffff | 498b d7c5 | f877 49ba | 20a4 d642 | ff7f 0000 
  0x000001849a9c59ec: ;   {other}
  0x000001849a9c59ec: 41ff d20f | 1f84 0000 | 0000 00e9 | b6e0 ffff | bae4 ffff | ff44 8954 | 2420 448b | 5424 4044 
  0x000001849a9c5a0c: 8954 2424 

  0x000001849a9c5a10: ;   {runtime_call UncommonTrapBlob}
  0x000001849a9c5a10: c5f8 77e8 

  0x000001849a9c5a14: ; ImmutableOopMap {[32]=NarrowOop [40]=Oop [48]=Oop [56]=Oop [144]=Oop }
                      ;*baload {reexecute=0 rethrow=0 return_oop=0}
                      ; - jdk.internal.util.ArraysSupport::mismatch@82
                      ; - java.lang.String::startsWith@70
                      ; - java.lang.String::startsWith@3
                      ; - java.lang.ClassLoader::preDefineClass@43
                      ; - java.lang.ClassLoader::defineClass@4
                      ; - java.security.SecureClassLoader::defineClass@12
  0x000001849a9c5a14: 68e9 a3ff 

  0x000001849a9c5a18: ;   {other}
  0x000001849a9c5a18: 0f1f 8400 | 8828 0041 | 4963 cbe9 | bfe6 ffff | 4883 c1fe | 498b fa48 | 33c0 4883 | f908 7f10 
  0x000001849a9c5a38: 48ff c978 | 4f48 8904 | cf48 ffc9 | 7df7 eb44 | c5fd efc0 | e90d 0000 | 00c5 fe7f | 07c5 fe7f 
  0x000001849a9c5a58: 4720 4883 | c740 4883 | e908 7ded | 4883 c104 | 7c0c c5fe | 7f07 4883 | c720 4883 | e904 4883 
  0x000001849a9c5a78: c104 7e10 | 48ff c9c5 | f9d6 0748 | 83c7 0848 | ffc9 7df3 | e917 e7ff | ffba ccff | ffff 488b 
  0x000001849a9c5a98: 6c24 284c | 8b54 2430 | 4c89 5424 | 204c 8b54 | 2438 4c89 | 5424 2844 | 8b4c 2440 | 4489 4c24 
  0x000001849a9c5ab8: 3044 8b54 | 2444 4489 | 5424 344c | 896c 2448 | 4489 4424 | 5044 895c | 2458 6690 

  0x000001849a9c5ad4: ;   {runtime_call UncommonTrapBlob}
  0x000001849a9c5ad4: c5f8 77e8 

  0x000001849a9c5ad8: ; ImmutableOopMap {rbp=Oop [32]=Oop [40]=Oop [72]=Oop [80]=NarrowOop [144]=Oop }
                      ;*newarray {reexecute=1 rethrow=0 return_oop=0}
                      ; - (reexecute) java.util.Arrays::copyOfRangeByte@10
                      ; - java.util.Arrays::copyOfRange@13
                      ; - java.lang.String::<init>@32
                      ; - java.lang.String::<init>@3
                      ; - java.lang.StringBuilder::toString@5
                      ; - java.net.URLStreamHandler::toExternalForm@152
                      ; - java.net.URL::toExternalForm@5
                      ; - java.net.URL::toString@1
                      ; - java.lang.ClassLoader::defineClassSourceLocation@22
                      ; - java.lang.ClassLoader::defineClass@12
                      ; - java.security.SecureClassLoader::defineClass@12
  0x000001849a9c5ad8: a4e8 a3ff 

  0x000001849a9c5adc: ;   {other}
  0x000001849a9c5adc: 0f1f 8400 | 4c29 0042 | 4c63 c9e9 | c5ea ffff | 4983 c1fe | 498b c949 | 8bfa 4833 | c048 83f9 
  0x000001849a9c5afc: 087f 1048 | ffc9 784f | 4889 04cf | 48ff c97d | f7eb 44c5 | fdef c0e9 | 0d00 0000 | c5fe 7f07 
  0x000001849a9c5b1c: c5fe 7f47 | 2048 83c7 | 4048 83e9 | 087d ed48 | 83c1 047c | 0cc5 fe7f | 0748 83c7 | 2048 83e9 
  0x000001849a9c5b3c: 0448 83c1 | 047e 1048 | ffc9 c5f9 | d607 4883 | c708 48ff | c97d f3e9 | 28eb ffff | bacc ffff 
  0x000001849a9c5b5c: ff41 8bea | 894c 2424 | 4889 5c24 | 504c 896c | 2470 6690 

  0x000001849a9c5b70: ;   {runtime_call UncommonTrapBlob}
  0x000001849a9c5b70: c5f8 77e8 

  0x000001849a9c5b74: ; ImmutableOopMap {rbp=NarrowOop [40]=Oop [48]=Oop [56]=Oop [80]=Oop [96]=NarrowOop [112]=Oop [144]=Oop }
                      ;*newarray {reexecute=1 rethrow=0 return_oop=0}
                      ; - (reexecute) java.util.Arrays::copyOfRangeByte@10
                      ; - java.util.Arrays::copyOfRange@13
                      ; - java.lang.StringLatin1::newString@16
                      ; - java.lang.String::substring@41
                      ; - java.lang.ClassLoader::checkCerts@21
                      ; - java.lang.ClassLoader::preDefineClass@113
                      ; - java.lang.ClassLoader::defineClass@4
                      ; - java.security.SecureClassLoader::defineClass@12
  0x000001849a9c5b74: 08e8 a3ff 

  0x000001849a9c5b78: ;   {other}
  0x000001849a9c5b78: 0f1f 8400 | e829 0043 | 498b d7c5 | f877 49ba | 20a4 d642 | ff7f 0000 

  0x000001849a9c5b90: ;   {other}
  0x000001849a9c5b90: 41ff d20f | 1f84 0000 | 0000 00e9 | 69e6 ffff | 498b d7c5 | f877 49ba | 20a4 d642 | ff7f 0000 
  0x000001849a9c5bb0: ;   {other}
  0x000001849a9c5bb0: 41ff d20f | 1f84 0000 | 0000 00e9 | e9e6 ffff | 498b d7c5 | f877 49ba | 20a4 d642 | ff7f 0000 
  0x000001849a9c5bd0: ;   {other}
  0x000001849a9c5bd0: 41ff d20f | 1f84 0000 | 0000 00e9 | 7be7 ffff | 498b d7c5 | f877 49ba | 20a4 d642 | ff7f 0000 
  0x000001849a9c5bf0: ;   {other}
  0x000001849a9c5bf0: 41ff d20f | 1f84 0000 | 0000 00e9 | 11e8 ffff | 498b d7c5 | f877 49ba | 20a4 d642 | ff7f 0000 
  0x000001849a9c5c10: ;   {other}
  0x000001849a9c5c10: 41ff d20f | 1f84 0000 | 0000 00e9 | 81e8 ffff | 498b d7c5 | f877 49ba | 20a4 d642 | ff7f 0000 
  0x000001849a9c5c30: ;   {other}
  0x000001849a9c5c30: 41ff d20f | 1f84 0000 | 0000 00e9 | 13e9 ffff | ba45 ffff | ff48 8b6c | 2428 4c8b | 5424 304c 
  0x000001849a9c5c50: 8954 2420 | 4c8b 5424 | 384c 8954 | 2428 448b | 4c24 4044 | 894c 2430 | 448b 5424 | 4444 8954 
  0x000001849a9c5c70: 2434 4c89 | 6c24 4844 | 8944 2450 | 4489 5c24 | 5844 895c | 245c 6690 

  0x000001849a9c5c88: ;   {runtime_call UncommonTrapBlob}
  0x000001849a9c5c88: c5f8 77e8 

  0x000001849a9c5c8c: ; ImmutableOopMap {rbp=Oop [32]=Oop [40]=Oop [72]=Oop [80]=NarrowOop [144]=Oop }
                      ;*if_icmpge {reexecute=1 rethrow=0 return_oop=0}
                      ; - (reexecute) java.util.Arrays::checkLength@2
                      ; - java.util.Arrays::copyOfRangeByte@2
                      ; - java.util.Arrays::copyOfRange@13
                      ; - java.lang.String::<init>@32
                      ; - java.lang.String::<init>@3
                      ; - java.lang.StringBuilder::toString@5
                      ; - java.net.URLStreamHandler::toExternalForm@152
                      ; - java.net.URL::toExternalForm@5
                      ; - java.net.URL::toString@1
                      ; - java.lang.ClassLoader::defineClassSourceLocation@22
                      ; - java.lang.ClassLoader::defineClass@12
                      ; - java.security.SecureClassLoader::defineClass@12
  0x000001849a9c5c8c: f0e6 a3ff 

  0x000001849a9c5c90: ;   {other}
  0x000001849a9c5c90: 0f1f 8400 | 002b 0044 | ba37 0100 | 0048 8be9 | 4c8b 5424 | 384c 8954 | 2428 6690 

  0x000001849a9c5cac: ;   {runtime_call UncommonTrapBlob}
  0x000001849a9c5cac: c5f8 77e8 

  0x000001849a9c5cb0: ; ImmutableOopMap {rbp=Oop [40]=Oop [48]=Oop }
                      ;*new {reexecute=0 rethrow=0 return_oop=0}
                      ; - java.lang.ClassLoader::preDefineClass@56
                      ; - java.lang.ClassLoader::defineClass@4
                      ; - java.security.SecureClassLoader::defineClass@12
  0x000001849a9c5cb0: cce6 a3ff 

  0x000001849a9c5cb4: ;   {other}
  0x000001849a9c5cb4: 0f1f 8400 | 242b 0045 | bade ffff | ff48 8b6c | 2428 4c8b | 5424 304c | 8954 2420 | 4c8b 5424 
  0x000001849a9c5cd4: 384c 8954 | 2428 4889 | 4424 3890 

  0x000001849a9c5ce0: ;   {runtime_call UncommonTrapBlob}
  0x000001849a9c5ce0: c5f8 77e8 

  0x000001849a9c5ce4: ; ImmutableOopMap {rbp=Oop [32]=Oop [40]=Oop [56]=Oop }
                      ;*checkcast {reexecute=0 rethrow=0 return_oop=0}
                      ; - java.security.SecureClassLoader::getProtectionDomain@33
                      ; - java.security.SecureClassLoader::defineClass@9
  0x000001849a9c5ce4: 98e6 a3ff 

  0x000001849a9c5ce8: ;   {other}
  0x000001849a9c5ce8: 0f1f 8400 | 582b 0046 | bade ffff | ff48 8b6c | 2428 4c8b | 5424 384c | 8954 2428 | 448b 5c24 
  0x000001849a9c5d08: 4044 895c | 2438 448b | 5424 4444 | 8954 243c | 4889 4424 | 5066 6690 

  0x000001849a9c5d20: ;   {runtime_call UncommonTrapBlob}
  0x000001849a9c5d20: c5f8 77e8 

  0x000001849a9c5d24: ; ImmutableOopMap {rbp=Oop [40]=Oop [48]=Oop [72]=Oop [80]=Oop [144]=Oop }
                      ;*checkcast {reexecute=0 rethrow=0 return_oop=0}
                      ; - java.lang.ClassLoader::checkCerts@65
                      ; - java.lang.ClassLoader::preDefineClass@113
                      ; - java.lang.ClassLoader::defineClass@4
                      ; - java.security.SecureClassLoader::defineClass@12
  0x000001849a9c5d24: 58e6 a3ff 

  0x000001849a9c5d28: ;   {other}
  0x000001849a9c5d28: 0f1f 8400 | 982b 0047 | baf6 ffff | ff49 8be8 | 4c89 4c24 | 2066 6690 

  0x000001849a9c5d40: ;   {runtime_call UncommonTrapBlob}
  0x000001849a9c5d40: c5f8 77e8 

  0x000001849a9c5d44: ; ImmutableOopMap {rbp=Oop [32]=Oop }
                      ;*invokeinterface computeIfAbsent {reexecute=0 rethrow=0 return_oop=0}
                      ; - java.security.SecureClassLoader::getProtectionDomain@28
                      ; - java.security.SecureClassLoader::defineClass@9
  0x000001849a9c5d44: 38e6 a3ff 

  0x000001849a9c5d48: ;   {other}
  0x000001849a9c5d48: 0f1f 8400 | b82b 0048 | baf4 ffff | ff48 8b6c | 2428 4c8b | 5424 304c | 8954 2420 

  0x000001849a9c5d64: ;   {runtime_call UncommonTrapBlob}
  0x000001849a9c5d64: c5f8 77e8 

  0x000001849a9c5d68: ; ImmutableOopMap {rbp=Oop [32]=Oop [56]=Oop }
                      ;*checkcast {reexecute=0 rethrow=0 return_oop=0}
                      ; - java.security.SecureClassLoader::getProtectionDomain@33
                      ; - java.security.SecureClassLoader::defineClass@9
  0x000001849a9c5d68: 14e6 a3ff 

  0x000001849a9c5d6c: ;   {other}
  0x000001849a9c5d6c: 0f1f 8400 | dc2b 0049 | baf6 ffff | ff66 6690 

  0x000001849a9c5d7c: ;   {runtime_call UncommonTrapBlob}
  0x000001849a9c5d7c: c5f8 77e8 

  0x000001849a9c5d80: ; ImmutableOopMap {}
                      ;*arraylength {reexecute=0 rethrow=0 return_oop=0}
                      ; - java.lang.String::isEmpty@4
                      ; - java.lang.ClassLoader::checkName@5
                      ; - java.lang.ClassLoader::preDefineClass@1
                      ; - java.lang.ClassLoader::defineClass@4
                      ; - java.security.SecureClassLoader::defineClass@12
  0x000001849a9c5d80: fce5 a3ff 

  0x000001849a9c5d84: ;   {other}
  0x000001849a9c5d84: 0f1f 8400 | f42b 004a | baf6 ffff | ff66 6690 

  0x000001849a9c5d94: ;   {runtime_call UncommonTrapBlob}
  0x000001849a9c5d94: c5f8 77e8 

  0x000001849a9c5d98: ; ImmutableOopMap {}
                      ;*arraylength {reexecute=0 rethrow=0 return_oop=0}
                      ; - java.lang.AbstractStringBuilder::ensureCapacityInternal@4
                      ; - java.lang.AbstractStringBuilder::append@7
                      ; - java.lang.StringBuilder::append@2
                      ; - java.net.URLStreamHandler::toExternalForm@16
                      ; - java.net.URL::toExternalForm@5
                      ; - java.net.URL::toString@1
                      ; - java.lang.ClassLoader::defineClassSourceLocation@22
                      ; - java.lang.ClassLoader::defineClass@12
                      ; - java.security.SecureClassLoader::defineClass@12
  0x000001849a9c5d98: e4e5 a3ff 

  0x000001849a9c5d9c: ;   {other}
  0x000001849a9c5d9c: 0f1f 8400 | 0c2c 004b | baf6 ffff | ff66 6690 

  0x000001849a9c5dac: ;   {runtime_call UncommonTrapBlob}
  0x000001849a9c5dac: c5f8 77e8 

  0x000001849a9c5db0: ; ImmutableOopMap {}
                      ;*arraylength {reexecute=0 rethrow=0 return_oop=0}
                      ; - java.lang.AbstractStringBuilder::ensureCapacityInternal@4
                      ; - java.lang.AbstractStringBuilder::append@21
                      ; - java.lang.StringBuilder::append@2
                      ; - java.net.URLStreamHandler::toExternalForm@59
                      ; - java.net.URL::toExternalForm@5
                      ; - java.net.URL::toString@1
                      ; - java.lang.ClassLoader::defineClassSourceLocation@22
                      ; - java.lang.ClassLoader::defineClass@12
                      ; - java.security.SecureClassLoader::defineClass@12
  0x000001849a9c5db0: cce5 a3ff 

  0x000001849a9c5db4: ;   {other}
  0x000001849a9c5db4: 0f1f 8400 | 242c 004c | baf6 ffff | ff41 8be9 

  0x000001849a9c5dc4: ;   {runtime_call UncommonTrapBlob}
  0x000001849a9c5dc4: c5f8 77e8 

  0x000001849a9c5dc8: ; ImmutableOopMap {}
                      ;*invokestatic arraycopy {reexecute=0 rethrow=0 return_oop=0}
                      ; - java.lang.String::getBytes@22
                      ; - java.lang.AbstractStringBuilder::putStringAt@15
                      ; - java.lang.AbstractStringBuilder::append@30
                      ; - java.lang.StringBuilder::append@2
                      ; - java.net.URLStreamHandler::toExternalForm@59
                      ; - java.net.URL::toExternalForm@5
                      ; - java.net.URL::toString@1
                      ; - java.lang.ClassLoader::defineClassSourceLocation@22
                      ; - java.lang.ClassLoader::defineClass@12
                      ; - java.security.SecureClassLoader::defineClass@12
  0x000001849a9c5dc8: b4e5 a3ff 

  0x000001849a9c5dcc: ;   {other}
  0x000001849a9c5dcc: 0f1f 8400 | 3c2c 004d | baf6 ffff | ff66 6690 

  0x000001849a9c5ddc: ;   {runtime_call UncommonTrapBlob}
  0x000001849a9c5ddc: c5f8 77e8 

  0x000001849a9c5de0: ; ImmutableOopMap {}
                      ;*arraylength {reexecute=0 rethrow=0 return_oop=0}
                      ; - java.lang.String::length@4
                      ; - java.lang.AbstractStringBuilder::append@10
                      ; - java.lang.StringBuilder::append@2
                      ; - java.net.URLStreamHandler::toExternalForm@77
                      ; - java.net.URL::toExternalForm@5
                      ; - java.net.URL::toString@1
                      ; - java.lang.ClassLoader::defineClassSourceLocation@22
                      ; - java.lang.ClassLoader::defineClass@12
                      ; - java.security.SecureClassLoader::defineClass@12
  0x000001849a9c5de0: 9ce5 a3ff 

  0x000001849a9c5de4: ;   {other}
  0x000001849a9c5de4: 0f1f 8400 | 542c 004e | baf6 ffff | ff66 6690 

  0x000001849a9c5df4: ;   {runtime_call UncommonTrapBlob}
  0x000001849a9c5df4: c5f8 77e8 

  0x000001849a9c5df8: ; ImmutableOopMap {}
                      ;*arraylength {reexecute=0 rethrow=0 return_oop=0}
                      ; - java.lang.AbstractStringBuilder::ensureCapacityInternal@4
                      ; - java.lang.AbstractStringBuilder::append@21
                      ; - java.lang.StringBuilder::append@2
                      ; - java.net.URLStreamHandler::toExternalForm@77
                      ; - java.net.URL::toExternalForm@5
                      ; - java.net.URL::toString@1
                      ; - java.lang.ClassLoader::defineClassSourceLocation@22
                      ; - java.lang.ClassLoader::defineClass@12
                      ; - java.security.SecureClassLoader::defineClass@12
  0x000001849a9c5df8: 84e5 a3ff 

  0x000001849a9c5dfc: ;   {other}
  0x000001849a9c5dfc: 0f1f 8400 | 6c2c 004f | baf6 ffff | ff66 6690 

  0x000001849a9c5e0c: ;   {runtime_call UncommonTrapBlob}
  0x000001849a9c5e0c: c5f8 77e8 

  0x000001849a9c5e10: ; ImmutableOopMap {}
                      ;*arraylength {reexecute=0 rethrow=0 return_oop=0}
                      ; - java.lang.String::getBytes@21
                      ; - java.lang.AbstractStringBuilder::putStringAt@15
                      ; - java.lang.AbstractStringBuilder::append@30
                      ; - java.lang.StringBuilder::append@2
                      ; - java.net.URLStreamHandler::toExternalForm@77
                      ; - java.net.URL::toExternalForm@5
                      ; - java.net.URL::toString@1
                      ; - java.lang.ClassLoader::defineClassSourceLocation@22
                      ; - java.lang.ClassLoader::defineClass@12
                      ; - java.security.SecureClassLoader::defineClass@12
  0x000001849a9c5e10: 6ce5 a3ff 

  0x000001849a9c5e14: ;   {other}
  0x000001849a9c5e14: 0f1f 8400 | 842c 0050 | baf6 ffff | ff89 4424 | 2044 8944 | 2424 6690 

  0x000001849a9c5e2c: ;   {runtime_call UncommonTrapBlob}
  0x000001849a9c5e2c: c5f8 77e8 

  0x000001849a9c5e30: ; ImmutableOopMap {[32]=NarrowOop }
                      ;*invokestatic arraycopy {reexecute=0 rethrow=0 return_oop=0}
                      ; - java.lang.String::getBytes@22
                      ; - java.lang.AbstractStringBuilder::putStringAt@15
                      ; - java.lang.AbstractStringBuilder::append@30
                      ; - java.lang.StringBuilder::append@2
                      ; - java.net.URLStreamHandler::toExternalForm@77
                      ; - java.net.URL::toExternalForm@5
                      ; - java.net.URL::toString@1
                      ; - java.lang.ClassLoader::defineClassSourceLocation@22
                      ; - java.lang.ClassLoader::defineClass@12
                      ; - java.security.SecureClassLoader::defineClass@12
  0x000001849a9c5e30: 4ce5 a3ff 

  0x000001849a9c5e34: ;   {other}
  0x000001849a9c5e34: 0f1f 8400 | a42c 0051 | baf6 ffff | ff66 6690 

  0x000001849a9c5e44: ;   {runtime_call UncommonTrapBlob}
  0x000001849a9c5e44: c5f8 77e8 

  0x000001849a9c5e48: ; ImmutableOopMap {}
                      ;*arraylength {reexecute=0 rethrow=0 return_oop=0}
                      ; - java.lang.AbstractStringBuilder::ensureCapacityInternal@4
                      ; - java.lang.AbstractStringBuilder::append@21
                      ; - java.lang.StringBuilder::append@2
                      ; - java.net.URLStreamHandler::toExternalForm@113
                      ; - java.net.URL::toExternalForm@5
                      ; - java.net.URL::toString@1
                      ; - java.lang.ClassLoader::defineClassSourceLocation@22
                      ; - java.lang.ClassLoader::defineClass@12
                      ; - java.security.SecureClassLoader::defineClass@12
  0x000001849a9c5e48: 34e5 a3ff 

  0x000001849a9c5e4c: ;   {other}
  0x000001849a9c5e4c: 0f1f 8400 | bc2c 0052 | baf6 ffff | ff41 8bea 

  0x000001849a9c5e5c: ;   {runtime_call UncommonTrapBlob}
  0x000001849a9c5e5c: c5f8 77e8 

  0x000001849a9c5e60: ; ImmutableOopMap {}
                      ;*invokestatic arraycopy {reexecute=0 rethrow=0 return_oop=0}
                      ; - java.lang.String::getBytes@22
                      ; - java.lang.AbstractStringBuilder::putStringAt@15
                      ; - java.lang.AbstractStringBuilder::append@30
                      ; - java.lang.StringBuilder::append@2
                      ; - java.net.URLStreamHandler::toExternalForm@113
                      ; - java.net.URL::toExternalForm@5
                      ; - java.net.URL::toString@1
                      ; - java.lang.ClassLoader::defineClassSourceLocation@22
                      ; - java.lang.ClassLoader::defineClass@12
                      ; - java.security.SecureClassLoader::defineClass@12
  0x000001849a9c5e60: 1ce5 a3ff 

  0x000001849a9c5e64: ;   {other}
  0x000001849a9c5e64: 0f1f 8400 | d42c 0053 | baf6 ffff | ff66 6690 

  0x000001849a9c5e74: ;   {runtime_call UncommonTrapBlob}
  0x000001849a9c5e74: c5f8 77e8 

  0x000001849a9c5e78: ; ImmutableOopMap {}
                      ;*arraylength {reexecute=0 rethrow=0 return_oop=0}
                      ; - java.lang.AbstractStringBuilder::ensureCapacityInternal@4
                      ; - java.lang.AbstractStringBuilder::append@21
                      ; - java.lang.StringBuilder::append@2
                      ; - java.net.URLStreamHandler::toExternalForm@149
                      ; - java.net.URL::toExternalForm@5
                      ; - java.net.URL::toString@1
                      ; - java.lang.ClassLoader::defineClassSourceLocation@22
                      ; - java.lang.ClassLoader::defineClass@12
                      ; - java.security.SecureClassLoader::defineClass@12
  0x000001849a9c5e78: 04e5 a3ff 

  0x000001849a9c5e7c: ;   {other}
  0x000001849a9c5e7c: 0f1f 8400 | ec2c 0054 | baf6 ffff | ff41 8be8 

  0x000001849a9c5e8c: ;   {runtime_call UncommonTrapBlob}
  0x000001849a9c5e8c: c5f8 77e8 

  0x000001849a9c5e90: ; ImmutableOopMap {}
                      ;*invokestatic arraycopy {reexecute=0 rethrow=0 return_oop=0}
                      ; - java.lang.String::getBytes@22
                      ; - java.lang.AbstractStringBuilder::putStringAt@15
                      ; - java.lang.AbstractStringBuilder::append@30
                      ; - java.lang.StringBuilder::append@2
                      ; - java.net.URLStreamHandler::toExternalForm@149
                      ; - java.net.URL::toExternalForm@5
                      ; - java.net.URL::toString@1
                      ; - java.lang.ClassLoader::defineClassSourceLocation@22
                      ; - java.lang.ClassLoader::defineClass@12
                      ; - java.security.SecureClassLoader::defineClass@12
  0x000001849a9c5e90: ece4 a3ff 

  0x000001849a9c5e94: ;   {other}
  0x000001849a9c5e94: 0f1f 8400 | 042d 0055 | baf6 ffff | ff66 6690 

  0x000001849a9c5ea4: ;   {runtime_call UncommonTrapBlob}
  0x000001849a9c5ea4: c5f8 77e8 

  0x000001849a9c5ea8: ; ImmutableOopMap {}
                      ;*arraylength {reexecute=0 rethrow=0 return_oop=0}
                      ; - java.util.Arrays::copyOfRange@6
                      ; - java.lang.String::<init>@32
                      ; - java.lang.String::<init>@3
                      ; - java.lang.StringBuilder::toString@5
                      ; - java.net.URLStreamHandler::toExternalForm@152
                      ; - java.net.URL::toExternalForm@5
                      ; - java.net.URL::toString@1
                      ; - java.lang.ClassLoader::defineClassSourceLocation@22
                      ; - java.lang.ClassLoader::defineClass@12
                      ; - java.security.SecureClassLoader::defineClass@12
  0x000001849a9c5ea8: d4e4 a3ff 

  0x000001849a9c5eac: ;   {other}
  0x000001849a9c5eac: 0f1f 8400 | 1c2d 0056 | baf6 ffff | ff66 6690 

  0x000001849a9c5ebc: ;   {runtime_call UncommonTrapBlob}
  0x000001849a9c5ebc: c5f8 77e8 

  0x000001849a9c5ec0: ; ImmutableOopMap {}
                      ;*arraylength {reexecute=0 rethrow=0 return_oop=0}
                      ; - java.lang.String::length@4
                      ; - java.lang.AbstractStringBuilder::append@10
                      ; - java.lang.StringBuilder::append@2
                      ; - java.net.URLStreamHandler::toExternalForm@11
                      ; - java.net.URL::toExternalForm@5
                      ; - java.net.URL::toString@1
                      ; - java.lang.ClassLoader::defineClassSourceLocation@22
                      ; - java.lang.ClassLoader::defineClass@12
                      ; - java.security.SecureClassLoader::defineClass@12
  0x000001849a9c5ec0: bce4 a3ff 

  0x000001849a9c5ec4: ;   {other}
  0x000001849a9c5ec4: 0f1f 8400 | 342d 0057 | baf6 ffff | ff66 6690 

  0x000001849a9c5ed4: ;   {runtime_call UncommonTrapBlob}
  0x000001849a9c5ed4: c5f8 77e8 

  0x000001849a9c5ed8: ; ImmutableOopMap {}
                      ;*arraylength {reexecute=0 rethrow=0 return_oop=0}
                      ; - java.lang.AbstractStringBuilder::ensureCapacityInternal@4
                      ; - java.lang.AbstractStringBuilder::append@21
                      ; - java.lang.StringBuilder::append@2
                      ; - java.net.URLStreamHandler::toExternalForm@11
                      ; - java.net.URL::toExternalForm@5
                      ; - java.net.URL::toString@1
                      ; - java.lang.ClassLoader::defineClassSourceLocation@22
                      ; - java.lang.ClassLoader::defineClass@12
                      ; - java.security.SecureClassLoader::defineClass@12
  0x000001849a9c5ed8: a4e4 a3ff 

  0x000001849a9c5edc: ;   {other}
  0x000001849a9c5edc: 0f1f 8400 | 4c2d 0058 | baf6 ffff | ff66 6690 

  0x000001849a9c5eec: ;   {runtime_call UncommonTrapBlob}
  0x000001849a9c5eec: c5f8 77e8 

  0x000001849a9c5ef0: ; ImmutableOopMap {}
                      ;*arraylength {reexecute=0 rethrow=0 return_oop=0}
                      ; - java.lang.String::getBytes@21
                      ; - java.lang.AbstractStringBuilder::putStringAt@15
                      ; - java.lang.AbstractStringBuilder::append@30
                      ; - java.lang.StringBuilder::append@2
                      ; - java.net.URLStreamHandler::toExternalForm@11
                      ; - java.net.URL::toExternalForm@5
                      ; - java.net.URL::toString@1
                      ; - java.lang.ClassLoader::defineClassSourceLocation@22
                      ; - java.lang.ClassLoader::defineClass@12
                      ; - java.security.SecureClassLoader::defineClass@12
  0x000001849a9c5ef0: 8ce4 a3ff 

  0x000001849a9c5ef4: ;   {other}
  0x000001849a9c5ef4: 0f1f 8400 | 642d 0059 | baf6 ffff | ff44 895c | 2420 4489 | 4c24 2490 

  0x000001849a9c5f0c: ;   {runtime_call UncommonTrapBlob}
  0x000001849a9c5f0c: c5f8 77e8 

  0x000001849a9c5f10: ; ImmutableOopMap {[32]=NarrowOop }
                      ;*invokestatic arraycopy {reexecute=0 rethrow=0 return_oop=0}
                      ; - java.lang.String::getBytes@22
                      ; - java.lang.AbstractStringBuilder::putStringAt@15
                      ; - java.lang.AbstractStringBuilder::append@30
                      ; - java.lang.StringBuilder::append@2
                      ; - java.net.URLStreamHandler::toExternalForm@11
                      ; - java.net.URL::toExternalForm@5
                      ; - java.net.URL::toString@1
                      ; - java.lang.ClassLoader::defineClassSourceLocation@22
                      ; - java.lang.ClassLoader::defineClass@12
                      ; - java.security.SecureClassLoader::defineClass@12
  0x000001849a9c5f10: 6ce4 a3ff 

  0x000001849a9c5f14: ;   {other}
  0x000001849a9c5f14: 0f1f 8400 | 842d 005a | baf6 ffff | ff66 6690 

  0x000001849a9c5f24: ;   {runtime_call UncommonTrapBlob}
  0x000001849a9c5f24: c5f8 77e8 

  0x000001849a9c5f28: ; ImmutableOopMap {}
                      ;*bastore {reexecute=0 rethrow=0 return_oop=0}
                      ; - java.lang.AbstractStringBuilder::append@41
                      ; - java.lang.StringBuilder::append@2
                      ; - java.net.URLStreamHandler::toExternalForm@16
                      ; - java.net.URL::toExternalForm@5
                      ; - java.net.URL::toString@1
                      ; - java.lang.ClassLoader::defineClassSourceLocation@22
                      ; - java.lang.ClassLoader::defineClass@12
                      ; - java.security.SecureClassLoader::defineClass@12
  0x000001849a9c5f28: 54e4 a3ff 

  0x000001849a9c5f2c: ;   {other}
  0x000001849a9c5f2c: 0f1f 8400 | 9c2d 005b | ba45 ffff | ff48 8b6c | 2428 4c8b | 5424 304c | 8954 2420 

  0x000001849a9c5f48: ;   {runtime_call UncommonTrapBlob}
  0x000001849a9c5f48: c5f8 77e8 

  0x000001849a9c5f4c: ; ImmutableOopMap {rbp=Oop [32]=Oop [56]=Oop [144]=Oop }
                      ;*ifnull {reexecute=1 rethrow=0 return_oop=0}
                      ; - (reexecute) java.lang.ClassLoader::checkName@1
                      ; - java.lang.ClassLoader::preDefineClass@1
                      ; - java.lang.ClassLoader::defineClass@4
                      ; - java.security.SecureClassLoader::defineClass@12
  0x000001849a9c5f4c: 30e4 a3ff 

  0x000001849a9c5f50: ;   {other}
  0x000001849a9c5f50: 0f1f 8400 | c02d 005c | ba45 ffff | ff48 8b6c | 2428 4c8b | 5424 384c | 8954 2428 | 448b 5424 
  0x000001849a9c5f70: 4044 8954 | 2438 448b | 5424 4444 | 8954 243c | 4889 5c24 | 484c 896c | 2458 6690 

  0x000001849a9c5f8c: ;   {runtime_call UncommonTrapBlob}
  0x000001849a9c5f8c: c5f8 77e8 

  0x000001849a9c5f90: ; ImmutableOopMap {rbp=Oop [40]=Oop [48]=Oop [72]=Oop [88]=Oop [96]=NarrowOop [144]=Oop }
                      ;*ifnull {reexecute=1 rethrow=0 return_oop=0}
                      ; - (reexecute) java.lang.ClassLoader::checkCerts@30
                      ; - java.lang.ClassLoader::preDefineClass@113
                      ; - java.lang.ClassLoader::defineClass@4
                      ; - java.security.SecureClassLoader::defineClass@12
  0x000001849a9c5f90: ece3 a3ff 

  0x000001849a9c5f94: ;   {other}
  0x000001849a9c5f94: 0f1f 8400 | 042e 005d | ba45 ffff | ff48 8b6c | 2428 4c8b | 5424 304c | 8954 2420 | 4c8b 5424 
  0x000001849a9c5fb4: 384c 8954 | 2428 448b | 5424 4044 | 8954 2430 | 448b 4424 | 4444 8944 | 2434 4489 | 5c24 4490 
  0x000001849a9c5fd4: ;   {runtime_call UncommonTrapBlob}
  0x000001849a9c5fd4: c5f8 77e8 

  0x000001849a9c5fd8: ; ImmutableOopMap {rbp=Oop [32]=Oop [40]=Oop [68]=NarrowOop [144]=Oop }
                      ;*ifnull {reexecute=1 rethrow=0 return_oop=0}
                      ; - (reexecute) java.lang.ClassLoader::defineClassSourceLocation@8
                      ; - java.lang.ClassLoader::defineClass@12
                      ; - java.security.SecureClassLoader::defineClass@12
  0x000001849a9c5fd8: a4e3 a3ff 

  0x000001849a9c5fdc: ;   {other}
  0x000001849a9c5fdc: 0f1f 8400 | 4c2e 005e | ba45 ffff | ff48 8b6c | 2428 4c8b | 5424 304c | 8954 2420 | 4c8b 5424 
  0x000001849a9c5ffc: 384c 8954 | 2428 448b | 5424 4044 | 8954 2430 | 448b 5c24 | 4444 895c | 2434 8974 | 2440 4889 
  0x000001849a9c601c: 5c24 4889 | 4424 5090 

  0x000001849a9c6024: ;   {runtime_call UncommonTrapBlob}
  0x000001849a9c6024: c5f8 77e8 

  0x000001849a9c6028: ; ImmutableOopMap {rbp=Oop [32]=Oop [40]=Oop [64]=NarrowOop [72]=Oop [80]=NarrowOop [144]=Oop }
                      ;*ifnull {reexecute=1 rethrow=0 return_oop=0}
                      ; - (reexecute) java.net.URLStreamHandler::toExternalForm@68
                      ; - java.net.URL::toExternalForm@5
                      ; - java.net.URL::toString@1
                      ; - java.lang.ClassLoader::defineClassSourceLocation@22
                      ; - java.lang.ClassLoader::defineClass@12
                      ; - java.security.SecureClassLoader::defineClass@12
  0x000001849a9c6028: 54e3 a3ff 

  0x000001849a9c602c: ;   {other}
  0x000001849a9c602c: 0f1f 8400 | 9c2e 005f | baf6 ffff | ff66 6690 

  0x000001849a9c603c: ;   {runtime_call UncommonTrapBlob}
  0x000001849a9c603c: c5f8 77e8 

  0x000001849a9c6040: ; ImmutableOopMap {}
                      ;*arraylength {reexecute=0 rethrow=0 return_oop=0}
                      ; - java.lang.String::isEmpty@4
                      ; - java.net.URLStreamHandler::toExternalForm@29
                      ; - java.net.URL::toExternalForm@5
                      ; - java.net.URL::toString@1
                      ; - java.lang.ClassLoader::defineClassSourceLocation@22
                      ; - java.lang.ClassLoader::defineClass@12
                      ; - java.security.SecureClassLoader::defineClass@12
  0x000001849a9c6040: 3ce3 a3ff 

  0x000001849a9c6044: ;   {other}
  0x000001849a9c6044: 0f1f 8400 | b42e 0060 | ba97 ffff | ff66 6690 

  0x000001849a9c6054: ;   {runtime_call UncommonTrapBlob}
  0x000001849a9c6054: c5f8 77e8 

  0x000001849a9c6058: ; ImmutableOopMap {[32]=Oop [40]=Oop [48]=Oop [56]=Oop [72]=NarrowOop [144]=Oop }
                      ;*invokevirtual clone {reexecute=1 rethrow=0 return_oop=0}
                      ; - (reexecute) java.util.Arrays::copyOfRange@18
                      ; - java.lang.String::<init>@32
                      ; - java.lang.String::<init>@3
                      ; - java.lang.StringBuilder::toString@5
                      ; - java.net.URLStreamHandler::toExternalForm@152
                      ; - java.net.URL::toExternalForm@5
                      ; - java.net.URL::toString@1
                      ; - java.lang.ClassLoader::defineClassSourceLocation@22
                      ; - java.lang.ClassLoader::defineClass@12
                      ; - java.security.SecureClassLoader::defineClass@12
  0x000001849a9c6058: 24e3 a3ff 

  0x000001849a9c605c: ;   {other}
  0x000001849a9c605c: 0f1f 8400 | cc2e 0061 | ba97 ffff | ff4c 8b54 | 2468 4c89 | 5424 584c | 8b54 2470 | 4c89 5424 
  0x000001849a9c607c: 6866 6690 

  0x000001849a9c6080: ;   {runtime_call UncommonTrapBlob}
  0x000001849a9c6080: c5f8 77e8 

  0x000001849a9c6084: ; ImmutableOopMap {rbp=NarrowOop [32]=Oop [48]=Oop [56]=Oop [72]=Oop [84]=NarrowOop [88]=Oop [104]=Oop [112]=Oop }
                      ;*invokevirtual clone {reexecute=1 rethrow=0 return_oop=0}
                      ; - (reexecute) java.util.Arrays::copyOfRange@18
                      ; - java.lang.StringLatin1::newString@16
                      ; - java.lang.String::substring@41
                      ; - java.lang.ClassLoader::checkCerts@21
                      ; - java.lang.ClassLoader::preDefineClass@113
                      ; - java.lang.ClassLoader::defineClass@4
                      ; - java.security.SecureClassLoader::defineClass@12
  0x000001849a9c6084: f8e2 a3ff 

  0x000001849a9c6088: ;   {other}
  0x000001849a9c6088: 0f1f 8400 | f82e 0062 | eb37 eb35 | eb33 eb31 | eb2f eb2d | eb22 eb20 | eb27 eb25 | eb23 eb21 
  0x000001849a9c60a8: eb1f eb1d | eb1b eb19 | eb17 eb15 | eb13 eb11 | eb0f eb0d | eb0b eb09 | 488b d0eb | 07eb 02eb 
  0x000001849a9c60c8: 0048 8bd0 | c5f8 7748 | 81c4 b000 

  0x000001849a9c60d4: ;   {runtime_call _rethrow_Java}
  0x000001849a9c60d4: 0000 5de9 | 245e b0ff 

  0x000001849a9c60dc: ;   {internal_word}
  0x000001849a9c60dc: 49ba b640 | 9c9a 8401 | 0000 4d89 | 9768 0400 

  0x000001849a9c60ec: ;   {runtime_call SafepointBlob}
  0x000001849a9c60ec: 00e9 8ef3 

  0x000001849a9c60f0: ;   {runtime_call StubRoutines (final stubs)}
  0x000001849a9c60f0: a3ff e8a9 | 03a2 ffe9 | 02d5 ffff | f4f4 f4f4 
[Stub Code]
  0x000001849a9c6100: ;   {no_reloc}
  0x000001849a9c6100: 48bb 1039 | 06a7 8401 

  0x000001849a9c6108: ;   {runtime_call I2C/C2I adapters}
  0x000001849a9c6108: 0000 e95c 

  0x000001849a9c610c: ;   {static_stub}
  0x000001849a9c610c: 4da3 ff48 | bb00 0000 | 0000 0000 

  0x000001849a9c6118: ;   {runtime_call nmethod}
  0x000001849a9c6118: 00e9 fbff 

  0x000001849a9c611c: ;   {static_stub}
  0x000001849a9c611c: ffff 48bb | 0000 0000 | 0000 0000 

  0x000001849a9c6128: ;   {runtime_call nmethod}
  0x000001849a9c6128: e9fb ffff 

  0x000001849a9c612c: ;   {static_stub}
  0x000001849a9c612c: ff48 bb00 | 0000 0000 

  0x000001849a9c6134: ;   {runtime_call nmethod}
  0x000001849a9c6134: 0000 00e9 | fbff ffff 

  0x000001849a9c613c: ;   {static_stub}
  0x000001849a9c613c: 48bb 0000 | 0000 0000 

  0x000001849a9c6144: ;   {runtime_call nmethod}
  0x000001849a9c6144: 0000 e9fb 

  0x000001849a9c6148: ;   {static_stub}
  0x000001849a9c6148: ffff ff48 | bb00 0000 | 0000 0000 

  0x000001849a9c6154: ;   {runtime_call nmethod}
  0x000001849a9c6154: 00e9 fbff 

  0x000001849a9c6158: ;   {static_stub}
  0x000001849a9c6158: ffff 48bb | 7055 40a7 | 8401 0000 

  0x000001849a9c6164: ;   {runtime_call I2C/C2I adapters}
  0x000001849a9c6164: e985 f4a0 

  0x000001849a9c6168: ;   {static_stub}
  0x000001849a9c6168: ff48 bb00 | 0000 0000 

  0x000001849a9c6170: ;   {runtime_call nmethod}
  0x000001849a9c6170: 0000 00e9 | fbff ffff 

  0x000001849a9c6178: ;   {static_stub}
  0x000001849a9c6178: 48bb 0000 | 0000 0000 

  0x000001849a9c6180: ;   {runtime_call nmethod}
  0x000001849a9c6180: 0000 e9fb 

  0x000001849a9c6184: ;   {static_stub}
  0x000001849a9c6184: ffff ff48 | bb00 0000 | 0000 0000 

  0x000001849a9c6190: ;   {runtime_call nmethod}
  0x000001849a9c6190: 00e9 fbff 

  0x000001849a9c6194: ;   {runtime_call ExceptionBlob}
  0x000001849a9c6194: ffff e9e5 | e2af ffe8 | 0000 0000 | 4883 2c24 

  0x000001849a9c61a4: ;   {runtime_call DeoptimizationBlob}
  0x000001849a9c61a4: 05e9 76e5 | a3ff f4f4 | f4f4 f4f4 
[/MachCode]


Compiled method (c2) 158782 3805   !   4       java.net.URLClassLoader::findClass (47 bytes)
 total in heap  [0x000001849ab68510,0x000001849ab79100] = 68592
 relocation     [0x000001849ab68670,0x000001849ab68ef0] = 2176
 constants      [0x000001849ab68f00,0x000001849ab68f20] = 32
 main code      [0x000001849ab68f20,0x000001849ab71b18] = 35832
 stub code      [0x000001849ab71b18,0x000001849ab71db8] = 672
 oops           [0x000001849ab71db8,0x000001849ab71e08] = 80
 metadata       [0x000001849ab71e08,0x000001849ab72228] = 1056
 scopes data    [0x000001849ab72228,0x000001849ab77530] = 21256
 scopes pcs     [0x000001849ab77530,0x000001849ab784f0] = 4032
 dependencies   [0x000001849ab784f0,0x000001849ab78560] = 112
 handler table  [0x000001849ab78560,0x000001849ab78fc8] = 2664
 nul chk table  [0x000001849ab78fc8,0x000001849ab79100] = 312


[Constant Pool]
             Address          hex4                    hex8      
  0x000001849ab68f00:   0x3f400000      0xf4f4f4f43f400000      
  0x000001849ab68f04:   0xf4f4f4f4                              
  0x000001849ab68f08:   0xf4f4f4f4      0xf4f4f4f4f4f4f4f4      
  0x000001849ab68f0c:   0xf4f4f4f4                              
  0x000001849ab68f10:   0xf4f4f4f4      0xf4f4f4f4f4f4f4f4      
  0x000001849ab68f14:   0xf4f4f4f4                              
  0x000001849ab68f18:   0xf4f4f4f4      0xf4f4f4f4f4f4f4f4      
  0x000001849ab68f1c:   0xf4f4f4f4                              

[MachCode]
[Entry Point]
  # {method} {0x00000184e805ce28} 'findClass' '(Ljava/lang/String;)Ljava/lang/Class;' in 'java/net/URLClassLoader'
  # this:     rdx:rdx   = 'java/net/URLClassLoader'
  # parm0:    r8:r8     = 'java/lang/String'
  #           [sp+0x100]  (sp of caller)
  0x000001849ab68f20: ;   {no_reloc}
  0x000001849ab68f20: 448b 5208 | 49bb 0000 | 00a7 8401 | 0000 4d03 | d349 3bc2 

  0x000001849ab68f34: ;   {runtime_call ic_miss_stub}
  0x000001849ab68f34: 0f85 4658 | 89ff 6690 | 0f1f 4000 
[Verified Entry Point]
  0x000001849ab68f40: 8984 2400 | 80ff ff55 | 4881 ecf0 | 0000 0090 | 4181 7f20 | 0700 0000 | 0f85 af8b | 0000 4c89 
  0x000001849ab68f60: 4424 6048 | 8954 2468 | 448b 5258 | 4585 d20f | 84ae 2900 | 0049 8bea | 488b d54c | 8944 2420 
  0x000001849ab68f80: ;   {static_call}
  0x000001849ab68f80: c5f8 77e8 

  0x000001849ab68f84: ; ImmutableOopMap {rbp=Oop [32]=Oop [96]=Oop [104]=Oop }
                      ;*invokestatic ensureMaterializedForStackWalk {reexecute=0 rethrow=0 return_oop=0}
                      ; - java.security.AccessController::executePrivileged@5
                      ; - java.security.AccessController::doPrivileged@13
                      ; - java.net.URLClassLoader::findClass@13
  0x000001849ab68f84: 58f6 e2ff 

  0x000001849ab68f88: ;   {other}
  0x000001849ab68f88: 0f1f 8400 | 780a 0000 | 488b dd4c | 8b6c 2460 

  0x000001849ab68f98: ; implicit exception: dispatches to 0x000001849ab70564
  0x000001849ab68f98: 450f be5d | 1045 85db | 0f85 de52 | 0000 458b | 5d14 458b | 430c 4585 | c00f 86b3 | 0300 0045 
  0x000001849ab68fb8: 8d48 ff45 | 3bc8 0f83 | 3851 0000 | 418d 48fd | 498b f341 | 807b 102e | 0f84 c928 | 0000 83f9 
  0x000001849ab68fd8: 010f 8e45 | 5100 00bd | 0100 0000 | 458b d044 | 2bd5 4183 | c2fd 33ff | 3bcd 440f | 4cd7 4181 
  0x000001849ab68ff8: faa0 0f00 | 00bf a00f | 0000 440f | 47d7 4403 | d58b f948 | 8bc6 eb02 | 8bea 4863 | cd41 0fbe 
  0x000001849ab69018: 740b 1083 | fe2e 7454 | 410f be54 | 0b11 83fa | 2e74 4241 | 0fbe 740b | 1283 fe2e | 743b 410f 
  0x000001849ab69038: be4c 0b13 | 83f9 2e74 | 298d 5504 | 413b d27c | c74d 8b97 | 5804 0000 

  0x000001849ab69050: ; ImmutableOopMap {r11=NarrowOop rbx=Oop rax=Oop r13=Oop [104]=Oop }
                      ;*if_icmpne {reexecute=1 rethrow=0 return_oop=0}
                      ; - (reexecute) java.lang.StringLatin1::replace@28
                      ; - java.lang.String::replace@18
                      ; - java.net.URLClassLoader$1::run@8
                      ; - java.net.URLClassLoader$1::run@1
                      ; - java.security.AccessController::executePrivileged@29
                      ; - java.security.AccessController::doPrivileged@13
                      ; - java.net.URLClassLoader::findClass@13
                      ;   {poll}
  0x000001849ab69050: 83c5 0341 | 8502 3bd7 | 0f8d ea02 | 0000 8bea | 8bcf 488b | f0e9 7aff | ffff 83c5 | 02ff c5eb 
  0x000001849ab69070: 0383 c502 | 8bcf 488b | f041 3be8 | 0f8d e802 | 0000 4181 | f800 0010 | 000f 876a | 3900 004d 
  0x000001849ab69090: 8b97 b801 | 0000 4963 | f848 83c7 | 1748 83e7 | f849 8bd2 | 4803 d749 | 3b97 c801 | 0000 0f83 
  0x000001849ab690b0: 4539 0000 | 4989 97b8 | 0100 000f | 1882 0001 | 0000 49c7 | 0201 0000 | 000f 1882 | 4001 0000 
  0x000001849ab690d0: ;   {metadata({type array byte})}
  0x000001849ab690d0: 41c7 4208 | 1823 0000 | 4589 420c | 0f18 8280 | 0100 0085 | ed0f 8ed2 | 0000 008d | 7dff 413b 
  0x000001849ab690f0: f80f 83a5 | 5300 0045 | 85c0 0f86 | 9c53 0000 | 410f be53 | 1041 8852 | 1083 ff01 | 0f8e be53 
  0x000001849ab69110: 0000 c4c1 | f96e d2c4 | e1f9 6ece | c5f9 6ec1 | 458b f141 | 8bc8 458b | c341 b9d0 | 0700 00ba 
  0x000001849ab69130: 0100 0000 | 8bc5 2bc2 | ffc8 4533 | db3b fa41 | 0f4c c33d | d007 0000 | 410f 47c1 | 03c2 6690 
  0x000001849ab69150: 4863 f245 | 0fbe 5430 | 10c4 c1f9 | 7ed3 4588 | 5433 1045 | 0fbe 5c30 | 11c4 c1f9 | 7ed2 4588 
  0x000001849ab69170: 5c32 1183 | c202 3bd0 | 7cd6 4d8b | 9758 0400 

  0x000001849ab69180: ; ImmutableOopMap {r8=NarrowOop rbx=Oop r13=Oop xmm1=Oop xmm2=Oop [104]=Oop }
                      ;*goto {reexecute=1 rethrow=0 return_oop=0}
                      ; - (reexecute) java.lang.StringLatin1::replace@76
                      ; - java.lang.String::replace@18
                      ; - java.net.URLClassLoader$1::run@8
                      ; - java.net.URLClassLoader$1::run@1
                      ; - java.security.AccessController::executePrivileged@29
                      ; - java.security.AccessController::doPrivileged@13
                      ; - java.net.URLClassLoader::findClass@13
                      ;   {poll}
  0x000001849ab69180: 0041 8502 | 3bd7 7cac | 458b d844 | 8bc1 458b | cec5 f97e | c1c4 e1f9 | 7ece c4c1 | f97e d23b 
  0x000001849ab691a0: d57d 1a49 | 8bfa 4863 | c245 0fbe | 5403 1044 | 8854 0710 | ffc2 3bd5 | 7cec 4c8b | d741 3be8 
  0x000001849ab691c0: 0f8d 3801 | 0000 413b | e80f 83cd | 4f00 0045 | 3bc8 0f83 | c44f 0000 | 448d 4d01 | 4863 fd41 
  0x000001849ab691e0: 0fbe 543b | 1083 fa2e | 0f84 fe14 | 0000 4188 | 543a 108d | 5501 413b | d17d 048b | eaeb dd3b 
  0x000001849ab69200: d10f 8dd0 | 0000 00ff | c5e9 8000 | 0000 ba2f | 0000 000f | 1f80 0000 | 0000 660f | 1f44 0000 
  0x000001849ab69220: 4388 540a | 1383 c504 | 3bef 7d55 | 4c63 cd43 | 0fbe 540b | 1083 fa2e | 7440 4388 | 540a 1043 
  0x000001849ab69240: 0fbe 540b | 1183 fa2e | 7422 4388 | 540a 1143 | 0fbe 540b | 1283 fa2e | 7419 4388 | 540a 1243 
  0x000001849ab69260: 0fbe 540b | 1383 fa2e | 75b6 eba2 | ba2f 0000 | 00eb d7ba | 2f00 0000 | ebe0 ba2f | 0000 00eb 
  0x000001849ab69280: ;   {no_reloc}
  0x000001849ab69280: b949 8bbf 

  0x000001849ab69284: ; ImmutableOopMap {r10=Oop r11=NarrowOop rbx=Oop rsi=Oop r13=Oop [104]=Oop }
                      ;*goto {reexecute=1 rethrow=0 return_oop=0}
                      ; - (reexecute) java.lang.StringLatin1::replace@113
                      ; - java.lang.String::replace@18
                      ; - java.net.URLClassLoader$1::run@8
                      ; - java.net.URLClassLoader$1::run@1
                      ; - java.security.AccessController::executePrivileged@29
                      ; - java.security.AccessController::doPrivileged@13
                      ; - java.net.URLClassLoader::findClass@13
  0x000001849ab69284: 5804 0000 

  0x000001849ab69288: ;   {poll}
  0x000001849ab69288: 8507 3be9 | 7d4b 418b | f82b fd83 | c7fd 4533 | c93b cd41 | 0f4c f981 | ffa0 0f00 | 00ba a00f 
  0x000001849ab692a8: 0000 0f47 | fa03 fde9 | 78ff ffff | c644 1710 | 2ec6 4417 | 1163 c644 | 1712 6cc6 | 4417 1361 
  0x000001849ab692c8: c644 1714 | 73c6 4417 | 1573 e98c | 0100 008b | ea41 3be8 | 7d20 6690 | 4c63 cd43 | 0fbe 7c0b 
  0x000001849ab692e8: 1083 ff2e | 0f84 e214 | 0000 4388 | 7c0a 10ff | c541 3be8 | 7ce2 4d8b | 9fb8 0100 | 004d 8bc3 
  0x000001849ab69308: 4983 c018 | 4d3b 87c8 | 0100 000f | 835d 3700 | 004d 8987 | b801 0000 | 410f 1880 | 0001 0000 
  0x000001849ab69328: 49c7 0301 

  0x000001849ab6932c: ;   {metadata('java/lang/String')}
  0x000001849ab6932c: 0000 0041 | c743 0878 | e800 0045 | 8963 0c4d | 8963 104d | 8bca 4589 | 4b14 eb28 | 8bcf 488b 
  0x000001849ab6934c: f041 3bd0 | 7d18 6690 | 410f be7c | 1310 83ff | 2e0f 84e9 | 4700 00ff | c241 3bd0 | 7cea 4d8b 
  0x000001849ab6936c: d34d 8bdd | 418b 4a0c | 85c9 0f86 | 0413 0000 | 450f be43 | 10c4 623a | f7c9 4963 | f141 83f8 
  0x000001849ab6938c: 010f 8409 | 5200 0045 | 85c9 0f8c | 8051 0000 | 488d 4606 | 8be8 85ed | 0f8c 9e51 | 0000 488b 
  0x000001849ab693ac: f848 c1ff | 208b d7c4 | e269 f7ed | 85ed 0f8c | 0c52 0000 | 81fd 0000 | 1000 0f87 | 624d 0000 
  0x000001849ab693cc: 4863 d581 | fd00 0010 | 000f 871f | 3500 0049 | 8bbf b801 | 0000 4883 | c217 4883 | e2f8 4c8b 
  0x000001849ab693ec: f74c 03f2 | 4d3b b7c8 | 0100 000f | 83fd 3400 | 004d 89b7 | b801 0000 | 410f 1886 | 0001 0000 
  0x000001849ab6940c: 48c7 0701 | 0000 0041 | 0f18 8640 

  0x000001849ab69418: ;   {metadata({type array byte})}
  0x000001849ab69418: 0100 00c7 | 4708 1823 | 0000 896f | 0c41 0f18 | 8680 0100 | 0041 8d51 | 063b ea0f | 82fd 4c00 
  0x000001849ab69438: 0049 63d1 | 4585 c90f | 8e6f feff | ffc6 4417 | 1573 c644 | 1714 73c6 | 4417 1361 | c644 1712 
  0x000001849ab69458: 6cc6 4417 | 1163 c644 | 1710 2e45 | 85c0 0f85 | 0051 0000 | 3be9 0f82 | f84c 0000 | 85c9 7629 
  0x000001849ab69478: 4983 c210 | 488b d748 | 83c2 104c | 63c1 498b | cac5 f877 | 49ba c044 | 3e9a 8401 | 0000 41ff 
  0x000001849ab69498: ;   {other}
  0x000001849ab69498: d20f 1f84 | 0000 0000 | 0049 8b87 | b801 0000 | 4c8b d049 | 83c2 184d | 3b97 c801 | 0000 0f83 
  0x000001849ab694b8: c734 0000 | 4d89 97b8 | 0100 0041 | 0f18 8200 | 0100 0048 | c700 0100 

  0x000001849ab694d0: ;   {metadata('java/lang/String')}
  0x000001849ab694d0: 0000 c740 | 0878 e800 | 0044 8960 | 0c44 8960 | 104c 8bdf | 4489 5814 | 4889 4424 | 504c 8b54 
  0x000001849ab694f0: 2468 458b | 5a54 4585 | db0f 84dd | 4b00 0048 | 895c 2428 | 4c89 6c24 | 604d 8bd3 | 4c89 5424 
  0x000001849ab69510: 2044 895c | 2430 498b | d245 33c0 

  0x000001849ab6951c: ;   {optimized virtual_call}
  0x000001849ab6951c: c5f8 77e8 

  0x000001849ab69520: ; ImmutableOopMap {[32]=Oop [40]=Oop [48]=NarrowOop [80]=Oop [96]=Oop [104]=Oop }
                      ;*invokevirtual getLoader {reexecute=0 rethrow=0 return_oop=1}
                      ; - jdk.internal.loader.URLClassPath::getResource@42
                      ; - java.net.URLClassLoader$1::run@26
                      ; - java.net.URLClassLoader$1::run@1
                      ; - java.security.AccessController::executePrivileged@29
                      ; - java.security.AccessController::doPrivileged@13
                      ; - java.net.URLClassLoader::findClass@13
  0x000001849ab69520: dcdb f6ff 

  0x000001849ab69524: ;   {other}
  0x000001849ab69524: 0f1f 8400 | 1410 0004 | 4885 c00f | 8468 0e00 | 0049 b900 | 00fd a184 | 0100 0045 | 33d2 e93e 
  0x000001849ab69544: 0100 0048 | 8944 2458 | 4c89 4424 | 4844 8954 | 2440 4c89 | 4c24 3848 | 8be9 488b | d566 6690 
  0x000001849ab69564: ;   {static_call}
  0x000001849ab69564: c5f8 77e8 

  0x000001849ab69568: ; ImmutableOopMap {rbp=Oop [32]=Oop [40]=Oop [48]=NarrowOop [72]=Oop [80]=Oop [88]=Oop [96]=Oop [104]=Oop }
                      ;*invokestatic ensureMaterializedForStackWalk {reexecute=0 rethrow=0 return_oop=0}
                      ; - java.security.AccessController::executePrivileged@5
                      ; - java.security.AccessController::doPrivileged@13
                      ; - jdk.internal.loader.URLClassPath$JarLoader::ensureOpen@19
                      ; - jdk.internal.loader.URLClassPath$JarLoader::getResource@1
                      ; - jdk.internal.loader.URLClassPath::getResource@53
                      ; - java.net.URLClassLoader$1::run@26
                      ; - java.net.URLClassLoader$1::run@1
                      ; - java.security.AccessController::executePrivileged@29
                      ; - java.security.AccessController::doPrivileged@13
                      ; - java.net.URLClassLoader::findClass@13
  0x000001849ab69568: 145b 89ff 

  0x000001849ab6956c: ;   {other}
  0x000001849ab6956c: 0f1f 8400 | 5c10 0005 | 448b 5424 | 404c 8b44 | 2448 488b | 4424 584c | 8944 2448 | 4489 5424 
  0x000001849ab6958c: 4048 8bd0 | 4c8b 5424 | 604c 8954 | 2458 6690 

  0x000001849ab6959c: ;   {optimized virtual_call}
  0x000001849ab6959c: c5f8 77e8 

  0x000001849ab695a0: ; ImmutableOopMap {rbp=Oop [32]=Oop [40]=Oop [48]=NarrowOop [72]=Oop [80]=Oop [88]=Oop [96]=Oop [104]=Oop }
                      ;*invokevirtual run {reexecute=0 rethrow=0 return_oop=1}
                      ; - jdk.internal.loader.URLClassPath$JarLoader$1::run@1
                      ; - java.security.AccessController::executePrivileged@29
                      ; - java.security.AccessController::doPrivileged@13
                      ; - jdk.internal.loader.URLClassPath$JarLoader::ensureOpen@19
                      ; - jdk.internal.loader.URLClassPath$JarLoader::getResource@1
                      ; - jdk.internal.loader.URLClassPath::getResource@53
                      ; - java.net.URLClassLoader$1::run@26
                      ; - java.net.URLClassLoader$1::run@1
                      ; - java.security.AccessController::executePrivileged@29
                      ; - java.security.AccessController::doPrivileged@13
                      ; - java.net.URLClassLoader::findClass@13
  0x000001849ab695a0: dc54 89ff 

  0x000001849ab695a4: ;   {other}
  0x000001849ab695a4: 0f1f 8400 | 9410 0006 | 4c8b 4424 | 4845 8b58 | 1845 85db | 0f84 d14a | 0000 4c8b | 4c24 3844 
  0x000001849ab695c4: 8b54 2440 | 418b 5b08 

  0x000001849ab695cc: ;   {metadata('java/util/jar/JarFile')}
  0x000001849ab695cc: 81fb 0814 | 1900 0f85 | b136 0000 | 4c89 4424 | 4844 8954 | 2440 4c89 | 4c24 3849 | 8bd3 4c8b 
  0x000001849ab695ec: 4424 5048 | 8b6c 2460 

  0x000001849ab695f4: ;   {optimized virtual_call}
  0x000001849ab695f4: c5f8 77e8 

  0x000001849ab695f8: ; ImmutableOopMap {rbp=Oop [32]=Oop [40]=Oop [48]=NarrowOop [72]=Oop [80]=Oop [96]=Oop [104]=Oop }
                      ;*invokevirtual getEntry {reexecute=0 rethrow=0 return_oop=1}
                      ; - java.util.jar.JarFile::getJarEntry@2
                      ; - jdk.internal.loader.URLClassPath$JarLoader::getResource@22
                      ; - jdk.internal.loader.URLClassPath::getResource@53
                      ; - java.net.URLClassLoader$1::run@26
                      ; - java.net.URLClassLoader$1::run@1
                      ; - java.security.AccessController::executePrivileged@29
                      ; - java.security.AccessController::doPrivileged@13
                      ; - java.net.URLClassLoader::findClass@13
  0x000001849ab695f8: 043c e4ff 

  0x000001849ab695fc: ;   {other}
  0x000001849ab695fc: 0f1f 8400 | ec10 0007 | 4885 c00f | 847a 2200 | 0044 8b58 

  0x000001849ab69610: ;   {metadata('java/util/jar/JarFile$JarFileEntry')}
  0x000001849ab69610: 0841 81fb | d032 3100 | 0f85 566e | 0000 488b | f848 8b54 | 2448 4c8b | 4424 5045 | 33c9 6690 
  0x000001849ab69630: ;   {optimized virtual_call}
  0x000001849ab69630: c5f8 77e8 

  0x000001849ab69634: ; ImmutableOopMap {rbp=Oop [32]=Oop [40]=Oop [48]=NarrowOop [80]=Oop [96]=Oop [104]=Oop }
                      ;*invokevirtual checkResource {reexecute=0 rethrow=0 return_oop=1}
                      ; - jdk.internal.loader.URLClassPath$JarLoader::getResource@34
                      ; - jdk.internal.loader.URLClassPath::getResource@53
                      ; - java.net.URLClassLoader$1::run@26
                      ; - java.net.URLClassLoader$1::run@1
                      ; - java.security.AccessController::executePrivileged@29
                      ; - java.security.AccessController::doPrivileged@13
                      ; - java.net.URLClassLoader::findClass@13
  0x000001849ab69634: a83a 0f00 

  0x000001849ab69638: ;   {other}
  0x000001849ab69638: 0f1f 8400 | 2811 0008 | 4c8b e848 | 85c0 0f85 | b500 0000 | 8b6c 2440 | ffc5 488b | 5424 2044 
  0x000001849ab69658: 8bc5 4c8b | 5424 604c | 8954 2440 

  0x000001849ab69664: ;   {optimized virtual_call}
  0x000001849ab69664: c5f8 77e8 

  0x000001849ab69668: ; ImmutableOopMap {[32]=Oop [40]=Oop [48]=NarrowOop [64]=Oop [80]=Oop [96]=Oop [104]=Oop }
                      ;*invokevirtual getLoader {reexecute=0 rethrow=0 return_oop=1}
                      ; - jdk.internal.loader.URLClassPath::getResource@42
                      ; - java.net.URLClassLoader$1::run@26
                      ; - java.net.URLClassLoader$1::run@1
                      ; - java.security.AccessController::executePrivileged@29
                      ; - java.security.AccessController::doPrivileged@13
                      ; - java.net.URLClassLoader::findClass@13
  0x000001849ab69668: 94da f6ff 

  0x000001849ab6966c: ;   {other}
  0x000001849ab6966c: 0f1f 8400 | 5c11 0009 | 4885 c00f | 8420 0d00 | 004c 8b4c | 2438 448b | d544 8b58 

  0x000001849ab69688: ;   {metadata('jdk/internal/loader/URLClassPath$JarLoader')}
  0x000001849ab69688: 0841 81fb | 700c 2100 | 0f85 9422 | 0000 4c8b | c045 8b58 | 1845 85db | 0f85 22ff | ffff 498b 
  0x000001849ab696a8: 87b8 0100 | 004c 8bd8 | 4983 c310 | 4d3b 9fc8 | 0100 000f | 83a7 3100 | 004d 899f | b801 0000 
  0x000001849ab696c8: 410f 1883 | 0001 0000 | 48c7 0001 

  0x000001849ab696d4: ;   {metadata('jdk/internal/loader/URLClassPath$JarLoader$1')}
  0x000001849ab696d4: 0000 00c7 | 4008 402e | 2100 4489 | 600c 418b | 4828 4d8b | d844 8958 | 0c85 c90f | 8552 feff 
  0x000001849ab696f4: ff33 ed4c | 894c 2438 | e982 feff | ffc5 f877 | 49ba d030 | 1143 ff7f | 0000 41ff 

  0x000001849ab69710: ;   {other}
  0x000001849ab69710: d20f 1f84 | 0000 0000 | 0048 8944 | 2470 4c8b | 5424 6045 | 8b4a 1445 | 8b59 0c41 | 0fbe 4a10 
  0x000001849ab69730: c442 72f7 | c341 8d58 | ff85 c90f | 8523 5000 | 0041 8d4b | ff3b cb0f | 4fcb 498b | f985 c90f 
  0x000001849ab69750: 8cec 0000 | 0045 85db | 0f86 ea4a | 0000 413b | cb0f 83e1 | 4a00 0085 | c90f 8ef1 | 4c00 0044 
  0x000001849ab69770: 8d51 ff41 | 8bd3 418b | d845 8bc1 | 450f be5c | 0910 4183 | fb2e 0f84 | 0221 0000 | ffc9 413b 
  0x000001849ab69790: ca7f e683 | f902 0f8e | 7500 0000 | 8d71 fe45 | 33db 83f9 | 0241 0f4c | f381 fea0 | 0f00 0041 
  0x000001849ab697b0: baa0 0f00 | 0041 0f47 | f244 8bd1 | 442b d690 | 4c63 c947 | 0fbe 5c08 | 1041 83fb | 2e74 7a47 
  0x000001849ab697d0: 0fbe 4c08 | 0f41 83f9 | 2e74 758d | 71fe 450f | be5c 3010 | 4183 fb2e | 7461 448d | 59fd 470f 
  0x000001849ab697f0: be4c 1810 | 4183 f92e | 745c 83c1 | fc41 3bca | 7fbe 4d8b | 9758 0400 

  0x000001849ab69808: ; ImmutableOopMap {r8=NarrowOop rdi=Oop r13=Oop [40]=Oop [96]=Oop [104]=Oop }
                      ;*goto {reexecute=1 rethrow=0 return_oop=0}
                      ; - (reexecute) java.lang.StringLatin1::lastIndexOf@35
                      ; - java.lang.String::lastIndexOf@13
                      ; - java.lang.String::lastIndexOf@8
                      ; - java.net.URLClassLoader::defineClass@7
                      ; - java.net.URLClassLoader$1::run@43
                      ; - java.net.URLClassLoader$1::run@1
                      ; - java.security.AccessController::executePrivileged@29
                      ; - java.security.AccessController::doPrivileged@13
                      ; - java.net.URLClassLoader::findClass@13
                      ;   {poll}
  0x000001849ab69808: 0041 8502 | 83f9 027f | 8b83 f9ff | 7e22 458b | c845 0fbe | 5c08 1041 | 83fb 2e0f | 84d3 5000 
  0x000001849ab69828: 00ff c983 | f9ff 7fe6 | 448b da44 | 8bc3 eb09 | 458b c844 | 8bda 448b | c341 baff | ffff ffeb 
  0x000001849ab69848: 198b f144 | 8bd6 eb09 | 448d 51ff | eb03 458b | d345 8bc8 | 448b da44 | 8bc3 418b 

  0x000001849ab69864: ;   {metadata('jdk/internal/loader/URLClassPath$JarLoader$2')}
  0x000001849ab69864: 5d08 81fb | 3024 2100 | 0f85 3b2a | 0000 498b | cd8b 5120 

  0x000001849ab69878: ; implicit exception: dispatches to 0x000001849ab706a4
  0x000001849ab69878: 8b5a 1c89 | 9c24 8800 | 0000 8b9c | 2488 0000 | 0048 8bf3 | 4183 faff | 0f84 c12a | 0000 4585 
  0x000001849ab69898: d20f 8c01 | 4f00 0045 | 3bd0 0f8f | d44f 0000 | 453b d00f | 8411 0f00 | 0045 85d2 | 0f84 e429 
  0x000001849ab698b8: 0000 498b | 9fb8 0100 | 004c 8bc3 | 4983 c018 | 4d3b 87c8 | 0100 000f | 8318 3200 | 004d 8987 
  0x000001849ab698d8: b801 0000 | 410f 1880 | 0001 0000 | 48c7 0301 

  0x000001849ab698e8: ;   {metadata('java/lang/String')}
  0x000001849ab698e8: 0000 00c7 | 4308 78e8 | 0000 4489 | 630c 4c89 | 6310 4d8d | 4110 453b | d30f 85ca | 0000 004d 
  0x000001849ab69908: 63d3 4181 | fb00 0010 | 000f 8759 | 4100 004c | 8944 2430 | 4889 5c24 | 7848 8974 | 2420 488b 
  0x000001849ab69928: ef44 894c | 2448 4c89 | 6c24 404d | 8bb7 b801 | 0000 4c89 | 5424 5049 | 83c2 1749 | 83e2 f84d 
  0x000001849ab69948: 8bc6 4d03 | c24d 3b87 | c801 0000 | 0f83 3741 | 0000 4d89 | 87b8 0100 | 0041 0f18 | 8000 0100 
  0x000001849ab69968: 0049 c706 | 0100 0000 | 410f 1880 | 4001 0000 

  0x000001849ab69978: ;   {metadata({type array byte})}
  0x000001849ab69978: 41c7 4608 | 1823 0000 | 4589 5e0c | 410f 1880 | 8001 0000 | 498b d648 | 83c2 104c | 8b44 2450 
  0x000001849ab69998: 4983 c007 | 49c1 e803 | 488b 4c24 | 30c5 f877 | 49ba 604b | 3e9a 8401 | 0000 41ff 

  0x000001849ab699b4: ;   {other}
  0x000001849ab699b4: d20f 1f84 | 0000 0000 | 004c 8b6c | 2440 488b | 5c24 7848 | 8b74 2420 | e9d2 0000 | 0041 81fa 
  0x000001849ab699d4: 0000 1000 | 0f87 1a4c | 0000 4963 | ca45 3bda | 418b eb41 | 0f4f ea44 | 3bdd 0f82 | 754c 0000 
  0x000001849ab699f4: 443b d50f | 826c 4c00 | 0048 83c1 | 174c 8bc9 | 4983 e1f8 | 4181 fa00 | 0010 000f | 8758 3300 
  0x000001849ab69a14: 004d 8bb7 | b801 0000 | 4d8b de4d | 03d9 4d3b | 9fc8 0100 | 000f 833e | 3300 004d | 899f b801 
  0x000001849ab69a34: 0000 410f | 1883 0001 | 0000 49c7 | 0601 0000 | 0041 0f18 | 8340 0100 

  0x000001849ab69a4c: ;   {metadata({type array byte})}
  0x000001849ab69a4c: 0041 c746 | 0818 2300 | 0045 8956 | 0c41 0f18 | 8380 0100 | 0049 8bd6 | 4883 c210 | 48c1 e903 
  0x000001849ab69a6c: 85ed 0f84 | 8c4b 0000 | 413b ea0f | 8c48 2700 | 0049 83c1 | f049 c1e9 | 0349 8bc8 | 4d8b c1c5 
  0x000001849ab69a8c: f877 49ba | 604b 3e9a | 8401 0000 

  0x000001849ab69a98: ;   {other}
  0x000001849ab69a98: 41ff d20f | 1f84 0000 | 0000 0041 | 807f 4000 | 0f85 8d26 | 0000 4d8b | d644 8953 | 144c 8bd3 
  0x000001849ab69ab8: 4d8b de4d | 33da 49c1 | eb14 4d85 | db74 1a49 | c1ea 0948 | b900 00fd | a184 0100 | 0049 03ca 
  0x000001849ab69ad8: 8039 020f | 858d 2600 | 0044 8863 | 1048 899c | 24c8 0000 | 0045 8b55 

  0x000001849ab69af0: ;   {metadata('jdk/internal/loader/URLClassPath$JarLoader$2')}
  0x000001849ab69af0: 0841 81fa | 3024 2100 | 0f85 f647 | 0000 4d8b | d54c 8954 

  0x000001849ab69b04: ;   {oop(a 'java/lang/Class'{0x00000000c0b17fc0} = 'jdk/internal/access/SharedSecrets')}
  0x000001849ab69b04: 2478 49ba | c07f b1c0 | 0000 0000 | 458b 92d4 | 0000 0045 | 8b5a 084c | 8b44 2478 | 458b 4820 
  0x000001849ab69b24: ; implicit exception: dispatches to 0x000001849ab70608
  0x000001849ab69b24: 418b 4918 

  0x000001849ab69b28: ;   {metadata('java/util/jar/JavaUtilJarAccessImpl')}
  0x000001849ab69b28: 4181 fba0 | 5b31 000f | 8503 4800 | 0085 c90f | 8493 4600 | 004c 8bd9 | 488d 9c24 | e000 0000 
  0x000001849ab69b48: 498b 03a8 | 020f 8523 | 0000 0048 | 83c8 0148 | 8903 f049 | 0fb1 1b0f | 8437 0000 | 0048 2bc4 
  0x000001849ab69b68: 4825 07f0 | ffff 4889 | 03e9 2400 | 0000 4c8b | d048 33c0 | f04d 0fb1 | 7a3e 48c7 | 0303 0000 
  0x000001849ab69b88: 0074 114c | 3bf8 7515 | 49ff 8286 | 0000 0048 | 33c0 7509 | 49ff 8750 | 0500 0033 | c00f 85d9 
  0x000001849ab69ba8: 4700 008b | 6930 85ed | 0f85 064d | 0000 440f | b641 1245 | 85c0 0f85 | e21c 0000 | 488d 8424 
  0x000001849ab69bc8: e000 0000 | 4883 3800 | 0f84 7900 | 0000 4d8b | 1341 f6c2 | 020f 8462 | 0000 0049 | 83ba 8600 
  0x000001849ab69be8: 0000 0074 | 0949 ff8a | 8600 0000 | eb4b 498b | 8296 0000 | 0049 0b82 | 8e00 0000 | 750a 49c7 
  0x000001849ab69c08: 423e 0000 | 0000 eb3d | 4983 ba9e | 0000 0000 | 7422 4833 | c049 c742 | 3e00 0000 

  0x000001849ab69c24: ;   {no_reloc}
  0x000001849ab69c24: 00f0 8304 | 2400 4983 | ba9e 0000 | 0000 750d | f04d 0fb1 | 7a3e 7505 | 83c8 01eb | 0ca8 00eb 
  0x000001849ab69c44: 084c 8b10 | f04d 0fb1 | 1375 0a49 | ff8f 5005 | 0000 4533 | d20f 859c | 4700 004c | 8b54 2478 
  0x000001849ab69c64: 458b 5220 

  0x000001849ab69c68: ; implicit exception: dispatches to 0x000001849ab7063c
  0x000001849ab69c68: 418b 6a18 

  0x000001849ab69c6c: ; implicit exception: dispatches to 0x000001849ab70670
  0x000001849ab69c6c: 448b 5d08 

  0x000001849ab69c70: ;   {metadata('java/util/jar/JarFile')}
  0x000001849ab69c70: 4181 fb08 | 1419 000f | 85a9 4700 | 004c 8bd5 | 4d8b c241 | 8b58 2885 | db0f 8410 | 0c00 008b 
  0x000001849ab69c90: 6b0c 4180 | 7f40 000f | 8570 2400 | 008b 4d08 | 4c8b 5320 

  0x000001849ab69ca4: ;   {oop(a 'java/lang/Class'{0x00000000c0b00730} = 'java/lang/ref/SoftReference')}
  0x000001849ab69ca4: 49bb 3007 | b0c0 0000 | 0000 4d8b | 5b70 4d3b | d30f 85db 

  0x000001849ab69cb8: ;   {metadata('java/util/jar/Manifest')}
  0x000001849ab69cb8: 1b00 0081 | f9a0 e104 | 000f 85f9 | 6700 004c | 8bd5 4c89 | 9424 9000 | 0000 4c8b | 4c24 6845 
  0x000001849ab69cd8: 8b59 3845 | 85db 0f84 | 2045 0000 | 4c8b 8424 | c800 0000 | 418b 400c | 85c0 0f84 | fe09 0000 
  0x000001849ab69cf8: 418b 5b28 | 85db 0f84 | d304 0000 | 448b 5b0c | 4585 db0f | 86c7 4a00 | 0044 8bd0 | 41c1 ea10 
  0x000001849ab69d18: 4433 d041 | ffcb 4181 | e2ff ffff | 7f45 23da | 4d63 db46 | 8b5c 9b10 | 4585 db0f | 849e 0400 
  0x000001849ab69d38: 0041 8b6b | 0c41 3bea | 0f84 1208 | 0000 85ed | 0f8c 9e50 | 0000 418b | 4b18 85c9 | 0f84 7d04 
  0x000001849ab69d58: 0000 488b | d98b 4b0c | 498b 9758 | 0400 00c5 | fb10 4424 

  0x000001849ab69d6c: ; ImmutableOopMap {r8=Oop r9=Oop rbx=Oop rsi=Oop r13=Oop xmm0=Oop [40]=Oop [96]=Oop [120]=Oop [136]=NarrowOop [144]=Oop }
                      ;*if_icmpne {reexecute=1 rethrow=0 return_oop=0}
                      ; - (reexecute) java.util.concurrent.ConcurrentHashMap::get@127
                      ; - java.lang.ClassLoader::getDefinedPackage@13
                      ; - java.net.URLClassLoader::getAndVerifyPackage@2
                      ; - java.net.URLClassLoader::defineClass@46
                      ; - java.net.URLClassLoader$1::run@43
                      ; - java.net.URLClassLoader$1::run@1
                      ; - java.security.AccessController::executePrivileged@29
                      ; - java.security.AccessController::doPrivileged@13
                      ; - java.net.URLClassLoader::findClass@13
                      ;   {poll}
  0x000001849ab69d6c: 6085 0241 | 3bca 7412 | 448b 5b18 | 4585 db0f | 8456 0400 | 0049 8bdb | ebd7 8b6b | 104c 8bdd 
  0x000001849ab69d8c: 4d3b d80f | 84cc 0000 | 0085 ed0f | 84b7 5000 | 0048 899c | 24a0 0000 | 0044 8994 | 248c 0000 
  0x000001849ab69dac: 004c 8b94 | 2490 0000 | 004c 8994 | 2498 0000 | 004c 8b54 | 2478 4c89 | 9424 9000 | 0000 4c89 
  0x000001849ab69dcc: 8424 8000 | 0000 4889 | 7424 2044 | 8b9c 2488 | 0000 0044 | 895c 2478 | 4c89 6c24 | 404c 894c 
  0x000001849ab69dec: 2468 4c8b | c548 8b94 | 2480 0000 | 00c4 e1f9 | 7ec5 6690 

  0x000001849ab69e00: ;   {optimized virtual_call}
  0x000001849ab69e00: c5f8 77e8 

  0x000001849ab69e04: ; ImmutableOopMap {rbp=Oop [32]=Oop [40]=Oop [64]=Oop [96]=Oop [104]=Oop [120]=NarrowOop [128]=Oop [144]=Oop [152]=Oop [160]=Oop }
                      ;*invokevirtual equals {reexecute=0 rethrow=0 return_oop=0}
                      ; - java.util.concurrent.ConcurrentHashMap::get@149
                      ; - java.lang.ClassLoader::getDefinedPackage@13
                      ; - java.net.URLClassLoader::getAndVerifyPackage@2
                      ; - java.net.URLClassLoader::defineClass@46
                      ; - java.net.URLClassLoader$1::run@43
                      ; - java.net.URLClassLoader$1::run@1
                      ; - java.security.AccessController::executePrivileged@29
                      ; - java.security.AccessController::doPrivileged@13
                      ; - java.net.URLClassLoader::findClass@13
  0x000001849ab69e04: b822 feff 

  0x000001849ab69e08: ;   {other}
  0x000001849ab69e08: 0f1f 8400 | f818 000c | 85c0 0f84 | a850 0000 | 4c8b 4c24 | 684c 8b6c | 2440 448b | 5c24 7844 
  0x000001849ab69e28: 899c 2488 | 0000 004c | 8b84 2480 | 0000 004c | 8b9c 2490 | 0000 004c | 895c 2478 | 4c8b 9c24 
  0x000001849ab69e48: 9800 0000 | 4c89 9c24 | 9000 0000 | 488b 9c24 | a000 0000 | 488b 7424 | 208b 6b14 | 85ed 0f84 
  0x000001849ab69e68: 6b03 0000 | 450f b658 | 1141 8b40 | 0ceb 1848 | 8bf2 418b | 6b14 85ed | 0f84 5103 | 0000 418b 
  0x000001849ab69e88: 400c 450f | b658 1144 

  0x000001849ab69e90: ;   {metadata('java/lang/Package')}
  0x000001849ab69e90: 8b55 0841 | 81fa e8bd | 0100 0f85 | 2865 0000 | 418b 5814 

  0x000001849ab69ea4: ; implicit exception: dispatches to 0x000001849ab70728
  0x000001849ab69ea4: 448b 530c | 488b cd44 | 8b71 1045 | 85d2 0f86 | 4848 0000 | 458b 5138 | 4585 d20f | 84f3 4700 
  0x000001849ab69ec4: 0085 c00f | 8411 0900 | 0041 8b4a | 2885 c90f | 84a6 0100 | 0044 8b59 | 0c45 85db | 0f86 a74c 
  0x000001849ab69ee4: 0000 448b | d041 c1ea | 1044 33d0 | 41ff cb41 | 81e2 ffff | ff7f 4523 | da4d 63db | 468b 5c99 
  0x000001849ab69f04: 1045 85db | 0f84 7101 | 0000 418b | 6b0c 413b | ea0f 8411 | 0500 0085 | ed0f 8ca1 | 5000 0045 
  0x000001849ab69f24: 8b5b 1845 | 85db 0f84 | 4f01 0000 | 498b cb44 | 8b59 0c49 | 8b87 5804 | 0000 488b 

  0x000001849ab69f40: ; ImmutableOopMap {r8=Oop r9=Oop rcx=Oop rbx=Oop rsi=Oop r13=Oop r14=NarrowOop [40]=Oop [96]=Oop [120]=Oop [136]=NarrowOop [144]=Oop }
                      ;*if_icmpne {reexecute=1 rethrow=0 return_oop=0}
                      ; - (reexecute) java.util.concurrent.ConcurrentHashMap::get@127
                      ; - java.lang.ClassLoader::definePackage@47
                      ; - java.lang.ClassLoader::getDefinedPackage@32
                      ; - java.net.URLClassLoader::getAndVerifyPackage@2
                      ; - java.net.URLClassLoader::defineClass@46
                      ; - java.net.URLClassLoader$1::run@43
                      ; - java.net.URLClassLoader$1::run@1
                      ; - java.security.AccessController::executePrivileged@29
                      ; - java.security.AccessController::doPrivileged@13
                      ; - java.net.URLClassLoader::findClass@13
                      ;   {poll}
  0x000001849ab69f40: 5c24 6085 | 0045 3bda | 7412 448b | 5918 4585 | db0f 8428 | 0100 0049 | 8bcb ebd7 | 8b69 104c 
  0x000001849ab69f60: 8bdd 4d3b | d80f 84da | 0000 0085 | ed0f 8445 | 5200 0048 | 898c 24a8 | 0000 0044 | 8994 24a0 
  0x000001849ab69f80: 0000 0044 | 89b4 248c | 0000 004c | 8b94 2490 | 0000 004c | 8994 2498 | 0000 004c | 8b54 2478 
  0x000001849ab69fa0: 4c89 9424 | 9000 0000 | 4c89 8424 | 8000 0000 | 4889 7424 | 2044 8b9c | 2488 0000 | 0044 895c 
  0x000001849ab69fc0: 2478 4c89 | 6c24 404c | 894c 2468 | 4c8b c548 | 8b94 2480 | 0000 0048 | 895c 2448 

  0x000001849ab69fdc: ;   {optimized virtual_call}
  0x000001849ab69fdc: c5f8 77e8 

  0x000001849ab69fe0: ; ImmutableOopMap {[32]=Oop [40]=Oop [64]=Oop [72]=Oop [96]=Oop [104]=Oop [120]=NarrowOop [128]=Oop [140]=NarrowOop [144]=Oop [152]=Oop [168]=Oop }
                      ;*invokevirtual equals {reexecute=0 rethrow=0 return_oop=0}
                      ; - java.util.concurrent.ConcurrentHashMap::get@149
                      ; - java.lang.ClassLoader::definePackage@47
                      ; - java.lang.ClassLoader::getDefinedPackage@32
                      ; - java.net.URLClassLoader::getAndVerifyPackage@2
                      ; - java.net.URLClassLoader::defineClass@46
                      ; - java.net.URLClassLoader$1::run@43
                      ; - java.net.URLClassLoader$1::run@1
                      ; - java.security.AccessController::executePrivileged@29
                      ; - java.security.AccessController::doPrivileged@13
                      ; - java.net.URLClassLoader::findClass@13
  0x000001849ab69fe0: dc20 feff 

  0x000001849ab69fe4: ;   {other}
  0x000001849ab69fe4: 0f1f 8400 | d41a 000e | 85c0 0f84 | 3452 0000 | 4c8b 4c24 | 684c 8b6c | 2440 448b | 5c24 7844 
  0x000001849ab6a004: 899c 2488 | 0000 004c | 8b84 2480 | 0000 004c | 8b9c 2490 | 0000 004c | 895c 2478 | 4c8b 9c24 
  0x000001849ab6a024: 9800 0000 | 4c89 9c24 | 9000 0000 | 448b b424 | 8c00 0000 | 488b 8c24 | a800 0000 | 488b 7424 
  0x000001849ab6a044: 208b 6914 | 85ed 7433 | 448b 5d08 

  0x000001849ab6a050: ;   {metadata('java/lang/Package')}
  0x000001849ab6a050: 4181 fbe8 | bd01 000f | 85ab 6400 | 004c 8bd5 | 4c89 9424 | 8000 0000 | 4889 7424 | 20e9 c800 
  0x000001849ab6a070: 0000 c4e1 | f97e c641 | 8b6b 1485 | ed75 cd41 | 8b69 384d | 8b97 b801 | 0000 4d8b | da49 83c3 
  0x000001849ab6a090: 184d 3b9f | c801 0000 | 0f83 223a | 0000 4d89 | 9fb8 0100 | 0041 0f18 | 8300 0100 | 0049 c702 
  0x000001849ab6a0b0: 0100 0000 

  0x000001849ab6a0b4: ;   {metadata('java/lang/ClassLoader$$Lambda+0x00000184a8065d68')}
  0x000001849ab6a0b4: 41c7 4208 | 685d 0601 | 4d89 6210 | 498b c941 | 894a 0c45 | 8972 1085 | ed0f 8448 | 4a00 004c 
  0x000001849ab6a0d4: 8944 2458 | 4889 7424 | 204c 896c | 2440 4c89 | 4c24 6848 | 8bd5 4d8b | ca4c 8b54 | 2468 4c89 
  0x000001849ab6a0f4: 5424 304c | 8944 2438 | 488b 6c24 | 3066 6690 

  0x000001849ab6a104: ;   {optimized virtual_call}
  0x000001849ab6a104: c5f8 77e8 

  0x000001849ab6a108: ; ImmutableOopMap {rbp=Oop [32]=Oop [40]=Oop [48]=Oop [56]=Oop [64]=Oop [88]=Oop [96]=Oop [104]=Oop [120]=Oop [136]=NarrowOop [144]=Oop }
                      ;*invokevirtual compute {reexecute=0 rethrow=0 return_oop=1}
                      ; - java.lang.ClassLoader::definePackage@78
                      ; - java.lang.ClassLoader::getDefinedPackage@32
                      ; - java.net.URLClassLoader::getAndVerifyPackage@2
                      ; - java.net.URLClassLoader::defineClass@46
                      ; - java.net.URLClassLoader$1::run@43
                      ; - java.net.URLClassLoader$1::run@1
                      ; - java.security.AccessController::executePrivileged@29
                      ; - java.security.AccessController::doPrivileged@13
                      ; - java.net.URLClassLoader::findClass@13
  0x000001849ab6a108: 7449 89ff 

  0x000001849ab6a10c: ;   {other}
  0x000001849ab6a10c: 0f1f 8400 | fc1b 000f 

  0x000001849ab6a114: ; implicit exception: dispatches to 0x000001849ab707b4
  0x000001849ab6a114: 448b 5808 

  0x000001849ab6a118: ;   {metadata('java/lang/Package')}
  0x000001849ab6a118: 4181 fbe8 | bd01 000f | 85f7 6200 | 0048 8984 | 2480 0000 | 004c 8bcd | 4c8b 6c24 | 404c 8b44 
  0x000001849ab6a138: 2438 488b | ac24 9000 | 0000 4c89 | 4424 584c | 896c 2440 | 4c89 4c24 | 6848 8b94 | 2480 0000 
  0x000001849ab6a158: 004c 8b54 | 2460 4c89 | 5424 304c | 894c 2438 | 4c89 4424 | 4866 6690 

  0x000001849ab6a170: ;   {optimized virtual_call}
  0x000001849ab6a170: c5f8 77e8 

  0x000001849ab6a174: ; ImmutableOopMap {rbp=Oop [32]=Oop [40]=Oop [48]=Oop [56]=Oop [64]=Oop [72]=Oop [88]=Oop [96]=Oop [104]=Oop [120]=Oop [128]=Oop [136]=NarrowOop }
                      ;*invokevirtual isSealed {reexecute=0 rethrow=0 return_oop=0}
                      ; - java.net.URLClassLoader::getAndVerifyPackage@14
                      ; - java.net.URLClassLoader::defineClass@46
                      ; - java.net.URLClassLoader$1::run@43
                      ; - java.net.URLClassLoader$1::run@1
                      ; - java.security.AccessController::executePrivileged@29
                      ; - java.security.AccessController::doPrivileged@13
                      ; - java.net.URLClassLoader::findClass@13
  0x000001849ab6a174: c83d 0f00 

  0x000001849ab6a178: ;   {other}
  0x000001849ab6a178: 0f1f 8400 | 681c 0010 | 85c0 0f85 | 744a 0000 | 4885 ed0f | 84bf 4a00 | 0048 896c | 2450 488b 
  0x000001849ab6a198: 5424 384c | 8b44 2448 | 4c8b cd4c | 8944 2430 | 4c8b 5424 | 604c 8954 | 2438 488b | ea66 6690 
  0x000001849ab6a1b8: ;   {optimized virtual_call}
  0x000001849ab6a1b8: c5f8 77e8 

  0x000001849ab6a1bc: ; ImmutableOopMap {rbp=Oop [32]=Oop [40]=Oop [48]=Oop [56]=Oop [64]=Oop [72]=Oop [80]=Oop [88]=Oop [96]=Oop [104]=Oop [120]=Oop [128]=Oop [136]=NarrowOop }
                      ;*invokevirtual isSealed {reexecute=0 rethrow=0 return_oop=0}
                      ; - java.net.URLClassLoader::getAndVerifyPackage@68
                      ; - java.net.URLClassLoader::defineClass@46
                      ; - java.net.URLClassLoader$1::run@43
                      ; - java.net.URLClassLoader$1::run@1
                      ; - java.security.AccessController::executePrivileged@29
                      ; - java.security.AccessController::doPrivileged@13
                      ; - java.net.URLClassLoader::findClass@13
  0x000001849ab6a1bc: e077 50f8 

  0x000001849ab6a1c0: ;   {other}
  0x000001849ab6a1c0: 0f1f 8400 | b01c 0011 | 85c0 0f85 | cc4a 0000 | 4c8b 6c24 

  0x000001849ab6a1d4: ;   {metadata('java/lang/IllegalArgumentException')}
  0x000001849ab6a1d4: 40eb 6648 | bdc0 9a06 | a784 0100 | 004c 8b94 | 2490 0000 | 004d 85d2 | 0f84 c81e | 0000 4c89 
  0x000001849ab6a1f4: 4424 4848 | 8974 2420 | 4c89 6c24 | 404c 894c | 2468 498b | d14c 8b8c | 2490 0000 | 0048 8bfe 
  0x000001849ab6a214: 4c8b 5424 | 604c 8954 | 2430 4c89 | 5424 3848 | 8954 2450 

  0x000001849ab6a228: ;   {optimized virtual_call}
  0x000001849ab6a228: c5f8 77e8 

  0x000001849ab6a22c: ; ImmutableOopMap {[32]=Oop [40]=Oop [48]=Oop [56]=Oop [64]=Oop [72]=Oop [80]=Oop [96]=Oop [104]=Oop [120]=Oop [136]=NarrowOop [144]=Oop }
                      ;*invokevirtual definePackage {reexecute=0 rethrow=0 return_oop=1}
                      ; - java.net.URLClassLoader::defineClass@64
                      ; - java.net.URLClassLoader$1::run@43
                      ; - java.net.URLClassLoader$1::run@1
                      ; - java.security.AccessController::executePrivileged@29
                      ; - java.security.AccessController::doPrivileged@13
                      ; - java.net.URLClassLoader::findClass@13
  0x000001849ab6a22c: 7051 7df8 

  0x000001849ab6a230: ;   {other}
  0x000001849ab6a230: 0f1f 8400 | 201d 0012 | 4c8b 6c24 | 404c 896c | 2440 498b | d54c 896c | 2430 4c8b | 5424 604c 
  0x000001849ab6a250: 8954 2438 

  0x000001849ab6a254: ;   {optimized virtual_call}
  0x000001849ab6a254: c5f8 77e8 

  0x000001849ab6a258: ; ImmutableOopMap {[32]=Oop [40]=Oop [48]=Oop [56]=Oop [64]=Oop [96]=Oop [104]=Oop [136]=NarrowOop }
                      ;*invokevirtual getByteBuffer {reexecute=0 rethrow=0 return_oop=1}
                      ; - java.net.URLClassLoader::defineClass@132
                      ; - java.net.URLClassLoader$1::run@43
                      ; - java.net.URLClassLoader$1::run@1
                      ; - java.security.AccessController::executePrivileged@29
                      ; - java.security.AccessController::doPrivileged@13
                      ; - java.net.URLClassLoader::findClass@13
  0x000001849ab6a258: 6493 f9ff 

  0x000001849ab6a25c: ;   {other}
  0x000001849ab6a25c: 0f1f 8400 | 4c1d 0013 | 4885 c00f | 85cf 4500 | 0048 8b54 | 2430 448b 

  0x000001849ab6a274: ;   {metadata('jdk/internal/loader/URLClassPath$JarLoader$2')}
  0x000001849ab6a274: 5a08 4181 | fb30 2421 | 000f 854b | 2000 0048 | 8954 2430 

  0x000001849ab6a288: ;   {optimized virtual_call}
  0x000001849ab6a288: c5f8 77e8 

  0x000001849ab6a28c: ; ImmutableOopMap {[32]=Oop [40]=Oop [48]=Oop [56]=Oop [64]=Oop [96]=Oop [104]=Oop [136]=NarrowOop }
                      ;*invokevirtual getBytes {reexecute=0 rethrow=0 return_oop=1}
                      ; - java.net.URLClassLoader::defineClass@179
                      ; - java.net.URLClassLoader$1::run@43
                      ; - java.net.URLClassLoader$1::run@1
                      ; - java.security.AccessController::executePrivileged@29
                      ; - java.security.AccessController::doPrivileged@13
                      ; - java.net.URLClassLoader::findClass@13
  0x000001849ab6a28c: 90b6 e1ff 

  0x000001849ab6a290: ;   {other}
  0x000001849ab6a290: 0f1f 8400 | 801d 0014 | 4889 4424 | 5048 8b54 | 2440 448b 

  0x000001849ab6a2a4: ;   {metadata('jdk/internal/loader/URLClassPath$JarLoader$2')}
  0x000001849ab6a2a4: 5a08 4181 | fb30 2421 | 000f 8547 | 2000 004c | 8b54 2460 | 4c89 5424 | 3066 6690 

  0x000001849ab6a2c0: ;   {optimized virtual_call}
  0x000001849ab6a2c0: c5f8 77e8 

  0x000001849ab6a2c4: ; ImmutableOopMap {[32]=Oop [40]=Oop [48]=Oop [64]=Oop [80]=Oop [96]=Oop [104]=Oop [136]=NarrowOop }
                      ;*invokevirtual getCodeSigners {reexecute=0 rethrow=0 return_oop=1}
                      ; - java.net.URLClassLoader::defineClass@185
                      ; - java.net.URLClassLoader$1::run@43
                      ; - java.net.URLClassLoader$1::run@1
                      ; - java.security.AccessController::executePrivileged@29
                      ; - java.security.AccessController::doPrivileged@13
                      ; - java.net.URLClassLoader::findClass@13
  0x000001849ab6a2c4: 98d5 eaff 

  0x000001849ab6a2c8: ;   {other}
  0x000001849ab6a2c8: 0f1f 8400 | b81d 0015 | 4885 c00f | 85db 3f00 | 0049 8b87 | b801 0000 | 4c8b d049 | 83c2 284d 
  0x000001849ab6a2e8: 3b97 c801 | 0000 0f83 | d327 0000 | 4d89 97b8 | 0100 0041 | 0f18 8200 | 0100 0048 | c700 0100 
  0x000001849ab6a308: ;   {metadata('java/security/CodeSource')}
  0x000001849ab6a308: 0000 c740 | 0828 5c00 | 0044 8960 | 0c4c 8960 | 104c 8960 | 184c 8960 | 2048 8944 | 2458 488b 
  0x000001849ab6a328: d04c 8b44 | 2420 4533 | c94c 8b54 | 2460 4c89 | 5424 2090 

  0x000001849ab6a33c: ;   {optimized virtual_call}
  0x000001849ab6a33c: c5f8 77e8 

  0x000001849ab6a340: ; ImmutableOopMap {[32]=Oop [40]=Oop [64]=Oop [80]=Oop [88]=Oop [96]=Oop [104]=Oop }
                      ;*invokespecial <init> {reexecute=0 rethrow=0 return_oop=0}
                      ; - java.net.URLClassLoader::defineClass@198
                      ; - java.net.URLClassLoader$1::run@43
                      ; - java.net.URLClassLoader$1::run@1
                      ; - java.security.AccessController::executePrivileged@29
                      ; - java.security.AccessController::doPrivileged@13
                      ; - java.net.URLClassLoader::findClass@13
  0x000001849ab6a340: 1c77 0600 

  0x000001849ab6a344: ;   {other}
  0x000001849ab6a344: 0f1f 8400 | 341e 0016 

  0x000001849ab6a34c: ;   {oop(a 'jdk/internal/perf/PerfCounter'{0x00000000c0ad0d38})}
  0x000001849ab6a34c: 48ba 380d | adc0 0000 | 0000 4c8b | 4424 7090 

  0x000001849ab6a35c: ;   {optimized virtual_call}
  0x000001849ab6a35c: c5f8 77e8 

  0x000001849ab6a360: ; ImmutableOopMap {[32]=Oop [40]=Oop [64]=Oop [80]=Oop [88]=Oop [96]=Oop [104]=Oop }
                      ;*invokevirtual addElapsedTimeFrom {reexecute=0 rethrow=0 return_oop=0}
                      ; - java.net.URLClassLoader::defineClass@207
                      ; - java.net.URLClassLoader$1::run@43
                      ; - java.net.URLClassLoader$1::run@1
                      ; - java.security.AccessController::executePrivileged@29
                      ; - java.security.AccessController::doPrivileged@13
                      ; - java.net.URLClassLoader::findClass@13
  0x000001849ab6a360: dc8b f4ff 

  0x000001849ab6a364: ;   {other}
  0x000001849ab6a364: 0f1f 8400 | 541e 0017 | 4c8b 4c24 | 5041 8b71 | 0c48 8b54 | 2468 4c8b | 4424 2033 | ff48 8b4c 
  0x000001849ab6a384: 2458 6690 

  0x000001849ab6a388: ;   {optimized virtual_call}
  0x000001849ab6a388: c5f8 77e8 

  0x000001849ab6a38c: ; ImmutableOopMap {[32]=Oop [40]=Oop [64]=Oop [96]=Oop [104]=Oop }
                      ;*invokevirtual defineClass {reexecute=0 rethrow=0 return_oop=1}
                      ; - java.net.URLClassLoader::defineClass@220
                      ; - java.net.URLClassLoader$1::run@43
                      ; - java.net.URLClassLoader$1::run@1
                      ; - java.security.AccessController::executePrivileged@29
                      ; - java.security.AccessController::doPrivileged@13
                      ; - java.net.URLClassLoader::findClass@13
  0x000001849ab6a38c: 5092 e5ff 

  0x000001849ab6a390: ;   {other}
  0x000001849ab6a390: 0f1f 8400 | 801e 0018 | 4885 c075 | 7649 8b87 | b801 0000 | 4c8b d049 | 83c2 284d | 3b97 c801 
  0x000001849ab6a3b0: 0000 0f83 | 1b26 0000 | 4d89 97b8 | 0100 0041 | 0f18 8200 | 0100 0048 | c700 0100 

  0x000001849ab6a3cc: ;   {metadata('java/lang/ClassNotFoundException')}
  0x000001849ab6a3cc: 0000 c740 | 0888 9306 | 0044 8960 | 0c4c 8960 | 104c 8960 | 184c 8960 | 2048 8be8 | 488b d54c 
  0x000001849ab6a3ec: 8b44 2460 

  0x000001849ab6a3f0: ;   {optimized virtual_call}
  0x000001849ab6a3f0: c5f8 77e8 

  0x000001849ab6a3f4: ; ImmutableOopMap {rbp=Oop }
                      ;*invokespecial <init> {reexecute=0 rethrow=0 return_oop=0}
                      ; - java.net.URLClassLoader::findClass@41
  0x000001849ab6a3f4: 085d f5ff 

  0x000001849ab6a3f8: ;   {other}
  0x000001849ab6a3f8: 0f1f 8400 | e81e 0019 | 488b d5c5 | f877 4881 | c4f0 0000 

  0x000001849ab6a40c: ;   {runtime_call _rethrow_Java}
  0x000001849ab6a40c: 005d e9ed | 1a96 ffc5 | f877 4881 | c4f0 0000 

  0x000001849ab6a41c: ;   {poll_return}
  0x000001849ab6a41c: 005d 493b | a750 0400 | 000f 87cc | 7600 00c3 | 418b 6b10 | 488b cd49 | 3bc8 0f84 | 3bfc ffff 
  0x000001849ab6a43c: ; implicit exception: dispatches to 0x000001849ab708ac
  0x000001849ab6a43c: 8b4d 0848 | 8bfd 4c3b | c70f 842c 

  0x000001849ab6a448: ;   {metadata('java/lang/String')}
  0x000001849ab6a448: fcff ff81 | f978 e800 | 000f 85cc | faff ffc4 | e1f9 6ec6 | 410f be58 | 100f be6f | 103b dd0f 
  0x000001849ab6a468: 85db 4a00 | 008b 5f14 | 418b 5014 | 8b7b 0c8b | 4a0c 3bcf | 0f85 a1fa | ffff 488b | fb48 8d73 
  0x000001849ab6a488: 1048 8bda | 488d 7a10 | 85c9 0f84 | 9d00 0000 | 8bc1 83e0 | 1f83 e1e0 | 0f84 4b00 | 0000 488d 
  0x000001849ab6a4a8: 3c0f 488d | 340e 48f7 | d9c5 fe6f | 140f c5fe | 6f0c 0ec5 | edef d1c4 | e27d 17d2 | 0f85 7200 
  0x000001849ab6a4c8: 0000 4883 | c120 75e1 | 85c0 0f84 | 5d00 0000 | c5fe 6f54 | 07e0 c5fe | 6f4c 06e0 | c5ed efd1 
  0x000001849ab6a4e8: c4e2 7d17 | d275 4deb | 448b c883 | e1fc 7419 | 488d 3c0f | 488d 340e | 48f7 d98b | 1c0f 3b1c 
  0x000001849ab6a508: 0e75 3148 | 83c1 0475 | f2a8 0274 | 120f b71f | 0fb7 0e3b | d975 1d48 | 8d7f 0248 | 8d76 02a8 
  0x000001849ab6a528: 0174 0a0f | b61f 0fb6 | 0e3b d975 | 07b8 0100 | 0000 eb02 | 33c0 c5ed | efd2 c5f5 | efc9 85c0 
  0x000001849ab6a548: ;   {no_reloc}
  0x000001849ab6a548: 0f85 24fb | ffff c4e1 | f97e c6e9 | cbf9 ffff | 418b 6b10 | 488b cd49 | 3bc8 0f84 | 12f9 ffff 
  0x000001849ab6a568: ; implicit exception: dispatches to 0x000001849ab707f8
  0x000001849ab6a568: 8b4d 0848 | 8bfd 4c3b | c70f 8403 

  0x000001849ab6a574: ;   {metadata('java/lang/String')}
  0x000001849ab6a574: f9ff ff81 | f978 e800 | 000f 85cb | f7ff ff41 | 0fbe 5810 | 0fbe 6f10 | 3bdd 0f85 | e847 0000 
  0x000001849ab6a594: 488b d68b | 7f14 418b | 4014 8b5f | 0c8b 480c | 3bcb 0f85 | a2f7 ffff | 488b df48 | 8d77 1048 
  0x000001849ab6a5b4: 8bd8 488d | 7810 85c9 | 0f84 9d00 | 0000 8bc1 | 83e0 1f83 | e1e0 0f84 | 4b00 0000 | 488d 3c0f 
  0x000001849ab6a5d4: 488d 340e | 48f7 d9c5 | fe6f 040f | c5fe 6f0c | 0ec5 fdef | c1c4 e27d | 17c0 0f85 | 7200 0000 
  0x000001849ab6a5f4: 4883 c120 | 75e1 85c0 | 0f84 5d00 | 0000 c5fe | 6f44 07e0 | c5fe 6f4c | 06e0 c5fd | efc1 c4e2 
  0x000001849ab6a614: 7d17 c075 | 4deb 448b | c883 e1fc | 7419 488d | 3c0f 488d | 340e 48f7 | d98b 1c0f | 3b1c 0e75 
  0x000001849ab6a634: 3148 83c1 | 0475 f2a8 | 0274 120f | b71f 0fb7 | 0e3b d975 | 1d48 8d7f | 0248 8d76 | 02a8 0174 
  0x000001849ab6a654: 0a0f b61f | 0fb6 0e3b | d975 07b8 | 0100 0000 | eb02 33c0 | c5fd efc0 | c5f5 efc9 | 85c0 0f85 
  0x000001849ab6a674: ;   {no_reloc}
  0x000001849ab6a674: fff7 ffff | 488b f2e9 | cef6 ffff | 498b 87b8 | 0100 004c | 8bd0 4983 | c218 4d3b | 97c8 0100 
  0x000001849ab6a694: 000f 8346 | 3300 004d | 8997 b801 | 0000 410f | 1882 0001 | 0000 48c7 | 0001 0000 

  0x000001849ab6a6b0: ;   {metadata('java/lang/String')}
  0x000001849ab6a6b0: 00c7 4008 | 78e8 0000 | 4489 600c | 4489 6010 

  0x000001849ab6a6c0: ;   {oop([B{0x00000000c0b000d8})}
  0x000001849ab6a6c0: c740 14d8 

  0x000001849ab6a6c4: ;   {oop(".class"{0x00000000c0b000c0})}
  0x000001849ab6a6c4: 00b0 c049 | bac0 00b0 | c000 0000 | 0045 8b42 | 0c44 8940 | 0c45 0fb6 | 5211 4488 | 5011 4889 
  0x000001849ab6a6e4: 4424 50e9 | 01ee ffff | ba2f 0000 | 00e9 f8ea | ffff 450f | b650 1145 | 85d2 0f85 | 4c1c 0000 
  0x000001849ab6a704: 458b 5014 | 498b eb49 | 8bd2 4180 | 7810 000f | 85f4 2500 | 0044 895c | 2424 4c8b | 9424 9000 
  0x000001849ab6a724: 0000 4c89 | 5424 504c | 8b54 2478 | 4c89 5424 | 4848 ffb4 | 24c8 0000 | 0048 8f44 | 2438 4889 
  0x000001849ab6a744: 7424 3044 | 8b94 2488 | 0000 0044 | 8954 2420 | 4c89 6c24 | 404c 8b54 | 2460 4c89 | 5424 5890 
  0x000001849ab6a764: ;   {static_call}
  0x000001849ab6a764: c5f8 77e8 

  0x000001849ab6a768: ; ImmutableOopMap {rbp=Oop [32]=NarrowOop [36]=NarrowOop [40]=Oop [48]=Oop [56]=Oop [64]=Oop [72]=Oop [80]=Oop [88]=Oop [96]=Oop [104]=Oop [144]=Oop }
                      ;*invokestatic hashCode {reexecute=0 rethrow=0 return_oop=0}
                      ; - java.lang.String::hashCode@27
                      ; - java.util.concurrent.ConcurrentHashMap::get@1
                      ; - java.lang.ClassLoader::getDefinedPackage@13
                      ; - java.net.URLClassLoader::getAndVerifyPackage@2
                      ; - java.net.URLClassLoader::defineClass@46
                      ; - java.net.URLClassLoader$1::run@43
                      ; - java.net.URLClassLoader$1::run@1
                      ; - java.security.AccessController::executePrivileged@29
                      ; - java.security.AccessController::doPrivileged@13
                      ; - java.net.URLClassLoader::findClass@13
  0x000001849ab6a768: d430 e1ff 

  0x000001849ab6a76c: ;   {other}
  0x000001849ab6a76c: 0f1f 8400 | 5c22 001a | 85c0 0f84 | 4825 0000 | 4c8b 4424 | 3841 8940 | 0c4c 8b4c | 2468 4c8b 
  0x000001849ab6a78c: 6c24 4044 | 8b54 2420 | 4489 9424 | 8800 0000 | 4c8b 5c24 | 484c 895c | 2478 4c8b | 5c24 504c 
  0x000001849ab6a7ac: 899c 2490 | 0000 0044 | 8b5c 2424 | 488b 7424 | 30e9 36f5 | ffff 4c8b | 5424 604c | 8994 24c8 
  0x000001849ab6a7cc: 0000 00e9 | 19f3 ffff | bf2f 0000 | 00e9 14eb | ffff 4585 | db0f 85e5 | 2100 0049 | 8bea 488b 
  0x000001849ab6a7ec: d341 8078 | 1000 0f85 | b82f 0000 | 4489 5424 | 5844 8974 | 2424 4c8b | 9424 9000 | 0000 4c89 
  0x000001849ab6a80c: 5424 504c | 8b54 2478 | 4c89 5424 | 484c 8944 | 2438 4889 | 7424 3044 | 8b94 2488 | 0000 0044 
  0x000001849ab6a82c: 8954 2420 | 4c89 6c24 | 404c 894c | 2468 6690 

  0x000001849ab6a83c: ;   {static_call}
  0x000001849ab6a83c: c5f8 77e8 

  0x000001849ab6a840: ; ImmutableOopMap {rbp=Oop [32]=NarrowOop [36]=NarrowOop [40]=Oop [48]=Oop [56]=Oop [64]=Oop [72]=Oop [80]=Oop [88]=NarrowOop [96]=Oop [104]=Oop [144]=Oop }
                      ;*invokestatic hashCode {reexecute=0 rethrow=0 return_oop=0}
                      ; - java.lang.String::hashCode@27
                      ; - java.util.concurrent.ConcurrentHashMap::get@1
                      ; - java.lang.ClassLoader::definePackage@47
                      ; - java.lang.ClassLoader::getDefinedPackage@32
                      ; - java.net.URLClassLoader::getAndVerifyPackage@2
                      ; - java.net.URLClassLoader::defineClass@46
                      ; - java.net.URLClassLoader$1::run@43
                      ; - java.net.URLClassLoader$1::run@1
                      ; - java.security.AccessController::executePrivileged@29
                      ; - java.security.AccessController::doPrivileged@13
                      ; - java.net.URLClassLoader::findClass@13
  0x000001849ab6a840: 3c48 89ff 

  0x000001849ab6a844: ;   {other}
  0x000001849ab6a844: 0f1f 8400 | 3423 001b | 85c0 0f84 | 0e2f 0000 | 4c8b 4424 | 3841 8940 | 0c4c 8b4c | 2468 4c8b 
  0x000001849ab6a864: 6c24 4044 | 8b5c 2420 | 4489 9c24 | 8800 0000 | 4c8b 5424 | 484c 8954 | 2478 4c8b | 5424 504c 
  0x000001849ab6a884: 8994 2490 | 0000 0044 | 8b74 2424 | 448b 5424 | 5848 8b74 | 2430 e92e | f6ff ff4c | 8944 2430 
  0x000001849ab6a8a4: 4889 7424 | 2044 8b94 | 2488 0000 | 0044 8954 | 2458 4c89 | 6c24 4049 | 8bd0 4c8b | 5424 604c 
  0x000001849ab6a8c4: 8954 2450 | 488b 6c24 | 5066 6690 

  0x000001849ab6a8d0: ;   {optimized virtual_call}
  0x000001849ab6a8d0: c5f8 77e8 

  0x000001849ab6a8d4: ; ImmutableOopMap {rbp=Oop [32]=Oop [40]=Oop [48]=Oop [64]=Oop [80]=Oop [88]=NarrowOop [96]=Oop [104]=Oop [120]=Oop [200]=Oop }
                      ;*invokevirtual getManEntry {reexecute=0 rethrow=0 return_oop=1}
                      ; - java.util.jar.JarFile::getManifestFromReference@27
                      ; - java.util.jar.JarFile::getManifest@1
                      ; - jdk.internal.loader.URLClassPath$JarLoader$2::getManifest@22
                      ; - java.net.URLClassLoader::defineClass@34
                      ; - java.net.URLClassLoader$1::run@43
                      ; - java.net.URLClassLoader$1::run@1
                      ; - java.security.AccessController::executePrivileged@29
                      ; - java.security.AccessController::doPrivileged@13
                      ; - java.net.URLClassLoader::findClass@13
  0x000001849ab6a8d4: 2887 5df8 

  0x000001849ab6a8d8: ;   {other}
  0x000001849ab6a8d8: 0f1f 8400 | c823 001c | 4885 c00f | 848b 1900 | 004c 8b44 | 2430 450f | b650 1245 | 85d2 0f85 
  0x000001849ab6a8f8: 6d02 0000 | 498b e849 | 8bd0 4c8b | c066 6690 

  0x000001849ab6a908: ;   {optimized virtual_call}
  0x000001849ab6a908: c5f8 77e8 

  0x000001849ab6a90c: ; ImmutableOopMap {rbp=Oop [32]=Oop [40]=Oop [64]=Oop [80]=Oop [88]=NarrowOop [96]=Oop [104]=Oop [120]=Oop [200]=Oop }
                      ;*invokespecial getInputStream {reexecute=0 rethrow=0 return_oop=1}
                      ; - java.util.jar.JarFile::getManifestFromReference@130
                      ; - java.util.jar.JarFile::getManifest@1
                      ; - jdk.internal.loader.URLClassPath$JarLoader$2::getManifest@22
                      ; - java.net.URLClassLoader::defineClass@34
                      ; - java.net.URLClassLoader$1::run@43
                      ; - java.net.URLClassLoader$1::run@1
                      ; - java.security.AccessController::executePrivileged@29
                      ; - java.security.AccessController::doPrivileged@13
                      ; - java.net.URLClassLoader::findClass@13
  0x000001849ab6a90c: b0d8 42f8 

  0x000001849ab6a910: ;   {other}
  0x000001849ab6a910: 0f1f 8400 | 0024 001d | 4889 4424 | 3049 8b87 | b801 0000 | 4c8b d049 | 83c2 184d | 3b97 c801 
  0x000001849ab6a930: 0000 0f83 | b435 0000 | 4d89 97b8 | 0100 0041 | 0f18 8200 | 0100 0048 | c700 0100 

  0x000001849ab6a94c: ;   {metadata('java/util/jar/Manifest')}
  0x000001849ab6a94c: 0000 c740 | 08a0 e104 | 0044 8960 | 0c4c 8960 | 104c 8bd8 | 4c8b c541 | 8b48 1449 | 8baf b801 
  0x000001849ab6a96c: 0000 4c8b | d549 83c2 | 104d 3b97 | c801 0000 | 0f83 3235 | 0000 4d89 | 97b8 0100 | 0041 0f18 
  0x000001849ab6a98c: 8200 0100 | 0048 c745 | 0001 0000 

  0x000001849ab6a998: ;   {metadata('java/util/jar/Attributes')}
  0x000001849ab6a998: 00c7 4508 | 4088 1600 | 4489 650c | 4c89 4424 | 504c 895c | 2448 894c | 245c ba10 | 0000 0090 
  0x000001849ab6a9b8: ;   {static_call}
  0x000001849ab6a9b8: c5f8 77e8 

  0x000001849ab6a9bc: ; ImmutableOopMap {rbp=Oop [32]=Oop [40]=Oop [48]=Oop [64]=Oop [72]=Oop [80]=Oop [88]=NarrowOop [92]=NarrowOop [96]=Oop [104]=Oop [120]=Oop [200]=Oop }
                      ;*invokestatic newLinkedHashMap {reexecute=0 rethrow=0 return_oop=1}
                      ; - java.util.jar.Attributes::<init>@6
                      ; - java.util.jar.Attributes::<init>@3
                      ; - java.util.jar.Manifest::<init>@9
                      ; - java.util.jar.Manifest::<init>@4
                      ; - java.util.jar.JarFile::getManifestFromReference@143
                      ; - java.util.jar.JarFile::getManifest@1
                      ; - jdk.internal.loader.URLClassPath$JarLoader$2::getManifest@22
                      ; - java.net.URLClassLoader::defineClass@34
                      ; - java.net.URLClassLoader$1::run@43
                      ; - java.net.URLClassLoader$1::run@1
                      ; - java.security.AccessController::executePrivileged@29
                      ; - java.security.AccessController::doPrivileged@13
                      ; - java.net.URLClassLoader::findClass@13
  0x000001849ab6a9bc: 600e 54f8 

  0x000001849ab6a9c0: ;   {other}
  0x000001849ab6a9c0: 0f1f 8400 | b024 001e | 488b d841 | 807f 4000 | 0f85 a32e | 0000 4c8b | db4d 8bd3 | 4489 550c 
  0x000001849ab6a9e0: 4d8b d34c | 8bdd 4d33 | d348 8bfd | 49c1 ea14 | 448b 4424 | 5c4c 8984 | 2480 0000 | 004d 85d2 
  0x000001849ab6aa00: 741f 4885 | db74 1a49 | c1eb 0948 | b900 00fd | a184 0100 | 0049 03cb | 8039 020f | 856f 2f00 
  0x000001849ab6aa20: 0041 807f | 4000 0f85 | 102e 0000 | 4c8b 4424 | 4841 8978 | 0c4c 8bd5 | 4d8b d84d | 33d3 49c1 
  0x000001849ab6aa40: ea14 4d85 | d274 1a49 | c1eb 0948 | b900 00fd | a184 0100 | 0049 03cb | 8039 020f | 8581 2e00 
  0x000001849ab6aa60: 004d 8b8f | b801 0000 | 4d8b d149 | 83c2 304d | 3b97 c801 | 0000 0f83 | 9934 0000 | 4d89 97b8 
  0x000001849ab6aa80: 0100 0041 | 0f18 8200 | 0100 0049 | c701 0100 

  0x000001849ab6aa90: ;   {metadata('java/util/HashMap')}
  0x000001849ab6aa90: 0000 41c7 | 4108 68a9 | 0800 4589 | 610c 4d89 | 6110 4d89 | 6118 4d89 | 6128 49c7 | 4120 0000 
  0x000001849ab6aab0: 403f 4180 | 7f40 000f | 854c 2d00 | 004d 8bd0 | 4d8b d94d | 33da 4589 | 4810 49c1 | eb14 4d85 
  0x000001849ab6aad0: db74 1a49 | c1ea 0948 | b900 00fd | a184 0100 | 0049 03ca | 8039 020f | 854c 2e00 | 0049 8be8 
  0x000001849ab6aaf0: 498b d04c | 8b44 2430 | 4c8b 8c24 | 8000 0000 | 4c8b 5424 | 604c 8954 | 2448 6690 

  0x000001849ab6ab0c: ;   {optimized virtual_call}
  0x000001849ab6ab0c: c5f8 77e8 

  0x000001849ab6ab10: ; ImmutableOopMap {rbp=Oop [32]=Oop [40]=Oop [48]=Oop [64]=Oop [72]=Oop [80]=Oop [88]=NarrowOop [96]=Oop [104]=Oop [120]=Oop [200]=Oop }
                      ;*invokevirtual read {reexecute=0 rethrow=0 return_oop=0}
                      ; - java.util.jar.Manifest::<init>@29
                      ; - java.util.jar.Manifest::<init>@4
                      ; - java.util.jar.JarFile::getManifestFromReference@143
                      ; - java.util.jar.JarFile::getManifest@1
                      ; - jdk.internal.loader.URLClassPath$JarLoader$2::getManifest@22
                      ; - java.net.URLClassLoader::defineClass@34
                      ; - java.net.URLClassLoader$1::run@43
                      ; - java.net.URLClassLoader$1::run@1
                      ; - java.security.AccessController::executePrivileged@29
                      ; - java.security.AccessController::doPrivileged@13
                      ; - java.net.URLClassLoader::findClass@13
  0x000001849ab6ab10: 8c67 60f8 

  0x000001849ab6ab14: ;   {other}
  0x000001849ab6ab14: 0f1f 8400 | 0426 001f | 4180 7f40 | 000f 8585 | 2d00 004c | 8bd5 4589 | 6214 4c8b | 5c24 3045 
  0x000001849ab6ab34: ;   {metadata('java/util/zip/ZipFile$ZipFileInflaterInputStream')}
  0x000001849ab6ab34: 8b4b 0841 | 81f9 c0a4 | 3100 0f85 | d247 0000 | 498b ea49 | 8bd3 4c8b | 5424 484c | 8954 2430 
  0x000001849ab6ab54: ;   {optimized virtual_call}
  0x000001849ab6ab54: c5f8 77e8 

  0x000001849ab6ab58: ; ImmutableOopMap {rbp=Oop [32]=Oop [40]=Oop [48]=Oop [64]=Oop [80]=Oop [88]=NarrowOop [96]=Oop [104]=Oop [120]=Oop [200]=Oop }
                      ;*invokevirtual close {reexecute=0 rethrow=0 return_oop=0}
                      ; - java.util.jar.JarFile::getManifestFromReference@152
                      ; - java.util.jar.JarFile::getManifest@1
                      ; - jdk.internal.loader.URLClassPath$JarLoader$2::getManifest@22
                      ; - java.net.URLClassLoader::defineClass@34
                      ; - java.net.URLClassLoader$1::run@43
                      ; - java.net.URLClassLoader$1::run@1
                      ; - java.security.AccessController::executePrivileged@29
                      ; - java.security.AccessController::doPrivileged@13
                      ; - java.net.URLClassLoader::findClass@13
  0x000001849ab6ab58: 040b fcff 

  0x000001849ab6ab5c: ;   {other}
  0x000001849ab6ab5c: 0f1f 8400 | 4c26 0020 | e90a 0c00 | 0048 8944 | 2430 498b | e849 8bd0 | 4c8b c04c | 8b54 2450 
  0x000001849ab6ab7c: 4c89 5424 | 4866 6690 

  0x000001849ab6ab84: ;   {optimized virtual_call}
  0x000001849ab6ab84: c5f8 77e8 

  0x000001849ab6ab88: ; ImmutableOopMap {rbp=Oop [32]=Oop [40]=Oop [48]=Oop [64]=Oop [72]=Oop [88]=NarrowOop [96]=Oop [104]=Oop [120]=Oop [200]=Oop }
                      ;*invokevirtual getBytes {reexecute=0 rethrow=0 return_oop=1}
                      ; - java.util.jar.JarFile::getManifestFromReference@44
                      ; - java.util.jar.JarFile::getManifest@1
                      ; - jdk.internal.loader.URLClassPath$JarLoader$2::getManifest@22
                      ; - java.net.URLClassLoader::defineClass@34
                      ; - java.net.URLClassLoader$1::run@43
                      ; - java.net.URLClassLoader$1::run@1
                      ; - java.security.AccessController::executePrivileged@29
                      ; - java.security.AccessController::doPrivileged@13
                      ; - java.net.URLClassLoader::findClass@13
  0x000001849ab6ab88: f43e 89ff 

  0x000001849ab6ab8c: ;   {other}
  0x000001849ab6ab8c: 0f1f 8400 | 7c26 0021 | 4889 8424 | 8000 0000 | 4c8b dd41 | 0fb6 6b11 | 85ed 0f85 | e547 0000 
  0x000001849ab6abac: 4c89 9c24 | 8800 0000 | 498b d348 | 8b6c 2448 

  0x000001849ab6abbc: ;   {optimized virtual_call}
  0x000001849ab6abbc: c5f8 77e8 

  0x000001849ab6abc0: ; ImmutableOopMap {rbp=Oop [32]=Oop [40]=Oop [48]=Oop [64]=Oop [88]=NarrowOop [96]=Oop [104]=Oop [120]=Oop [128]=Oop [136]=Oop [200]=Oop }
                      ;*invokevirtual getManifestNum {reexecute=0 rethrow=0 return_oop=0}
                      ; - java.util.zip.ZipFile$1::getManifestNum@1
                      ; - java.util.jar.JarFile::getManifestFromReference@59
                      ; - java.util.jar.JarFile::getManifest@1
                      ; - jdk.internal.loader.URLClassPath$JarLoader$2::getManifest@22
                      ; - java.net.URLClassLoader::defineClass@34
                      ; - java.net.URLClassLoader$1::run@43
                      ; - java.net.URLClassLoader$1::run@1
                      ; - java.security.AccessController::executePrivileged@29
                      ; - java.security.AccessController::doPrivileged@13
                      ; - java.net.URLClassLoader::findClass@13
  0x000001849ab6abc0: bc3e 89ff 

  0x000001849ab6abc4: ;   {other}
  0x000001849ab6abc4: 0f1f 8400 | b426 0022 | 83f8 010f | 850b 4800 | 004d 8b97 | b801 0000 | 4d8b da49 | 83c3 404d 
  0x000001849ab6abe4: 3b9f c801 | 0000 0f83 | d02f 0000 | 4d89 9fb8 | 0100 0041 | 0f18 8300 | 0100 0049 | c702 0100 
  0x000001849ab6ac04: ;   {metadata('java/util/jar/JarVerifier')}
  0x000001849ab6ac04: 0000 41c7 | 4208 789e | 1600 4589 | 620c 4d89 | 6210 4d89 | 6218 4d89 | 6220 4d89 | 6228 4d89 
  0x000001849ab6ac24: 6230 4d89 | 6238 4c8b | 5c24 3045 

  0x000001849ab6ac30: ;   {metadata('java/util/jar/JarFile$JarFileEntry')}
  0x000001849ab6ac30: 8b43 0841 | 81f8 d032 | 3100 0f85 | 2f44 0000 | 41c6 420e | 0145 8b5b | 6045 895a | 3041 c642 
  0x000001849ab6ac50: 0d01 4d8b | c34d 8bca | 498b da4d | 8bd0 4d33 | d14c 8b84 | 2480 0000 | 0041 8bf0 | 49c1 ea14 
  0x000001849ab6ac70: 4d85 d274 | 1f45 85db | 741a 49c1 | e909 48b9 | 0000 fda1 | 8401 0000 | 4903 c980 | 3902 0f85 
  0x000001849ab6ac90: d529 0000 | 4180 7f40 | 000f 8560 | 2100 004c | 8bcb 448b | c645 8941 | 2c48 8b9c | 2480 0000 
  0x000001849ab6acb0: 004c 8bd3 | 4d8b d94d | 33d3 49c1 | ea14 4d85 | d274 1f48 | 85db 741a | 49c1 eb09 | 48b9 0000 
  0x000001849ab6acd0: fda1 8401 | 0000 4903 | cb80 3902 | 0f85 3429 | 0000 498b | afb8 0100 | 004c 8bd5 | 4983 c230 
  0x000001849ab6acf0: 4d3b 97c8 | 0100 000f | 83e7 2e00 | 004d 8997 | b801 0000 | 410f 1882 | 0001 0000 | 48c7 4500 
  0x000001849ab6ad10: 0100 0000 

  0x000001849ab6ad14: ;   {metadata('java/util/Hashtable')}
  0x000001849ab6ad14: c745 08b8 | d300 0044 | 8965 0c4c | 8965 104c | 8965 184c | 8965 204c | 8965 284c | 898c 2490 
  0x000001849ab6ad34: 0000 0044 | 8944 2430 

  0x000001849ab6ad3c: ;   {section_word}
  0x000001849ab6ad3c: c5fa 1005 | bce1 ffff | 4c8b 5424 | 604c 8954 | 2448 6690 

  0x000001849ab6ad50: ;   {static_call}
  0x000001849ab6ad50: c5f8 77e8 

  0x000001849ab6ad54: ; ImmutableOopMap {rbp=Oop [32]=Oop [40]=Oop [48]=NarrowOop [64]=Oop [72]=Oop [88]=NarrowOop [96]=Oop [104]=Oop [120]=Oop [128]=Oop [136]=Oop [144]=Oop [200]=Oop }
                      ;*invokestatic isNaN {reexecute=0 rethrow=0 return_oop=0}
                      ; - java.util.Hashtable::<init>@47
                      ; - java.util.Hashtable::<init>@5
                      ; - java.util.jar.JarVerifier::<init>@39
                      ; - java.util.jar.JarFile::getManifestFromReference@78
                      ; - java.util.jar.JarFile::getManifest@1
                      ; - jdk.internal.loader.URLClassPath$JarLoader$2::getManifest@22
                      ; - java.net.URLClassLoader::defineClass@34
                      ; - java.net.URLClassLoader$1::run@43
                      ; - java.net.URLClassLoader$1::run@1
                      ; - java.security.AccessController::executePrivileged@29
                      ; - java.security.AccessController::doPrivileged@13
                      ; - java.net.URLClassLoader::findClass@13
  0x000001849ab6ad54: 2843 89ff 

  0x000001849ab6ad58: ;   {other}
  0x000001849ab6ad58: 0f1f 8400 | 4828 0023 | 85c0 0f85 | 7843 0000 | c745 1400 | 0040 3f4d | 8b97 b801 | 0000 4d8b 
  0x000001849ab6ad78: da49 83c3 | 404d 3b9f | c801 0000 | 0f83 b62e | 0000 4d89 | 9fb8 0100 | 0041 0f18 | 8300 0100 
  0x000001849ab6ad98: 0049 c702 | 0100 0000 | 410f 1883 | 4001 0000 

  0x000001849ab6ada8: ;   {metadata('java/util/Hashtable$Entry'[])}
  0x000001849ab6ada8: 41c7 4208 | a87f 1300 | 410f 1883 | 8001 0000 | 41c7 420c | 0b00 0000 | 4d89 6210 | 4d89 6218 
  0x000001849ab6adc8: 4d89 6220 | 4d89 6228 | 4d89 6230 | 4d89 6238 | 498b da41 | 807f 4000 | 0f85 8d20 | 0000 4c8b 
  0x000001849ab6ade8: d34d 8bda | 4489 5d1c | 4c8b dd4d | 33d3 488b | dd49 c1ea | 144d 85d2 | 741a 49c1 | eb09 48b9 
  0x000001849ab6ae08: 0000 fda1 | 8401 0000 | 4903 cb80 | 3902 0f85 | d723 0000 | 4180 7f40 | 000f 8511 | 2000 004c 
  0x000001849ab6ae28: 8b94 2490 | 0000 0041 | 895a 14c7 | 4510 0800 | 0000 4c8b | d54c 8b9c | 2490 0000 | 004d 33d3 
  0x000001849ab6ae48: 49c1 ea14 | 4d85 d274 | 1a49 c1eb | 0948 b900 | 00fd a184 | 0100 0049 | 03cb 8039 | 020f 8537 
  0x000001849ab6ae68: 2300 0049 | 8baf b801 | 0000 4c8b | d549 83c2 | 304d 3b97 | c801 0000 | 0f83 922d | 0000 4d89 
  0x000001849ab6ae88: 97b8 0100 | 0041 0f18 | 8200 0100 | 0048 c745 | 0001 0000 

  0x000001849ab6ae9c: ;   {metadata('java/util/Hashtable')}
  0x000001849ab6ae9c: 00c7 4508 | b8d3 0000 | 4489 650c | 4c89 6510 | 4c89 6518 | 4c89 6520 | 4c89 6528 

  0x000001849ab6aeb8: ;   {section_word}
  0x000001849ab6aeb8: c5fa 1005 | 40e0 ffff | 4c8b 5424 | 604c 8954 | 2448 6690 

  0x000001849ab6aecc: ;   {static_call}
  0x000001849ab6aecc: c5f8 77e8 

  0x000001849ab6aed0: ; ImmutableOopMap {rbp=Oop [32]=Oop [40]=Oop [48]=NarrowOop [64]=Oop [72]=Oop [88]=NarrowOop [96]=Oop [104]=Oop [120]=Oop [128]=Oop [136]=Oop [144]=Oop [200]=Oop }
                      ;*invokestatic isNaN {reexecute=0 rethrow=0 return_oop=0}
                      ; - java.util.Hashtable::<init>@47
                      ; - java.util.Hashtable::<init>@5
                      ; - java.util.jar.JarVerifier::<init>@50
                      ; - java.util.jar.JarFile::getManifestFromReference@78
                      ; - java.util.jar.JarFile::getManifest@1
                      ; - jdk.internal.loader.URLClassPath$JarLoader$2::getManifest@22
                      ; - java.net.URLClassLoader::defineClass@34
                      ; - java.net.URLClassLoader$1::run@43
                      ; - java.net.URLClassLoader$1::run@1
                      ; - java.security.AccessController::executePrivileged@29
                      ; - java.security.AccessController::doPrivileged@13
                      ; - java.net.URLClassLoader::findClass@13
  0x000001849ab6aed0: ac41 89ff 

  0x000001849ab6aed4: ;   {other}
  0x000001849ab6aed4: 0f1f 8400 | c429 0024 | 85c0 0f85 | 4442 0000 | c745 1400 | 0040 3f4d | 8b97 b801 | 0000 4d8b 
  0x000001849ab6aef4: da49 83c3 | 404d 3b9f | c801 0000 | 0f83 622d | 0000 4d89 | 9fb8 0100 | 0041 0f18 | 8300 0100 
  0x000001849ab6af14: 0049 c702 | 0100 0000 | 410f 1883 | 4001 0000 

  0x000001849ab6af24: ;   {metadata('java/util/Hashtable$Entry'[])}
  0x000001849ab6af24: 41c7 4208 | a87f 1300 | 410f 1883 | 8001 0000 | 41c7 420c | 0b00 0000 | 4d89 6210 | 4d89 6218 
  0x000001849ab6af44: 4d89 6220 | 4d89 6228 | 4d89 6230 | 4d89 6238 | 498b da41 | 807f 4000 | 0f85 7f1f | 0000 4c8b 
  0x000001849ab6af64: d344 8955 | 1c4c 8bd3 | 4c8b dd4d | 33d3 488b | fd49 c1ea | 144d 85d2 | 741a 49c1 | eb09 48b9 
  0x000001849ab6af84: 0000 fda1 | 8401 0000 | 4903 cb80 | 3902 0f85 | ac22 0000 | 4180 7f40 | 000f 8503 | 1f00 004c 
  0x000001849ab6afa4: 8b94 2490 | 0000 0041 | 897a 10c7 | 4510 0800 | 0000 4c8b | d54c 8b9c | 2490 0000 | 004d 33d3 
  0x000001849ab6afc4: 49c1 ea14 | 4d85 d274 | 1a49 c1eb | 0948 b900 | 00fd a184 | 0100 0049 | 03cb 8039 | 020f 85ae 
  0x000001849ab6afe4: 2200 0049 | 8baf b801 | 0000 4c8b | d549 83c2 | 304d 3b97 | c801 0000 | 0f83 8e2c | 0000 4d89 
  0x000001849ab6b004: 97b8 0100 | 0041 0f18 | 8200 0100 | 0048 c745 | 0001 0000 

  0x000001849ab6b018: ;   {metadata('java/util/Hashtable')}
  0x000001849ab6b018: 00c7 4508 | b8d3 0000 | 4489 650c | 4c89 6510 | 4c89 6518 | 4c89 6520 | 4c89 6528 

  0x000001849ab6b034: ;   {section_word}
  0x000001849ab6b034: c5fa 1005 | c4de ffff | 4c8b 5424 | 604c 8954 | 2448 6690 

  0x000001849ab6b048: ;   {static_call}
  0x000001849ab6b048: c5f8 77e8 

  0x000001849ab6b04c: ; ImmutableOopMap {rbp=Oop [32]=Oop [40]=Oop [48]=NarrowOop [64]=Oop [72]=Oop [88]=NarrowOop [96]=Oop [104]=Oop [120]=Oop [128]=Oop [136]=Oop [144]=Oop [200]=Oop }
                      ;*invokestatic isNaN {reexecute=0 rethrow=0 return_oop=0}
                      ; - java.util.Hashtable::<init>@47
                      ; - java.util.Hashtable::<init>@4
                      ; - java.util.jar.JarVerifier::<init>@63
                      ; - java.util.jar.JarFile::getManifestFromReference@78
                      ; - java.util.jar.JarFile::getManifest@1
                      ; - jdk.internal.loader.URLClassPath$JarLoader$2::getManifest@22
                      ; - java.net.URLClassLoader::defineClass@34
                      ; - java.net.URLClassLoader$1::run@43
                      ; - java.net.URLClassLoader$1::run@1
                      ; - java.security.AccessController::executePrivileged@29
                      ; - java.security.AccessController::doPrivileged@13
                      ; - java.net.URLClassLoader::findClass@13
  0x000001849ab6b04c: 3040 89ff 

  0x000001849ab6b050: ;   {other}
  0x000001849ab6b050: 0f1f 8400 | 402b 0025 | 85c0 0f85 | 1041 0000 | c745 1400 | 0040 3f4d | 8b97 b801 | 0000 4d8b 
  0x000001849ab6b070: da49 83c3 | 404d 3b9f | c801 0000 | 0f83 d22c | 0000 4d89 | 9fb8 0100 | 0041 0f18 | 8300 0100 
  0x000001849ab6b090: 0049 c702 | 0100 0000 | 410f 1883 | 4001 0000 

  0x000001849ab6b0a0: ;   {metadata('java/util/Hashtable$Entry'[])}
  0x000001849ab6b0a0: 41c7 4208 | a87f 1300 | 410f 1883 | 8001 0000 | 41c7 420c | 0b00 0000 | 4d89 6210 | 4d89 6218 
  0x000001849ab6b0c0: 4d89 6220 | 4d89 6228 | 4d89 6230 | 4d89 6238 | 4180 7f40 | 000f 8530 | 1f00 004d | 8bc2 4489 
  0x000001849ab6b0e0: 451c 4c8b | 9c24 9000 | 0000 4d8b | c344 8944 | 245c 488b | fd4c 8bdd | 4d33 d349 | c1ea 144d 
  0x000001849ab6b100: 85d2 741a | 49c1 eb09 | 48b9 0000 | fda1 8401 | 0000 4903 | cb80 3902 | 0f85 6323 | 0000 4180 
  0x000001849ab6b120: 7f40 000f | 8554 1f00 | 004c 8b94 | 2490 0000 | 0041 897a | 18c7 4510 | 0800 0000 | 4c8b d54c 
  0x000001849ab6b140: 8b9c 2490 | 0000 004d | 33d3 49c1 | ea14 4d85 | d274 1a49 | c1eb 0948 | b900 00fd | a184 0100 
  0x000001849ab6b160: 0049 03cb | 8039 020f | 8572 2200 | 004d 8b97 | b801 0000 | 4d8b da49 | 83c3 184d | 3b9f c801 
  0x000001849ab6b180: 0000 0f83 | 592b 0000 | 4d89 9fb8 | 0100 0041 | 0f18 8300 | 0100 0049 | c702 0100 

  0x000001849ab6b19c: ;   {metadata('java/util/ArrayList')}
  0x000001849ab6b19c: 0000 41c7 | 4208 d089 | 0b00 4589 | 620c 4589 

  0x000001849ab6b1ac: ;   {oop(a 'java/lang/Object'[0] {0x00000000c08758e8})}
  0x000001849ab6b1ac: 6210 41c7 | 4214 e858 | 87c0 4180 | 7f40 000f | 850d 1e00 | 004d 8bda | 4c8b 8424 | 9000 0000 
  0x000001849ab6b1cc: 4589 581c | 4d8b d84d | 33d3 49c1 | ea14 4d85 | d274 1a49 | c1eb 0948 | b900 00fd | a184 0100 
  0x000001849ab6b1ec: 0049 03cb | 8039 020f | 852a 2300 | 004d 8b9f | b801 0000 | 4d8b d349 | 83c2 184d | 3b97 c801 
  0x000001849ab6b20c: 0000 0f83 | c02b 0000 | 4d89 97b8 | 0100 0041 | 0f18 8200 | 0100 0049 | c703 0100 

  0x000001849ab6b228: ;   {metadata('java/io/ByteArrayOutputStream')}
  0x000001849ab6b228: 0000 41c7 | 4308 a000 | 2200 4589 | 630c 4d89 | 6310 498b | eb49 8b87 | b801 0000 | 4c8b d049 
  0x000001849ab6b248: 83c2 304d | 3b97 c801 | 0000 0f83 | 242b 0000 | 4d89 97b8 | 0100 0041 | 0f18 8200 | 0100 0048 
  0x000001849ab6b268: c700 0100 | 0000 410f | 1882 4001 

  0x000001849ab6b274: ;   {metadata({type array byte})}
  0x000001849ab6b274: 0000 c740 | 0818 2300 | 0041 0f18 | 8280 0100 | 00c7 400c | 2000 0000 | 4c89 6010 | 4c89 6018 
  0x000001849ab6b294: 4c89 6020 | 4c89 6028 | 488b fd4c | 8bd0 4c8b | dd45 8953 | 104c 8bd0 | 4d33 d349 | c1ea 144d 
  0x000001849ab6b2b4: 85d2 741a | 49c1 eb09 | 48b9 0000 | fda1 8401 | 0000 4903 | cb80 3902 | 0f85 0022 | 0000 4180 
  0x000001849ab6b2d4: 7f40 000f | 85b6 1c00 | 004c 8b94 | 2490 0000 | 0041 897a | 244c 8bd5 | 4c8b 9c24 | 9000 0000 
  0x000001849ab6b2f4: 4d33 d349 | c1ea 144d | 85d2 741a | 49c1 eb09 | 48b9 0000 | fda1 8401 | 0000 4903 | cb80 3902 
  0x000001849ab6b314: 0f85 1621 | 0000 4d8b | 97b8 0100 | 004d 8bda | 4983 c318 | 4d3b 9fc8 | 0100 000f | 8378 2a00 
  0x000001849ab6b334: 004d 899f | b801 0000 | 410f 1883 | 0001 0000 | 49c7 0201 

  0x000001849ab6b348: ;   {metadata('java/util/ArrayList')}
  0x000001849ab6b348: 0000 0041 | c742 08d0 | 890b 0045 | 8962 0c45 

  0x000001849ab6b358: ;   {oop(a 'java/lang/Object'[0] {0x00000000c08758e8})}
  0x000001849ab6b358: 8962 1041 | c742 14e8 | 5887 c041 | 807f 4000 | 0f85 d21c | 0000 4d8b | da4c 8b84 | 2490 0000 
  0x000001849ab6b378: 0045 8958 | 344d 8bd8 | 4d33 d349 | c1ea 144d | 85d2 741a | 49c1 eb09 | 48b9 0000 | fda1 8401 
  0x000001849ab6b398: 0000 4903 | cb80 3902 | 0f85 e81f | 0000 4d8b | 97b8 0100 | 004d 8bda | 4983 c330 | 4d3b 9fc8 
  0x000001849ab6b3b8: 0100 000f | 836c 2900 | 004d 899f | b801 0000 | 410f 1883 | 0001 0000 | 49c7 0201 

  0x000001849ab6b3d4: ;   {metadata('java/util/HashMap')}
  0x000001849ab6b3d4: 0000 0041 | c742 0868 | a908 0045 | 8962 0c4d | 8962 104d | 8962 184d | 8962 2849 | c742 2000 
  0x000001849ab6b3f4: 0040 3f41 | 807f 4000 | 0f85 121b | 0000 498b | da4c 8b94 | 2490 0000 | 004c 8bdb | 4c8b 8424 
  0x000001849ab6b414: 9000 0000 | 4589 5838 | 4c8b db4d | 33da 49c1 | eb14 4d85 | db74 1a49 | c1ea 0948 | b900 00fd 
  0x000001849ab6b434: a184 0100 | 0049 03ca | 8039 020f | 85a1 1e00 | 0041 807f | 4000 0f85 | 021b 0000 | 4c8b 8424 
  0x000001849ab6b454: 8800 0000 | 448b 5c24 | 5c45 8958 | 304c 8b94 | 2490 0000 | 004d 8bd8 | 4d33 d349 | c1ea 144d 
  0x000001849ab6b474: 85d2 741a | 49c1 eb09 | 48b9 0000 | fda1 8401 | 0000 4903 | cb80 3902 | 0f85 a51e | 0000 498b 
  0x000001849ab6b494: 87b8 0100 | 004c 8bd0 | 4983 c218 | 4d3b 97c8 | 0100 000f | 830b 2800 | 004d 8997 | b801 0000 
  0x000001849ab6b4b4: 410f 1882 | 0001 0000 | 48c7 0001 

  0x000001849ab6b4c0: ;   {metadata('java/util/jar/Manifest')}
  0x000001849ab6b4c0: 0000 00c7 | 4008 a0e1 | 0400 4489 | 600c 4c89 | 6010 4c89 | 4424 504c | 8bd0 4c89 | 9424 8800 
  0x000001849ab6b4e0: 0000 4c8b | 5424 5045 | 8b5a 3044 | 895c 245c | 498b 87b8 | 0100 004c | 8bd0 4983 | c220 4c89 
  0x000001849ab6b500: 5c24 484d | 3b97 c801 | 0000 0f83 | f827 0000 | 4d89 97b8 | 0100 0041 | 0f18 8200 | 0100 0048 
  0x000001849ab6b520: c700 0100 

  0x000001849ab6b524: ;   {metadata('java/io/ByteArrayInputStream')}
  0x000001849ab6b524: 0000 c740 | 08a0 2305 | 0044 8960 | 0c4c 8960 | 104c 8960 | 184c 8bd0 | 448b 4424 | 3045 8942 
  0x000001849ab6b544: 184c 8b9c | 2480 0000 | 0045 8b43 | 0c45 8942 | 144c 8954 | 2430 4c8b | 5424 5045 | 8b52 1444 
  0x000001849ab6b564: 8994 2480 | 0000 0049 | 8baf b801 | 0000 4c8b | d549 83c2 | 104d 3b97 | c801 0000 | 0f83 7628 
  0x000001849ab6b584: 0000 4d89 | 97b8 0100 | 0041 0f18 | 8200 0100 | 0048 c745 | 0001 0000 

  0x000001849ab6b59c: ;   {metadata('java/util/jar/Attributes')}
  0x000001849ab6b59c: 00c7 4508 | 4088 1600 | 4489 650c | ba10 0000 | 0066 6690 

  0x000001849ab6b5b0: ;   {static_call}
  0x000001849ab6b5b0: c5f8 77e8 

  0x000001849ab6b5b4: ; ImmutableOopMap {rbp=Oop [32]=Oop [40]=Oop [48]=Oop [64]=Oop [72]=Oop [80]=Oop [88]=NarrowOop [92]=NarrowOop [96]=Oop [104]=Oop [120]=Oop [128]=NarrowOop [136]=Oop [200]=Oop }
                      ;*invokestatic newLinkedHashMap {reexecute=0 rethrow=0 return_oop=1}
                      ; - java.util.jar.Attributes::<init>@6
                      ; - java.util.jar.Attributes::<init>@3
                      ; - java.util.jar.Manifest::<init>@9
                      ; - java.util.jar.JarFile::getManifestFromReference@121
                      ; - java.util.jar.JarFile::getManifest@1
                      ; - jdk.internal.loader.URLClassPath$JarLoader$2::getManifest@22
                      ; - java.net.URLClassLoader::defineClass@34
                      ; - java.net.URLClassLoader$1::run@43
                      ; - java.net.URLClassLoader$1::run@1
                      ; - java.security.AccessController::executePrivileged@29
                      ; - java.security.AccessController::doPrivileged@13
                      ; - java.net.URLClassLoader::findClass@13
  0x000001849ab6b5b4: c83a 89ff 

  0x000001849ab6b5b8: ;   {other}
  0x000001849ab6b5b8: 0f1f 8400 | a830 0026 | 488b f841 | 807f 4000 | 0f85 301b | 0000 4c8b | d744 8955 | 0c4c 8bd7 
  0x000001849ab6b5d8: 4c8b dd4d | 33d3 448b | 8424 8000 | 0000 4c89 | 8424 9000 | 0000 49c1 | ea14 488b | dd4d 85d2 
  0x000001849ab6b5f8: 741f 4885 | ff74 1a49 | c1eb 0948 | b900 00fd | a184 0100 | 0049 03cb | 8039 020f | 85a1 2000 
  0x000001849ab6b618: 0041 807f | 4000 0f85 | 0d1b 0000 | 4c8b 9424 | 8800 0000 | 4189 5a0c | 4c8b d54c | 8b9c 2488 
  0x000001849ab6b638: 0000 004d | 33d3 49c1 | ea14 4d85 | d274 1a49 | c1eb 0948 | b900 00fd | a184 0100 | 0049 03cb 
  0x000001849ab6b658: 8039 020f | 8513 1f00 | 004d 8b97 | b801 0000 | 4d8b da49 | 83c3 304d | 3b9f c801 | 0000 0f83 
  0x000001849ab6b678: a827 0000 | 4d89 9fb8 | 0100 0041 | 0f18 8300 | 0100 004d | 8bda 49c7 | 0301 0000 

  0x000001849ab6b694: ;   {metadata('java/util/HashMap')}
  0x000001849ab6b694: 0041 c743 | 0868 a908 | 0045 8963 | 0c4d 8963 | 104d 8963 | 184d 8963 | 2849 c743 | 2000 0040 
  0x000001849ab6b6b4: 3f41 807f | 4000 0f85 | f819 0000 | 4c8b 8424 | 8800 0000 | 4d8b d34d | 8bd8 498b | e84d 8bca 
  0x000001849ab6b6d4: 4589 4810 | 4d33 d349 | c1ea 144d | 85d2 741a | 49c1 eb09 | 48b9 0000 | fda1 8401 | 0000 4903 
  0x000001849ab6b6f4: cb80 3902 | 0f85 c71e | 0000 488b | d54c 8b44 | 2430 4c8b | 8c24 9000 | 0000 4c8b | 5424 604c 
  0x000001849ab6b714: 8954 2430 

  0x000001849ab6b718: ;   {optimized virtual_call}
  0x000001849ab6b718: c5f8 77e8 

  0x000001849ab6b71c: ; ImmutableOopMap {rbp=Oop [32]=Oop [40]=Oop [48]=Oop [64]=Oop [72]=Oop [80]=Oop [88]=NarrowOop [92]=NarrowOop [96]=Oop [104]=Oop [120]=Oop [200]=Oop }
                      ;*invokevirtual read {reexecute=0 rethrow=0 return_oop=0}
                      ; - java.util.jar.Manifest::<init>@29
                      ; - java.util.jar.JarFile::getManifestFromReference@121
                      ; - java.util.jar.JarFile::getManifest@1
                      ; - jdk.internal.loader.URLClassPath$JarLoader$2::getManifest@22
                      ; - java.net.URLClassLoader::defineClass@34
                      ; - java.net.URLClassLoader$1::run@43
                      ; - java.net.URLClassLoader$1::run@1
                      ; - java.security.AccessController::executePrivileged@29
                      ; - java.security.AccessController::doPrivileged@13
                      ; - java.net.URLClassLoader::findClass@13
  0x000001849ab6b71c: 6033 89ff 

  0x000001849ab6b720: ;   {other}
  0x000001849ab6b720: 0f1f 8400 | 1032 0027 | 4180 7f40 | 000f 8539 | 1a00 004c | 8bc5 8b4c | 245c 4189 | 4814 4c8b 
  0x000001849ab6b740: 5424 484d | 8bd8 4d33 | d349 c1ea | 144d 85d2 | 741e 85c9 | 741a 49c1 | eb09 48b9 | 0000 fda1 
  0x000001849ab6b760: 8401 0000 | 4903 cb80 | 3902 0f85 | 9b1f 0000 | 498b e84d | 8b87 b801 | 0000 4d8b | d049 83c2 
  0x000001849ab6b780: 284d 3b97 | c801 0000 | 0f83 c523 | 0000 4d89 | 97b8 0100 | 0041 0f18 | 8200 0100 | 0049 c700 
  0x000001849ab6b7a0: 0100 0000 

  0x000001849ab6b7a4: ;   {metadata('java/lang/ref/SoftReference')}
  0x000001849ab6b7a4: 41c7 4008 | 90df 0300 | 4589 600c | 4d89 6010 | 4d89 6018 | 4d89 6020 | 4c8b dd45 | 8958 0c41 
  0x000001849ab6b7c4: 807f 4000 | 0f85 e313 

  0x000001849ab6b7cc: ;   {oop(a 'java/lang/ref/ReferenceQueue$Null'{0x00000000c057d970})}
  0x000001849ab6b7cc: 0000 41c7 | 4010 70d9 | 57c0 4d8b | d049 8bd8 

  0x000001849ab6b7dc: ;   {oop(a 'java/lang/ref/ReferenceQueue$Null'{0x00000000c057d970})}
  0x000001849ab6b7dc: 49bb 70d9 | 57c0 0000 | 0000 4d33 | da49 c1eb | 144d 85db | 741a 49c1 | ea09 48b9 | 0000 fda1 
  0x000001849ab6b7fc: 8401 0000 | 4903 ca80 | 3902 0f85 | 2d14 0000 | f083 4424 | c000 4180 | 7f40 000f | 854e 1300 
  0x000001849ab6b81c: 004c 8b4c | 2450 4189 

  0x000001849ab6b824: ;   {oop(a 'java/lang/Class'{0x00000000c0b00730} = 'java/lang/ref/SoftReference')}
  0x000001849ab6b824: 5928 49ba | 3007 b0c0 | 0000 0000 | 4d8b 5270 | 4d89 5020 | 4d8b d04d | 8bd9 4d33 | d349 c1ea 
  0x000001849ab6b844: 144d 85d2 | 7416 49c1 | eb09 4c8b | 4424 384d | 03c3 4180 | 3802 0f85 | 8413 0000 | 4c8b 6c24 
  0x000001849ab6b864: 4044 8b5c | 2458 4489 | 9c24 8800 | 0000 4c8b | 5c24 2048 | 89ac 2490 | 0000 0049 | 8bf3 e94b 
  0x000001849ab6b884: e4ff ff33 | c0e9 b2dd | ffff 448b | d1e9 c3df | ffff 4c89 | 5b20 e91c | e4ff ff33 | ede9 d3d7 
  0x000001849ab6b8a4: ffff 4c89 | 5c24 3089 | 4c24 5048 | 8974 2420 | 448b 9424 | 8800 0000 | 4489 5424 | 584c 896c 
  0x000001849ab6b8c4: 2440 498b | d341 b801 | 0000 0048 | 8b6c 2460 

  0x000001849ab6b8d4: ;   {optimized virtual_call}
  0x000001849ab6b8d4: c5f8 77e8 

  0x000001849ab6b8d8: ; ImmutableOopMap {rbp=Oop [32]=Oop [40]=Oop [48]=Oop [64]=Oop [80]=NarrowOop [88]=NarrowOop [96]=Oop [104]=Oop [120]=Oop [200]=Oop }
                      ;*invokevirtual getManifestName {reexecute=0 rethrow=0 return_oop=1}
                      ; - java.util.zip.ZipFile$1::getManifestName@2
                      ; - java.util.jar.JarFile::maybeInstantiateVerifier@20
                      ; - java.util.jar.JarFile::ensureInitialization@1
                      ; - java.util.jar.JavaUtilJarAccessImpl::ensureInitialization@1
                      ; - jdk.internal.loader.URLClassPath$JarLoader$2::getManifest@10
                      ; - java.net.URLClassLoader::defineClass@34
                      ; - java.net.URLClassLoader$1::run@43
                      ; - java.net.URLClassLoader$1::run@1
                      ; - java.security.AccessController::executePrivileged@29
                      ; - java.security.AccessController::doPrivileged@13
                      ; - java.net.URLClassLoader::findClass@13
  0x000001849ab6b8d8: a449 53f8 

  0x000001849ab6b8dc: ;   {other}
  0x000001849ab6b8dc: 0f1f 8400 | cc33 0028 | 4885 c00f | 853f 3e00 | 0044 8b44 | 2450 4588 | 6012 418b | 6830 85ed 
  0x000001849ab6b8fc: 0f85 863e | 0000 4c8b | 6c24 4044 | 8b5c 2458 | 4489 9c24 | 8800 0000 | 4c8b 5c24 | 3048 8b74 
  0x000001849ab6b91c: 2420 e9a1 | e2ff ff33 | dbe9 69d6 

  0x000001849ab6b928: ;   {metadata('jdk/internal/loader/URLClassPath$FileLoader')}
  0x000001849ab6b928: ffff 4181 | fb40 4037 | 010f 85ed | 4000 0044 | 8954 2440 | 4c89 4c24 | 384c 8bd0 | 4c89 5424 
  0x000001849ab6b948: 5849 8b87 | b801 0000 | 4c8b d049 | 83c2 404d | 3b97 c801 | 0000 0f83 | 6130 0000 | 4d89 97b8 
  0x000001849ab6b968: 0100 0041 | 0f18 8200 | 0100 0048 | c700 0100 

  0x000001849ab6b978: ;   {metadata('java/net/URL')}
  0x000001849ab6b978: 0000 c740 | 0880 a901 | 0044 8960 | 0c4c 8960 | 104c 8960 | 184c 8960 | 204c 8960 | 284c 8960 
  0x000001849ab6b998: 304c 8960 | 384c 8bd0 | 4c89 5424 | 704c 8b54 | 2458 418b | 6a0c 488b | 5424 5045 | 33c0 6690 
  0x000001849ab6b9b8: ;   {static_call}
  0x000001849ab6b9b8: c5f8 77e8 

  0x000001849ab6b9bc: ; ImmutableOopMap {rbp=NarrowOop [32]=Oop [40]=Oop [48]=NarrowOop [80]=Oop [88]=Oop [96]=Oop [104]=Oop [112]=Oop }
                      ;*invokestatic encodePath {reexecute=0 rethrow=0 return_oop=1}
                      ; - jdk.internal.loader.URLClassPath$FileLoader::getResource@10
                      ; - jdk.internal.loader.URLClassPath::getResource@53
                      ; - java.net.URLClassLoader$1::run@26
                      ; - java.net.URLClassLoader$1::run@1
                      ; - java.security.AccessController::executePrivileged@29
                      ; - java.security.AccessController::doPrivileged@13
                      ; - java.net.URLClassLoader::findClass@13
  0x000001849ab6b9bc: 80e9 0800 

  0x000001849ab6b9c0: ;   {other}
  0x000001849ab6b9c0: 0f1f 8400 | b034 0029 | 4c8b c548 | 8b54 2470 | 4c8b c833 | ff48 8b6c | 2460 6690 

  0x000001849ab6b9dc: ;   {optimized virtual_call}
  0x000001849ab6b9dc: c5f8 77e8 

  0x000001849ab6b9e0: ; ImmutableOopMap {rbp=Oop [32]=Oop [40]=Oop [48]=NarrowOop [80]=Oop [88]=Oop [96]=Oop [104]=Oop [112]=Oop }
                      ;*invokespecial <init> {reexecute=0 rethrow=0 return_oop=0}
                      ; - java.net.URL::<init>@4
                      ; - jdk.internal.loader.URLClassPath$FileLoader::getResource@13
                      ; - jdk.internal.loader.URLClassPath::getResource@53
                      ; - java.net.URLClassLoader$1::run@26
                      ; - java.net.URLClassLoader$1::run@1
                      ; - java.security.AccessController::executePrivileged@29
                      ; - java.security.AccessController::doPrivileged@13
                      ; - java.net.URLClassLoader::findClass@13
  0x000001849ab6b9e0: 5c7a a7f8 

  0x000001849ab6b9e4: ;   {other}
  0x000001849ab6b9e4: 0f1f 8400 | d434 002a | 4c8b 5424 | 5845 8b52 | 184c 8b5c | 2470 458b | 5b1c 418b | 6a1c 4585 
  0x000001849ab6ba04: db0f 84e3 | 3f00 004c | 8bc5 498b | d348 8b6c | 2460 6690 

  0x000001849ab6ba18: ;   {optimized virtual_call}
  0x000001849ab6ba18: c5f8 77e8 

  0x000001849ab6ba1c: ; ImmutableOopMap {rbp=Oop [32]=Oop [40]=Oop [48]=NarrowOop [80]=Oop [88]=Oop [96]=Oop [104]=Oop [112]=Oop }
                      ;*invokevirtual startsWith {reexecute=0 rethrow=0 return_oop=0}
                      ; - jdk.internal.loader.URLClassPath$FileLoader::getResource@31
                      ; - jdk.internal.loader.URLClassPath::getResource@53
                      ; - java.net.URLClassLoader$1::run@26
                      ; - java.net.URLClassLoader$1::run@1
                      ; - java.security.AccessController::executePrivileged@29
                      ; - java.security.AccessController::doPrivileged@13
                      ; - java.net.URLClassLoader::findClass@13
  0x000001849ab6ba1c: 4045 0100 

  0x000001849ab6ba20: ;   {other}
  0x000001849ab6ba20: 0f1f 8400 | 1035 002b | 85c0 0f84 | 1909 0000 

  0x000001849ab6ba30: ;   {oop(".."{0x00000000c0a15a38})}
  0x000001849ab6ba30: 49b8 385a | a1c0 0000 | 0000 488b | 5424 5090 

  0x000001849ab6ba40: ;   {optimized virtual_call}
  0x000001849ab6ba40: c5f8 77e8 

  0x000001849ab6ba44: ; ImmutableOopMap {rbp=Oop [32]=Oop [40]=Oop [48]=NarrowOop [80]=Oop [88]=Oop [96]=Oop [104]=Oop [112]=Oop }
                      ;*invokevirtual contains {reexecute=0 rethrow=0 return_oop=0}
                      ; - jdk.internal.loader.URLClassPath$FileLoader::getResource@50
                      ; - jdk.internal.loader.URLClassPath::getResource@53
                      ; - java.net.URLClassLoader$1::run@26
                      ; - java.net.URLClassLoader$1::run@1
                      ; - java.security.AccessController::executePrivileged@29
                      ; - java.security.AccessController::doPrivileged@13
                      ; - java.net.URLClassLoader::findClass@13
  0x000001849ab6ba44: 18ba b3f8 

  0x000001849ab6ba48: ;   {other}
  0x000001849ab6ba48: 0f1f 8400 | 3835 002c | 4c8b 5424 | 5845 8b5a | 1444 895c | 2478 85c0 | 0f84 fb08 | 0000 498b 
  0x000001849ab6ba68: 87b8 0100 | 004c 8bd0 | 4983 c220 | 4d3b 97c8 | 0100 000f | 83eb 3000 | 004d 8997 | b801 0000 
  0x000001849ab6ba88: 410f 1882 | 0001 0000 | 48c7 0001 

  0x000001849ab6ba94: ;   {metadata('java/io/File')}
  0x000001849ab6ba94: 0000 00c7 | 4008 10f6 | 0400 4489 | 600c 4c89 | 6010 4c89 | 6018 4c8b | d04c 8994 | 2480 0000 
  0x000001849ab6bab4: 0048 8b54 | 2450 41b8 | 2f00 0000 | 41b9 5c00 | 0000 6690 

  0x000001849ab6bac8: ;   {optimized virtual_call}
  0x000001849ab6bac8: c5f8 77e8 

  0x000001849ab6bacc: ; ImmutableOopMap {rbp=Oop [32]=Oop [40]=Oop [48]=NarrowOop [80]=Oop [88]=Oop [96]=Oop [104]=Oop [112]=Oop [120]=NarrowOop [128]=Oop }
                      ;*invokevirtual replace {reexecute=0 rethrow=0 return_oop=1}
                      ; - jdk.internal.loader.URLClassPath$FileLoader::getResource@70
                      ; - jdk.internal.loader.URLClassPath::getResource@53
                      ; - java.net.URLClassLoader$1::run@26
                      ; - java.net.URLClassLoader$1::run@1
                      ; - java.security.AccessController::executePrivileged@29
                      ; - java.security.AccessController::doPrivileged@13
                      ; - java.net.URLClassLoader::findClass@13
  0x000001849ab6bacc: b02f 89ff 

  0x000001849ab6bad0: ;   {other}
  0x000001849ab6bad0: 0f1f 8400 | c035 002d | 4889 8424 | 8800 0000 | 4180 7f40 | 000f 8574 | 2400 004c | 8b94 2480 
  0x000001849ab6baf0: 0000 0045 | 8962 144c | 8b94 2488 | 0000 0045 | 8b5a 1444 | 8b44 2478 

  0x000001849ab6bb08: ; implicit exception: dispatches to 0x000001849ab70ee8
  0x000001849ab6bb08: 458b 5010 | 4489 5424 | 7845 8b52 | 1445 8b42 | 0c45 85c0 | 0f86 863f | 0000 458b | 5b0c 4c8b 
  0x000001849ab6bb28: 9424 8800 | 0000 450f 

  0x000001849ab6bb30: ;   {oop(a 'java/io/WinNTFileSystem'{0x00000000c08294c0})}
  0x000001849ab6bb30: be52 1049 | b8c0 9482 | c000 0000 | 0045 0fb7 | 480c 4489 | 4c24 7cc4 | 422a f7d3 | 4489 9424 
  0x000001849ab6bb50: 9000 0000 | 4585 d20f | 8e8f 0100 

  0x000001849ab6bb5c: ;   {oop(a 'java/io/WinNTFileSystem'{0x00000000c08294c0})}
  0x000001849ab6bb5c: 0049 bac0 | 9482 c000 | 0000 0045 | 0fb7 5a0e | 4489 9c24 | 9400 0000 | 41ba 0300 | 0000 4533 
  0x000001849ab6bb7c: c045 33c9 | 4489 9424 | b000 0000 | 4489 8424 | ac00 0000 | 4489 8c24 | a800 0000 | eb39 660f 
  0x000001849ab6bb9c: 1f44 0000 | 4183 f83a | 0f84 bb04 | 0000 448b | 9424 ac00 | 0000 41ff | c244 8994 | 24ac 0000 
  0x000001849ab6bbbc: 0044 3b94 | 2490 0000 | 000f 8d32 | 0100 0044 | 8984 24a8 | 0000 004c | 8b94 2488 | 0000 0045 
  0x000001849ab6bbdc: 8b52 1445 | 8bca 4c8b | 9424 8800 | 0000 4180 | 7a10 000f | 850f 2d00 | 0045 8bd1 

  0x000001849ab6bbf8: ; implicit exception: dispatches to 0x000001849ab70860
  0x000001849ab6bbf8: 418b 6a0c | 448b 9c24 | ac00 0000 | 443b dd0f | 8300 3100 | 0047 0fb6 | 5c1a 1045 | 8bc3 443b 
  0x000001849ab6bc18: 8424 9400 | 0000 0f84 | fb1d 0000 | 443b 4424 | 7c0f 8571 | ffff ff44 | 8b9c 24a8 | 0000 0044 
  0x000001849ab6bc38: 3b5c 247c | 0f85 5eff | ffff ba45 | ffff ff48 | 8b6c 2460 | 4c8b 5424 | 284c 8954 | 2420 448b 
  0x000001849ab6bc58: 5c24 3044 

  0x000001849ab6bc5c: ;   {no_reloc}
  0x000001849ab6bc5c: 895c 2428 | 448b 5424 | 4044 8954 | 242c 4c8b | 5424 504c | 8954 2438 | 4c8b 5424 | 684c 8954 
  0x000001849ab6bc7c: 2448 4c8b | 5424 584c | 8954 2450 | 4c8b 5424 | 704c 8954 | 2458 4c8b | 9424 8000 | 0000 4c89 
  0x000001849ab6bc9c: 5424 684c | 8954 2470 | 4c8b 9424 | 8800 0000 | 4c89 9424 | 8000 0000 | 448b 9c24 | 9000 0000 
  0x000001849ab6bcbc: 4489 9c24 | 8800 0000 | 448b 9424 | 9400 0000 | 4489 9424 | 8c00 0000 | 4489 8424 | 9400 0000 
  0x000001849ab6bcdc: ;   {runtime_call UncommonTrapBlob}
  0x000001849ab6bcdc: c5f8 77e8 

  0x000001849ab6bce0: ; ImmutableOopMap {rbp=Oop [32]=Oop [40]=NarrowOop [56]=Oop [72]=Oop [80]=Oop [88]=Oop [104]=Oop [112]=Oop [120]=NarrowOop [128]=Oop }
                      ;*if_icmpne {reexecute=1 rethrow=0 return_oop=0}
                      ; - (reexecute) java.io.WinNTFileSystem::normalize@74
                      ; - java.io.File::<init>@73
                      ; - jdk.internal.loader.URLClassPath$FileLoader::getResource@73
                      ; - jdk.internal.loader.URLClassPath::getResource@53
                      ; - java.net.URLClassLoader$1::run@26
                      ; - java.net.URLClassLoader$1::run@1
                      ; - java.security.AccessController::executePrivileged@29
                      ; - java.security.AccessController::doPrivileged@13
                      ; - java.net.URLClassLoader::findClass@13
  0x000001849ab6bce0: 9c86 89ff 

  0x000001849ab6bce4: ;   {other}
  0x000001849ab6bce4: 0f1f 8400 | d437 002e | 41ba 0300 | 0000 4533 | c044 8994 | 24b0 0000 | 0044 3b44 | 247c 0f84 
  0x000001849ab6bd04: 781e 0000 | 4c8b 8c24 | 8800 0000 | 448b 5c24 | 784d 8bc3 

  0x000001849ab6bd18: ;   {oop(a 'java/io/WinNTFileSystem'{0x00000000c08294c0})}
  0x000001849ab6bd18: 48ba c094 | 82c0 0000 | 0000 488b | 6c24 6090 

  0x000001849ab6bd28: ;   {optimized virtual_call}
  0x000001849ab6bd28: c5f8 77e8 

  0x000001849ab6bd2c: ; ImmutableOopMap {rbp=Oop [32]=Oop [40]=Oop [48]=NarrowOop [80]=Oop [88]=Oop [96]=Oop [104]=Oop [112]=Oop [128]=Oop }
                      ;*invokevirtual resolve {reexecute=0 rethrow=0 return_oop=1}
                      ; - java.io.File::<init>@76
                      ; - jdk.internal.loader.URLClassPath$FileLoader::getResource@73
                      ; - jdk.internal.loader.URLClassPath::getResource@53
                      ; - java.net.URLClassLoader$1::run@26
                      ; - java.net.URLClassLoader$1::run@1
                      ; - java.security.AccessController::executePrivileged@29
                      ; - java.security.AccessController::doPrivileged@13
                      ; - java.net.URLClassLoader::findClass@13
  0x000001849ab6bd2c: 502d 89ff 

  0x000001849ab6bd30: ;   {other}
  0x000001849ab6bd30: 0f1f 8400 | 2038 002f | 4889 4424 | 7841 807f | 4000 0f85 | a822 0000 | 4c8b 5424 | 784d 8bda 
  0x000001849ab6bd50: 4c8b 9424 | 8000 0000 | 4589 5a10 | 4c8b 5c24 | 784d 33da | 49c1 eb14 | 4d85 db0f | 8429 2200 
  0x000001849ab6bd70: 004c 8b5c | 2478 4d85 | db0f 8429 | 2200 0049 | c1ea 0948 | b900 00fd | a184 0100 | 0049 03ca 
  0x000001849ab6bd90: 8039 020f | 8592 2200 | 004c 8b54 | 2478 458b | 5a14 458b | c345 8b53 | 0c41 8bca | 4c8b 5424 
  0x000001849ab6bdb0: 7845 0fbe | 5210 c462 | 2af7 c944 | 898c 2488 | 0000 0045 | 85c9 0f84 | bc3f 0000 

  0x000001849ab6bdcc: ;   {oop(a 'java/io/WinNTFileSystem'{0x00000000c08294c0})}
  0x000001849ab6bdcc: 49bb c094 | 82c0 0000 | 0000 450f | b75b 0c44 | 899c 248c | 0000 0045 | 85d2 0f85 | e439 0000 
  0x000001849ab6bdec: 448b d145 | 85d2 0f86 | 103d 0000 | 458b d845 | 0fb6 5b10 | 4489 9c24 | 9000 0000 | 448b 9424 
  0x000001849ab6be0c: 8800 0000 | 4183 fa01 | 0f8e 1e2b | 0000 4c8b | 5424 7845 | 8b5a 1445 | 8bcb 4180 | 7a10 000f 
  0x000001849ab6be2c: 85c3 3900 | 0041 8b6b | 0c83 fd01 | 0f86 4e3d | 0000 450f | b653 1145 | 8bc2 448b | 9424 9000 
  0x000001849ab6be4c: 0000 443b | 9424 8c00 | 0000 0f84 | 943f 0000 | 4183 c29f | 4183 fa1a | 0f82 9e00 | 0000 448b 
  0x000001849ab6be6c: 9c24 9000 | 0000 4183 | fb41 0f8c | b42a 0000 | 4183 fb5a | 0f8e 8200 | 0000 ba45 | ffff ff48 
  0x000001849ab6be8c: 8b6c 2460 | 4c8b 5424 | 284c 8954 | 2420 448b | 5c24 3044 | 895c 2428 | 448b 5424 | 4044 8954 
  0x000001849ab6beac: 242c 4c8b | 5424 504c | 8954 2438 | 4c8b 5424 | 684c 8954 | 2448 4c8b | 5424 584c 

  0x000001849ab6bec8: ;   {no_reloc}
  0x000001849ab6bec8: 8954 2450 | 4c8b 5424 | 704c 8954 | 2458 4c8b | 9424 8000 | 0000 4c89 | 5424 684c | 8b54 2478 
  0x000001849ab6bee8: 4c89 5424 | 7044 8984 | 2480 0000 | 0066 6690 

  0x000001849ab6bef8: ;   {runtime_call UncommonTrapBlob}
  0x000001849ab6bef8: c5f8 77e8 

  0x000001849ab6befc: ; ImmutableOopMap {rbp=Oop [32]=Oop [40]=NarrowOop [56]=Oop [72]=Oop [80]=Oop [88]=Oop [104]=Oop [112]=Oop }
                      ;*if_icmpgt {reexecute=1 rethrow=0 return_oop=0}
                      ; - (reexecute) java.io.WinNTFileSystem::isLetter@21
                      ; - java.io.WinNTFileSystem::prefixLength@58
                      ; - java.io.File::<init>@104
                      ; - jdk.internal.loader.URLClassPath$FileLoader::getResource@73
                      ; - jdk.internal.loader.URLClassPath::getResource@53
                      ; - java.net.URLClassLoader$1::run@26
                      ; - java.net.URLClassLoader$1::run@1
                      ; - java.security.AccessController::executePrivileged@29
                      ; - java.security.AccessController::doPrivileged@13
                      ; - java.net.URLClassLoader::findClass@13
  0x000001849ab6befc: 8084 89ff 

  0x000001849ab6bf00: ;   {other}
  0x000001849ab6bf00: 0f1f 8400 | f039 0030 | 4183 f83a | 0f85 1e2a | 0000 448b | 9424 8800 | 0000 4183 | fa02 0f8e 
  0x000001849ab6bf20: 803d 0000 | 4c8b 5424 | 7845 0fbe | 4210 458b | 5214 458b | da45 85c0 | 0f85 da38 | 0000 418b 
  0x000001849ab6bf40: 6a0c 83fd | 020f 86bd | 3c00 0045 | 0fb6 5a12 | 443b 9c24 | 8c00 0000 | 0f85 b63d | 0000 448b 
  0x000001849ab6bf60: 8424 b000 | 0000 4c8b | 9424 8000 | 0000 4589 | 420c 498b | d248 8b6c | 2460 6690 

  0x000001849ab6bf7c: ;   {optimized virtual_call}
  0x000001849ab6bf7c: c5f8 77e8 

  0x000001849ab6bf80: ; ImmutableOopMap {rbp=Oop [32]=Oop [40]=Oop [48]=NarrowOop [80]=Oop [88]=Oop [96]=Oop [104]=Oop [112]=Oop }
                      ;*invokevirtual getCanonicalFile {reexecute=0 rethrow=0 return_oop=1}
                      ; - jdk.internal.loader.URLClassPath$FileLoader::getResource@76
                      ; - jdk.internal.loader.URLClassPath::getResource@53
                      ; - java.net.URLClassLoader$1::run@26
                      ; - java.net.URLClassLoader$1::run@1
                      ; - java.security.AccessController::executePrivileged@29
                      ; - java.security.AccessController::doPrivileged@13
                      ; - java.net.URLClassLoader::findClass@13
  0x000001849ab6bf80: fc2a 89ff 

  0x000001849ab6bf84: ;   {other}
  0x000001849ab6bf84: 0f1f 8400 | 743a 0031 

  0x000001849ab6bf8c: ; implicit exception: dispatches to 0x000001849ab70d00
  0x000001849ab6bf8c: 448b 4010 | 458b d848 | 8944 2478 | 4c8b 5424 | 5845 8b52 | 1441 8b6a | 1045 85c0 | 0f84 ba3a 
  0x000001849ab6bfac: 0000 4c8b | c549 8bd3 | 488b 6c24 | 6066 6690 

  0x000001849ab6bfbc: ;   {optimized virtual_call}
  0x000001849ab6bfbc: c5f8 77e8 

  0x000001849ab6bfc0: ; ImmutableOopMap {rbp=Oop [32]=Oop [40]=Oop [48]=NarrowOop [80]=Oop [88]=Oop [96]=Oop [104]=Oop [112]=Oop [120]=Oop }
                      ;*invokevirtual startsWith {reexecute=0 rethrow=0 return_oop=0}
                      ; - jdk.internal.loader.URLClassPath$FileLoader::getResource@93
                      ; - jdk.internal.loader.URLClassPath::getResource@53
                      ; - java.net.URLClassLoader$1::run@26
                      ; - java.net.URLClassLoader$1::run@1
                      ; - java.security.AccessController::executePrivileged@29
                      ; - java.security.AccessController::doPrivileged@13
                      ; - java.net.URLClassLoader::findClass@13
  0x000001849ab6bfc0: bc2a 89ff 

  0x000001849ab6bfc4: ;   {other}
  0x000001849ab6bfc4: 0f1f 8400 | b43a 0032 | 85c0 0f84 | 7503 0000 | 488b 5424 | 7848 8b6c | 2460 6690 

  0x000001849ab6bfe0: ;   {optimized virtual_call}
  0x000001849ab6bfe0: c5f8 77e8 

  0x000001849ab6bfe4: ; ImmutableOopMap {rbp=Oop [32]=Oop [40]=Oop [48]=NarrowOop [80]=Oop [88]=Oop [96]=Oop [104]=Oop [112]=Oop [120]=Oop }
                      ;*invokevirtual exists {reexecute=0 rethrow=0 return_oop=0}
                      ; - jdk.internal.loader.URLClassPath$FileLoader::getResource@125
                      ; - jdk.internal.loader.URLClassPath::getResource@53
                      ; - java.net.URLClassLoader$1::run@26
                      ; - java.net.URLClassLoader$1::run@1
                      ; - java.security.AccessController::executePrivileged@29
                      ; - java.security.AccessController::doPrivileged@13
                      ; - java.net.URLClassLoader::findClass@13
  0x000001849ab6bfe4: b8a6 51f8 

  0x000001849ab6bfe8: ;   {other}
  0x000001849ab6bfe8: 0f1f 8400 | d83a 0033 | 85c0 0f84 | 5103 0000 | 498b 87b8 | 0100 004c | 8bd0 4983 | c220 4d3b 
  0x000001849ab6c008: 97c8 0100 | 000f 83d9 | 2c00 004d | 8997 b801 | 0000 410f | 1882 0001 | 0000 48c7 | 0001 0000 
  0x000001849ab6c028: ;   {metadata('jdk/internal/loader/URLClassPath$FileLoader$1')}
  0x000001849ab6c028: 00c7 4008 | b842 3701 | 4489 600c | 4c89 6010 | 4c89 6018 | 4c8b 5424 | 5044 8950 | 104c 8b54 
  0x000001849ab6c048: 2458 4489 | 501c 4c8b | 5424 7044 | 8950 144c | 8b54 2478 | 4489 5018 | e9db d5ff | ff44 8b9c 
  0x000001849ab6c068: 24ac 0000 | 0041 83fb 

  0x000001849ab6c070: ;   {oop(a 'java/io/WinNTFileSystem'{0x00000000c08294c0})}
  0x000001849ab6c070: 017e 3948 | bac0 9482 | c000 0000 | 004c 8b84 | 2488 0000 | 0044 8b8c | 2490 0000 | 0033 ff48 
  0x000001849ab6c090: 8b6c 2460 

  0x000001849ab6c094: ;   {optimized virtual_call}
  0x000001849ab6c094: c5f8 77e8 

  0x000001849ab6c098: ; ImmutableOopMap {rbp=Oop [32]=Oop [40]=Oop [48]=NarrowOop [80]=Oop [88]=Oop [96]=Oop [104]=Oop [112]=Oop [120]=NarrowOop [128]=Oop }
                      ;*invokevirtual normalize {reexecute=0 rethrow=0 return_oop=1}
                      ; - java.io.WinNTFileSystem::normalize@111
                      ; - java.io.File::<init>@73
                      ; - jdk.internal.loader.URLClassPath$FileLoader::getResource@73
                      ; - jdk.internal.loader.URLClassPath::getResource@53
                      ; - java.net.URLClassLoader$1::run@26
                      ; - java.net.URLClassLoader$1::run@1
                      ; - java.security.AccessController::executePrivileged@29
                      ; - java.security.AccessController::doPrivileged@13
                      ; - java.net.URLClassLoader::findClass@13
  0x000001849ab6c098: e429 89ff 

  0x000001849ab6c09c: ;   {other}
  0x000001849ab6c09c: 0f1f 8400 | 8c3b 0034 | 4c8b c8e9 | 64fc ffff | 41bb 3a00 | 0000 458b | c3e9 f0fa | ffff 4c89 
  0x000001849ab6c0bc: 4424 4848 | 8974 2420 | 4c89 6c24 | 404c 894c | 2468 498b | d145 33c9 | 33ff 33f6 | 33c9 4533 
  0x000001849ab6c0dc: d24c 8914 | 244c 8954 | 2408 4c89 | 5424 104c | 8b54 2460 | 4c89 5424 | 3066 6690 

  0x000001849ab6c0f8: ;   {optimized virtual_call}
  0x000001849ab6c0f8: c5f8 77e8 

  0x000001849ab6c0fc: ; ImmutableOopMap {[32]=Oop [40]=Oop [48]=Oop [64]=Oop [72]=Oop [96]=Oop [104]=Oop [120]=Oop [136]=NarrowOop }
                      ;*invokevirtual definePackage {reexecute=0 rethrow=0 return_oop=1}
                      ; - java.net.URLClassLoader::defineClass@81
                      ; - java.net.URLClassLoader$1::run@43
                      ; - java.net.URLClassLoader$1::run@1
                      ; - java.security.AccessController::executePrivileged@29
                      ; - java.security.AccessController::doPrivileged@13
                      ; - java.net.URLClassLoader::findClass@13
  0x000001849ab6c0fc: 8029 89ff 

  0x000001849ab6c100: ;   {other}
  0x000001849ab6c100: 0f1f 8400 | f03b 0035 | e92b e1ff | ff85 ed0f | 8488 dbff | ff4d 8b57 | 2848 8bcd | 4d85 d20f 
  0x000001849ab6c120: 841e 2800 | 004d 8b5f | 384b 894c | 13f8 4983 | c2f8 4d89 | 5728 e962 | dbff ff44 | 8b5b 1445 
  0x000001849ab6c140: 85db 0f84 | 66d9 ffff | 4d8b 5728 | 498b cb4d | 85d2 0f84 | 1f28 0000 | 4d8b 5f38 | 4b89 4c13 
  0x000001849ab6c160: f849 83c2 | f84d 8957 | 28e9 40d9 | ffff 4d8b | 5758 4d8b | 5f48 f083 | 4424 c000 | 8039 000f 
  0x000001849ab6c180: 845c d9ff | ff44 8821 | 4d85 db75 | 264c 8bf3 | 498b d7c5 | f877 49ba | 00a4 d642 | ff7f 0000 
  0x000001849ab6c1a0: ;   {other}
  0x000001849ab6c1a0: 41ff d20f | 1f84 0000 | 0000 0049 | 8bde e92e | d9ff ff4b | 894c 1af8 | 4983 c3f8 | 4d89 5f48 
  0x000001849ab6c1c0: e91c d9ff | ff4d 8bd8 | 4889 5c24 | 4048 8974 | 2430 4c63 | c54d 8d50 | 104d 8bca | 4983 e1f8 
  0x000001849ab6c1e0: 498b fe49 | 03f9 49c1 | ea03 492b | ca48 33c0 | 4883 f908 | 7f10 48ff | c978 4f48 | 8904 cf48 
  0x000001849ab6c200: ffc9 7df7 | eb44 c5fd | efc0 e90d | 0000 00c5 | fe7f 07c5 | fe7f 4720 | 4883 c740 | 4883 e908 
  0x000001849ab6c220: 7ded 4883 | c104 7c0c | c5fe 7f07 | 4883 c720 | 4883 e904 | 4883 c104 | 7e10 48ff | c9c5 f9d6 
  0x000001849ab6c240: 0748 83c7 | 0848 ffc9 | 7df3 498b | cbc5 f877 | 49ba c044 | 3e9a 8401 | 0000 41ff 

  0x000001849ab6c25c: ;   {other}
  0x000001849ab6c25c: d20f 1f84 | 0000 0000 | 0048 8b5c | 2440 488b | 7424 30e9 | 2fd8 ffff | 4c8b 6c24 | 4044 8b5c 
  0x000001849ab6c27c: 2458 4489 | 9c24 8800 | 0000 4c8b | 5424 2045 | 33db 498b | f24c 899c | 2490 0000 | 00e9 34da 
  0x000001849ab6c29c: ;   {oop(""{0x00000000c057d9e8})}
  0x000001849ab6c29c: ffff 48bb | e8d9 57c0 | 0000 0000 | e938 d8ff 

  0x000001849ab6c2ac: ;   {metadata('jdk/internal/loader/URLClassPath$FileLoader$1')}
  0x000001849ab6c2ac: ff81 fbb8 | 4237 010f | 8587 3c00 | 0049 8bcd | 8b51 1c8b | 520c 8994 | 2488 0000 | 00e9 b4d5 
  0x000001849ab6c2cc: ffff 488b | 6c24 3866 | 6690 c5f8 | 7748 b8b8 | 4237 a884 

  0x000001849ab6c2e0: ;   {virtual_call}
  0x000001849ab6c2e0: 0100 00e8 

  0x000001849ab6c2e4: ; ImmutableOopMap {rbp=Oop [32]=Oop [40]=Oop [48]=Oop [64]=Oop [96]=Oop [104]=Oop [136]=NarrowOop }
                      ;*invokevirtual getBytes {reexecute=0 rethrow=0 return_oop=1}
                      ; - java.net.URLClassLoader::defineClass@179
                      ; - java.net.URLClassLoader$1::run@43
                      ; - java.net.URLClassLoader$1::run@1
                      ; - java.security.AccessController::executePrivileged@29
                      ; - java.security.AccessController::doPrivileged@13
                      ; - java.net.URLClassLoader::findClass@13
  0x000001849ab6c2e4: 5821 a8f8 

  0x000001849ab6c2e8: ;   {other}
  0x000001849ab6c2e8: 0f1f 8400 | d83d 0036 | 4889 4424 | 50e9 a3df | ffff 488b | 6c24 6066 | 6690 c5f8 | 7748 b800 
  0x000001849ab6c308: 9370 a684 

  0x000001849ab6c30c: ;   {virtual_call}
  0x000001849ab6c30c: 0100 00e8 

  0x000001849ab6c310: ; ImmutableOopMap {rbp=Oop [32]=Oop [40]=Oop [64]=Oop [80]=Oop [96]=Oop [104]=Oop [136]=NarrowOop }
                      ;*invokevirtual getCodeSigners {reexecute=0 rethrow=0 return_oop=1}
                      ; - java.net.URLClassLoader::defineClass@185
                      ; - java.net.URLClassLoader$1::run@43
                      ; - java.net.URLClassLoader$1::run@1
                      ; - java.security.AccessController::executePrivileged@29
                      ; - java.security.AccessController::doPrivileged@13
                      ; - java.net.URLClassLoader::findClass@13
  0x000001849ab6c310: 1d71 89ff 

  0x000001849ab6c314: ;   {other}
  0x000001849ab6c314: 0f1f 8400 | 043e 0037 | e9af dfff | ff44 8b50 | 0849 bb00 | 0000 a784 | 0100 004d | 03da 4d8b 
  0x000001849ab6c334: ;   {metadata('java/lang/Exception')}
  0x000001849ab6c334: 5340 49bb | 20c0 00a7 | 8401 0000 | 4d3b d30f | 854e 3500 | 0033 c0e9 | f0d2 ffff | 33c0 e9a1 
  0x000001849ab6c354: d9ff ff48 | 8974 2420 | e9dc deff | ff49 8b87 | b801 0000 | 4c8b d049 | 83c2 204d | 3b97 c801 
  0x000001849ab6c374: 0000 0f83 | f42f 0000 | 4d89 97b8 | 0100 0041 | 0f18 8200 | 0100 0048 | c700 0100 

  0x000001849ab6c390: ;   {metadata('java/io/File')}
  0x000001849ab6c390: 0000 c740 | 0810 f604 | 0044 8960 | 0c4c 8960 | 104c 8960 | 184c 8bd0 | 4c89 9424 | 8000 0000 
  0x000001849ab6c3b0: 488b 5424 | 5041 b82f | 0000 0041 | b95c 0000 | 0066 6690 

  0x000001849ab6c3c4: ;   {optimized virtual_call}
  0x000001849ab6c3c4: c5f8 77e8 

  0x000001849ab6c3c8: ; ImmutableOopMap {rbp=Oop [32]=Oop [40]=Oop [48]=NarrowOop [80]=Oop [88]=Oop [96]=Oop [104]=Oop [112]=Oop [120]=NarrowOop [128]=Oop }
                      ;*invokevirtual replace {reexecute=0 rethrow=0 return_oop=1}
                      ; - jdk.internal.loader.URLClassPath$FileLoader::getResource@115
                      ; - jdk.internal.loader.URLClassPath::getResource@53
                      ; - java.net.URLClassLoader$1::run@26
                      ; - java.net.URLClassLoader$1::run@1
                      ; - java.security.AccessController::executePrivileged@29
                      ; - java.security.AccessController::doPrivileged@13
                      ; - java.net.URLClassLoader::findClass@13
  0x000001849ab6c3c8: 3448 eaff 

  0x000001849ab6c3cc: ;   {other}
  0x000001849ab6c3cc: 0f1f 8400 | bc3e 0038 | 4889 8424 | 8800 0000 | 4180 7f40 | 000f 8502 | 2600 004c | 8b94 2480 
  0x000001849ab6c3ec: 0000 0045 | 8962 144c | 8b94 2488 | 0000 0045 | 8b5a 1444 | 8b54 2478 

  0x000001849ab6c404: ; implicit exception: dispatches to 0x000001849ab71248
  0x000001849ab6c404: 458b 5210 | 4489 5424 | 7845 8b52 | 1445 8b42 | 0c45 85c0 | 0f86 623b | 0000 458b | 5b0c 4c8b 
  0x000001849ab6c424: 9424 8800 | 0000 450f 

  0x000001849ab6c42c: ;   {oop(a 'java/io/WinNTFileSystem'{0x00000000c08294c0})}
  0x000001849ab6c42c: be52 1049 | b8c0 9482 | c000 0000 | 0045 0fb7 | 480c 4489 | 4c24 7cc4 | 422a f7d3 | 4489 9424 
  0x000001849ab6c44c: 9000 0000 | 4585 d20f | 8ef3 1900 

  0x000001849ab6c458: ;   {oop(a 'java/io/WinNTFileSystem'{0x00000000c08294c0})}
  0x000001849ab6c458: 0049 bac0 | 9482 c000 | 0000 0045 | 0fb7 5a0e | 4489 9c24 | 9400 0000 | 41bb 0300 | 0000 4533 
  0x000001849ab6c478: d245 33c0 | 4489 9c24 | b000 0000 | 4489 9424 | ac00 0000 | 4489 8424 | a800 0000 | eb3d 6666 
  0x000001849ab6c498: 0f1f 8400 | 0000 0000 | 4183 f83a | 0f84 f803 | 0000 448b | 9c24 ac00 | 0000 41ff | c344 899c 
  0x000001849ab6c4b8: 24ac 0000 | 0044 3b9c | 2490 0000 | 000f 8d21 | 0100 0044 | 8984 24a8 | 0000 004c | 8b94 2488 
  0x000001849ab6c4d8: 0000 0045 | 8b52 1445 | 8bca 4c8b | 9424 8800 | 0000 4180 | 7a10 000f | 853f 2b00 | 0041 8b69 
  0x000001849ab6c4f8: 0c44 8b94 | 24ac 0000 | 0044 3bd5 | 0f83 b431 | 0000 470f | b65c 1110 | 458b c344 | 3b84 2494 
  0x000001849ab6c518: 0000 000f | 8441 1900 | 0044 3b44 | 247c 0f85 | 74ff ffff | 448b 9424 | a800 0000 | 443b 5424 
  0x000001849ab6c538: 7c0f 8561 | ffff ffba | 45ff ffff | 488b 6c24 | 604c 8b54 | 2428 4c89 | 5424 2044 | 8b54 2430 
  0x000001849ab6c558: ;   {no_reloc}
  0x000001849ab6c558: 4489 5424 | 284c 8b54 | 2450 448b | 5c24 4044 | 895c 242c | 4c89 5424 | 384c 8b54 | 2468 4c89 
  0x000001849ab6c578: 5424 484c | 8b54 2458 | 4c89 5424 | 504c 8b54 | 2470 4c89 | 5424 584c | 8b94 2480 | 0000 004c 
  0x000001849ab6c598: 8954 2468 | 4c89 5424 | 704c 8b94 | 2488 0000 | 004c 8994 | 2480 0000 | 0044 8b9c | 2490 0000 
  0x000001849ab6c5b8: 0044 899c | 2488 0000 | 0044 8b94 | 2494 0000 | 0044 8994 | 248c 0000 | 0044 8984 | 2494 0000 
  0x000001849ab6c5d8: 0066 6690 

  0x000001849ab6c5dc: ;   {runtime_call UncommonTrapBlob}
  0x000001849ab6c5dc: c5f8 77e8 

  0x000001849ab6c5e0: ; ImmutableOopMap {rbp=Oop [32]=Oop [40]=NarrowOop [56]=Oop [72]=Oop [80]=Oop [88]=Oop [104]=Oop [112]=Oop [120]=NarrowOop [128]=Oop }
                      ;*if_icmpne {reexecute=1 rethrow=0 return_oop=0}
                      ; - (reexecute) java.io.WinNTFileSystem::normalize@74
                      ; - java.io.File::<init>@73
                      ; - jdk.internal.loader.URLClassPath$FileLoader::getResource@118
                      ; - jdk.internal.loader.URLClassPath::getResource@53
                      ; - java.net.URLClassLoader$1::run@26
                      ; - java.net.URLClassLoader$1::run@1
                      ; - java.security.AccessController::executePrivileged@29
                      ; - java.security.AccessController::doPrivileged@13
                      ; - java.net.URLClassLoader::findClass@13
  0x000001849ab6c5e0: 9c7d 89ff 

  0x000001849ab6c5e4: ;   {other}
  0x000001849ab6c5e4: 0f1f 8400 | d440 0039 | 458b d044 | 3b54 247c | 0f84 e01e | 0000 4c8b | 8c24 8800 | 0000 448b 
  0x000001849ab6c604: 5424 784d 

  0x000001849ab6c608: ;   {oop(a 'java/io/WinNTFileSystem'{0x00000000c08294c0})}
  0x000001849ab6c608: 8bc2 48ba | c094 82c0 | 0000 0000 | 488b 6c24 | 6066 6690 

  0x000001849ab6c61c: ;   {optimized virtual_call}
  0x000001849ab6c61c: c5f8 77e8 

  0x000001849ab6c620: ; ImmutableOopMap {rbp=Oop [32]=Oop [40]=Oop [48]=NarrowOop [80]=Oop [88]=Oop [96]=Oop [104]=Oop [112]=Oop [128]=Oop }
                      ;*invokevirtual resolve {reexecute=0 rethrow=0 return_oop=1}
                      ; - java.io.File::<init>@76
                      ; - jdk.internal.loader.URLClassPath$FileLoader::getResource@118
                      ; - jdk.internal.loader.URLClassPath::getResource@53
                      ; - java.net.URLClassLoader$1::run@26
                      ; - java.net.URLClassLoader$1::run@1
                      ; - java.security.AccessController::executePrivileged@29
                      ; - java.security.AccessController::doPrivileged@13
                      ; - java.net.URLClassLoader::findClass@13
  0x000001849ab6c620: bc23 8ff8 

  0x000001849ab6c624: ;   {other}
  0x000001849ab6c624: 0f1f 8400 | 1441 003a | 4889 4424 | 7841 807f | 4000 0f85 | 4024 0000 | 4c8b 5424 | 784d 8bda 
  0x000001849ab6c644: 4c8b 9424 | 8000 0000 | 4589 5a10 | 4c8b 5c24 | 784d 33da | 49c1 eb14 | 4d85 db0f | 84bf 2300 
  0x000001849ab6c664: 004c 8b5c | 2478 4d85 | db0f 84bf | 2300 0049 | c1ea 0948 | b900 00fd | a184 0100 | 0049 03ca 
  0x000001849ab6c684: 8039 020f | 852a 2400 | 004c 8b54 | 2478 458b | 5a14 458b | c345 8b53 | 0c41 8bca | 4c8b 5424 
  0x000001849ab6c6a4: 7845 0fbe | 5210 c462 | 2af7 c944 | 898c 2488 | 0000 0045 | 85c9 0f84 | a03b 0000 

  0x000001849ab6c6c0: ;   {oop(a 'java/io/WinNTFileSystem'{0x00000000c08294c0})}
  0x000001849ab6c6c0: 49bb c094 | 82c0 0000 | 0000 450f | b75b 0c44 | 899c 248c | 0000 0045 | 85d2 0f85 | 9037 0000 
  0x000001849ab6c6e0: 85c9 0f86 | f838 0000 | 450f b658 | 1044 899c | 2490 0000 | 0044 8b9c | 2488 0000 | 0041 83fb 
  0x000001849ab6c700: 010f 8e5d | 2900 004c | 8b54 2478 | 458b 5a14 | 458b cb41 | 807a 1000 | 0f85 7a37 | 0000 418b 
  0x000001849ab6c720: 6b0c 83fd | 010f 8639 | 3900 0045 | 0fb6 5311 | 458b c244 | 8b9c 2490 | 0000 0044 | 3b9c 248c 
  0x000001849ab6c740: 0000 000f | 847f 3b00 | 0044 8b94 | 2490 0000 | 0041 83c2 | 9f41 83fa | 1a0f 8295 | 0000 0041 
  0x000001849ab6c760: 83fb 410f | 8cf3 2800 | 0041 83fb | 5a0f 8e81 | 0000 00ba | 45ff ffff | 488b 6c24 | 604c 8b54 
  0x000001849ab6c780: 2428 4c89 | 5424 2044 | 8b54 2430 | 4489 5424 | 284c 8b54 | 2450 448b | 5c24 4044 | 895c 242c 
  0x000001849ab6c7a0: 4c89 5424 | 384c 8b54 | 2468 4c89 | 5424 484c | 8b54 2458 | 4c89 5424 | 504c 8b54 

  0x000001849ab6c7bc: ;   {no_reloc}
  0x000001849ab6c7bc: 2470 4c89 | 5424 584c | 8b94 2480 | 0000 004c | 8954 2468 | 4c8b 5424 | 784c 8954 | 2470 4489 
  0x000001849ab6c7dc: 8424 8000 | 0000 6690 

  0x000001849ab6c7e4: ;   {runtime_call UncommonTrapBlob}
  0x000001849ab6c7e4: c5f8 77e8 

  0x000001849ab6c7e8: ; ImmutableOopMap {rbp=Oop [32]=Oop [40]=NarrowOop [56]=Oop [72]=Oop [80]=Oop [88]=Oop [104]=Oop [112]=Oop }
                      ;*if_icmpgt {reexecute=1 rethrow=0 return_oop=0}
                      ; - (reexecute) java.io.WinNTFileSystem::isLetter@21
                      ; - java.io.WinNTFileSystem::prefixLength@58
                      ; - java.io.File::<init>@104
                      ; - jdk.internal.loader.URLClassPath$FileLoader::getResource@118
                      ; - jdk.internal.loader.URLClassPath::getResource@53
                      ; - java.net.URLClassLoader$1::run@26
                      ; - java.net.URLClassLoader$1::run@1
                      ; - java.security.AccessController::executePrivileged@29
                      ; - java.security.AccessController::doPrivileged@13
                      ; - java.net.URLClassLoader::findClass@13
  0x000001849ab6c7e8: 947b 89ff 

  0x000001849ab6c7ec: ;   {other}
  0x000001849ab6c7ec: 0f1f 8400 | dc42 003b | 4183 f83a | 0f85 5e28 | 0000 448b | 9c24 8800 | 0000 4183 | fb02 0f8e 
  0x000001849ab6c80c: 6c39 0000 | 4c8b 5424 | 7845 0fbe | 4210 458b | 5214 458b | da45 85c0 | 0f85 9236 | 0000 418b 
  0x000001849ab6c82c: 6a0c 83fd | 020f 86a9 | 3800 0045 | 0fb6 5a12 | 443b 9c24 | 8c00 0000 | 0f85 a239 | 0000 448b 
  0x000001849ab6c84c: 9c24 b000 | 0000 4c8b | 9424 8000 | 0000 4589 | 5a0c 4c89 | 5424 78e9 | 6cf7 ffff | 4c89 4424 
  0x000001849ab6c86c: 4844 8954 | 2440 498b 

  0x000001849ab6c874: ;   {metadata('jdk/internal/loader/URLClassPath$JarLoader$1')}
  0x000001849ab6c874: e948 ba40 | 2e21 a784 | 0100 0090 

  0x000001849ab6c880: ;   {runtime_call _new_instance_Java}
  0x000001849ab6c880: c5f8 77e8 

  0x000001849ab6c884: ; ImmutableOopMap {[32]=Oop [40]=Oop [48]=NarrowOop [72]=Oop [80]=Oop [96]=Oop [104]=Oop }
                      ;*new {reexecute=0 rethrow=0 return_oop=1}
                      ; - jdk.internal.loader.URLClassPath$JarLoader::ensureOpen@7
                      ; - jdk.internal.loader.URLClassPath$JarLoader::getResource@1
                      ; - jdk.internal.loader.URLClassPath::getResource@53
                      ; - java.net.URLClassLoader$1::run@26
                      ; - java.net.URLClassLoader$1::run@1
                      ; - java.security.AccessController::executePrivileged@29
                      ; - java.security.AccessController::doPrivileged@13
                      ; - java.net.URLClassLoader::findClass@13
  0x000001849ab6c884: 7872 95ff 

  0x000001849ab6c888: ;   {other}
  0x000001849ab6c888: 0f1f 8400 | 7843 003c | 4c8b cd44 | 8b54 2440 | 4c8b 4424 | 48e9 40ce | ffff 448b | 9424 ac00 
  0x000001849ab6c8a8: 0000 4183 | fa01 7e3c 

  0x000001849ab6c8b0: ;   {oop(a 'java/io/WinNTFileSystem'{0x00000000c08294c0})}
  0x000001849ab6c8b0: 48ba c094 | 82c0 0000 | 0000 4c8b | 8424 8800 | 0000 448b | 8c24 9000 | 0000 33ff | 488b 6c24 
  0x000001849ab6c8d0: 6066 6690 

  0x000001849ab6c8d4: ;   {optimized virtual_call}
  0x000001849ab6c8d4: c5f8 77e8 

  0x000001849ab6c8d8: ; ImmutableOopMap {rbp=Oop [32]=Oop [40]=Oop [48]=NarrowOop [80]=Oop [88]=Oop [96]=Oop [104]=Oop [112]=Oop [120]=NarrowOop [128]=Oop }
                      ;*invokevirtual normalize {reexecute=0 rethrow=0 return_oop=1}
                      ; - java.io.WinNTFileSystem::normalize@111
                      ; - java.io.File::<init>@73
                      ; - jdk.internal.loader.URLClassPath$FileLoader::getResource@118
                      ; - jdk.internal.loader.URLClassPath::getResource@53
                      ; - java.net.URLClassLoader$1::run@26
                      ; - java.net.URLClassLoader$1::run@1
                      ; - java.security.AccessController::executePrivileged@29
                      ; - java.security.AccessController::doPrivileged@13
                      ; - java.net.URLClassLoader::findClass@13
  0x000001849ab6c8d8: a421 89ff 

  0x000001849ab6c8dc: ;   {other}
  0x000001849ab6c8dc: 0f1f 8400 | cc43 003d | 4c8b c8e9 | 16fd ffff | 41ba 3a00 | 0000 458b | c2e9 b0fb | ffff 896c 
  0x000001849ab6c8fc: 2444 4889 | 7424 4844 | 894c 2440 | 4489 4424 | 3c89 4c24 | 384c 895c | 2430 4c89 | 5424 2848 
  0x000001849ab6c91c: 895c 2420 | 4c89 6c24 | 6048 8b6c 

  0x000001849ab6c928: ;   {metadata({type array byte})}
  0x000001849ab6c928: 2468 48ba | 1823 00a7 | 8401 0000 | 448b 4424 | 4448 8944 | 2458 6690 

  0x000001849ab6c940: ;   {runtime_call _new_array_Java}
  0x000001849ab6c940: c5f8 77e8 

  0x000001849ab6c944: ; ImmutableOopMap {rbp=Oop [32]=Oop [40]=Oop [48]=Oop [96]=Oop [104]=Oop }
                      ;*invokevirtual allocateUninitializedArray0 {reexecute=0 rethrow=0 return_oop=1}
                      ; - jdk.internal.misc.Unsafe::allocateUninitializedArray@51
                      ; - java.lang.StringConcatHelper::newArray@33
                      ; - java.lang.StringConcatHelper::simpleConcat@61
                      ; - java.lang.String::concat@11
                      ; - java.net.URLClassLoader$1::run@13
                      ; - java.net.URLClassLoader$1::run@1
                      ; - java.security.AccessController::executePrivileged@29
                      ; - java.security.AccessController::doPrivileged@13
                      ; - java.net.URLClassLoader::findClass@13
  0x000001849ab6c944: 38bf 95ff 

  0x000001849ab6c948: ;   {other}
  0x000001849ab6c948: 0f1f 8400 | 3844 003e | 4c8b 6c24 | 6048 8b5c | 2420 4c8b | 5424 284c | 8b5c 2430 | 8b4c 2438 
  0x000001849ab6c968: 448b 4424 | 3c44 8b4c | 2440 488b | 7424 488b | 6c24 4448 | 8bf8 e9aa | caff ff48 | 897c 2428 
  0x000001849ab6c988: 4889 5c24 | 204c 896c | 2460 488b 

  0x000001849ab6c994: ;   {metadata('java/lang/String')}
  0x000001849ab6c994: 6c24 6848 | ba78 e800 | a784 0100 | 004c 896c | 2438 6690 

  0x000001849ab6c9a8: ;   {runtime_call _new_instance_Java}
  0x000001849ab6c9a8: c5f8 77e8 

  0x000001849ab6c9ac: ; ImmutableOopMap {rbp=Oop [32]=Oop [40]=Oop [56]=Oop [96]=Oop [104]=Oop }
                      ;*new {reexecute=0 rethrow=0 return_oop=1}
                      ; - java.lang.StringConcatHelper::newString@6
                      ; - java.lang.StringConcatHelper::simpleConcat@90
                      ; - java.lang.String::concat@11
                      ; - java.net.URLClassLoader$1::run@13
                      ; - java.net.URLClassLoader$1::run@1
                      ; - java.security.AccessController::executePrivileged@29
                      ; - java.security.AccessController::doPrivileged@13
                      ; - java.net.URLClassLoader::findClass@13
  0x000001849ab6c9ac: 5071 95ff 

  0x000001849ab6c9b0: ;   {other}
  0x000001849ab6c9b0: 0f1f 8400 | a044 003f | 4c8b 6c24 | 3848 8b5c | 2420 488b | 7c24 28e9 | 15cb ffff | 33c0 e9fa 
  0x000001849ab6c9d0: ;   {metadata('java/lang/ClassNotFoundException')}
  0x000001849ab6c9d0: d4ff ff48 | ba88 9306 | a784 0100 | 0048 8b6c | 2460 6690 

  0x000001849ab6c9e4: ;   {runtime_call _new_instance_Java}
  0x000001849ab6c9e4: c5f8 77e8 

  0x000001849ab6c9e8: ; ImmutableOopMap {rbp=Oop [96]=Oop }
                      ;*new {reexecute=0 rethrow=0 return_oop=1}
                      ; - java.net.URLClassLoader::findClass@36
  0x000001849ab6c9e8: 1471 95ff 

  0x000001849ab6c9ec: ;   {other}
  0x000001849ab6c9ec: 0f1f 8400 | dc44 0040 | e9ec d9ff | ff48 8974 | 2440 894c | 243c 4489 | 4c24 3844 | 8944 2434 
  0x000001849ab6ca0c: 4489 5c24 | 3048 895c | 2428 4c89 | 6c24 604c | 8b54 2468 | 4c89 5424 

  0x000001849ab6ca24: ;   {metadata({type array byte})}
  0x000001849ab6ca24: 2048 ba18 | 2300 a784 | 0100 004c | 896c 2450 | 4c89 6c24 | 5866 6690 

  0x000001849ab6ca3c: ;   {runtime_call _new_array_Java}
  0x000001849ab6ca3c: c5f8 77e8 

  0x000001849ab6ca40: ; ImmutableOopMap {[32]=Oop [40]=Oop [48]=NarrowOop [64]=Oop [80]=Oop [88]=Oop [96]=Oop [104]=Oop }
                      ;*invokevirtual allocateUninitializedArray0 {reexecute=0 rethrow=0 return_oop=1}
                      ; - jdk.internal.misc.Unsafe::allocateUninitializedArray@51
                      ; - java.lang.StringConcatHelper::newArray@33
                      ; - java.lang.StringLatin1::replace@49
                      ; - java.lang.String::replace@18
                      ; - java.net.URLClassLoader$1::run@8
                      ; - java.net.URLClassLoader$1::run@1
                      ; - java.security.AccessController::executePrivileged@29
                      ; - java.security.AccessController::doPrivileged@13
                      ; - java.net.URLClassLoader::findClass@13
  0x000001849ab6ca40: 3cbe 95ff 

  0x000001849ab6ca44: ;   {other}
  0x000001849ab6ca44: 0f1f 8400 | 3445 0041 | 4c8b 6c24 | 5048 8b5c | 2428 448b | 5c24 3044 | 8b44 2434 | 448b 4c24 
  0x000001849ab6ca64: 388b 4c24 | 3c48 8b74 | 2440 4c8b | d0e9 6dc6 | ffff 4c89 | 5424 2848 | 895c 2420 | 4c89 6c24 
  0x000001849ab6ca84: 6048 8b6c 

  0x000001849ab6ca88: ;   {metadata('java/lang/String')}
  0x000001849ab6ca88: 2468 48ba | 78e8 00a7 | 8401 0000 | 4c89 6c24 | 384c 896c | 2440 6690 

  0x000001849ab6caa0: ;   {runtime_call _new_instance_Java}
  0x000001849ab6caa0: c5f8 77e8 

  0x000001849ab6caa4: ; ImmutableOopMap {rbp=Oop [32]=Oop [40]=Oop [56]=Oop [64]=Oop [96]=Oop [104]=Oop }
                      ;*new {reexecute=0 rethrow=0 return_oop=1}
                      ; - java.lang.StringLatin1::replace@116
                      ; - java.lang.String::replace@18
                      ; - java.net.URLClassLoader$1::run@8
                      ; - java.net.URLClassLoader$1::run@1
                      ; - java.security.AccessController::executePrivileged@29
                      ; - java.security.AccessController::doPrivileged@13
                      ; - java.net.URLClassLoader::findClass@13
  0x000001849ab6caa4: 5870 95ff 

  0x000001849ab6caa8: ;   {other}
  0x000001849ab6caa8: 0f1f 8400 | 9845 0042 | 4c8b 6c24 | 3848 8b5c | 2420 4c8b | 5424 284c | 8bd8 e978 

  0x000001849ab6cac4: ;   {metadata('java/security/CodeSource')}
  0x000001849ab6cac4: c8ff ff48 | ba28 5c00 | a784 0100 | 0048 8b6c | 2460 6690 

  0x000001849ab6cad8: ;   {runtime_call _new_instance_Java}
  0x000001849ab6cad8: c5f8 77e8 

  0x000001849ab6cadc: ; ImmutableOopMap {rbp=Oop [32]=Oop [40]=Oop [64]=Oop [80]=Oop [96]=Oop [104]=Oop [136]=NarrowOop }
                      ;*new {reexecute=0 rethrow=0 return_oop=1}
                      ; - java.net.URLClassLoader::defineClass@190
                      ; - java.net.URLClassLoader$1::run@43
                      ; - java.net.URLClassLoader$1::run@1
                      ; - java.security.AccessController::executePrivileged@29
                      ; - java.security.AccessController::doPrivileged@13
                      ; - java.net.URLClassLoader::findClass@13
  0x000001849ab6cadc: 2070 95ff 

  0x000001849ab6cae0: ;   {other}
  0x000001849ab6cae0: 0f1f 8400 | d045 0043 | e934 d8ff | ff48 8974 | 2450 448b | 8424 8800 | 0000 4489 | 4424 4844 
  0x000001849ab6cb00: 8954 2424 | 4889 7c24 | 3044 895c | 2420 418b | e94c 896c 

  0x000001849ab6cb14: ;   {metadata('java/lang/String')}
  0x000001849ab6cb14: 2440 48ba | 78e8 00a7 | 8401 0000 | 4c8b 5424 | 604c 8954 | 2458 6690 

  0x000001849ab6cb2c: ;   {runtime_call _new_instance_Java}
  0x000001849ab6cb2c: c5f8 77e8 

  0x000001849ab6cb30: ; ImmutableOopMap {rbp=NarrowOop [40]=Oop [48]=Oop [64]=Oop [72]=NarrowOop [80]=Oop [88]=Oop [96]=Oop [104]=Oop }
                      ;*new {reexecute=0 rethrow=0 return_oop=1}
                      ; - java.lang.StringLatin1::newString@7
                      ; - java.lang.String::substring@41
                      ; - java.net.URLClassLoader::defineClass@28
                      ; - java.net.URLClassLoader$1::run@43
                      ; - java.net.URLClassLoader$1::run@1
                      ; - java.security.AccessController::executePrivileged@29
                      ; - java.security.AccessController::doPrivileged@13
                      ; - java.net.URLClassLoader::findClass@13
  0x000001849ab6cb30: cc6f 95ff 

  0x000001849ab6cb34: ;   {other}
  0x000001849ab6cb34: 0f1f 8400 | 2446 0044 | 4c8b 6c24 | 4044 8bcd | 448b 5c24 | 2048 8b7c | 2430 448b | 5424 248b 
  0x000001849ab6cb54: 4c24 4889 | 8c24 8800 | 0000 488b | d848 8b74 | 2450 e98f | cdff ff4c | 8b4c 2450 | 458b 5128 
  0x000001849ab6cb74: 4585 d20f | 84a5 ecff | ff4d 8b5f | 2849 8bca | 4d85 db0f | 843b 2700 | 0049 8bf0 | 488b 7c24 
  0x000001849ab6cb94: 504d 8b57 | 384b 894c | 1af8 4983 | c3f8 4d89 | 5f28 4c8b | cf4c 8bc6 | e971 ecff | ff45 8b50 
  0x000001849ab6cbb4: 1045 85d2 | 0f84 10ec | ffff 4d8b | 5f28 498b | ca4d 85db | 0f84 2227 | 0000 4d8b | 5738 4b89 
  0x000001849ab6cbd4: 4c1a f849 | 83c3 f84d | 895f 28e9 | eaeb ffff | 4d8b 5748 | 4d8b 5f58 | f083 4424 | c000 4180 
  0x000001849ab6cbf4: 3800 0f84 | 64ec ffff | 4588 204d | 85d2 7523 | 498b c849 | 8bd7 c5f8 | 7749 ba00 | a4d6 42ff 
  0x000001849ab6cc14: 7f00 0041 

  0x000001849ab6cc18: ;   {other}
  0x000001849ab6cc18: ffd2 0f1f | 8400 0000 | 0000 e939 | ecff ff4f | 8944 13f8 | 4983 c2f8 | 4d89 5748 | e927 ecff 
  0x000001849ab6cc38: ff49 8bf8 | 4d8b 5748 | 4d8b 5f58 | f083 4424 | c000 8039 | 0074 3244 | 8821 4d85 | d274 0f4b 
  0x000001849ab6cc58: 894c 13f8 | 4983 c2f8 | 4d89 5748 | eb1b 498b | d7c5 f877 | 49ba 00a4 | d642 ff7f | 0000 41ff 
  0x000001849ab6cc78: ;   {other}
  0x000001849ab6cc78: d20f 1f84 | 0000 0000 | 004c 8bc7 | e983 ebff | ffba 66ff | ffff 488b | 6c24 604c | 8b4c 2428 
  0x000001849ab6cc98: 4c89 4c24 | 208b 4c24 | 3089 4c24 | 2844 8954 | 242c 4c89 | 4424 3844 | 895c 2448 

  0x000001849ab6ccb4: ;   {runtime_call UncommonTrapBlob}
  0x000001849ab6ccb4: c5f8 77e8 

  0x000001849ab6ccb8: ; ImmutableOopMap {rbp=Oop [32]=Oop [40]=NarrowOop [56]=Oop [72]=NarrowOop [80]=Oop [104]=Oop }
                      ;*invokevirtual getEntry {reexecute=0 rethrow=0 return_oop=0}
                      ; - java.util.jar.JarFile::getJarEntry@2
                      ; - jdk.internal.loader.URLClassPath$JarLoader::getResource@22
                      ; - jdk.internal.loader.URLClassPath::getResource@53
                      ; - java.net.URLClassLoader$1::run@26
                      ; - java.net.URLClassLoader$1::run@1
                      ; - java.security.AccessController::executePrivileged@29
                      ; - java.security.AccessController::doPrivileged@13
                      ; - java.net.URLClassLoader::findClass@13
  0x000001849ab6ccb8: c476 89ff 

  0x000001849ab6ccbc: ;   {other}
  0x000001849ab6ccbc: 0f1f 8400 | ac47 0045 | 4c8b 4424 | 3841 c640 | 1101 33c0 | 4c8b 4c24 | 684c 8b6c | 2440 448b 
  0x000001849ab6ccdc: 5c24 2044 | 899c 2488 | 0000 004c | 8b5c 2448 | 4c89 5c24 | 784c 8b5c | 2450 4c89 | 9c24 9000 
  0x000001849ab6ccfc: 0000 448b | 5c24 2448 | 8b74 2430 | e9eb cfff | ff44 895c | 2424 4c8b | 9424 9000 | 0000 4c89 
  0x000001849ab6cd1c: 5424 504c | 8b54 2478 | 4c89 5424 | 4848 ffb4 | 24c8 0000 | 0048 8f44 | 2438 4889 | 7424 3044 
  0x000001849ab6cd3c: 8b9c 2488 | 0000 0044 | 895c 2420 | 4c89 6c24 | 404c 8b54 | 2460 4c89 | 5424 5890 

  0x000001849ab6cd58: ;   {static_call}
  0x000001849ab6cd58: c5f8 77e8 

  0x000001849ab6cd5c: ; ImmutableOopMap {rbp=Oop [32]=NarrowOop [36]=NarrowOop [40]=Oop [48]=Oop [56]=Oop [64]=Oop [72]=Oop [80]=Oop [88]=Oop [96]=Oop [104]=Oop [144]=Oop }
                      ;*invokestatic hashCode {reexecute=0 rethrow=0 return_oop=0}
                      ; - java.lang.String::hashCode@37
                      ; - java.util.concurrent.ConcurrentHashMap::get@1
                      ; - java.lang.ClassLoader::getDefinedPackage@13
                      ; - java.net.URLClassLoader::getAndVerifyPackage@2
                      ; - java.net.URLClassLoader::defineClass@46
                      ; - java.net.URLClassLoader$1::run@43
                      ; - java.net.URLClassLoader$1::run@1
                      ; - java.security.AccessController::executePrivileged@29
                      ; - java.security.AccessController::doPrivileged@13
                      ; - java.net.URLClassLoader::findClass@13
  0x000001849ab6cd5c: 2023 89ff 

  0x000001849ab6cd60: ;   {other}
  0x000001849ab6cd60: 0f1f 8400 | 5048 0046 | e907 daff | ff4c 898c | 2480 0000 | 0048 894c | 2478 4c89 | 4424 5848 
  0x000001849ab6cd80: 895c 2450 | 4889 7424 | 4844 8b9c | 2488 0000 | 0044 895c | 2434 4489 | 5424 3048 | 897c 2420 
  0x000001849ab6cda0: 4c89 6c24 

  0x000001849ab6cda4: ;   {metadata({type array byte})}
  0x000001849ab6cda4: 4048 ba18 | 2300 a784 | 0100 0045 | 8bc2 6690 

  0x000001849ab6cdb4: ;   {runtime_call _new_array_nozero_Java}
  0x000001849ab6cdb4: c5f8 77e8 

  0x000001849ab6cdb8: ; ImmutableOopMap {[32]=Oop [88]=Derived_oop_[32] [40]=Oop [52]=NarrowOop [64]=Oop [72]=Oop [80]=Oop [96]=Oop [104]=Oop }
                      ;*newarray {reexecute=0 rethrow=0 return_oop=1}
                      ; - java.util.Arrays::copyOfRangeByte@10
                      ; - java.util.Arrays::copyOfRange@13
                      ; - java.lang.StringLatin1::newString@16
                      ; - java.lang.String::substring@41
                      ; - java.net.URLClassLoader::defineClass@28
                      ; - java.net.URLClassLoader$1::run@43
                      ; - java.net.URLClassLoader$1::run@1
                      ; - java.security.AccessController::executePrivileged@29
                      ; - java.security.AccessController::doPrivileged@13
                      ; - java.net.URLClassLoader::findClass@13
  0x000001849ab6cdb8: c4bd 95ff 

  0x000001849ab6cdbc: ;   {other}
  0x000001849ab6cdbc: 0f1f 8400 | ac48 0047 | 4c8b 6c24 | 4044 8b54 | 2430 448b | 4424 3444 | 8984 2488 | 0000 0048 
  0x000001849ab6cddc: 8b5c 2450 | 4c8b 4424 | 5848 8b4c | 2478 4c8b | 8c24 8000 | 0000 4c8b | f048 8b74 | 2448 e962 
  0x000001849ab6cdfc: ccff ff4c | 8bcb 458b | 512c 4585 | d20f 8493 | deff ff4d | 8b5f 2849 | 8bca 4d85 | db0f 840d 
  0x000001849ab6ce1c: 2600 004d | 8b57 384b | 894c 1af8 | 4983 c3f8 | 4d89 5f28 | 4c8b cbe9 | 6ade ffff | 4c8b 9424 
  0x000001849ab6ce3c: 9000 0000 | 458b 5a14 | 4585 db0f | 84da dfff | ff4d 8b57 | 2849 8bcb | 4d85 d20f | 84ef 2500 
  0x000001849ab6ce5c: 004d 8b5f | 384b 894c | 13f8 4983 | c2f8 4d89 | 5728 e9b4 | dfff ff44 | 8b55 1c45 | 85d2 0f84 
  0x000001849ab6ce7c: 66df ffff | 4d8b 5f28 | 498b ca4d | 85db 0f84 | dc25 0000 | 4d8b 5738 | 4b89 4c1a | f849 83c3 
  0x000001849ab6ce9c: f84d 895f | 28e9 40df | ffff 4c8b | 9424 9000 | 0000 458b | 5210 4585 | d20f 84e8 

  0x000001849ab6ceb8: ;   {no_reloc}
  0x000001849ab6ceb8: e0ff ff4d | 8b5f 2849 | 8bca 4d85 | db0f 84c1 | 2500 004d | 8b57 384b | 894c 1af8 | 4983 c3f8 
  0x000001849ab6ced8: 4d89 5f28 | e9c2 e0ff | ff44 8b5d | 1c45 85db | 0f84 74e0 | ffff 4d8b | 5728 498b | cb4d 85d2 
  0x000001849ab6cef8: 0f84 ae25 | 0000 4d8b | 5f38 4b89 | 4c13 f849 | 83c2 f84d | 8957 28e9 | 4ee0 ffff | 498b da4c 
  0x000001849ab6cf18: 8b94 2490 | 0000 0045 | 8b5a 3845 | 85db 0f84 | d9e4 ffff | 4d8b 5728 | 498b cb4d | 85d2 0f84 
  0x000001849ab6cf38: 1026 0000 | 4d8b 5f38 | 4b89 4c13 | f849 83c2 | f84d 8957 | 28e9 b3e4 | ffff 4c8b | 8424 8800 
  0x000001849ab6cf58: 0000 458b | 5830 4585 | db0f 84f1 | e4ff ff49 | 8bd8 4d8b | 5728 498b | cb4d 85d2 | 0f84 5225 
  0x000001849ab6cf78: 0000 4d8b | 5f38 4b89 | 4c13 f849 | 83c2 f84d | 8957 284c | 8bc3 e9c5 | e4ff ff4c | 8b94 2490 
  0x000001849ab6cf98: 0000 0045 | 8b5a 2445 | 85db 0f84 | 35e3 ffff | 4d8b 5728 | 498b cb4d | 85d2 0f84 | 3425 0000 
  0x000001849ab6cfb8: ;   {no_reloc}
  0x000001849ab6cfb8: 4d8b 5f38 | 4b89 4c13 | f849 83c2 | f84d 8957 | 28e9 0fe3 | ffff 498b | da4c 8b94 | 2490 0000 
  0x000001849ab6cfd8: 0045 8b5a | 1c45 85db | 7421 4d8b | 5728 498b | cb4d 85d2 | 0f84 3a25 | 0000 4d8b | 5f38 4b89 
  0x000001849ab6cff8: 4c13 f849 | 83c2 f84d | 8957 284c | 8bd3 e9b6 | e1ff ff49 | 8bda 448b | 551c 4585 | d274 214d 
  0x000001849ab6d018: 8b5f 2849 | 8bca 4d85 | db0f 8465 | 2500 004d | 8b57 384b | 894c 1af8 | 4983 c3f8 | 4d89 5f28 
  0x000001849ab6d038: 4c8b d3e9 | 9be0 ffff | 498b da4c | 8b94 2490 | 0000 0045 | 8b5a 3445 | 85db 7421 | 4d8b 5728 
  0x000001849ab6d058: 498b cb4d | 85d2 0f84 | 0825 0000 | 4d8b 5f38 | 4b89 4c13 | f849 83c2 | f84d 8957 | 284c 8bd3 
  0x000001849ab6d078: e9f1 e2ff | ff4c 8b94 | 2490 0000 | 0045 8b5a | 1845 85db | 0f84 97e0 | ffff 4d8b | 5728 498b 
  0x000001849ab6d098: cb4d 85d2 | 0f84 6a24 | 0000 4d8b | 5f38 4b89 | 4c13 f849 | 83c2 f84d | 8957 28e9 | 71e0 ffff 
  0x000001849ab6d0b8: ;   {no_reloc}
  0x000001849ab6d0b8: 4c8b 8424 | 8800 0000 | 458b 5010 | 4585 d274 | 2d49 8bfb | 498b d84d | 8b5f 2849 | 8bca 4d85 
  0x000001849ab6d0d8: db0f 84ed | 2400 004d | 8b57 384b | 894c 1af8 | 4983 c3f8 | 4d89 5f28 | 4c8b c34c | 8bdf 4d8b 
  0x000001849ab6d0f8: d3e9 cde5 | ffff 448b | 5d0c 4585 | db0f 84c3 | e4ff ff4d | 8b57 2849 | 8bcb 4d85 | d20f 84d1 
  0x000001849ab6d118: 2400 004d | 8b5f 384b | 894c 13f8 | 4983 c2f8 | 4d89 5728 | e99d e4ff | ff4c 8b94 | 2488 0000 
  0x000001849ab6d138: 0045 8b52 | 0c45 85d2 | 0f84 dee4 | ffff 4d8b | 5f28 498b | ca4d 85db | 0f84 5624 | 0000 4d8b 
  0x000001849ab6d158: 5738 4b89 | 4c1a f849 | 83c3 f84d | 895f 28e9 | b8e4 ffff | 4c8b c545 | 8b50 1445 | 85d2 0f84 
  0x000001849ab6d178: bae5 ffff | 4d8b 5f28 | 498b ca4d | 85db 0f84 | 8024 0000 | 4d8b 5738 | 4b89 4c1a | f849 83c3 
  0x000001849ab6d198: f84d 895f | 28e9 94e5 | ffff 4d8b | 5748 4d8b | 5f58 f083 | 4424 c000 | 8039 000f | 84b2 dcff 
  0x000001849ab6d1b8: ;   {no_reloc}
  0x000001849ab6d1b8: ff44 8821 | 4d85 d275 | 2049 8bd7 | c5f8 7749 | ba00 a4d6 | 42ff 7f00 | 0041 ffd2 

  0x000001849ab6d1d4: ;   {other}
  0x000001849ab6d1d4: 0f1f 8400 | 0000 0000 | e98a dcff | ff4b 894c | 13f8 4983 | c2f8 4d89 | 5748 e978 | dcff ff4d 
  0x000001849ab6d1f4: 8b57 584d | 8b5f 48f0 | 8344 24c0 | 0080 3900 | 0f84 12dc | ffff 4488 | 214d 85db | 7520 498b 
  0x000001849ab6d214: d7c5 f877 | 49ba 00a4 | d642 ff7f | 0000 41ff 

  0x000001849ab6d224: ;   {other}
  0x000001849ab6d224: d20f 1f84 | 0000 0000 | 00e9 eadb | ffff 4b89 | 4c1a f849 | 83c3 f84d | 895f 48e9 | d8db ffff 
  0x000001849ab6d244: 4d8b 5758 | 4d8b 5f48 | f083 4424 | c000 8039 | 000f 843d | ddff ff44 | 8821 4d85 | db75 2049 
  0x000001849ab6d264: 8bd7 c5f8 | 7749 ba00 | a4d6 42ff | 7f00 0041 

  0x000001849ab6d274: ;   {other}
  0x000001849ab6d274: ffd2 0f1f | 8400 0000 | 0000 e915 | ddff ff4b | 894c 1af8 | 4983 c3f8 | 4d89 5f48 | e903 ddff 
  0x000001849ab6d294: ff4d 8b57 | 484d 8b5f | 58f0 8344 | 24c0 0080 | 3900 0f84 | 3bdd ffff | 4488 214d | 85d2 7520 
  0x000001849ab6d2b4: 498b d7c5 | f877 49ba | 00a4 d642 | ff7f 0000 

  0x000001849ab6d2c4: ;   {other}
  0x000001849ab6d2c4: 41ff d20f | 1f84 0000 | 0000 00e9 | 13dd ffff | 4b89 4c13 | f849 83c2 | f84d 8957 | 48e9 01dd 
  0x000001849ab6d2e4: ffff 4d8b | 5748 4d8b | 5f58 f083 | 4424 c000 | 8039 000f | 8448 e1ff | ff44 8821 | 4d85 d275 
  0x000001849ab6d304: 2049 8bd7 | c5f8 7749 | ba00 a4d6 | 42ff 7f00 | 0041 ffd2 

  0x000001849ab6d318: ;   {other}
  0x000001849ab6d318: 0f1f 8400 | 0000 0000 | e920 e1ff | ff4b 894c | 13f8 4983 | c2f8 4d89 | 5748 e90e | e1ff ff4d 
  0x000001849ab6d338: 8b57 484d | 8b5f 58f0 | 8344 24c0 | 0080 3900 | 0f84 44e1 | ffff 4488 | 214d 85d2 | 7526 498b 
  0x000001849ab6d358: d849 8bd7 | c5f8 7749 | ba00 a4d6 | 42ff 7f00 | 0041 ffd2 

  0x000001849ab6d36c: ;   {other}
  0x000001849ab6d36c: 0f1f 8400 | 0000 0000 | 4c8b c3e9 | 16e1 ffff | 4b89 4c13 | f849 83c2 | f84d 8957 | 48e9 04e1 
  0x000001849ab6d38c: ffff 4d8b | 5758 4d8b | 5f48 f083 | 4424 c000 | 8039 000f | 8401 e0ff | ff44 8821 | 4d85 db75 
  0x000001849ab6d3ac: 2049 8bd7 | c5f8 7749 | ba00 a4d6 | 42ff 7f00 | 0041 ffd2 

  0x000001849ab6d3c0: ;   {other}
  0x000001849ab6d3c0: 0f1f 8400 | 0000 0000 | e9d9 dfff | ff4b 894c | 1af8 4983 | c3f8 4d89 | 5f48 e9c7 | dfff ff4d 
  0x000001849ab6d3e0: 8b57 484d | 8b5f 58f0 | 8344 24c0 | 0080 3900 | 0f84 77dd | ffff 4488 | 214d 85d2 | 7520 498b 
  0x000001849ab6d400: d7c5 f877 | 49ba 00a4 | d642 ff7f | 0000 41ff 

  0x000001849ab6d410: ;   {other}
  0x000001849ab6d410: d20f 1f84 | 0000 0000 | 00e9 4fdd | ffff 4b89 | 4c13 f849 | 83c2 f84d | 8957 48e9 | 3ddd ffff 
  0x000001849ab6d430: 4d8b 5748 | 4d8b 5f58 | f083 4424 | c000 8039 | 000f 84d3 | deff ff44 | 8821 4d85 | d275 2049 
  0x000001849ab6d450: 8bd7 c5f8 | 7749 ba00 | a4d6 42ff | 7f00 0041 

  0x000001849ab6d460: ;   {other}
  0x000001849ab6d460: ffd2 0f1f | 8400 0000 | 0000 e9ab | deff ff4b | 894c 13f8 | 4983 c2f8 | 4d89 5748 | e999 deff 
  0x000001849ab6d480: ff4d 8b57 | 584d 8b5f | 48f0 8344 | 24c0 0080 | 3900 0f84 | 86dc ffff | 4488 214d | 85db 7520 
  0x000001849ab6d4a0: 498b d7c5 | f877 49ba | 00a4 d642 | ff7f 0000 

  0x000001849ab6d4b0: ;   {other}
  0x000001849ab6d4b0: 41ff d20f | 1f84 0000 | 0000 00e9 | 5edc ffff | 4b89 4c1a | f849 83c3 | f84d 895f | 48e9 4cdc 
  0x000001849ab6d4d0: ffff 4d8b | 5758 4d8b | 5f48 f083 | 4424 c000 | 8039 000f | 84e9 ddff | ff44 8821 | 4d85 db75 
  0x000001849ab6d4f0: 2049 8bd7 | c5f8 7749 | ba00 a4d6 | 42ff 7f00 | 0041 ffd2 

  0x000001849ab6d504: ;   {other}
  0x000001849ab6d504: 0f1f 8400 | 0000 0000 | e9c1 ddff | ff4b 894c | 1af8 4983 | c3f8 4d89 | 5f48 e9af | ddff ff4d 
  0x000001849ab6d524: 8b57 584d | 8b5f 48f0 | 8344 24c0 | 0080 3900 | 0f84 bfdc | ffff 4488 | 214d 85db | 7520 498b 
  0x000001849ab6d544: d7c5 f877 | 49ba 00a4 | d642 ff7f | 0000 41ff 

  0x000001849ab6d554: ;   {other}
  0x000001849ab6d554: d20f 1f84 | 0000 0000 | 00e9 97dc | ffff 4b89 | 4c1a f849 | 83c3 f84d | 895f 48e9 | 85dc ffff 
  0x000001849ab6d574: 4d8b 5748 | 4d8b 5f58 | f083 4424 | c000 8039 | 000f 84d6 | e0ff ff44 | 8821 4d85 | d275 2049 
  0x000001849ab6d594: 8bd7 c5f8 | 7749 ba00 | a4d6 42ff | 7f00 0041 

  0x000001849ab6d5a4: ;   {other}
  0x000001849ab6d5a4: ffd2 0f1f | 8400 0000 | 0000 e9ae | e0ff ff4b | 894c 13f8 | 4983 c2f8 | 4d89 5748 | e99c e0ff 
  0x000001849ab6d5c4: ff4d 8b57 | 484d 8b5f | 58f0 8344 | 24c0 0080 | 3900 0f84 | 22e1 ffff | 4488 214d | 85d2 7520 
  0x000001849ab6d5e4: 498b d7c5 | f877 49ba | 00a4 d642 | ff7f 0000 

  0x000001849ab6d5f4: ;   {other}
  0x000001849ab6d5f4: 41ff d20f | 1f84 0000 | 0000 00e9 | fae0 ffff | 4b89 4c13 | f849 83c2 | f84d 8957 | 48e9 e8e0 
  0x000001849ab6d614: ffff 498b | f94d 8b57 | 584d 8b5f | 48f0 8344 | 24c0 0080 | 3900 7432 | 4488 214d | 85db 740f 
  0x000001849ab6d634: 4b89 4c1a | f849 83c3 | f84d 895f | 48eb 1b49 | 8bd7 c5f8 | 7749 ba00 | a4d6 42ff | 7f00 0041 
  0x000001849ab6d654: ;   {other}
  0x000001849ab6d654: ffd2 0f1f | 8400 0000 | 0000 4c8b | cf44 8bc6 | e979 d6ff | ff4d 8b57 | 584d 8b5f | 48f0 8344 
  0x000001849ab6d674: 24c0 0080 | 3900 0f84 | 14d6 ffff | 4488 214d | 85db 7520 | 498b d7c5 | f877 49ba | 00a4 d642 
  0x000001849ab6d694: ff7f 0000 

  0x000001849ab6d698: ;   {other}
  0x000001849ab6d698: 41ff d20f | 1f84 0000 | 0000 00e9 | ecd5 ffff | 4b89 4c1a | f849 83c3 | f84d 895f | 48e9 dad5 
  0x000001849ab6d6b8: ffff 4d8b | 5758 4d8b | 5f48 f083 | 4424 c000 | 8039 000f | 8448 dfff | ff44 8821 | 4d85 db75 
  0x000001849ab6d6d8: 2049 8bd7 | c5f8 7749 | ba00 a4d6 | 42ff 7f00 | 0041 ffd2 

  0x000001849ab6d6ec: ;   {other}
  0x000001849ab6d6ec: 0f1f 8400 | 0000 0000 | e920 dfff | ff4b 894c | 1af8 4983 | c3f8 4d89 | 5f48 e90e | dfff ff4d 
  0x000001849ab6d70c: 8b57 484d | 8b5f 58f0 | 8344 24c0 | 0080 3900 | 0f84 4ee0 | ffff 4488 | 214d 85d2 | 7526 498b 
  0x000001849ab6d72c: d849 8bd7 | c5f8 7749 | ba00 a4d6 | 42ff 7f00 | 0041 ffd2 

  0x000001849ab6d740: ;   {other}
  0x000001849ab6d740: 0f1f 8400 | 0000 0000 | 4c8b c3e9 | 20e0 ffff | 4b89 4c13 | f849 83c2 | f84d 8957 | 48e9 0ee0 
  0x000001849ab6d760: ffff 4c8b | 4424 3841 | c640 1101 | 33c0 4c8b | 4c24 684c | 8b6c 2440 | 448b 5424 | 2044 8994 
  0x000001849ab6d780: 2488 0000 | 004c 8b54 | 2448 4c89 | 5424 784c | 8b54 2450 | 4c89 9424 | 9000 0000 | 448b 7424 
  0x000001849ab6d7a0: 2444 8b54 | 2458 488b | 7424 30e9 | 1dc7 ffff | 4489 5424 | 5844 8974 | 2424 4c8b | 9424 9000 
  0x000001849ab6d7c0: 0000 4c89 | 5424 504c | 8b54 2478 | 4c89 5424 | 484c 8944 | 2438 4889 | 7424 3044 | 8b9c 2488 
  0x000001849ab6d7e0: 0000 0044 | 895c 2420 | 4c89 6c24 | 404c 894c | 2468 6690 

  0x000001849ab6d7f4: ;   {static_call}
  0x000001849ab6d7f4: c5f8 77e8 

  0x000001849ab6d7f8: ; ImmutableOopMap {rbp=Oop [32]=NarrowOop [36]=NarrowOop [40]=Oop [48]=Oop [56]=Oop [64]=Oop [72]=Oop [80]=Oop [88]=NarrowOop [96]=Oop [104]=Oop [144]=Oop }
                      ;*invokestatic hashCode {reexecute=0 rethrow=0 return_oop=0}
                      ; - java.lang.String::hashCode@37
                      ; - java.util.concurrent.ConcurrentHashMap::get@1
                      ; - java.lang.ClassLoader::definePackage@47
                      ; - java.lang.ClassLoader::getDefinedPackage@32
                      ; - java.net.URLClassLoader::getAndVerifyPackage@2
                      ; - java.net.URLClassLoader::defineClass@46
                      ; - java.net.URLClassLoader$1::run@43
                      ; - java.net.URLClassLoader$1::run@1
                      ; - java.security.AccessController::executePrivileged@29
                      ; - java.security.AccessController::doPrivileged@13
                      ; - java.net.URLClassLoader::findClass@13
  0x000001849ab6d7f8: 8418 89ff 

  0x000001849ab6d7fc: ;   {other}
  0x000001849ab6d7fc: 0f1f 8400 | ec52 0048 | e943 d0ff | ff45 8b50 | 1045 85d2 | 0f84 a7d2 | ffff 4d8b | 5f28 498b 
  0x000001849ab6d81c: ca4d 85db | 0f84 491e | 0000 4d8b | 5738 4b89 | 4c1a f849 | 83c3 f84d | 895f 28e9 | 81d2 ffff 
  0x000001849ab6d83c: 4c8b 4424 | 4845 8b50 | 0c45 85d2 | 0f84 e3d1 | ffff 4d8b | 5f28 498b | ca4d 85db | 0f84 f11d 
  0x000001849ab6d85c: 0000 4d8b | 5738 4b89 | 4c1a f849 | 83c3 f84d | 895f 284c | 8b44 2448 | e9b8 d1ff | ff44 8b5d 
  0x000001849ab6d87c: 0c45 85db | 0f84 50d1 | ffff 4d8b | 5728 498b | cb4d 85d2 | 0f84 991d | 0000 4d8b | 5f38 4b89 
  0x000001849ab6d89c: 4c13 f849 | 83c2 f84d | 8957 28e9 | 2ad1 ffff | 4c8b d545 | 8b5a 1445 | 85db 0f84 | 6ed2 ffff 
  0x000001849ab6d8bc: 4d8b 4728 | 498b cb4d | 85c0 0f84 | cf1d 0000 | 4d8b 5f38 | 4b89 4c03 | f849 83c0 | f84d 8947 
  0x000001849ab6d8dc: 28e9 48d2 | ffff 4d8b | 5758 4d8b | 5f48 f083 | 4424 c000 | 8039 000f | 8468 d1ff 

  0x000001849ab6d8f8: ;   {no_reloc}
  0x000001849ab6d8f8: ff44 8821 | 4d85 db75 | 2649 8bd8 | 498b d7c5 | f877 49ba | 00a4 d642 | ff7f 0000 

  0x000001849ab6d914: ;   {other}
  0x000001849ab6d914: 41ff d20f | 1f84 0000 | 0000 004c | 8bc3 e93a | d1ff ff4b | 894c 1af8 | 4983 c3f8 | 4d89 5f48 
  0x000001849ab6d934: e928 d1ff | ff4d 8b57 | 584d 8b5f | 48f0 8344 | 24c0 0080 | 3900 0f84 | 9dd1 ffff | 4488 214d 
  0x000001849ab6d954: 85db 7526 | 498b d849 | 8bd7 c5f8 | 7749 ba00 | a4d6 42ff | 7f00 0041 

  0x000001849ab6d96c: ;   {other}
  0x000001849ab6d96c: ffd2 0f1f | 8400 0000 | 0000 4c8b | c3e9 6fd1 | ffff 4b89 | 4c1a f849 | 83c3 f84d | 895f 48e9 
  0x000001849ab6d98c: 5dd1 ffff | 4d8b 5758 | 4d8b 5f48 | f083 4424 | c000 8039 | 000f 847a | d0ff ff44 | 8821 4d85 
  0x000001849ab6d9ac: db75 2049 | 8bd7 c5f8 | 7749 ba00 | a4d6 42ff | 7f00 0041 

  0x000001849ab6d9c0: ;   {other}
  0x000001849ab6d9c0: ffd2 0f1f | 8400 0000 | 0000 e952 | d0ff ff4b | 894c 1af8 | 4983 c3f8 | 4d89 5f48 | e940 d0ff 
  0x000001849ab6d9e0: ff48 895c | 2420 4c89 | 6c24 6048 | 8b6c 2468 

  0x000001849ab6d9f0: ;   {metadata('java/lang/String')}
  0x000001849ab6d9f0: 48ba 78e8 | 00a7 8401 | 0000 4c89 | 6c24 3090 

  0x000001849ab6da00: ;   {runtime_call _new_instance_Java}
  0x000001849ab6da00: c5f8 77e8 

  0x000001849ab6da04: ; ImmutableOopMap {rbp=Oop [32]=Oop [48]=Oop [96]=Oop [104]=Oop }
                      ;*new {reexecute=0 rethrow=0 return_oop=1}
                      ; - java.lang.StringConcatHelper::simpleConcat@17
                      ; - java.lang.String::concat@11
                      ; - java.net.URLClassLoader$1::run@13
                      ; - java.net.URLClassLoader$1::run@1
                      ; - java.security.AccessController::executePrivileged@29
                      ; - java.security.AccessController::doPrivileged@13
                      ; - java.net.URLClassLoader::findClass@13
  0x000001849ab6da04: f860 95ff 

  0x000001849ab6da08: ;   {other}
  0x000001849ab6da08: 0f1f 8400 | f854 0049 | 4c8b 6c24 | 3048 8b5c | 2420 e9a1 | ccff ff44 | 8b9c 24a8 | 0000 0044 
  0x000001849ab6da28: 3b5c 247c | 0f84 1505 

  0x000001849ab6da30: ;   {oop(a 'java/io/WinNTFileSystem'{0x00000000c08294c0})}
  0x000001849ab6da30: 0000 48ba | c094 82c0 | 0000 0000 | 4c8b 8424 | 8800 0000 | 448b 8c24 | 9000 0000 | 8bbc 24ac 
  0x000001849ab6da50: 0000 0048 | 8b6c 2460 

  0x000001849ab6da58: ;   {optimized virtual_call}
  0x000001849ab6da58: c5f8 77e8 

  0x000001849ab6da5c: ; ImmutableOopMap {rbp=Oop [32]=Oop [40]=Oop [48]=NarrowOop [80]=Oop [88]=Oop [96]=Oop [104]=Oop [112]=Oop [120]=NarrowOop [128]=Oop }
                      ;*invokevirtual normalize {reexecute=0 rethrow=0 return_oop=1}
                      ; - java.io.WinNTFileSystem::normalize@61
                      ; - java.io.File::<init>@73
                      ; - jdk.internal.loader.URLClassPath$FileLoader::getResource@73
                      ; - jdk.internal.loader.URLClassPath::getResource@53
                      ; - java.net.URLClassLoader$1::run@26
                      ; - java.net.URLClassLoader$1::run@1
                      ; - java.security.AccessController::executePrivileged@29
                      ; - java.security.AccessController::doPrivileged@13
                      ; - java.net.URLClassLoader::findClass@13
  0x000001849ab6da5c: 2010 89ff 

  0x000001849ab6da60: ;   {other}
  0x000001849ab6da60: 0f1f 8400 | 5055 004a | 4c8b c8e9 | a0e2 ffff | 4c89 6c24 | 4044 894c | 2448 488b | ef48 8974 
  0x000001849ab6da80: 2420 4889 | 5c24 784c | 8944 2430 | 4c89 5424 

  0x000001849ab6da90: ;   {metadata({type array byte})}
  0x000001849ab6da90: 5048 ba18 | 2300 a784 | 0100 0045 | 8bc3 4c8b | 5424 604c | 8954 2458 

  0x000001849ab6daa8: ;   {runtime_call _new_array_nozero_Java}
  0x000001849ab6daa8: c5f8 77e8 

  0x000001849ab6daac: ; ImmutableOopMap {rbp=Oop [48]=Derived_oop_rbp [32]=Oop [40]=Oop [64]=Oop [72]=NarrowOop [88]=Oop [96]=Oop [104]=Oop [120]=Oop [136]=NarrowOop }
                      ;*invokevirtual clone {reexecute=1 rethrow=0 return_oop=1}
                      ; - (reexecute) java.util.Arrays::copyOfRange@18
                      ; - java.lang.StringLatin1::newString@16
                      ; - java.lang.String::substring@41
                      ; - java.net.URLClassLoader::defineClass@28
                      ; - java.net.URLClassLoader$1::run@43
                      ; - java.net.URLClassLoader$1::run@1
                      ; - java.security.AccessController::executePrivileged@29
                      ; - java.security.AccessController::doPrivileged@13
                      ; - java.net.URLClassLoader::findClass@13
  0x000001849ab6daac: d0b0 95ff 

  0x000001849ab6dab0: ;   {other}
  0x000001849ab6dab0: 0f1f 8400 | a055 004b | 4c8b f0e9 | ccbe ffff | 4489 7424 | 244c 8b54 | 2478 4c89 | 5424 484c 
  0x000001849ab6dad0: 8944 2438 | 4889 7424 | 3044 8b94 | 2488 0000 | 0044 8954 | 2420 4c89 | 6c24 404c | 894c 2468 
  0x000001849ab6daf0: ;   {metadata('java/lang/ClassLoader$$Lambda+0x00000184a8065d68')}
  0x000001849ab6daf0: 48ba 685d | 06a8 8401 | 0000 4c8b | 5424 604c | 8954 2458 

  0x000001849ab6db04: ;   {runtime_call _new_instance_Java}
  0x000001849ab6db04: c5f8 77e8 

  0x000001849ab6db08: ; ImmutableOopMap {rbp=NarrowOop [32]=NarrowOop [36]=NarrowOop [40]=Oop [48]=Oop [56]=Oop [64]=Oop [72]=Oop [88]=Oop [96]=Oop [104]=Oop [144]=Oop }
                      ;*invokevirtual allocateInstance {reexecute=0 rethrow=0 return_oop=1}
                      ; - java.lang.invoke.DirectMethodHandle::allocateInstance@12
                      ; - java.lang.invoke.DirectMethodHandle$Holder::newInvokeSpecial@1
                      ; - java.lang.invoke.Invokers$Holder::linkToTargetMethod@6
                      ; - java.lang.ClassLoader::definePackage@73
                      ; - java.lang.ClassLoader::getDefinedPackage@32
                      ; - java.net.URLClassLoader::getAndVerifyPackage@2
                      ; - java.net.URLClassLoader::defineClass@46
                      ; - java.net.URLClassLoader$1::run@43
                      ; - java.net.URLClassLoader$1::run@1
                      ; - java.security.AccessController::executePrivileged@29
                      ; - java.security.AccessController::doPrivileged@13
                      ; - java.net.URLClassLoader::findClass@13
  0x000001849ab6db08: f45f 95ff 

  0x000001849ab6db0c: ;   {other}
  0x000001849ab6db0c: 0f1f 8400 | fc55 004c | 4c8b 4c24 | 684c 8b6c | 2440 448b | 5c24 2044 | 899c 2488 | 0000 004c 
  0x000001849ab6db2c: 8b44 2438 | 488b 4c24 | 4848 894c | 2478 448b | 7424 244c | 8bd0 488b | 7424 30e9 | 74c5 ffff 
  0x000001849ab6db4c: 8bea e926 

  0x000001849ab6db50: ;   {metadata('java/lang/ref/SoftReference')}
  0x000001849ab6db50: b5ff ff48 | ba90 df03 | a784 0100 | 004c 8b54 | 2460 4c89 | 5424 3090 

  0x000001849ab6db68: ;   {runtime_call _new_instance_Java}
  0x000001849ab6db68: c5f8 77e8 

  0x000001849ab6db6c: ; ImmutableOopMap {rbp=Oop [32]=Oop [40]=Oop [48]=Oop [64]=Oop [80]=Oop [88]=NarrowOop [96]=Oop [104]=Oop [120]=Oop [200]=Oop }
                      ;*new {reexecute=0 rethrow=0 return_oop=1}
                      ; - java.util.jar.JarFile::getManifestFromReference@184
                      ; - java.util.jar.JarFile::getManifest@1
                      ; - jdk.internal.loader.URLClassPath$JarLoader$2::getManifest@22
                      ; - java.net.URLClassLoader::defineClass@34
                      ; - java.net.URLClassLoader$1::run@43
                      ; - java.net.URLClassLoader$1::run@1
                      ; - java.security.AccessController::executePrivileged@29
                      ; - java.security.AccessController::doPrivileged@13
                      ; - java.net.URLClassLoader::findClass@13
  0x000001849ab6db6c: 905f 95ff 

  0x000001849ab6db70: ;   {other}
  0x000001849ab6db70: 0f1f 8400 | 6056 004d | 4c8b c0e9 | 3cdc ffff | 8bbc 2490 | 0000 00ff 

  0x000001849ab6db88: ;   {oop(a 'java/io/WinNTFileSystem'{0x00000000c08294c0})}
  0x000001849ab6db88: cf48 bac0 | 9482 c000 | 0000 004c | 8b84 2488 | 0000 0044 | 8b8c 2490 | 0000 0048 | 8b6c 2460 
  0x000001849ab6dba8: ;   {optimized virtual_call}
  0x000001849ab6dba8: c5f8 77e8 

  0x000001849ab6dbac: ; ImmutableOopMap {rbp=Oop [32]=Oop [40]=Oop [48]=NarrowOop [80]=Oop [88]=Oop [96]=Oop [104]=Oop [112]=Oop [120]=NarrowOop [128]=Oop }
                      ;*invokevirtual normalize {reexecute=0 rethrow=0 return_oop=1}
                      ; - java.io.WinNTFileSystem::normalize@137
                      ; - java.io.File::<init>@73
                      ; - jdk.internal.loader.URLClassPath$FileLoader::getResource@73
                      ; - jdk.internal.loader.URLClassPath::getResource@53
                      ; - java.net.URLClassLoader$1::run@26
                      ; - java.net.URLClassLoader$1::run@1
                      ; - java.security.AccessController::executePrivileged@29
                      ; - java.security.AccessController::doPrivileged@13
                      ; - java.net.URLClassLoader::findClass@13
  0x000001849ab6dbac: d00e 89ff 

  0x000001849ab6dbb0: ;   {other}
  0x000001849ab6dbb0: 0f1f 8400 | a056 004e | 4c8b c8e9 | 50e1 ffff 

  0x000001849ab6dbc0: ;   {metadata('java/util/jar/JarVerifier')}
  0x000001849ab6dbc0: 48ba 789e | 16a7 8401 | 0000 6690 

  0x000001849ab6dbcc: ;   {runtime_call _new_instance_Java}
  0x000001849ab6dbcc: c5f8 77e8 

  0x000001849ab6dbd0: ; ImmutableOopMap {rbp=Oop [32]=Oop [40]=Oop [48]=Oop [64]=Oop [88]=NarrowOop [96]=Oop [104]=Oop [120]=Oop [128]=Oop [136]=Oop [200]=Oop }
                      ;*new {reexecute=0 rethrow=0 return_oop=1}
                      ; - java.util.jar.JarFile::getManifestFromReference@69
                      ; - java.util.jar.JarFile::getManifest@1
                      ; - jdk.internal.loader.URLClassPath$JarLoader$2::getManifest@22
                      ; - java.net.URLClassLoader::defineClass@34
                      ; - java.net.URLClassLoader$1::run@43
                      ; - java.net.URLClassLoader$1::run@1
                      ; - java.security.AccessController::executePrivileged@29
                      ; - java.security.AccessController::doPrivileged@13
                      ; - java.net.URLClassLoader::findClass@13
  0x000001849ab6dbd0: 2c5f 95ff 

  0x000001849ab6dbd4: ;   {other}
  0x000001849ab6dbd4: 0f1f 8400 | c456 004f | 4c8b d0e9 | 46d0 ffff | 4489 4424 | 304c 898c | 2490 0000 

  0x000001849ab6dbf0: ;   {metadata('java/util/Hashtable')}
  0x000001849ab6dbf0: 0048 bab8 | d300 a784 | 0100 0048 | 8b6c 2460 

  0x000001849ab6dc00: ;   {runtime_call _new_instance_Java}
  0x000001849ab6dc00: c5f8 77e8 

  0x000001849ab6dc04: ; ImmutableOopMap {rbp=Oop [32]=Oop [40]=Oop [48]=NarrowOop [64]=Oop [88]=NarrowOop [96]=Oop [104]=Oop [120]=Oop [128]=Oop [136]=Oop [144]=Oop [200]=Oop }
                      ;*new {reexecute=0 rethrow=0 return_oop=1}
                      ; - java.util.jar.JarVerifier::<init>@35
                      ; - java.util.jar.JarFile::getManifestFromReference@78
                      ; - java.util.jar.JarFile::getManifest@1
                      ; - jdk.internal.loader.URLClassPath$JarLoader$2::getManifest@22
                      ; - java.net.URLClassLoader::defineClass@34
                      ; - java.net.URLClassLoader$1::run@43
                      ; - java.net.URLClassLoader$1::run@1
                      ; - java.security.AccessController::executePrivileged@29
                      ; - java.security.AccessController::doPrivileged@13
                      ; - java.net.URLClassLoader::findClass@13
  0x000001849ab6dc04: f85e 95ff 

  0x000001849ab6dc08: ;   {other}
  0x000001849ab6dc08: 0f1f 8400 | f856 0050 | 488b e8e9 | 24d1 ffff 

  0x000001849ab6dc18: ;   {metadata('java/util/Hashtable')}
  0x000001849ab6dc18: 48ba b8d3 | 00a7 8401 | 0000 488b | 6c24 4890 

  0x000001849ab6dc28: ;   {runtime_call _new_instance_Java}
  0x000001849ab6dc28: c5f8 77e8 

  0x000001849ab6dc2c: ; ImmutableOopMap {rbp=Oop [32]=Oop [40]=Oop [48]=NarrowOop [64]=Oop [88]=NarrowOop [96]=Oop [104]=Oop [120]=Oop [128]=Oop [136]=Oop [144]=Oop [200]=Oop }
                      ;*new {reexecute=0 rethrow=0 return_oop=1}
                      ; - java.util.jar.JarVerifier::<init>@46
                      ; - java.util.jar.JarFile::getManifestFromReference@78
                      ; - java.util.jar.JarFile::getManifest@1
                      ; - jdk.internal.loader.URLClassPath$JarLoader$2::getManifest@22
                      ; - java.net.URLClassLoader::defineClass@34
                      ; - java.net.URLClassLoader$1::run@43
                      ; - java.net.URLClassLoader$1::run@1
                      ; - java.security.AccessController::executePrivileged@29
                      ; - java.security.AccessController::doPrivileged@13
                      ; - java.net.URLClassLoader::findClass@13
  0x000001849ab6dc2c: d05e 95ff 

  0x000001849ab6dc30: ;   {other}
  0x000001849ab6dc30: 0f1f 8400 | 2057 0051 | 488b e8e9 | 78d2 ffff 

  0x000001849ab6dc40: ;   {metadata('java/util/Hashtable$Entry'[])}
  0x000001849ab6dc40: 48ba a87f | 13a7 8401 | 0000 41b8 | 0b00 0000 

  0x000001849ab6dc50: ;   {runtime_call _new_array_Java}
  0x000001849ab6dc50: c5f8 77e8 

  0x000001849ab6dc54: ; ImmutableOopMap {rbp=Oop [32]=Oop [40]=Oop [48]=NarrowOop [64]=Oop [72]=Oop [88]=NarrowOop [96]=Oop [104]=Oop [120]=Oop [128]=Oop [136]=Oop [144]=Oop [200]=Oop }
                      ;*anewarray {reexecute=0 rethrow=0 return_oop=1}
                      ; - java.util.Hashtable::<init>@93
                      ; - java.util.Hashtable::<init>@5
                      ; - java.util.jar.JarVerifier::<init>@39
                      ; - java.util.jar.JarFile::getManifestFromReference@78
                      ; - java.util.jar.JarFile::getManifest@1
                      ; - jdk.internal.loader.URLClassPath$JarLoader$2::getManifest@22
                      ; - java.net.URLClassLoader::defineClass@34
                      ; - java.net.URLClassLoader$1::run@43
                      ; - java.net.URLClassLoader$1::run@1
                      ; - java.security.AccessController::executePrivileged@29
                      ; - java.security.AccessController::doPrivileged@13
                      ; - java.net.URLClassLoader::findClass@13
  0x000001849ab6dc54: 28ac 95ff 

  0x000001849ab6dc58: ;   {other}
  0x000001849ab6dc58: 0f1f 8400 | 4857 0052 | 4c8b d0e9 | 70d1 ffff 

  0x000001849ab6dc68: ;   {metadata('java/util/Hashtable$Entry'[])}
  0x000001849ab6dc68: 48ba a87f | 13a7 8401 | 0000 41b8 | 0b00 0000 

  0x000001849ab6dc78: ;   {runtime_call _new_array_Java}
  0x000001849ab6dc78: c5f8 77e8 

  0x000001849ab6dc7c: ; ImmutableOopMap {rbp=Oop [32]=Oop [40]=Oop [48]=NarrowOop [64]=Oop [72]=Oop [88]=NarrowOop [96]=Oop [104]=Oop [120]=Oop [128]=Oop [136]=Oop [144]=Oop [200]=Oop }
                      ;*anewarray {reexecute=0 rethrow=0 return_oop=1}
                      ; - java.util.Hashtable::<init>@93
                      ; - java.util.Hashtable::<init>@5
                      ; - java.util.jar.JarVerifier::<init>@50
                      ; - java.util.jar.JarFile::getManifestFromReference@78
                      ; - java.util.jar.JarFile::getManifest@1
                      ; - jdk.internal.loader.URLClassPath$JarLoader$2::getManifest@22
                      ; - java.net.URLClassLoader::defineClass@34
                      ; - java.net.URLClassLoader$1::run@43
                      ; - java.net.URLClassLoader$1::run@1
                      ; - java.security.AccessController::executePrivileged@29
                      ; - java.security.AccessController::doPrivileged@13
                      ; - java.net.URLClassLoader::findClass@13
  0x000001849ab6dc7c: 00ac 95ff 

  0x000001849ab6dc80: ;   {other}
  0x000001849ab6dc80: 0f1f 8400 | 7057 0053 | 4c8b d0e9 | c4d2 ffff 

  0x000001849ab6dc90: ;   {metadata('java/util/Hashtable')}
  0x000001849ab6dc90: 48ba b8d3 | 00a7 8401 | 0000 488b | 6c24 4890 

  0x000001849ab6dca0: ;   {runtime_call _new_instance_Java}
  0x000001849ab6dca0: c5f8 77e8 

  0x000001849ab6dca4: ; ImmutableOopMap {rbp=Oop [32]=Oop [40]=Oop [48]=NarrowOop [64]=Oop [88]=NarrowOop [96]=Oop [104]=Oop [120]=Oop [128]=Oop [136]=Oop [144]=Oop [200]=Oop }
                      ;*new {reexecute=0 rethrow=0 return_oop=1}
                      ; - java.util.jar.JarVerifier::<init>@57
                      ; - java.util.jar.JarFile::getManifestFromReference@78
                      ; - java.util.jar.JarFile::getManifest@1
                      ; - jdk.internal.loader.URLClassPath$JarLoader$2::getManifest@22
                      ; - java.net.URLClassLoader::defineClass@34
                      ; - java.net.URLClassLoader$1::run@43
                      ; - java.net.URLClassLoader$1::run@1
                      ; - java.security.AccessController::executePrivileged@29
                      ; - java.security.AccessController::doPrivileged@13
                      ; - java.net.URLClassLoader::findClass@13
  0x000001849ab6dca4: 585e 95ff 

  0x000001849ab6dca8: ;   {other}
  0x000001849ab6dca8: 0f1f 8400 | 9857 0054 | 488b e8e9 | 7cd3 ffff | 4c89 4424 

  0x000001849ab6dcbc: ;   {metadata('java/util/jar/Manifest')}
  0x000001849ab6dcbc: 5048 baa0 | e104 a784 | 0100 0048 | 8b6c 2460 

  0x000001849ab6dccc: ;   {runtime_call _new_instance_Java}
  0x000001849ab6dccc: c5f8 77e8 

  0x000001849ab6dcd0: ; ImmutableOopMap {rbp=Oop [32]=Oop [40]=Oop [48]=NarrowOop [64]=Oop [80]=Oop [88]=NarrowOop [96]=Oop [104]=Oop [120]=Oop [128]=Oop [200]=Oop }
                      ;*new {reexecute=0 rethrow=0 return_oop=1}
                      ; - java.util.jar.JarFile::getManifestFromReference@101
                      ; - java.util.jar.JarFile::getManifest@1
                      ; - jdk.internal.loader.URLClassPath$JarLoader$2::getManifest@22
                      ; - java.net.URLClassLoader::defineClass@34
                      ; - java.net.URLClassLoader$1::run@43
                      ; - java.net.URLClassLoader$1::run@1
                      ; - java.security.AccessController::executePrivileged@29
                      ; - java.security.AccessController::doPrivileged@13
                      ; - java.net.URLClassLoader::findClass@13
  0x000001849ab6dcd0: 2c5e 95ff 

  0x000001849ab6dcd4: ;   {other}
  0x000001849ab6dcd4: 0f1f 8400 | c457 0055 | e9f6 d7ff 

  0x000001849ab6dce0: ;   {metadata('java/util/ArrayList')}
  0x000001849ab6dce0: ff48 bad0 | 890b a784 | 0100 0048 | 8b6c 2448 

  0x000001849ab6dcf0: ;   {runtime_call _new_instance_Java}
  0x000001849ab6dcf0: c5f8 77e8 

  0x000001849ab6dcf4: ; ImmutableOopMap {rbp=Oop [32]=Oop [40]=Oop [48]=NarrowOop [64]=Oop [88]=NarrowOop [92]=NarrowOop [96]=Oop [104]=Oop [120]=Oop [128]=Oop [136]=Oop [144]=Oop [200]=Oop }
                      ;*new {reexecute=0 rethrow=0 return_oop=1}
                      ; - java.util.jar.JarVerifier::<init>@70
                      ; - java.util.jar.JarFile::getManifestFromReference@78
                      ; - java.util.jar.JarFile::getManifest@1
                      ; - jdk.internal.loader.URLClassPath$JarLoader$2::getManifest@22
                      ; - java.net.URLClassLoader::defineClass@34
                      ; - java.net.URLClassLoader$1::run@43
                      ; - java.net.URLClassLoader$1::run@1
                      ; - java.security.AccessController::executePrivileged@29
                      ; - java.security.AccessController::doPrivileged@13
                      ; - java.net.URLClassLoader::findClass@13
  0x000001849ab6dcf4: 085e 95ff 

  0x000001849ab6dcf8: ;   {other}
  0x000001849ab6dcf8: 0f1f 8400 | e857 0056 | 4c8b d0e9 | a6d4 ffff 

  0x000001849ab6dd08: ;   {metadata('java/io/ByteArrayInputStream')}
  0x000001849ab6dd08: 48ba a023 | 05a7 8401 | 0000 488b | 6c24 6090 

  0x000001849ab6dd18: ;   {runtime_call _new_instance_Java}
  0x000001849ab6dd18: c5f8 77e8 

  0x000001849ab6dd1c: ; ImmutableOopMap {rbp=Oop [32]=Oop [40]=Oop [48]=NarrowOop [64]=Oop [72]=Oop [80]=Oop [88]=NarrowOop [92]=NarrowOop [96]=Oop [104]=Oop [120]=Oop [128]=Oop [136]=Oop [200]=Oop }
                      ;*new {reexecute=0 rethrow=0 return_oop=1}
                      ; - java.util.jar.JarFile::getManifestFromReference@109
                      ; - java.util.jar.JarFile::getManifest@1
                      ; - jdk.internal.loader.URLClassPath$JarLoader$2::getManifest@22
                      ; - java.net.URLClassLoader::defineClass@34
                      ; - java.net.URLClassLoader$1::run@43
                      ; - java.net.URLClassLoader$1::run@1
                      ; - java.security.AccessController::executePrivileged@29
                      ; - java.security.AccessController::doPrivileged@13
                      ; - java.net.URLClassLoader::findClass@13
  0x000001849ab6dd1c: e05d 95ff 

  0x000001849ab6dd20: ;   {other}
  0x000001849ab6dd20: 0f1f 8400 | 1058 0057 | e90c d8ff 

  0x000001849ab6dd2c: ;   {metadata('java/util/HashMap')}
  0x000001849ab6dd2c: ff48 ba68 | a908 a784 | 0100 0048 | 8b6c 2460 

  0x000001849ab6dd3c: ;   {runtime_call _new_instance_Java}
  0x000001849ab6dd3c: c5f8 77e8 

  0x000001849ab6dd40: ; ImmutableOopMap {rbp=Oop [32]=Oop [40]=Oop [48]=NarrowOop [64]=Oop [88]=NarrowOop [92]=NarrowOop [96]=Oop [104]=Oop [120]=Oop [128]=Oop [136]=Oop [144]=Oop [200]=Oop }
                      ;*new {reexecute=0 rethrow=0 return_oop=1}
                      ; - java.util.jar.JarVerifier::<init>@103
                      ; - java.util.jar.JarFile::getManifestFromReference@78
                      ; - java.util.jar.JarFile::getManifest@1
                      ; - jdk.internal.loader.URLClassPath$JarLoader$2::getManifest@22
                      ; - java.net.URLClassLoader::defineClass@34
                      ; - java.net.URLClassLoader$1::run@43
                      ; - java.net.URLClassLoader$1::run@1
                      ; - java.security.AccessController::executePrivileged@29
                      ; - java.security.AccessController::doPrivileged@13
                      ; - java.net.URLClassLoader::findClass@13
  0x000001849ab6dd40: bc5d 95ff 

  0x000001849ab6dd44: ;   {other}
  0x000001849ab6dd44: 0f1f 8400 | 3458 0058 | 4c8b d0e9 | 9bd6 ffff 

  0x000001849ab6dd54: ;   {metadata('java/util/Hashtable$Entry'[])}
  0x000001849ab6dd54: 48ba a87f | 13a7 8401 | 0000 41b8 | 0b00 0000 

  0x000001849ab6dd64: ;   {runtime_call _new_array_Java}
  0x000001849ab6dd64: c5f8 77e8 

  0x000001849ab6dd68: ; ImmutableOopMap {rbp=Oop [32]=Oop [40]=Oop [48]=NarrowOop [64]=Oop [72]=Oop [88]=NarrowOop [96]=Oop [104]=Oop [120]=Oop [128]=Oop [136]=Oop [144]=Oop [200]=Oop }
                      ;*anewarray {reexecute=0 rethrow=0 return_oop=1}
                      ; - java.util.Hashtable::<init>@93
                      ; - java.util.Hashtable::<init>@4
                      ; - java.util.jar.JarVerifier::<init>@63
                      ; - java.util.jar.JarFile::getManifestFromReference@78
                      ; - java.util.jar.JarFile::getManifest@1
                      ; - jdk.internal.loader.URLClassPath$JarLoader$2::getManifest@22
                      ; - java.net.URLClassLoader::defineClass@34
                      ; - java.net.URLClassLoader$1::run@43
                      ; - java.net.URLClassLoader$1::run@1
                      ; - java.security.AccessController::executePrivileged@29
                      ; - java.security.AccessController::doPrivileged@13
                      ; - java.net.URLClassLoader::findClass@13
  0x000001849ab6dd68: 14ab 95ff 

  0x000001849ab6dd6c: ;   {other}
  0x000001849ab6dd6c: 0f1f 8400 | 5c58 0059 | 4c8b d0e9 | 54d3 ffff | 41b8 2000 

  0x000001849ab6dd80: ;   {metadata({type array byte})}
  0x000001849ab6dd80: 0000 48ba | 1823 00a7 | 8401 0000 | 4c8b 5424 | 604c 8954 | 2448 6690 

  0x000001849ab6dd98: ;   {runtime_call _new_array_Java}
  0x000001849ab6dd98: c5f8 77e8 

  0x000001849ab6dd9c: ; ImmutableOopMap {rbp=Oop [32]=Oop [40]=Oop [48]=NarrowOop [64]=Oop [72]=Oop [88]=NarrowOop [92]=NarrowOop [96]=Oop [104]=Oop [120]=Oop [128]=Oop [136]=Oop [144]=Oop [200]=Oop }
                      ;*newarray {reexecute=0 rethrow=0 return_oop=1}
                      ; - java.io.ByteArrayOutputStream::<init>@37
                      ; - java.io.ByteArrayOutputStream::<init>@3
                      ; - java.util.jar.JarVerifier::<init>@85
                      ; - java.util.jar.JarFile::getManifestFromReference@78
                      ; - java.util.jar.JarFile::getManifest@1
                      ; - jdk.internal.loader.URLClassPath$JarLoader$2::getManifest@22
                      ; - java.net.URLClassLoader::defineClass@34
                      ; - java.net.URLClassLoader$1::run@43
                      ; - java.net.URLClassLoader$1::run@1
                      ; - java.security.AccessController::executePrivileged@29
                      ; - java.security.AccessController::doPrivileged@13
                      ; - java.net.URLClassLoader::findClass@13
  0x000001849ab6dd9c: e0aa 95ff 

  0x000001849ab6dda0: ;   {other}
  0x000001849ab6dda0: 0f1f 8400 | 9058 005a | e9ef d4ff 

  0x000001849ab6ddac: ;   {metadata('java/util/ArrayList')}
  0x000001849ab6ddac: ff48 bad0 | 890b a784 | 0100 0048 | 8b6c 2460 

  0x000001849ab6ddbc: ;   {runtime_call _new_instance_Java}
  0x000001849ab6ddbc: c5f8 77e8 

  0x000001849ab6ddc0: ; ImmutableOopMap {rbp=Oop [32]=Oop [40]=Oop [48]=NarrowOop [64]=Oop [88]=NarrowOop [92]=NarrowOop [96]=Oop [104]=Oop [120]=Oop [128]=Oop [136]=Oop [144]=Oop [200]=Oop }
                      ;*new {reexecute=0 rethrow=0 return_oop=1}
                      ; - java.util.jar.JarVerifier::<init>@92
                      ; - java.util.jar.JarFile::getManifestFromReference@78
                      ; - java.util.jar.JarFile::getManifest@1
                      ; - jdk.internal.loader.URLClassPath$JarLoader$2::getManifest@22
                      ; - java.net.URLClassLoader::defineClass@34
                      ; - java.net.URLClassLoader$1::run@43
                      ; - java.net.URLClassLoader$1::run@1
                      ; - java.security.AccessController::executePrivileged@29
                      ; - java.security.AccessController::doPrivileged@13
                      ; - java.net.URLClassLoader::findClass@13
  0x000001849ab6ddc0: 3c5d 95ff 

  0x000001849ab6ddc4: ;   {other}
  0x000001849ab6ddc4: 0f1f 8400 | b458 005b | 4c8b d0e9 | 87d5 ffff 

  0x000001849ab6ddd4: ;   {metadata('java/io/ByteArrayOutputStream')}
  0x000001849ab6ddd4: 48ba a000 | 22a7 8401 | 0000 488b | 6c24 6090 

  0x000001849ab6dde4: ;   {runtime_call _new_instance_Java}
  0x000001849ab6dde4: c5f8 77e8 

  0x000001849ab6dde8: ; ImmutableOopMap {rbp=Oop [32]=Oop [40]=Oop [48]=NarrowOop [64]=Oop [88]=NarrowOop [92]=NarrowOop [96]=Oop [104]=Oop [120]=Oop [128]=Oop [136]=Oop [144]=Oop [200]=Oop }
                      ;*new {reexecute=0 rethrow=0 return_oop=1}
                      ; - java.util.jar.JarVerifier::<init>@81
                      ; - java.util.jar.JarFile::getManifestFromReference@78
                      ; - java.util.jar.JarFile::getManifest@1
                      ; - jdk.internal.loader.URLClassPath$JarLoader$2::getManifest@22
                      ; - java.net.URLClassLoader::defineClass@34
                      ; - java.net.URLClassLoader$1::run@43
                      ; - java.net.URLClassLoader$1::run@1
                      ; - java.security.AccessController::executePrivileged@29
                      ; - java.security.AccessController::doPrivileged@13
                      ; - java.net.URLClassLoader::findClass@13
  0x000001849ab6dde8: 145d 95ff 

  0x000001849ab6ddec: ;   {other}
  0x000001849ab6ddec: 0f1f 8400 | dc58 005c | 4c8b d8e9 | 3ed4 ffff 

  0x000001849ab6ddfc: ;   {metadata('java/util/jar/Attributes')}
  0x000001849ab6ddfc: 48ba 4088 | 16a7 8401 | 0000 488b | 6c24 6090 

  0x000001849ab6de0c: ;   {runtime_call _new_instance_Java}
  0x000001849ab6de0c: c5f8 77e8 

  0x000001849ab6de10: ; ImmutableOopMap {rbp=Oop [32]=Oop [40]=Oop [48]=Oop [64]=Oop [72]=Oop [80]=Oop [88]=NarrowOop [92]=NarrowOop [96]=Oop [104]=Oop [120]=Oop [128]=NarrowOop [136]=Oop [200]=Oop }
                      ;*new {reexecute=0 rethrow=0 return_oop=1}
                      ; - java.util.jar.Manifest::<init>@5
                      ; - java.util.jar.JarFile::getManifestFromReference@121
                      ; - java.util.jar.JarFile::getManifest@1
                      ; - jdk.internal.loader.URLClassPath$JarLoader$2::getManifest@22
                      ; - java.net.URLClassLoader::defineClass@34
                      ; - java.net.URLClassLoader$1::run@43
                      ; - java.net.URLClassLoader$1::run@1
                      ; - java.security.AccessController::executePrivileged@29
                      ; - java.security.AccessController::doPrivileged@13
                      ; - java.net.URLClassLoader::findClass@13
  0x000001849ab6de10: ec5c 95ff 

  0x000001849ab6de14: ;   {other}
  0x000001849ab6de14: 0f1f 8400 | 0459 005d | 488b e8e9 | 84d7 ffff 

  0x000001849ab6de24: ;   {metadata('java/util/HashMap')}
  0x000001849ab6de24: 48ba 68a9 | 08a7 8401 | 0000 488b | 6c24 6090 

  0x000001849ab6de34: ;   {runtime_call _new_instance_Java}
  0x000001849ab6de34: c5f8 77e8 

  0x000001849ab6de38: ; ImmutableOopMap {rbp=Oop [32]=Oop [40]=Oop [48]=Oop [64]=Oop [72]=Oop [80]=Oop [88]=NarrowOop [92]=NarrowOop [96]=Oop [104]=Oop [120]=Oop [128]=NarrowOop [136]=Oop [144]=Oop [200]=Oop }
                      ;*new {reexecute=0 rethrow=0 return_oop=1}
                      ; - java.util.jar.Manifest::<init>@16
                      ; - java.util.jar.JarFile::getManifestFromReference@121
                      ; - java.util.jar.JarFile::getManifest@1
                      ; - jdk.internal.loader.URLClassPath$JarLoader$2::getManifest@22
                      ; - java.net.URLClassLoader::defineClass@34
                      ; - java.net.URLClassLoader$1::run@43
                      ; - java.net.URLClassLoader$1::run@1
                      ; - java.security.AccessController::executePrivileged@29
                      ; - java.security.AccessController::doPrivileged@13
                      ; - java.net.URLClassLoader::findClass@13
  0x000001849ab6de38: c45c 95ff 

  0x000001849ab6de3c: ;   {other}
  0x000001849ab6de3c: 0f1f 8400 | 2c59 005e | 4c8b d8e9 | 61d8 ffff | 41bb 0300 | 0000 4533 | d244 899c | 24b0 0000 
  0x000001849ab6de5c: 00e9 8de7 | ffff 448b | 9424 a800 | 0000 443b | 5424 7c0f | 8438 0b00 

  0x000001849ab6de74: ;   {oop(a 'java/io/WinNTFileSystem'{0x00000000c08294c0})}
  0x000001849ab6de74: 0048 bac0 | 9482 c000 | 0000 004c | 8b84 2488 | 0000 0044 | 8b8c 2490 | 0000 008b | bc24 ac00 
  0x000001849ab6de94: 0000 488b | 6c24 6090 

  0x000001849ab6de9c: ;   {optimized virtual_call}
  0x000001849ab6de9c: c5f8 77e8 

  0x000001849ab6dea0: ; ImmutableOopMap {rbp=Oop [32]=Oop [40]=Oop [48]=NarrowOop [80]=Oop [88]=Oop [96]=Oop [104]=Oop [112]=Oop [120]=NarrowOop [128]=Oop }
                      ;*invokevirtual normalize {reexecute=0 rethrow=0 return_oop=1}
                      ; - java.io.WinNTFileSystem::normalize@61
                      ; - java.io.File::<init>@73
                      ; - jdk.internal.loader.URLClassPath$FileLoader::getResource@118
                      ; - jdk.internal.loader.URLClassPath::getResource@53
                      ; - java.net.URLClassLoader$1::run@26
                      ; - java.net.URLClassLoader$1::run@1
                      ; - java.security.AccessController::executePrivileged@29
                      ; - java.security.AccessController::doPrivileged@13
                      ; - java.net.URLClassLoader::findClass@13
  0x000001849ab6dea0: dc0b 89ff 

  0x000001849ab6dea4: ;   {other}
  0x000001849ab6dea4: 0f1f 8400 | 9459 005f | 4c8b c8e9 | 4ee7 ffff | 894c 245c | 4c89 5c24 | 484c 8944 

  0x000001849ab6dec0: ;   {metadata('java/util/jar/Attributes')}
  0x000001849ab6dec0: 2450 48ba | 4088 16a7 | 8401 0000 | 488b 6c24 | 6066 6690 

  0x000001849ab6ded4: ;   {runtime_call _new_instance_Java}
  0x000001849ab6ded4: c5f8 77e8 

  0x000001849ab6ded8: ; ImmutableOopMap {rbp=Oop [32]=Oop [40]=Oop [48]=Oop [64]=Oop [72]=Oop [80]=Oop [88]=NarrowOop [92]=NarrowOop [96]=Oop [104]=Oop [120]=Oop [200]=Oop }
                      ;*new {reexecute=0 rethrow=0 return_oop=1}
                      ; - java.util.jar.Manifest::<init>@5
                      ; - java.util.jar.Manifest::<init>@4
                      ; - java.util.jar.JarFile::getManifestFromReference@143
                      ; - java.util.jar.JarFile::getManifest@1
                      ; - jdk.internal.loader.URLClassPath$JarLoader$2::getManifest@22
                      ; - java.net.URLClassLoader::defineClass@34
                      ; - java.net.URLClassLoader$1::run@43
                      ; - java.net.URLClassLoader$1::run@1
                      ; - java.security.AccessController::executePrivileged@29
                      ; - java.security.AccessController::doPrivileged@13
                      ; - java.net.URLClassLoader::findClass@13
  0x000001849ab6ded8: 245c 95ff 

  0x000001849ab6dedc: ;   {other}
  0x000001849ab6dedc: 0f1f 8400 | cc59 0060 | 488b e8e9 | c6ca ffff 

  0x000001849ab6deec: ;   {metadata('java/util/jar/Manifest')}
  0x000001849ab6deec: 48ba a0e1 | 04a7 8401 | 0000 4c8b | 5424 504c | 8954 2448 

  0x000001849ab6df00: ;   {runtime_call _new_instance_Java}
  0x000001849ab6df00: c5f8 77e8 

  0x000001849ab6df04: ; ImmutableOopMap {rbp=Oop [32]=Oop [40]=Oop [48]=Oop [64]=Oop [72]=Oop [88]=NarrowOop [96]=Oop [104]=Oop [120]=Oop [200]=Oop }
                      ;*new {reexecute=0 rethrow=0 return_oop=1}
                      ; - java.util.jar.JarFile::getManifestFromReference@134
                      ; - java.util.jar.JarFile::getManifest@1
                      ; - jdk.internal.loader.URLClassPath$JarLoader$2::getManifest@22
                      ; - java.net.URLClassLoader::defineClass@34
                      ; - java.net.URLClassLoader$1::run@43
                      ; - java.net.URLClassLoader$1::run@1
                      ; - java.security.AccessController::executePrivileged@29
                      ; - java.security.AccessController::doPrivileged@13
                      ; - java.net.URLClassLoader::findClass@13
  0x000001849ab6df04: f85b 95ff 

  0x000001849ab6df08: ;   {other}
  0x000001849ab6df08: 0f1f 8400 | f859 0061 | e948 caff | ff49 8be8 

  0x000001849ab6df18: ;   {metadata('java/util/HashMap')}
  0x000001849ab6df18: 48ba 68a9 | 08a7 8401 | 0000 4c8b | 5424 604c | 8954 2448 

  0x000001849ab6df2c: ;   {runtime_call _new_instance_Java}
  0x000001849ab6df2c: c5f8 77e8 

  0x000001849ab6df30: ; ImmutableOopMap {rbp=Oop [32]=Oop [40]=Oop [48]=Oop [64]=Oop [72]=Oop [80]=Oop [88]=NarrowOop [92]=NarrowOop [96]=Oop [104]=Oop [120]=Oop [128]=Oop [200]=Oop }
                      ;*new {reexecute=0 rethrow=0 return_oop=1}
                      ; - java.util.jar.Manifest::<init>@16
                      ; - java.util.jar.Manifest::<init>@4
                      ; - java.util.jar.JarFile::getManifestFromReference@143
                      ; - java.util.jar.JarFile::getManifest@1
                      ; - jdk.internal.loader.URLClassPath$JarLoader$2::getManifest@22
                      ; - java.net.URLClassLoader::defineClass@34
                      ; - java.net.URLClassLoader$1::run@43
                      ; - java.net.URLClassLoader$1::run@1
                      ; - java.security.AccessController::executePrivileged@29
                      ; - java.security.AccessController::doPrivileged@13
                      ; - java.net.URLClassLoader::findClass@13
  0x000001849ab6df30: cc5b 95ff 

  0x000001849ab6df34: ;   {other}
  0x000001849ab6df34: 0f1f 8400 | 245a 0062 | 4c8b c54c | 8bc8 e963 | cbff ff44 | 8b94 24ac | 0000 0041 | ffca 4489 
  0x000001849ab6df54: 9424 ac00 | 0000 e9d3 | faff ff4c | 8b94 2480 | 0000 0045 | 8b52 1445 | 85d2 0f84 | 77db ffff 
  0x000001849ab6df74: 4d8b 5f28 | 498b ca4d | 85db 0f84 | e01c 0000 | 4d8b 5738 | 4b89 4c1a | f849 83c3 | f84d 895f 
  0x000001849ab6df94: 28e9 51db | ffff 4c8b | 5424 784d | 85d2 0f85 | f1dd ffff | baf6 ffff | ff4c 8b54 | 2428 4c89 
  0x000001849ab6dfb4: 5424 2044 | 8b5c 2430 | 4489 5c24 | 2844 8b54 | 2440 4489 | 5424 2c4c | 8b54 2450 | 4c89 5424 
  0x000001849ab6dfd4: 384c 8b54 | 2458 4c89 | 5424 5090 

  0x000001849ab6dfe0: ;   {runtime_call UncommonTrapBlob}
  0x000001849ab6dfe0: c5f8 77e8 

  0x000001849ab6dfe4: ; ImmutableOopMap {rbp=Oop [32]=Oop [40]=NarrowOop [56]=Oop [80]=Oop [104]=Oop [112]=Oop [128]=Oop }
                      ;*invokevirtual length {reexecute=0 rethrow=0 return_oop=0}
                      ; - java.io.WinNTFileSystem::prefixLength@6
                      ; - java.io.File::<init>@104
                      ; - jdk.internal.loader.URLClassPath$FileLoader::getResource@73
                      ; - jdk.internal.loader.URLClassPath::getResource@53
                      ; - java.net.URLClassLoader$1::run@26
                      ; - java.net.URLClassLoader$1::run@1
                      ; - java.security.AccessController::executePrivileged@29
                      ; - java.security.AccessController::doPrivileged@13
                      ; - java.net.URLClassLoader::findClass@13
  0x000001849ab6dfe4: 9863 89ff 

  0x000001849ab6dfe8: ;   {other}
  0x000001849ab6dfe8: 0f1f 8400 | d85a 0063 | 4c8b 9424 | 8000 0000 | 458b 5210 | 4585 d20f | 8443 ddff | ff4d 8b5f 
  0x000001849ab6e008: 2849 8bca | 4d85 db0f | 846f 1c00 | 004d 8b57 | 384b 894c | 1af8 4983 | c3f8 4d89 | 5f28 e91d 
  0x000001849ab6e028: ddff ff4d | 8b57 584d | 8b5f 48f0 | 8344 24c0 | 0080 3900 | 7432 4488 | 214d 85db | 740f 4b89 
  0x000001849ab6e048: 4c1a f849 | 83c3 f84d | 895f 48eb | 1b49 8bd7 | c5f8 7749 | ba00 a4d6 | 42ff 7f00 | 0041 ffd2 
  0x000001849ab6e068: ;   {other}
  0x000001849ab6e068: 0f1f 8400 | 0000 0000 | 4c8b 9424 | 8000 0000 | 458b 5210 | 4585 d20f | 8423 ffff | ff4c 8954 
  0x000001849ab6e088: 2478 e90a | ddff ffba | f6ff ffff | 488b 6c24 | 584c 8b54 | 2428 4c89 | 5424 2044 | 8b54 2430 
  0x000001849ab6e0a8: 4489 5424 | 284c 8b54 | 2450 448b | 5c24 4044 | 895c 242c | 4c89 4424 | 384c 8954 | 2440 4c89 
  0x000001849ab6e0c8: 5424 4890 

  0x000001849ab6e0cc: ;   {runtime_call UncommonTrapBlob}
  0x000001849ab6e0cc: c5f8 77e8 

  0x000001849ab6e0d0: ; ImmutableOopMap {rbp=Oop [32]=Oop [40]=NarrowOop [56]=Oop [64]=Oop [72]=Oop [104]=Oop }
                      ;*invokevirtual getJarEntry {reexecute=0 rethrow=0 return_oop=0}
                      ; - jdk.internal.loader.URLClassPath$JarLoader::getResource@22
                      ; - jdk.internal.loader.URLClassPath::getResource@53
                      ; - java.net.URLClassLoader$1::run@26
                      ; - java.net.URLClassLoader$1::run@1
                      ; - java.security.AccessController::executePrivileged@29
                      ; - java.security.AccessController::doPrivileged@13
                      ; - java.net.URLClassLoader::findClass@13
  0x000001849ab6e0d0: ac62 89ff 

  0x000001849ab6e0d4: ;   {other}
  0x000001849ab6e0d4: 0f1f 8400 | c45b 0064 | baf6 ffff | ff48 895c | 2420 4c89 | 6c24 3090 

  0x000001849ab6e0ec: ;   {runtime_call UncommonTrapBlob}
  0x000001849ab6e0ec: c5f8 77e8 

  0x000001849ab6e0f0: ; ImmutableOopMap {[32]=Oop [48]=Oop [80]=Oop [104]=Oop }
                      ;*invokevirtual getResource {reexecute=0 rethrow=0 return_oop=0}
                      ; - java.net.URLClassLoader$1::run@26
                      ; - java.net.URLClassLoader$1::run@1
                      ; - java.security.AccessController::executePrivileged@29
                      ; - java.security.AccessController::doPrivileged@13
                      ; - java.net.URLClassLoader::findClass@13
  0x000001849ab6e0f0: 8c62 89ff 

  0x000001849ab6e0f4: ;   {other}
  0x000001849ab6e0f4: 0f1f 8400 | e45b 0065 | ba76 ffff | ff49 8bed | 4889 5c24 | 2044 895c | 2430 4489 | 4424 3890 
  0x000001849ab6e114: ;   {runtime_call UncommonTrapBlob}
  0x000001849ab6e114: c5f8 77e8 

  0x000001849ab6e118: ; ImmutableOopMap {rbp=Oop [32]=Oop [48]=NarrowOop [104]=Oop }
                      ;*if_icmpge {reexecute=1 rethrow=0 return_oop=0}
                      ; - (reexecute) java.lang.StringLatin1::replace@19
                      ; - java.lang.String::replace@18
                      ; - java.net.URLClassLoader$1::run@8
                      ; - java.net.URLClassLoader$1::run@1
                      ; - java.security.AccessController::executePrivileged@29
                      ; - java.security.AccessController::doPrivileged@13
                      ; - java.net.URLClassLoader::findClass@13
  0x000001849ab6e118: 6462 89ff 

  0x000001849ab6e11c: ;   {other}
  0x000001849ab6e11c: 0f1f 8400 | 0c5c 0066 | ba01 0000 | 00e9 1fb2 | ffff 4863 | d5e9 99b2 | ffff bacc | ffff ff48 
  0x000001849ab6e13c: 895c 2420 | 4c89 6c24 | 284c 895c | 2438 4889 | 7424 4848 | 897c 2450 | 4489 4c24 | 5866 6690 
  0x000001849ab6e15c: ;   {runtime_call UncommonTrapBlob}
  0x000001849ab6e15c: c5f8 77e8 

  0x000001849ab6e160: ; ImmutableOopMap {[32]=Oop [40]=Oop [56]=Oop [80]=Oop [104]=Oop }
                      ;*invokestatic arraycopy {reexecute=0 rethrow=0 return_oop=0}
                      ; - java.lang.String::getBytes@22
                      ; - java.lang.StringConcatHelper::prepend@21
                      ; - java.lang.StringConcatHelper::simpleConcat@71
                      ; - java.lang.String::concat@11
                      ; - java.net.URLClassLoader$1::run@13
                      ; - java.net.URLClassLoader$1::run@1
                      ; - java.security.AccessController::executePrivileged@29
                      ; - java.security.AccessController::doPrivileged@13
                      ; - java.net.URLClassLoader::findClass@13
  0x000001849ab6e160: 1c62 89ff 

  0x000001849ab6e164: ;   {other}
  0x000001849ab6e164: 0f1f 8400 | 545c 0067 | bacc ffff | ff48 895c | 2420 4c89 | 5424 284c | 896c 2430 | 4889 7c24 
  0x000001849ab6e184: 4889 4c24 | 5066 6690 

  0x000001849ab6e18c: ;   {runtime_call UncommonTrapBlob}
  0x000001849ab6e18c: c5f8 77e8 

  0x000001849ab6e190: ; ImmutableOopMap {[32]=Oop [40]=Oop [48]=Oop [72]=Oop [104]=Oop }
                      ;*invokestatic arraycopy {reexecute=0 rethrow=0 return_oop=0}
                      ; - java.lang.String::getBytes@22
                      ; - java.lang.StringConcatHelper::prepend@21
                      ; - java.lang.StringConcatHelper::simpleConcat@81
                      ; - java.lang.String::concat@11
                      ; - java.net.URLClassLoader$1::run@13
                      ; - java.net.URLClassLoader$1::run@1
                      ; - java.security.AccessController::executePrivileged@29
                      ; - java.security.AccessController::doPrivileged@13
                      ; - java.net.URLClassLoader::findClass@13
  0x000001849ab6e190: ec61 89ff 

  0x000001849ab6e194: ;   {other}
  0x000001849ab6e194: 0f1f 8400 | 845c 0068 | ba76 ffff | ff48 895c | 2428 4c89 | 6c24 3044 | 895c 2438 | 4c89 5424 
  0x000001849ab6e1b4: 4044 8944 | 244c 4c89 | 6c24 5090 

  0x000001849ab6e1c0: ;   {runtime_call UncommonTrapBlob}
  0x000001849ab6e1c0: c5f8 77e8 

  0x000001849ab6e1c4: ; ImmutableOopMap {[40]=Oop [48]=Oop [56]=NarrowOop [64]=Oop [80]=Oop [104]=Oop }
                      ;*if_icmpge {reexecute=1 rethrow=0 return_oop=0}
                      ; - (reexecute) java.lang.StringLatin1::replace@82
                      ; - java.lang.String::replace@18
                      ; - java.net.URLClassLoader$1::run@8
                      ; - java.net.URLClassLoader$1::run@1
                      ; - java.security.AccessController::executePrivileged@29
                      ; - java.security.AccessController::doPrivileged@13
                      ; - java.net.URLClassLoader::findClass@13
  0x000001849ab6e1c4: b861 89ff 

  0x000001849ab6e1c8: ;   {other}
  0x000001849ab6e1c8: 0f1f 8400 | b85c 0069 | baf6 ffff | ff48 8b6c | 2460 4c8b | 5424 284c | 8954 2420 | 4c89 6c24 
  0x000001849ab6e1e8: 284c 8b54 | 2468 4c89 | 5424 3090 

  0x000001849ab6e1f4: ;   {runtime_call UncommonTrapBlob}
  0x000001849ab6e1f4: c5f8 77e8 

  0x000001849ab6e1f8: ; ImmutableOopMap {rbp=Oop [32]=Oop [40]=Oop [48]=Oop [120]=Oop [136]=NarrowOop [200]=Oop }
                      ;*invokevirtual ensureInitialization {reexecute=0 rethrow=0 return_oop=0}
                      ; - java.util.jar.JavaUtilJarAccessImpl::ensureInitialization@1
                      ; - jdk.internal.loader.URLClassPath$JarLoader$2::getManifest@10
                      ; - java.net.URLClassLoader::defineClass@34
                      ; - java.net.URLClassLoader$1::run@43
                      ; - java.net.URLClassLoader$1::run@1
                      ; - java.security.AccessController::executePrivileged@29
                      ; - java.security.AccessController::doPrivileged@13
                      ; - java.net.URLClassLoader::findClass@13
  0x000001849ab6e1f8: 8461 89ff 

  0x000001849ab6e1fc: ;   {other}
  0x000001849ab6e1fc: 0f1f 8400 | ec5c 006a | baf6 ffff | ff48 8b6c | 2460 4c8b | 5424 284c | 8954 2420 | 4c89 6c24 
  0x000001849ab6e21c: 284c 894c | 2448 4c8b | 5424 784c | 8954 2450 | 4c8b 5424 | 704c 8954 | 2458 6690 

  0x000001849ab6e238: ;   {runtime_call UncommonTrapBlob}
  0x000001849ab6e238: c5f8 77e8 

  0x000001849ab6e23c: ; ImmutableOopMap {rbp=Oop [32]=Oop [40]=Oop [72]=Oop [80]=Oop [136]=NarrowOop [144]=Oop [200]=Oop }
                      ;*invokevirtual get {reexecute=0 rethrow=0 return_oop=0}
                      ; - java.lang.ClassLoader::getDefinedPackage@13
                      ; - java.net.URLClassLoader::getAndVerifyPackage@2
                      ; - java.net.URLClassLoader::defineClass@46
                      ; - java.net.URLClassLoader$1::run@43
                      ; - java.net.URLClassLoader$1::run@1
                      ; - java.security.AccessController::executePrivileged@29
                      ; - java.security.AccessController::doPrivileged@13
                      ; - java.net.URLClassLoader::findClass@13
  0x000001849ab6e23c: 4061 89ff 

  0x000001849ab6e240: ;   {other}
  0x000001849ab6e240: 0f1f 8400 | 305d 006b | ba76 ffff | ff49 8bea | 4c8b 5424 | 284c 8954 | 2420 4c8b | 5424 684c 
  0x000001849ab6e260: 8954 2430 | 4c89 6c24 | 4044 894c | 2448 894c | 2450 6690 

  0x000001849ab6e274: ;   {runtime_call UncommonTrapBlob}
  0x000001849ab6e274: c5f8 77e8 

  0x000001849ab6e278: ; ImmutableOopMap {rbp=Oop [32]=Oop [48]=Oop [64]=Oop [72]=NarrowOop }
                      ;*iflt {reexecute=1 rethrow=0 return_oop=0}
                      ; - (reexecute) java.lang.StringLatin1::lastIndexOf@19
                      ; - java.lang.String::lastIndexOf@13
                      ; - java.lang.String::lastIndexOf@8
                      ; - java.net.URLClassLoader::defineClass@7
                      ; - java.net.URLClassLoader$1::run@43
                      ; - java.net.URLClassLoader$1::run@1
                      ; - java.security.AccessController::executePrivileged@29
                      ; - java.security.AccessController::doPrivileged@13
                      ; - java.net.URLClassLoader::findClass@13
  0x000001849ab6e278: 0461 89ff 

  0x000001849ab6e27c: ;   {other}
  0x000001849ab6e27c: 0f1f 8400 | 6c5d 006c | 33ed 4585 | db40 0f94 | c5ba 45ff | ffff 4889 | 5c24 284c | 896c 2430 
  0x000001849ab6e29c: 4c89 6c24 | 3866 6690 

  0x000001849ab6e2a4: ;   {runtime_call UncommonTrapBlob}
  0x000001849ab6e2a4: c5f8 77e8 

  0x000001849ab6e2a8: ; ImmutableOopMap {[40]=Oop [48]=Oop [56]=Oop [104]=Oop }
                      ;*ifeq {reexecute=1 rethrow=0 return_oop=0}
                      ; - (reexecute) java.lang.String::replace@9
                      ; - java.net.URLClassLoader$1::run@8
                      ; - java.net.URLClassLoader$1::run@1
                      ; - java.security.AccessController::executePrivileged@29
                      ; - java.security.AccessController::doPrivileged@13
                      ; - java.net.URLClassLoader::findClass@13
  0x000001849ab6e2a8: d460 89ff 

  0x000001849ab6e2ac: ;   {other}
  0x000001849ab6e2ac: 0f1f 8400 | 9c5d 006d | baec ffff | ff48 8b6c | 2460 4c8b | 5424 284c | 8954 2420 | 4c8b 5424 
  0x000001849ab6e2cc: 404c 8954 | 2428 4c8b | 5424 684c | 8954 2448 | 4889 4424 | 6866 6690 

  0x000001849ab6e2e4: ;   {runtime_call UncommonTrapBlob}
  0x000001849ab6e2e4: c5f8 77e8 

  0x000001849ab6e2e8: ; ImmutableOopMap {rbp=Oop [32]=Oop [40]=Oop [72]=Oop [80]=Oop [104]=Oop [136]=NarrowOop }
                      ;*astore {reexecute=0 rethrow=0 return_oop=0}
                      ; - java.net.URLClassLoader::defineClass@188
                      ; - java.net.URLClassLoader$1::run@43
                      ; - java.net.URLClassLoader$1::run@1
                      ; - java.security.AccessController::executePrivileged@29
                      ; - java.security.AccessController::doPrivileged@13
                      ; - java.net.URLClassLoader::findClass@13
  0x000001849ab6e2e8: 9460 89ff 

  0x000001849ab6e2ec: ;   {other}
  0x000001849ab6e2ec: 0f1f 8400 | dc5d 006e | bade ffff | ff48 8b6c | 2460 4c8b | 5424 284c | 8954 2420 | 4c8b 5424 
  0x000001849ab6e30c: 684c 8954 | 2430 4c89 | 6c24 404c | 896c 2448 | 4c8b 5424 | 704c 8954 | 2460 6690 

  0x000001849ab6e328: ;   {runtime_call UncommonTrapBlob}
  0x000001849ab6e328: c5f8 77e8 

  0x000001849ab6e32c: ; ImmutableOopMap {rbp=Oop [32]=Oop [48]=Oop [64]=Oop [72]=Oop [136]=NarrowOop [200]=Oop }
                      ;*invokevirtual getManifest {reexecute=0 rethrow=0 return_oop=0}
                      ; - java.net.URLClassLoader::defineClass@34
                      ; - java.net.URLClassLoader$1::run@43
                      ; - java.net.URLClassLoader$1::run@1
                      ; - java.security.AccessController::executePrivileged@29
                      ; - java.security.AccessController::doPrivileged@13
                      ; - java.net.URLClassLoader::findClass@13
  0x000001849ab6e32c: 5060 89ff 

  0x000001849ab6e330: ;   {other}
  0x000001849ab6e330: 0f1f 8400 | 205e 006f | bade ffff | ff48 8b6c | 2460 4c8b | 5c24 284c | 895c 2420 | 4c89 6c24 
  0x000001849ab6e350: 284c 8b5c | 2468 4c89 | 5c24 304c | 8944 2450 | 4c8b 5c24 | 704c 895c | 2458 4489 | 5424 6489 
  0x000001849ab6e370: 4c24 7890 

  0x000001849ab6e374: ;   {runtime_call UncommonTrapBlob}
  0x000001849ab6e374: c5f8 77e8 

  0x000001849ab6e378: ; ImmutableOopMap {rbp=Oop [32]=Oop [40]=Oop [48]=Oop [80]=Oop [100]=NarrowOop [120]=NarrowOop [136]=NarrowOop [200]=Oop }
                      ;*invokeinterface ensureInitialization {reexecute=0 rethrow=0 return_oop=0}
                      ; - jdk.internal.loader.URLClassPath$JarLoader$2::getManifest@10
                      ; - java.net.URLClassLoader::defineClass@34
                      ; - java.net.URLClassLoader$1::run@43
                      ; - java.net.URLClassLoader$1::run@1
                      ; - java.security.AccessController::executePrivileged@29
                      ; - java.security.AccessController::doPrivileged@13
                      ; - java.net.URLClassLoader::findClass@13
  0x000001849ab6e378: 0460 89ff 

  0x000001849ab6e37c: ;   {other}
  0x000001849ab6e37c: 0f1f 8400 | 6c5e 0070 | 4c89 5c24 | 5089 4c24 | 344d 8bd0 | 4c89 5424 | 4848 8974 | 2440 448b 
  0x000001849ab6e39c: 9424 8800 | 0000 4489 | 5424 304c | 896c 2420 | 488b 6c24 | 6049 8bd3 | 4c8d 8424 | e000 0000 
  0x000001849ab6e3bc: ;   {runtime_call _complete_monitor_locking_Java}
  0x000001849ab6e3bc: c5f8 77e8 

  0x000001849ab6e3c0: ; ImmutableOopMap {rbp=Oop [32]=Oop [40]=Oop [48]=NarrowOop [52]=NarrowOop [64]=Oop [72]=Oop [80]=Oop [96]=Oop [104]=Oop [200]=Oop }
                      ;*synchronization entry
                      ; - java.util.jar.JarFile::ensureInitialization@-1
                      ; - java.util.jar.JavaUtilJarAccessImpl::ensureInitialization@1
                      ; - jdk.internal.loader.URLClassPath$JarLoader$2::getManifest@10
                      ; - java.net.URLClassLoader::defineClass@34
                      ; - java.net.URLClassLoader$1::run@43
                      ; - java.net.URLClassLoader$1::run@1
                      ; - java.security.AccessController::executePrivileged@29
                      ; - java.security.AccessController::doPrivileged@13
                      ; - java.net.URLClassLoader::findClass@13
  0x000001849ab6e3c0: 3c76 95ff 

  0x000001849ab6e3c4: ;   {other}
  0x000001849ab6e3c4: 0f1f 8400 | b45e 0071 | 4c8b 6c24 | 2044 8b5c | 2430 4489 | 9c24 8800 | 0000 4c8b | 5c24 484c 
  0x000001849ab6e3e4: 895c 2478 | 8b4c 2434 | 4c8b 5c24 | 5048 8b74 | 2440 e9b0 | b7ff ff49 | 8bcb 488d | 9424 e000 
  0x000001849ab6e404: 0000 4d8b | c7c5 f877 | 49ba 40d9 | 1743 ff7f | 0000 41ff 

  0x000001849ab6e418: ;   {other}
  0x000001849ab6e418: d20f 1f84 | 0000 0000 | 00e9 39b8 | ffff bade | ffff ff4c | 8b54 2460 | 4c89 5424 | 204c 896c 
  0x000001849ab6e438: 2430 4c8b | 5424 684c | 8954 2438 | 4c8b 5424 | 704c 8954 | 2460 6690 

  0x000001849ab6e450: ;   {runtime_call UncommonTrapBlob}
  0x000001849ab6e450: c5f8 77e8 

  0x000001849ab6e454: ; ImmutableOopMap {rbp=NarrowOop [32]=Oop [40]=Oop [48]=Oop [56]=Oop [120]=Oop [136]=NarrowOop [200]=Oop }
                      ;*invokevirtual getManifest {reexecute=0 rethrow=0 return_oop=0}
                      ; - jdk.internal.loader.URLClassPath$JarLoader$2::getManifest@22
                      ; - java.net.URLClassLoader::defineClass@34
                      ; - java.net.URLClassLoader$1::run@43
                      ; - java.net.URLClassLoader$1::run@1
                      ; - java.security.AccessController::executePrivileged@29
                      ; - java.security.AccessController::doPrivileged@13
                      ; - java.net.URLClassLoader::findClass@13
  0x000001849ab6e454: 285f 89ff 

  0x000001849ab6e458: ;   {other}
  0x000001849ab6e458: 0f1f 8400 | 485f 0072 | ba6e ffff | ff49 8bea | 4c8b 5424 | 284c 8954 | 2420 4c8b | 5424 684c 
  0x000001849ab6e478: 8954 2430 | 4c89 6c24 | 4044 894c | 2448 894c | 2450 6690 

  0x000001849ab6e48c: ;   {runtime_call UncommonTrapBlob}
  0x000001849ab6e48c: c5f8 77e8 

  0x000001849ab6e490: ; ImmutableOopMap {rbp=Oop [32]=Oop [48]=Oop [64]=Oop [72]=NarrowOop }
                      ;*iflt {reexecute=1 rethrow=0 return_oop=0}
                      ; - (reexecute) java.lang.StringLatin1::lastIndexOf@19
                      ; - java.lang.String::lastIndexOf@13
                      ; - java.lang.String::lastIndexOf@8
                      ; - java.net.URLClassLoader::defineClass@7
                      ; - java.net.URLClassLoader$1::run@43
                      ; - java.net.URLClassLoader$1::run@1
                      ; - java.security.AccessController::executePrivileged@29
                      ; - java.security.AccessController::doPrivileged@13
                      ; - java.net.URLClassLoader::findClass@13
  0x000001849ab6e490: ec5e 89ff 

  0x000001849ab6e494: ;   {other}
  0x000001849ab6e494: 0f1f 8400 | 845f 0073 | ba76 ffff | ff48 895c | 2428 4c89 | 6c24 3044 | 895c 2438 | 4489 4424 
  0x000001849ab6e4b4: 3c4c 8954 | 2440 4c89 | 6c24 5090 

  0x000001849ab6e4c0: ;   {runtime_call UncommonTrapBlob}
  0x000001849ab6e4c0: c5f8 77e8 

  0x000001849ab6e4c4: ; ImmutableOopMap {[40]=Oop [48]=Oop [56]=NarrowOop [64]=Oop [80]=Oop [104]=Oop }
                      ;*if_icmpge {reexecute=1 rethrow=0 return_oop=0}
                      ; - (reexecute) java.lang.StringLatin1::replace@61
                      ; - java.lang.String::replace@18
                      ; - java.net.URLClassLoader$1::run@8
                      ; - java.net.URLClassLoader$1::run@1
                      ; - java.security.AccessController::executePrivileged@29
                      ; - java.security.AccessController::doPrivileged@13
                      ; - java.net.URLClassLoader::findClass@13
  0x000001849ab6e4c4: b85e 89ff 

  0x000001849ab6e4c8: ;   {other}
  0x000001849ab6e4c8: 0f1f 8400 | b85f 0074 | ba01 0000 | 00e9 c5ac | ffff 8bbc | 2490 0000 

  0x000001849ab6e4e0: ;   {oop(a 'java/io/WinNTFileSystem'{0x00000000c08294c0})}
  0x000001849ab6e4e0: 00ff cf48 | bac0 9482 | c000 0000 | 004c 8b84 | 2488 0000 | 0044 8b8c | 2490 0000 | 0048 8b6c 
  0x000001849ab6e500: 2460 6690 

  0x000001849ab6e504: ;   {optimized virtual_call}
  0x000001849ab6e504: c5f8 77e8 

  0x000001849ab6e508: ; ImmutableOopMap {rbp=Oop [32]=Oop [40]=Oop [48]=NarrowOop [80]=Oop [88]=Oop [96]=Oop [104]=Oop [112]=Oop [120]=NarrowOop [128]=Oop }
                      ;*invokevirtual normalize {reexecute=0 rethrow=0 return_oop=1}
                      ; - java.io.WinNTFileSystem::normalize@137
                      ; - java.io.File::<init>@73
                      ; - jdk.internal.loader.URLClassPath$FileLoader::getResource@118
                      ; - jdk.internal.loader.URLClassPath::getResource@53
                      ; - java.net.URLClassLoader$1::run@26
                      ; - java.net.URLClassLoader$1::run@1
                      ; - java.security.AccessController::executePrivileged@29
                      ; - java.security.AccessController::doPrivileged@13
                      ; - java.net.URLClassLoader::findClass@13
  0x000001849ab6e508: 7405 89ff 

  0x000001849ab6e50c: ;   {other}
  0x000001849ab6e50c: 0f1f 8400 | fc5f 0075 | 4c8b c8e9 | e6e0 ffff | ba45 ffff | ff48 895c | 2420 4c89 | 6c24 284c 
  0x000001849ab6e52c: 895c 2438 | 4489 4c24 | 4066 6690 

  0x000001849ab6e538: ;   {runtime_call UncommonTrapBlob}
  0x000001849ab6e538: c5f8 77e8 

  0x000001849ab6e53c: ; ImmutableOopMap {[32]=Oop [40]=Oop [56]=Oop [104]=Oop }
                      ;*iflt {reexecute=1 rethrow=0 return_oop=0}
                      ; - (reexecute) java.lang.StringConcatHelper::checkOverflow@2
                      ; - java.lang.StringConcatHelper::mix@23
                      ; - java.lang.StringConcatHelper::simpleConcat@46
                      ; - java.lang.String::concat@11
                      ; - java.net.URLClassLoader$1::run@13
                      ; - java.net.URLClassLoader$1::run@1
                      ; - java.security.AccessController::executePrivileged@29
                      ; - java.security.AccessController::doPrivileged@13
                      ; - java.net.URLClassLoader::findClass@13
  0x000001849ab6e53c: 405e 89ff 

  0x000001849ab6e540: ;   {other}
  0x000001849ab6e540: 0f1f 8400 | 3060 0076 | ba45 ffff | ff48 895c | 2428 4c89 | 6c24 304c | 895c 2440 

  0x000001849ab6e55c: ;   {runtime_call UncommonTrapBlob}
  0x000001849ab6e55c: c5f8 77e8 

  0x000001849ab6e560: ; ImmutableOopMap {[40]=Oop [48]=Oop [64]=Oop [104]=Oop }
                      ;*iflt {reexecute=1 rethrow=0 return_oop=0}
                      ; - (reexecute) java.lang.StringConcatHelper::checkOverflow@2
                      ; - java.lang.StringConcatHelper::mix@23
                      ; - java.lang.StringConcatHelper::simpleConcat@54
                      ; - java.lang.String::concat@11
                      ; - java.net.URLClassLoader$1::run@13
                      ; - java.net.URLClassLoader$1::run@1
                      ; - java.security.AccessController::executePrivileged@29
                      ; - java.security.AccessController::doPrivileged@13
                      ; - java.net.URLClassLoader::findClass@13
  0x000001849ab6e560: 1c5e 89ff 

  0x000001849ab6e564: ;   {other}
  0x000001849ab6e564: 0f1f 8400 | 5460 0077 | ba45 ffff | ff48 895c | 2420 4c89 | 6c24 284c | 895c 2440 | 4889 7c24 
  0x000001849ab6e584: 4844 8944 | 2450 6690 

  0x000001849ab6e58c: ;   {runtime_call UncommonTrapBlob}
  0x000001849ab6e58c: c5f8 77e8 

  0x000001849ab6e590: ; ImmutableOopMap {[32]=Oop [40]=Oop [64]=Oop [72]=Oop [104]=Oop }
                      ;*if_icmpne {reexecute=1 rethrow=0 return_oop=0}
                      ; - (reexecute) java.lang.String::getBytes@5
                      ; - java.lang.StringConcatHelper::prepend@21
                      ; - java.lang.StringConcatHelper::simpleConcat@81
                      ; - java.lang.String::concat@11
                      ; - java.net.URLClassLoader$1::run@13
                      ; - java.net.URLClassLoader$1::run@1
                      ; - java.security.AccessController::executePrivileged@29
                      ; - java.security.AccessController::doPrivileged@13
                      ; - java.net.URLClassLoader::findClass@13
  0x000001849ab6e590: ec5d 89ff 

  0x000001849ab6e594: ;   {other}
  0x000001849ab6e594: 0f1f 8400 | 8460 0078 | ba45 ffff | ff48 895c | 2420 4c89 | 6c24 284c | 895c 2438 | 4889 7424 
  0x000001849ab6e5b4: 4044 8944 | 2448 6690 

  0x000001849ab6e5bc: ;   {runtime_call UncommonTrapBlob}
  0x000001849ab6e5bc: c5f8 77e8 

  0x000001849ab6e5c0: ; ImmutableOopMap {[32]=Oop [40]=Oop [56]=Oop [104]=Oop }
                      ;*if_icmpne {reexecute=1 rethrow=0 return_oop=0}
                      ; - (reexecute) java.lang.StringConcatHelper::mix@13
                      ; - java.lang.StringConcatHelper::simpleConcat@46
                      ; - java.lang.String::concat@11
                      ; - java.net.URLClassLoader$1::run@13
                      ; - java.net.URLClassLoader$1::run@1
                      ; - java.security.AccessController::executePrivileged@29
                      ; - java.security.AccessController::doPrivileged@13
                      ; - java.net.URLClassLoader::findClass@13
  0x000001849ab6e5c0: bc5d 89ff 

  0x000001849ab6e5c4: ;   {other}
  0x000001849ab6e5c4: 0f1f 8400 | b460 0079 | ba45 ffff | ff48 895c | 2428 4c89 | 6c24 304c | 895c 2440 | 4889 4424 
  0x000001849ab6e5e4: 4866 6690 

  0x000001849ab6e5e8: ;   {runtime_call UncommonTrapBlob}
  0x000001849ab6e5e8: c5f8 77e8 

  0x000001849ab6e5ec: ; ImmutableOopMap {[40]=Oop [48]=Oop [64]=Oop [104]=Oop }
                      ;*ifge {reexecute=1 rethrow=0 return_oop=0}
                      ; - (reexecute) java.lang.StringConcatHelper::newArray@13
                      ; - java.lang.StringConcatHelper::simpleConcat@61
                      ; - java.lang.String::concat@11
                      ; - java.net.URLClassLoader$1::run@13
                      ; - java.net.URLClassLoader$1::run@1
                      ; - java.security.AccessController::executePrivileged@29
                      ; - java.security.AccessController::doPrivileged@13
                      ; - java.net.URLClassLoader::findClass@13
  0x000001849ab6e5ec: 905d 89ff 

  0x000001849ab6e5f0: ;   {other}
  0x000001849ab6e5f0: 0f1f 8400 | e060 007a | 4963 cae9 | e1b3 ffff | 4883 c1fe | 488b fa48 | 33c0 4883 | f908 7f10 
  0x000001849ab6e610: 48ff c978 | 4f48 8904 | cf48 ffc9 | 7df7 eb44 | c5fd efc0 | e90d 0000 | 00c5 fe7f | 07c5 fe7f 
  0x000001849ab6e630: 4720 4883 | c740 4883 | e908 7ded | 4883 c104 | 7c0c c5fe | 7f07 4883 | c720 4883 | e904 4883 
  0x000001849ab6e650: c104 7e10 | 48ff c9c5 | f9d6 0748 | 83c7 0848 | ffc9 7df3 | e93a b4ff | ffba ccff | ffff 488b 
  0x000001849ab6e670: 6c24 604c | 8b5c 2428 | 4c89 5c24 | 204c 8b5c | 2468 4c89 | 5c24 304c | 896c 2440 | 4489 4c24 
  0x000001849ab6e690: 4844 8954 | 2450 4c8b | 5424 704c | 8954 2468 | 4889 5c24 | 7866 6690 

  0x000001849ab6e6a8: ;   {runtime_call UncommonTrapBlob}
  0x000001849ab6e6a8: c5f8 77e8 

  0x000001849ab6e6ac: ; ImmutableOopMap {rbp=Oop [32]=Oop [48]=Oop [64]=Oop [72]=NarrowOop [120]=Oop [136]=NarrowOop }
                      ;*newarray {reexecute=1 rethrow=0 return_oop=0}
                      ; - (reexecute) java.util.Arrays::copyOfRangeByte@10
                      ; - java.util.Arrays::copyOfRange@13
                      ; - java.lang.StringLatin1::newString@16
                      ; - java.lang.String::substring@41
                      ; - java.net.URLClassLoader::defineClass@28
                      ; - java.net.URLClassLoader$1::run@43
                      ; - java.net.URLClassLoader$1::run@1
                      ; - java.security.AccessController::executePrivileged@29
                      ; - java.security.AccessController::doPrivileged@13
                      ; - java.net.URLClassLoader::findClass@13
  0x000001849ab6e6ac: d05c 89ff 

  0x000001849ab6e6b0: ;   {other}
  0x000001849ab6e6b0: 0f1f 8400 | a061 007b | baf6 ffff | ff48 8b6c | 2460 4c8b | 5424 284c | 8954 2420 | 4c89 6c24 
  0x000001849ab6e6d0: 284c 894c | 2448 4c8b | 5424 784c | 8954 2450 | 4c8b 5424 | 704c 8954 | 2458 4c89 | 4424 7890 
  0x000001849ab6e6f0: ;   {runtime_call UncommonTrapBlob}
  0x000001849ab6e6f0: c5f8 77e8 

  0x000001849ab6e6f4: ; ImmutableOopMap {rbp=Oop [32]=Oop [40]=Oop [72]=Oop [80]=Oop [120]=Oop [136]=NarrowOop [144]=Oop }
                      ;*invokevirtual get {reexecute=0 rethrow=0 return_oop=0}
                      ; - java.lang.ClassLoader::definePackage@47
                      ; - java.lang.ClassLoader::getDefinedPackage@32
                      ; - java.net.URLClassLoader::getAndVerifyPackage@2
                      ; - java.net.URLClassLoader::defineClass@46
                      ; - java.net.URLClassLoader$1::run@43
                      ; - java.net.URLClassLoader$1::run@1
                      ; - java.security.AccessController::executePrivileged@29
                      ; - java.security.AccessController::doPrivileged@13
                      ; - java.net.URLClassLoader::findClass@13
  0x000001849ab6e6f4: 885c 89ff 

  0x000001849ab6e6f8: ;   {other}
  0x000001849ab6e6f8: 0f1f 8400 | e861 007c | ba45 ffff | ff48 8b6c | 2460 4c8b | 5424 284c | 8954 2420 | 4c89 6c24 
  0x000001849ab6e718: 284c 894c | 2440 4c89 | 4c24 484c | 8b54 2478 | 4c89 5424 | 604c 8b54 | 2470 4c89 | 5424 6844 
  0x000001849ab6e738: 8b9c 2488 | 0000 0044 | 895c 2474 | 4c89 8424 | 8800 0000 | 4489 b424 | a000 0000 

  0x000001849ab6e754: ;   {runtime_call UncommonTrapBlob}
  0x000001849ab6e754: c5f8 77e8 

  0x000001849ab6e758: ; ImmutableOopMap {rbp=Oop [32]=Oop [40]=Oop [64]=Oop [72]=Oop [96]=Oop [116]=NarrowOop [136]=Oop [144]=Oop [160]=NarrowOop }
                      ;*ifeq {reexecute=1 rethrow=0 return_oop=0}
                      ; - (reexecute) java.lang.ClassLoader::definePackage@4
                      ; - java.lang.ClassLoader::getDefinedPackage@32
                      ; - java.net.URLClassLoader::getAndVerifyPackage@2
                      ; - java.net.URLClassLoader::defineClass@46
                      ; - java.net.URLClassLoader$1::run@43
                      ; - java.net.URLClassLoader$1::run@1
                      ; - java.security.AccessController::executePrivileged@29
                      ; - java.security.AccessController::doPrivileged@13
                      ; - java.net.URLClassLoader::findClass@13
  0x000001849ab6e758: 245c 89ff 

  0x000001849ab6e75c: ;   {other}
  0x000001849ab6e75c: 0f1f 8400 | 4c62 007d | 33ed 85c9 | 400f 94c5 | ba45 ffff | ff4c 8954 | 2420 4c8b | 5424 684c 
  0x000001849ab6e77c: 8954 2438 | 4c89 6c24 | 4848 8944 | 2468 895c | 2470 6690 

  0x000001849ab6e790: ;   {runtime_call UncommonTrapBlob}
  0x000001849ab6e790: c5f8 77e8 

  0x000001849ab6e794: ; ImmutableOopMap {[32]=Oop [40]=Oop [56]=Oop [72]=Oop }
                      ;*ifeq {reexecute=1 rethrow=0 return_oop=0}
                      ; - (reexecute) java.lang.String::lastIndexOf@4
                      ; - java.lang.String::lastIndexOf@8
                      ; - java.net.URLClassLoader::defineClass@7
                      ; - java.net.URLClassLoader$1::run@43
                      ; - java.net.URLClassLoader$1::run@1
                      ; - java.security.AccessController::executePrivileged@29
                      ; - java.security.AccessController::doPrivileged@13
                      ; - java.net.URLClassLoader::findClass@13
  0x000001849ab6e794: e85b 89ff 

  0x000001849ab6e798: ;   {other}
  0x000001849ab6e798: 0f1f 8400 | 8862 007e | ba45 ffff | ff48 8b6c | 2460 4c8b | 5c24 284c | 895c 2420 | 4c89 6c24 
  0x000001849ab6e7b8: 4044 8954 | 2454 4489 | 5424 5844 | 8944 247c 

  0x000001849ab6e7c8: ;   {runtime_call UncommonTrapBlob}
  0x000001849ab6e7c8: c5f8 77e8 

  0x000001849ab6e7cc: ; ImmutableOopMap {rbp=Oop [32]=Oop [64]=Oop [104]=Oop [136]=NarrowOop }
                      ;*if_icmpgt {reexecute=1 rethrow=0 return_oop=0}
                      ; - (reexecute) jdk.internal.util.Preconditions::checkFromToIndex@6
                      ; - java.lang.String::checkBoundsBeginEnd@6
                      ; - java.lang.String::substring@8
                      ; - java.net.URLClassLoader::defineClass@28
                      ; - java.net.URLClassLoader$1::run@43
                      ; - java.net.URLClassLoader$1::run@1
                      ; - java.security.AccessController::executePrivileged@29
                      ; - java.security.AccessController::doPrivileged@13
                      ; - java.net.URLClassLoader::findClass@13
  0x000001849ab6e7cc: b05b 89ff 

  0x000001849ab6e7d0: ;   {other}
  0x000001849ab6e7d0: 0f1f 8400 | c062 007f | ba45 ffff | ff48 8b6c | 2460 4c8b | 5424 284c | 8954 2420 | 4c89 6c24 
  0x000001849ab6e7f0: 284c 894c | 2440 4c89 | 4c24 484c | 8b54 2478 | 4c89 5424 | 604c 8b54 | 2470 4c89 | 5424 6844 
  0x000001849ab6e810: 8b8c 2488 | 0000 0044 | 894c 2474 | 4c89 8424 | 8800 0000 | 4489 9c24 | a000 0000 

  0x000001849ab6e82c: ;   {runtime_call UncommonTrapBlob}
  0x000001849ab6e82c: c5f8 77e8 

  0x000001849ab6e830: ; ImmutableOopMap {rbp=Oop [32]=Oop [40]=Oop [64]=Oop [72]=Oop [96]=Oop [116]=NarrowOop [136]=Oop [144]=Oop }
                      ;*ifle {reexecute=1 rethrow=0 return_oop=0}
                      ; - (reexecute) java.util.concurrent.ConcurrentHashMap::get@23
                      ; - java.lang.ClassLoader::getDefinedPackage@13
                      ; - java.net.URLClassLoader::getAndVerifyPackage@2
                      ; - java.net.URLClassLoader::defineClass@46
                      ; - java.net.URLClassLoader$1::run@43
                      ; - java.net.URLClassLoader$1::run@1
                      ; - java.security.AccessController::executePrivileged@29
                      ; - java.security.AccessController::doPrivileged@13
                      ; - java.net.URLClassLoader::findClass@13
  0x000001849ab6e830: 4c5b 89ff 

  0x000001849ab6e834: ;   {other}
  0x000001849ab6e834: 0f1f 8400 | 2463 0080 | ba45 ffff | ff48 8b6c | 2438 4c8b | 5424 284c | 8954 2420 | 4c8b 5424 
  0x000001849ab6e854: 684c 8954 | 2450 4c8b | 5424 704c | 8954 2458 | 4889 4424 | 7066 6690 

  0x000001849ab6e86c: ;   {runtime_call UncommonTrapBlob}
  0x000001849ab6e86c: c5f8 77e8 

  0x000001849ab6e870: ; ImmutableOopMap {rbp=Oop [32]=Oop [64]=Oop [80]=Oop [112]=Oop [136]=NarrowOop }
                      ;*ifnull {reexecute=1 rethrow=0 return_oop=0}
                      ; - (reexecute) java.net.URLClassLoader::defineClass@139
                      ; - java.net.URLClassLoader$1::run@43
                      ; - java.net.URLClassLoader$1::run@1
                      ; - java.security.AccessController::executePrivileged@29
                      ; - java.security.AccessController::doPrivileged@13
                      ; - java.net.URLClassLoader::findClass@13
  0x000001849ab6e870: 0c5b 89ff 

  0x000001849ab6e874: ;   {other}
  0x000001849ab6e874: 0f1f 8400 | 6463 0081 | ba45 ffff | ff48 8b6c | 2460 4c8b | 5c24 284c | 895c 2420 | 4c89 6c24 
  0x000001849ab6e894: 4044 8954 | 2454 4489 | 5424 5844 | 8944 247c | 4489 8424 | 8000 0000 

  0x000001849ab6e8ac: ;   {runtime_call UncommonTrapBlob}
  0x000001849ab6e8ac: c5f8 77e8 

  0x000001849ab6e8b0: ; ImmutableOopMap {rbp=Oop [32]=Oop [64]=Oop [104]=Oop [136]=NarrowOop }
                      ;*if_icmple {reexecute=1 rethrow=0 return_oop=0}
                      ; - (reexecute) jdk.internal.util.Preconditions::checkFromToIndex@11
                      ; - java.lang.String::checkBoundsBeginEnd@6
                      ; - java.lang.String::substring@8
                      ; - java.net.URLClassLoader::defineClass@28
                      ; - java.net.URLClassLoader$1::run@43
                      ; - java.net.URLClassLoader$1::run@1
                      ; - java.security.AccessController::executePrivileged@29
                      ; - java.security.AccessController::doPrivileged@13
                      ; - java.net.URLClassLoader::findClass@13
  0x000001849ab6e8b0: cc5a 89ff 

  0x000001849ab6e8b4: ;   {other}
  0x000001849ab6e8b4: 0f1f 8400 | a463 0082 | ba45 ffff | ff4c 8b54 | 2460 4c89 | 5424 204c | 896c 2430 | 4c8b 5424 
  0x000001849ab6e8d4: 684c 8954 | 2438 4c8b | 5424 704c | 8954 2460 | 898c 2480 | 0000 0090 

  0x000001849ab6e8ec: ;   {runtime_call UncommonTrapBlob}
  0x000001849ab6e8ec: c5f8 77e8 

  0x000001849ab6e8f0: ; ImmutableOopMap {rbp=NarrowOop [32]=Oop [40]=Oop [48]=Oop [56]=Oop [120]=Oop [128]=NarrowOop [136]=NarrowOop [200]=Oop }
                      ;*ifnull {reexecute=1 rethrow=0 return_oop=0}
                      ; - (reexecute) java.util.jar.JarFile::maybeInstantiateVerifier@4
                      ; - java.util.jar.JarFile::ensureInitialization@1
                      ; - java.util.jar.JavaUtilJarAccessImpl::ensureInitialization@1
                      ; - jdk.internal.loader.URLClassPath$JarLoader$2::getManifest@10
                      ; - java.net.URLClassLoader::defineClass@34
                      ; - java.net.URLClassLoader$1::run@43
                      ; - java.net.URLClassLoader$1::run@1
                      ; - java.security.AccessController::executePrivileged@29
                      ; - java.security.AccessController::doPrivileged@13
                      ; - java.net.URLClassLoader::findClass@13
  0x000001849ab6e8f0: 8c5a 89ff 

  0x000001849ab6e8f4: ;   {other}
  0x000001849ab6e8f4: 0f1f 8400 | e463 0083 | 448b d1e9 | 58af ffff | 458b d149 | 8bd2 448b | 8424 ac00 | 0000 488b 
  0x000001849ab6e914: 6c24 6090 

  0x000001849ab6e918: ;   {static_call}
  0x000001849ab6e918: c5f8 77e8 

  0x000001849ab6e91c: ; ImmutableOopMap {rbp=Oop [32]=Oop [40]=Oop [48]=NarrowOop [80]=Oop [88]=Oop [96]=Oop [104]=Oop [112]=Oop [120]=NarrowOop [128]=Oop [136]=Oop }
                      ;*invokestatic charAt {reexecute=0 rethrow=0 return_oop=0}
                      ; - java.lang.String::charAt@21
                      ; - java.io.WinNTFileSystem::normalize@31
                      ; - java.io.File::<init>@73
                      ; - jdk.internal.loader.URLClassPath$FileLoader::getResource@73
                      ; - jdk.internal.loader.URLClassPath::getResource@53
                      ; - java.net.URLClassLoader$1::run@26
                      ; - java.net.URLClassLoader$1::run@1
                      ; - java.security.AccessController::executePrivileged@29
                      ; - java.security.AccessController::doPrivileged@13
                      ; - java.net.URLClassLoader::findClass@13
  0x000001849ab6e91c: 6007 89ff 

  0x000001849ab6e920: ;   {other}
  0x000001849ab6e920: 0f1f 8400 | 1064 0084 | 448b c0e9 | e6d2 ffff | 4533 c0e9 | 2ed6 ffff | 4533 db45 | 8bc3 e903 
  0x000001849ab6e940: d5ff ff4c | 8944 2438 | 4889 7424 | 2049 8bd7 | c5f8 7749 | ba20 a4d6 | 42ff 7f00 | 0041 ffd2 
  0x000001849ab6e960: ;   {other}
  0x000001849ab6e960: 0f1f 8400 | 0000 0000 | 4c8b 4424 | 3848 8b74 | 2420 e926 | b3ff ff4c | 8974 2420 | 4c8b f348 
  0x000001849ab6e980: 8bee 498b | d7c5 f877 | 49ba 20a4 | d642 ff7f | 0000 41ff 

  0x000001849ab6e994: ;   {other}
  0x000001849ab6e994: d20f 1f84 | 0000 0000 | 0049 8bde | 4c8b 7424 | 2048 8bf5 | e901 b1ff | ff44 8b9c | 24ac 0000 
  0x000001849ab6e9b4: 0041 ffcb | 4489 9c24 | ac00 0000 | e9b0 f4ff 

  0x000001849ab6e9c4: ;   {metadata('java/net/URL')}
  0x000001849ab6e9c4: ff48 ba80 | a901 a784 | 0100 0048 | 8b6c 2460 

  0x000001849ab6e9d4: ;   {runtime_call _new_instance_Java}
  0x000001849ab6e9d4: c5f8 77e8 

  0x000001849ab6e9d8: ; ImmutableOopMap {rbp=Oop [32]=Oop [40]=Oop [48]=NarrowOop [80]=Oop [88]=Oop [96]=Oop [104]=Oop }
                      ;*new {reexecute=0 rethrow=0 return_oop=1}
                      ; - jdk.internal.loader.URLClassPath$FileLoader::getResource@0
                      ; - jdk.internal.loader.URLClassPath::getResource@53
                      ; - java.net.URLClassLoader$1::run@26
                      ; - java.net.URLClassLoader$1::run@1
                      ; - java.security.AccessController::executePrivileged@29
                      ; - java.security.AccessController::doPrivileged@13
                      ; - java.net.URLClassLoader::findClass@13
  0x000001849ab6e9d8: 2451 95ff 

  0x000001849ab6e9dc: ;   {other}
  0x000001849ab6e9dc: 0f1f 8400 | cc64 0085 | e9b4 cfff | ff4c 8b94 | 2480 0000 | 0045 8b52 | 1445 85d2 | 0f84 e9d9 
  0x000001849ab6e9fc: ffff 4d8b | 5f28 498b | ca4d 85db | 0f84 2e17 | 0000 4d8b | 5738 4b89 | 4c1a f849 | 83c3 f84d 
  0x000001849ab6ea1c: 895f 28e9 | c3d9 ffff | 4c8b 5424 | 784d 85d2 | 0f85 5bdc | ffff baf6 | ffff ff4c | 8b54 2428 
  0x000001849ab6ea3c: 4c89 5424 | 2044 8b5c | 2430 4489 | 5c24 2844 | 8b54 2440 | 4489 5424 | 2c4c 8b54 | 2450 4c89 
  0x000001849ab6ea5c: 5424 384c | 8b54 2458 | 4c89 5424 | 5066 6690 

  0x000001849ab6ea6c: ;   {runtime_call UncommonTrapBlob}
  0x000001849ab6ea6c: c5f8 77e8 

  0x000001849ab6ea70: ; ImmutableOopMap {rbp=Oop [32]=Oop [40]=NarrowOop [56]=Oop [80]=Oop [104]=Oop [112]=Oop [128]=Oop }
                      ;*invokevirtual length {reexecute=0 rethrow=0 return_oop=0}
                      ; - java.io.WinNTFileSystem::prefixLength@6
                      ; - java.io.File::<init>@104
                      ; - jdk.internal.loader.URLClassPath$FileLoader::getResource@118
                      ; - jdk.internal.loader.URLClassPath::getResource@53
                      ; - java.net.URLClassLoader$1::run@26
                      ; - java.net.URLClassLoader$1::run@1
                      ; - java.security.AccessController::executePrivileged@29
                      ; - java.security.AccessController::doPrivileged@13
                      ; - java.net.URLClassLoader::findClass@13
  0x000001849ab6ea70: 0c59 89ff 

  0x000001849ab6ea74: ;   {other}
  0x000001849ab6ea74: 0f1f 8400 | 6465 0086 | 4c8b 9424 | 8000 0000 | 458b 5210 | 4585 d20f | 84ab dbff | ff4d 8b5f 
  0x000001849ab6ea94: 2849 8bca | 4d85 db0f | 84bb 1600 | 004d 8b57 | 384b 894c | 1af8 4983 | c3f8 4d89 | 5f28 e985 
  0x000001849ab6eab4: dbff ff4d | 8b57 584d | 8b5f 48f0 | 8344 24c0 | 0080 3900 | 7432 4488 | 214d 85db | 740f 4b89 
  0x000001849ab6ead4: 4c1a f849 | 83c3 f84d | 895f 48eb | 1b49 8bd7 | c5f8 7749 | ba00 a4d6 | 42ff 7f00 | 0041 ffd2 
  0x000001849ab6eaf4: ;   {other}
  0x000001849ab6eaf4: 0f1f 8400 | 0000 0000 | 4c8b 9424 | 8000 0000 | 458b 5210 | 4585 d20f | 8421 ffff | ff4c 8954 
  0x000001849ab6eb14: 2478 e972 | dbff ffba | f6ff ffff | 488b 6c24 | 604c 8b5c | 2428 4c89 | 5c24 204c | 896c 2428 
  0x000001849ab6eb34: 4c89 4c24 | 484c 8b5c | 2478 4c89 | 5c24 504c | 8b5c 2470 | 4c89 5c24 | 584c 8944 | 2478 4c89 
  0x000001849ab6eb54: 9424 8000 | 0000 6690 

  0x000001849ab6eb5c: ;   {runtime_call UncommonTrapBlob}
  0x000001849ab6eb5c: c5f8 77e8 

  0x000001849ab6eb60: ; ImmutableOopMap {rbp=Oop [32]=Oop [40]=Oop [72]=Oop [80]=Oop [120]=Oop [128]=Oop [136]=NarrowOop [144]=Oop }
                      ;*invokevirtual compute {reexecute=0 rethrow=0 return_oop=0}
                      ; - java.lang.ClassLoader::definePackage@78
                      ; - java.lang.ClassLoader::getDefinedPackage@32
                      ; - java.net.URLClassLoader::getAndVerifyPackage@2
                      ; - java.net.URLClassLoader::defineClass@46
                      ; - java.net.URLClassLoader$1::run@43
                      ; - java.net.URLClassLoader$1::run@1
                      ; - java.security.AccessController::executePrivileged@29
                      ; - java.security.AccessController::doPrivileged@13
                      ; - java.net.URLClassLoader::findClass@13
  0x000001849ab6eb60: 1c58 89ff 

  0x000001849ab6eb64: ;   {other}
  0x000001849ab6eb64: 0f1f 8400 | 5466 0087 

  0x000001849ab6eb6c: ;   {metadata('java/io/File')}
  0x000001849ab6eb6c: 48ba 10f6 | 04a7 8401 | 0000 6690 

  0x000001849ab6eb78: ;   {runtime_call _new_instance_Java}
  0x000001849ab6eb78: c5f8 77e8 

  0x000001849ab6eb7c: ; ImmutableOopMap {rbp=Oop [32]=Oop [40]=Oop [48]=NarrowOop [80]=Oop [88]=Oop [96]=Oop [104]=Oop [112]=Oop [120]=NarrowOop }
                      ;*new {reexecute=0 rethrow=0 return_oop=1}
                      ; - jdk.internal.loader.URLClassPath$FileLoader::getResource@56
                      ; - jdk.internal.loader.URLClassPath::getResource@53
                      ; - java.net.URLClassLoader$1::run@26
                      ; - java.net.URLClassLoader$1::run@1
                      ; - java.security.AccessController::executePrivileged@29
                      ; - java.security.AccessController::doPrivileged@13
                      ; - java.net.URLClassLoader::findClass@13
  0x000001849ab6eb7c: 804f 95ff 

  0x000001849ab6eb80: ;   {other}
  0x000001849ab6eb80: 0f1f 8400 | 7066 0088 | e91d cfff | ffba 45ff | ffff 488b | 6c24 604c | 8b54 2428 | 4c89 5424 
  0x000001849ab6eba0: 204c 896c | 2428 4c89 | 4c24 404c | 894c 2448 | 4c8b 5424 | 784c 8954 | 2460 4c8b | 5424 704c 
  0x000001849ab6ebc0: 8954 2468 | 448b 8c24 | 8800 0000 | 4489 4c24 | 744c 8984 | 2488 0000 | 0044 89b4 | 24a0 0000 
  0x000001849ab6ebe0: 0044 899c | 24a4 0000 | 0066 6690 

  0x000001849ab6ebec: ;   {runtime_call UncommonTrapBlob}
  0x000001849ab6ebec: c5f8 77e8 

  0x000001849ab6ebf0: ; ImmutableOopMap {rbp=Oop [32]=Oop [40]=Oop [64]=Oop [72]=Oop [96]=Oop [116]=NarrowOop [136]=Oop [144]=Oop [160]=NarrowOop }
                      ;*ifle {reexecute=1 rethrow=0 return_oop=0}
                      ; - (reexecute) java.util.concurrent.ConcurrentHashMap::get@23
                      ; - java.lang.ClassLoader::definePackage@47
                      ; - java.lang.ClassLoader::getDefinedPackage@32
                      ; - java.net.URLClassLoader::getAndVerifyPackage@2
                      ; - java.net.URLClassLoader::defineClass@46
                      ; - java.net.URLClassLoader$1::run@43
                      ; - java.net.URLClassLoader$1::run@1
                      ; - java.security.AccessController::executePrivileged@29
                      ; - java.security.AccessController::doPrivileged@13
                      ; - java.net.URLClassLoader::findClass@13
  0x000001849ab6ebf0: 8c57 89ff 

  0x000001849ab6ebf4: ;   {other}
  0x000001849ab6ebf4: 0f1f 8400 | e466 0089 | ba45 ffff | ff4c 8b54 | 2430 4c89 | 5424 204c | 8b54 2440 | 4c89 5424 
  0x000001849ab6ec14: 304c 8b54 | 2478 4c89 | 5424 604c | 8b54 2470 | 4c89 5424 | 6844 8b9c | 2488 0000 | 0044 895c 
  0x000001849ab6ec34: 2474 8984 | 2488 0000 | 0066 6690 

  0x000001849ab6ec40: ;   {runtime_call UncommonTrapBlob}
  0x000001849ab6ec40: c5f8 77e8 

  0x000001849ab6ec44: ; ImmutableOopMap {rbp=Oop [32]=Oop [40]=Oop [48]=Oop [56]=Oop [88]=Oop [96]=Oop [116]=NarrowOop [128]=Oop }
                      ;*ifeq {reexecute=1 rethrow=0 return_oop=0}
                      ; - (reexecute) java.net.URLClassLoader::getAndVerifyPackage@17
                      ; - java.net.URLClassLoader::defineClass@46
                      ; - java.net.URLClassLoader$1::run@43
                      ; - java.net.URLClassLoader$1::run@1
                      ; - java.security.AccessController::executePrivileged@29
                      ; - java.security.AccessController::doPrivileged@13
                      ; - java.net.URLClassLoader::findClass@13
  0x000001849ab6ec44: 3857 89ff 

  0x000001849ab6ec48: ;   {other}
  0x000001849ab6ec48: 0f1f 8400 | 3867 008a | ba45 ffff | ff4c 8b54 | 2430 4c89 | 5424 204c | 8b54 2440 | 4c89 5424 
  0x000001849ab6ec68: 304c 8b54 | 2478 4c89 | 5424 604c | 8b54 2470 | 4c89 5424 | 6844 8b9c | 2488 0000 | 0044 895c 
  0x000001849ab6ec88: 2470 6690 

  0x000001849ab6ec8c: ;   {runtime_call UncommonTrapBlob}
  0x000001849ab6ec8c: c5f8 77e8 

  0x000001849ab6ec90: ; ImmutableOopMap {rbp=Oop [32]=Oop [40]=Oop [48]=Oop [56]=Oop [88]=Oop [96]=Oop [112]=NarrowOop [128]=Oop }
                      ;*ifnull {reexecute=1 rethrow=0 return_oop=0}
                      ; - (reexecute) java.net.URLClassLoader::getAndVerifyPackage@62
                      ; - java.net.URLClassLoader::defineClass@46
                      ; - java.net.URLClassLoader$1::run@43
                      ; - java.net.URLClassLoader$1::run@1
                      ; - java.security.AccessController::executePrivileged@29
                      ; - java.security.AccessController::doPrivileged@13
                      ; - java.net.URLClassLoader::findClass@13
  0x000001849ab6ec90: ec56 89ff 

  0x000001849ab6ec94: ;   {other}
  0x000001849ab6ec94: 0f1f 8400 | 8467 008b | ba45 ffff | ff48 8b6c | 2438 4c8b | 5424 284c | 8954 2420 | 4c8b 5424 
  0x000001849ab6ecb4: 404c 8954 | 2428 4c8b | 5424 684c | 8954 2430 | 4c8b 5424 | 784c 8954 | 2460 4c8b | 5424 704c 
  0x000001849ab6ecd4: 8954 2468 | 8944 2474 

  0x000001849ab6ecdc: ;   {runtime_call UncommonTrapBlob}
  0x000001849ab6ecdc: c5f8 77e8 

  0x000001849ab6ece0: ; ImmutableOopMap {rbp=Oop [32]=Oop [40]=Oop [48]=Oop [80]=Oop [88]=Oop [96]=Oop [136]=NarrowOop }
                      ;*ifeq {reexecute=1 rethrow=0 return_oop=0}
                      ; - (reexecute) java.net.URLClassLoader::getAndVerifyPackage@71
                      ; - java.net.URLClassLoader::defineClass@46
                      ; - java.net.URLClassLoader$1::run@43
                      ; - java.net.URLClassLoader$1::run@1
                      ; - java.security.AccessController::executePrivileged@29
                      ; - java.security.AccessController::doPrivileged@13
                      ; - java.net.URLClassLoader::findClass@13
  0x000001849ab6ece0: 9c56 89ff 

  0x000001849ab6ece4: ;   {other}
  0x000001849ab6ece4: 0f1f 8400 | d467 008c 

  0x000001849ab6ecec: ;   {metadata('jdk/internal/loader/URLClassPath$FileLoader$1')}
  0x000001849ab6ecec: 48ba b842 | 37a8 8401 | 0000 6690 

  0x000001849ab6ecf8: ;   {runtime_call _new_instance_Java}
  0x000001849ab6ecf8: c5f8 77e8 

  0x000001849ab6ecfc: ; ImmutableOopMap {rbp=Oop [32]=Oop [40]=Oop [48]=NarrowOop [80]=Oop [88]=Oop [96]=Oop [104]=Oop [112]=Oop [120]=Oop }
                      ;*new {reexecute=0 rethrow=0 return_oop=1}
                      ; - jdk.internal.loader.URLClassPath$FileLoader::getResource@131
                      ; - jdk.internal.loader.URLClassPath::getResource@53
                      ; - java.net.URLClassLoader$1::run@26
                      ; - java.net.URLClassLoader$1::run@1
                      ; - java.security.AccessController::executePrivileged@29
                      ; - java.security.AccessController::doPrivileged@13
                      ; - java.net.URLClassLoader::findClass@13
  0x000001849ab6ecfc: 004e 95ff 

  0x000001849ab6ed00: ;   {other}
  0x000001849ab6ed00: 0f1f 8400 | f067 008d | e92f d3ff | ffba e4ff | ffff 4c8b | 5424 604c | 8954 2420 | 4c8b 5424 
  0x000001849ab6ed20: 5044 8b5c | 2440 4489 | 5c24 344c | 8954 2440 | 4c8b 5424 | 684c 8954 | 2450 4c8b | 5424 704c 
  0x000001849ab6ed40: 8954 2460 | 4c8b 9424 | 8000 0000 | 4c89 5424 | 7044 8b9c | 24a8 0000 | 0044 899c | 2498 0000 
  0x000001849ab6ed60: 0044 898c | 24a0 0000 | 0066 6690 

  0x000001849ab6ed6c: ;   {runtime_call UncommonTrapBlob}
  0x000001849ab6ed6c: c5f8 77e8 

  0x000001849ab6ed70: ; ImmutableOopMap {[32]=Oop [40]=Oop [48]=NarrowOop [64]=Oop [80]=Oop [88]=Oop [96]=Oop [112]=Oop [120]=NarrowOop [128]=Oop [136]=Oop [160]=NarrowOop }
                      ;*invokestatic checkIndex {reexecute=0 rethrow=0 return_oop=0}
                      ; - java.lang.String::checkIndex@5
                      ; - java.lang.StringLatin1::charAt@3
                      ; - java.lang.String::charAt@12
                      ; - java.io.WinNTFileSystem::normalize@31
                      ; - java.io.File::<init>@73
                      ; - jdk.internal.loader.URLClassPath$FileLoader::getResource@73
                      ; - jdk.internal.loader.URLClassPath::getResource@53
                      ; - java.net.URLClassLoader$1::run@26
                      ; - java.net.URLClassLoader$1::run@1
                      ; - java.security.AccessController::executePrivileged@29
                      ; - java.security.AccessController::doPrivileged@13
                      ; - java.net.URLClassLoader::findClass@13
  0x000001849ab6ed70: 0c56 89ff 

  0x000001849ab6ed74: ;   {other}
  0x000001849ab6ed74: 0f1f 8400 | 6468 008e | ba45 ffff | ff48 8b4c | 2460 4c89 | 6c24 3048 | 894c 2440 | 4c89 4c24 
  0x000001849ab6ed94: 484c 894c | 2450 4889 | 4c24 584c | 8b4c 2478 | 4c89 4c24 | 688b 8c24 | 8800 0000 | 894c 247c 
  0x000001849ab6edb4: 4c89 8424 | 8800 0000 | 4c89 8424 | a800 0000 | 4489 9c24 | b000 0000 | 4489 9424 | b400 0000 
  0x000001849ab6edd4: 899c 24b8 | 0000 0090 

  0x000001849ab6eddc: ;   {runtime_call UncommonTrapBlob}
  0x000001849ab6eddc: c5f8 77e8 

  0x000001849ab6ede0: ; ImmutableOopMap {[40]=Oop [48]=Oop [64]=Oop [72]=Oop [80]=Oop [88]=Oop [104]=Oop [124]=NarrowOop [136]=Oop [144]=Oop [168]=Oop [176]=NarrowOop }
                      ;*if_icmpne {reexecute=1 rethrow=0 return_oop=0}
                      ; - (reexecute) java.lang.String::equals@33
                      ; - java.util.concurrent.ConcurrentHashMap::get@73
                      ; - java.lang.ClassLoader::getDefinedPackage@13
                      ; - java.net.URLClassLoader::getAndVerifyPackage@2
                      ; - java.net.URLClassLoader::defineClass@46
                      ; - java.net.URLClassLoader$1::run@43
                      ; - java.net.URLClassLoader$1::run@1
                      ; - java.security.AccessController::executePrivileged@29
                      ; - java.security.AccessController::doPrivileged@13
                      ; - java.net.URLClassLoader::findClass@13
  0x000001849ab6ede0: 9c55 89ff 

  0x000001849ab6ede4: ;   {other}
  0x000001849ab6ede4: 0f1f 8400 | d468 008f | ba45 ffff | ff48 8b4c | 2460 4c89 | 6c24 3048 | 894c 2440 | 4c89 4c24 
  0x000001849ab6ee04: 484c 894c | 2450 4889 | 4c24 584c | 8b4c 2478 | 4c89 4c24 | 688b 8c24 | 8800 0000 | 894c 247c 
  0x000001849ab6ee24: 4c89 8424 | 8800 0000 | 4c89 8424 | a800 0000 | 4489 9c24 | b000 0000 | 4489 9424 | b400 0000 
  0x000001849ab6ee44: ;   {runtime_call UncommonTrapBlob}
  0x000001849ab6ee44: c5f8 77e8 

  0x000001849ab6ee48: ; ImmutableOopMap {[40]=Oop [48]=Oop [64]=Oop [72]=Oop [80]=Oop [88]=Oop [104]=Oop [124]=NarrowOop [136]=Oop [144]=Oop [168]=Oop [176]=NarrowOop }
                      ;*ifge {reexecute=1 rethrow=0 return_oop=0}
                      ; - (reexecute) java.util.concurrent.ConcurrentHashMap::get@86
                      ; - java.lang.ClassLoader::getDefinedPackage@13
                      ; - java.net.URLClassLoader::getAndVerifyPackage@2
                      ; - java.net.URLClassLoader::defineClass@46
                      ; - java.net.URLClassLoader$1::run@43
                      ; - java.net.URLClassLoader$1::run@1
                      ; - java.security.AccessController::executePrivileged@29
                      ; - java.security.AccessController::doPrivileged@13
                      ; - java.net.URLClassLoader::findClass@13
  0x000001849ab6ee48: 3455 89ff 

  0x000001849ab6ee4c: ;   {other}
  0x000001849ab6ee4c: 0f1f 8400 | 3c69 0090 | ba45 ffff | ffc4 c1f9 | 7ec3 4c89 | 6c24 304c | 895c 2440 | 4c89 4c24 
  0x000001849ab6ee6c: 484c 894c | 2450 4c89 | 5c24 584c | 8b5c 2478 | 4c89 5c24 | 6844 8b8c | 2488 0000 | 0044 894c 
  0x000001849ab6ee8c: 247c 4c89 | 8424 8800 | 0000 4c89 | 8424 a800 | 0000 4889 | 9c24 b000 | 0000 4489 | 9424 b800 
  0x000001849ab6eeac: 0000 6690 

  0x000001849ab6eeb0: ;   {runtime_call UncommonTrapBlob}
  0x000001849ab6eeb0: c5f8 77e8 

  0x000001849ab6eeb4: ; ImmutableOopMap {rbp=NarrowOop [40]=Oop [48]=Oop [64]=Oop [72]=Oop [80]=Oop [88]=Oop [104]=Oop [124]=NarrowOop [136]=Oop [144]=Oop [168]=Oop [176]=Oop }
                      ;*ifnull {reexecute=1 rethrow=0 return_oop=0}
                      ; - (reexecute) java.util.concurrent.ConcurrentHashMap::get@143
                      ; - java.lang.ClassLoader::getDefinedPackage@13
                      ; - java.net.URLClassLoader::getAndVerifyPackage@2
                      ; - java.net.URLClassLoader::defineClass@46
                      ; - java.net.URLClassLoader$1::run@43
                      ; - java.net.URLClassLoader$1::run@1
                      ; - java.security.AccessController::executePrivileged@29
                      ; - java.security.AccessController::doPrivileged@13
                      ; - java.net.URLClassLoader::findClass@13
  0x000001849ab6eeb4: c854 89ff 

  0x000001849ab6eeb8: ;   {other}
  0x000001849ab6eeb8: 0f1f 8400 | a869 0091 | ba45 ffff | ff4c 8b5c | 2428 4c89 | 5c24 204c | 8b5c 2440 | 4c89 5c24 
  0x000001849ab6eed8: 284c 8b5c | 2468 4c89 | 5c24 304c | 8b9c 2490 | 0000 004c | 895c 2460 | 4c8b 5c24 | 704c 895c 
  0x000001849ab6eef8: 2468 448b | 4424 784c | 8b9c 2498 | 0000 004c | 899c 2490 | 0000 0044 | 8944 2474 | 4c8b 9c24 
  0x000001849ab6ef18: 8000 0000 | 4c89 5c24 | 7844 8b9c | 248c 0000 | 0044 899c | 2488 0000 | 0089 8424 | 8c00 0000 
  0x000001849ab6ef38: ;   {runtime_call UncommonTrapBlob}
  0x000001849ab6ef38: c5f8 77e8 

  0x000001849ab6ef3c: ; ImmutableOopMap {rbp=Oop [32]=Oop [40]=Oop [48]=Oop [96]=Oop [116]=NarrowOop [120]=Oop [128]=Oop [144]=Oop [160]=Oop }
                      ;*ifeq {reexecute=1 rethrow=0 return_oop=0}
                      ; - (reexecute) java.util.concurrent.ConcurrentHashMap::get@152
                      ; - java.lang.ClassLoader::getDefinedPackage@13
                      ; - java.net.URLClassLoader::getAndVerifyPackage@2
                      ; - java.net.URLClassLoader::defineClass@46
                      ; - java.net.URLClassLoader$1::run@43
                      ; - java.net.URLClassLoader$1::run@1
                      ; - java.security.AccessController::executePrivileged@29
                      ; - java.security.AccessController::doPrivileged@13
                      ; - java.net.URLClassLoader::findClass@13
  0x000001849ab6ef3c: 4054 89ff 

  0x000001849ab6ef40: ;   {other}
  0x000001849ab6ef40: 0f1f 8400 | 306a 0092 | ba45 ffff | ff48 8b4c | 2460 4c89 | 6c24 3048 | 894c 2440 | 4c89 4c24 
  0x000001849ab6ef60: 484c 894c | 2450 4889 | 4c24 584c | 8b4c 2478 | 4c89 4c24 | 6844 8b8c | 2488 0000 | 0044 894c 
  0x000001849ab6ef80: 247c 4c89 | 8424 8800 | 0000 4489 | b424 a800 | 0000 4c89 | 8424 b000 | 0000 4489 | 9c24 ac00 
  0x000001849ab6efa0: 0000 4489 | 9424 b800 | 0000 899c | 24bc 0000 | 0066 6690 

  0x000001849ab6efb4: ;   {runtime_call UncommonTrapBlob}
  0x000001849ab6efb4: c5f8 77e8 

  0x000001849ab6efb8: ; ImmutableOopMap {[40]=Oop [48]=Oop [64]=Oop [72]=Oop [80]=Oop [88]=Oop [104]=Oop [124]=NarrowOop [136]=Oop [144]=Oop [168]=NarrowOop [172]=NarrowOop [176]=Oop }
                      ;*if_icmpne {reexecute=1 rethrow=0 return_oop=0}
                      ; - (reexecute) java.lang.String::equals@33
                      ; - java.util.concurrent.ConcurrentHashMap::get@73
                      ; - java.lang.ClassLoader::definePackage@47
                      ; - java.lang.ClassLoader::getDefinedPackage@32
                      ; - java.net.URLClassLoader::getAndVerifyPackage@2
                      ; - java.net.URLClassLoader::defineClass@46
                      ; - java.net.URLClassLoader$1::run@43
                      ; - java.net.URLClassLoader$1::run@1
                      ; - java.security.AccessController::executePrivileged@29
                      ; - java.security.AccessController::doPrivileged@13
                      ; - java.net.URLClassLoader::findClass@13
  0x000001849ab6efb8: c453 89ff 

  0x000001849ab6efbc: ;   {other}
  0x000001849ab6efbc: 0f1f 8400 | ac6a 0093 | ba45 ffff | ff48 8b4c | 2460 4c89 | 6c24 3048 | 894c 2440 | 4c89 4c24 
  0x000001849ab6efdc: 484c 894c | 2450 4889 | 4c24 584c | 8b4c 2478 | 4c89 4c24 | 688b 8c24 | 8800 0000 | 894c 247c 
  0x000001849ab6effc: 4c89 8424 | 8800 0000 | 4489 b424 | a800 0000 | 4c89 8424 | b000 0000 | 4489 9c24 | ac00 0000 
  0x000001849ab6f01c: 4489 9424 | b800 0000 

  0x000001849ab6f024: ;   {runtime_call UncommonTrapBlob}
  0x000001849ab6f024: c5f8 77e8 

  0x000001849ab6f028: ; ImmutableOopMap {[40]=Oop [48]=Oop [64]=Oop [72]=Oop [80]=Oop [88]=Oop [104]=Oop [124]=NarrowOop [136]=Oop [144]=Oop [168]=NarrowOop [172]=NarrowOop [176]=Oop }
                      ;*ifge {reexecute=1 rethrow=0 return_oop=0}
                      ; - (reexecute) java.util.concurrent.ConcurrentHashMap::get@86
                      ; - java.lang.ClassLoader::definePackage@47
                      ; - java.lang.ClassLoader::getDefinedPackage@32
                      ; - java.net.URLClassLoader::getAndVerifyPackage@2
                      ; - java.net.URLClassLoader::defineClass@46
                      ; - java.net.URLClassLoader$1::run@43
                      ; - java.net.URLClassLoader$1::run@1
                      ; - java.security.AccessController::executePrivileged@29
                      ; - java.security.AccessController::doPrivileged@13
                      ; - java.net.URLClassLoader::findClass@13
  0x000001849ab6f028: 5453 89ff 

  0x000001849ab6f02c: ;   {other}
  0x000001849ab6f02c: 0f1f 8400 | 1c6b 0094 | 498b d144 | 8b84 24ac | 0000 0048 | 8b6c 2460 

  0x000001849ab6f044: ;   {static_call}
  0x000001849ab6f044: c5f8 77e8 

  0x000001849ab6f048: ; ImmutableOopMap {rbp=Oop [32]=Oop [40]=Oop [48]=NarrowOop [80]=Oop [88]=Oop [96]=Oop [104]=Oop [112]=Oop [120]=NarrowOop [128]=Oop [136]=Oop }
                      ;*invokestatic charAt {reexecute=0 rethrow=0 return_oop=0}
                      ; - java.lang.String::charAt@21
                      ; - java.io.WinNTFileSystem::normalize@31
                      ; - java.io.File::<init>@73
                      ; - jdk.internal.loader.URLClassPath$FileLoader::getResource@118
                      ; - jdk.internal.loader.URLClassPath::getResource@53
                      ; - java.net.URLClassLoader$1::run@26
                      ; - java.net.URLClassLoader$1::run@1
                      ; - java.security.AccessController::executePrivileged@29
                      ; - java.security.AccessController::doPrivileged@13
                      ; - java.net.URLClassLoader::findClass@13
  0x000001849ab6f048: 3400 89ff 

  0x000001849ab6f04c: ;   {other}
  0x000001849ab6f04c: 0f1f 8400 | 3c6b 0095 | 448b c0e9 | b7d4 ffff | 4533 dbe9 | eed7 ffff | 4533 d245 | 8bc2 e9c4 
  0x000001849ab6f06c: d6ff ffba | deff ffff | 4c8b 4424 | 284c 8944 | 2420 4c8b | 4424 404c | 8944 2428 | 4c8b 4424 
  0x000001849ab6f08c: 684c 8944 | 2430 4c8b | 4424 784c | 8944 2450 | 4c8b 4424 | 704c 8944 | 2460 4c8b | 8424 8800 
  0x000001849ab6f0ac: 0000 4c89 | 4424 704c | 8b84 2480 | 0000 004c | 8944 2478 | 4c89 9424 | 9000 0000 | 4c89 9c24 
  0x000001849ab6f0cc: 9800 0000 

  0x000001849ab6f0d0: ;   {runtime_call UncommonTrapBlob}
  0x000001849ab6f0d0: c5f8 77e8 

  0x000001849ab6f0d4: ; ImmutableOopMap {rbp=Oop [32]=Oop [40]=Oop [48]=Oop [80]=Oop [88]=NarrowOop [112]=Oop [120]=Oop [144]=Oop [152]=Oop [200]=Oop }
                      ;*invokevirtual getName {reexecute=0 rethrow=0 return_oop=0}
                      ; - java.util.jar.JarFile::getManifestFromReference@74
                      ; - java.util.jar.JarFile::getManifest@1
                      ; - jdk.internal.loader.URLClassPath$JarLoader$2::getManifest@22
                      ; - java.net.URLClassLoader::defineClass@34
                      ; - java.net.URLClassLoader$1::run@43
                      ; - java.net.URLClassLoader$1::run@1
                      ; - java.security.AccessController::executePrivileged@29
                      ; - java.security.AccessController::doPrivileged@13
                      ; - java.net.URLClassLoader::findClass@13
  0x000001849ab6f0d4: a852 89ff 

  0x000001849ab6f0d8: ;   {other}
  0x000001849ab6f0d8: 0f1f 8400 | c86b 0096 | ba0f 0000 | 004c 8b54 | 2448 4c89 | 5424 204c | 8b54 2440 | 4c89 5424 
  0x000001849ab6f0f8: 304c 8b54 | 2468 4c89 | 5424 384c | 8b54 2478 | 4c89 5424 | 604c 8b54 | 2470 4c89 | 5424 6890 
  0x000001849ab6f118: ;   {runtime_call UncommonTrapBlob}
  0x000001849ab6f118: c5f8 77e8 

  0x000001849ab6f11c: ; ImmutableOopMap {rbp=Oop [32]=Oop [40]=Oop [48]=Oop [56]=Oop [88]=NarrowOop [96]=Oop [128]=Oop [136]=Oop [144]=Oop [200]=Oop }
                      ;*new {reexecute=0 rethrow=0 return_oop=0}
                      ; - java.util.Hashtable::<init>@53
                      ; - java.util.Hashtable::<init>@5
                      ; - java.util.jar.JarVerifier::<init>@39
                      ; - java.util.jar.JarFile::getManifestFromReference@78
                      ; - java.util.jar.JarFile::getManifest@1
                      ; - jdk.internal.loader.URLClassPath$JarLoader$2::getManifest@22
                      ; - java.net.URLClassLoader::defineClass@34
                      ; - java.net.URLClassLoader$1::run@43
                      ; - java.net.URLClassLoader$1::run@1
                      ; - java.security.AccessController::executePrivileged@29
                      ; - java.security.AccessController::doPrivileged@13
                      ; - java.net.URLClassLoader::findClass@13
  0x000001849ab6f11c: 6052 89ff 

  0x000001849ab6f120: ;   {other}
  0x000001849ab6f120: 0f1f 8400 | 106c 0097 | ba0f 0000 | 004c 8b54 | 2448 4c89 | 5424 204c | 8b54 2440 | 4c89 5424 
  0x000001849ab6f140: 304c 8b54 | 2468 4c89 | 5424 384c | 8b54 2478 | 4c89 5424 | 604c 8b54 | 2470 4c89 | 5424 6890 
  0x000001849ab6f160: ;   {runtime_call UncommonTrapBlob}
  0x000001849ab6f160: c5f8 77e8 

  0x000001849ab6f164: ; ImmutableOopMap {rbp=Oop [32]=Oop [40]=Oop [48]=Oop [56]=Oop [88]=NarrowOop [96]=Oop [128]=Oop [136]=Oop [144]=Oop [200]=Oop }
                      ;*new {reexecute=0 rethrow=0 return_oop=0}
                      ; - java.util.Hashtable::<init>@53
                      ; - java.util.Hashtable::<init>@5
                      ; - java.util.jar.JarVerifier::<init>@50
                      ; - java.util.jar.JarFile::getManifestFromReference@78
                      ; - java.util.jar.JarFile::getManifest@1
                      ; - jdk.internal.loader.URLClassPath$JarLoader$2::getManifest@22
                      ; - java.net.URLClassLoader::defineClass@34
                      ; - java.net.URLClassLoader$1::run@43
                      ; - java.net.URLClassLoader$1::run@1
                      ; - java.security.AccessController::executePrivileged@29
                      ; - java.security.AccessController::doPrivileged@13
                      ; - java.net.URLClassLoader::findClass@13
  0x000001849ab6f164: 1852 89ff 

  0x000001849ab6f168: ;   {other}
  0x000001849ab6f168: 0f1f 8400 | 586c 0098 | ba0f 0000 | 004c 8b54 | 2448 4c89 | 5424 204c | 8b54 2440 | 4c89 5424 
  0x000001849ab6f188: 304c 8b54 | 2468 4c89 | 5424 384c | 8b54 2478 | 4c89 5424 | 604c 8b54 | 2470 4c89 | 5424 6890 
  0x000001849ab6f1a8: ;   {runtime_call UncommonTrapBlob}
  0x000001849ab6f1a8: c5f8 77e8 

  0x000001849ab6f1ac: ; ImmutableOopMap {rbp=Oop [32]=Oop [40]=Oop [48]=Oop [56]=Oop [88]=NarrowOop [96]=Oop [128]=Oop [136]=Oop [144]=Oop [200]=Oop }
                      ;*new {reexecute=0 rethrow=0 return_oop=0}
                      ; - java.util.Hashtable::<init>@53
                      ; - java.util.Hashtable::<init>@4
                      ; - java.util.jar.JarVerifier::<init>@63
                      ; - java.util.jar.JarFile::getManifestFromReference@78
                      ; - java.util.jar.JarFile::getManifest@1
                      ; - jdk.internal.loader.URLClassPath$JarLoader$2::getManifest@22
                      ; - java.net.URLClassLoader::defineClass@34
                      ; - java.net.URLClassLoader$1::run@43
                      ; - java.net.URLClassLoader$1::run@1
                      ; - java.security.AccessController::executePrivileged@29
                      ; - java.security.AccessController::doPrivileged@13
                      ; - java.net.URLClassLoader::findClass@13
  0x000001849ab6f1ac: d051 89ff 

  0x000001849ab6f1b0: ;   {other}
  0x000001849ab6f1b0: 0f1f 8400 | a06c 0099 | ba45 ffff | ff4c 896c | 2430 4889 | 5c24 404c | 894c 2448 | 4c89 4c24 
  0x000001849ab6f1d0: 5048 895c | 2458 4c8b | 5c24 784c | 895c 2468 | 448b 8c24 | 8800 0000 | 4489 4c24 | 7c4c 8984 
  0x000001849ab6f1f0: 2488 0000 | 0044 89b4 | 24a8 0000 | 004c 8984 | 24b0 0000 | 0048 898c | 24b8 0000 | 0044 8994 
  0x000001849ab6f210: 24ac 0000 | 0066 6690 

  0x000001849ab6f218: ;   {runtime_call UncommonTrapBlob}
  0x000001849ab6f218: c5f8 77e8 

  0x000001849ab6f21c: ; ImmutableOopMap {rbp=NarrowOop [40]=Oop [48]=Oop [64]=Oop [72]=Oop [80]=Oop [88]=Oop [104]=Oop [124]=NarrowOop [136]=Oop [144]=Oop [168]=NarrowOop [176]=Oop [184]=Oop }
                      ;*ifnull {reexecute=1 rethrow=0 return_oop=0}
                      ; - (reexecute) java.util.concurrent.ConcurrentHashMap::get@143
                      ; - java.lang.ClassLoader::definePackage@47
                      ; - java.lang.ClassLoader::getDefinedPackage@32
                      ; - java.net.URLClassLoader::getAndVerifyPackage@2
                      ; - java.net.URLClassLoader::defineClass@46
                      ; - java.net.URLClassLoader$1::run@43
                      ; - java.net.URLClassLoader$1::run@1
                      ; - java.security.AccessController::executePrivileged@29
                      ; - java.security.AccessController::doPrivileged@13
                      ; - java.net.URLClassLoader::findClass@13
  0x000001849ab6f21c: 6051 89ff 

  0x000001849ab6f220: ;   {other}
  0x000001849ab6f220: 0f1f 8400 | 106d 009a | ba45 ffff | ff48 8b6c | 2448 4c8b | 5424 284c | 8954 2420 | 4c8b 5424 
  0x000001849ab6f240: 404c 8954 | 2428 4c8b | 5424 684c | 8954 2430 | 4c8b 9424 | 9000 0000 | 4c89 5424 | 604c 8b54 
  0x000001849ab6f260: 2470 4c89 | 5424 6844 | 8b54 2478 | 4489 5424 | 704c 8b94 | 2498 0000 | 004c 8994 | 2490 0000 
  0x000001849ab6f280: 004c 8b94 | 2480 0000 | 004c 8954 | 2478 448b | 9c24 8c00 | 0000 4489 | 9c24 8800 | 0000 448b 
  0x000001849ab6f2a0: 9424 a000 | 0000 4489 | 9424 8c00 | 0000 8984 | 24a0 0000 | 0066 6690 

  0x000001849ab6f2b8: ;   {runtime_call UncommonTrapBlob}
  0x000001849ab6f2b8: c5f8 77e8 

  0x000001849ab6f2bc: ; ImmutableOopMap {rbp=Oop [32]=Oop [40]=Oop [48]=Oop [96]=Oop [112]=NarrowOop [120]=Oop [128]=Oop [136]=NarrowOop [144]=Oop [168]=Oop }
                      ;*ifeq {reexecute=1 rethrow=0 return_oop=0}
                      ; - (reexecute) java.util.concurrent.ConcurrentHashMap::get@152
                      ; - java.lang.ClassLoader::definePackage@47
                      ; - java.lang.ClassLoader::getDefinedPackage@32
                      ; - java.net.URLClassLoader::getAndVerifyPackage@2
                      ; - java.net.URLClassLoader::defineClass@46
                      ; - java.net.URLClassLoader$1::run@43
                      ; - java.net.URLClassLoader$1::run@1
                      ; - java.security.AccessController::executePrivileged@29
                      ; - java.security.AccessController::doPrivileged@13
                      ; - java.net.URLClassLoader::findClass@13
  0x000001849ab6f2bc: c050 89ff 

  0x000001849ab6f2c0: ;   {other}
  0x000001849ab6f2c0: 0f1f 8400 | b06d 009b | 498b f048 | 8b7c 2450 | 498b d7c5 | f877 49ba | 20a4 d642 | ff7f 0000 
  0x000001849ab6f2e0: ;   {other}
  0x000001849ab6f2e0: 41ff d20f | 1f84 0000 | 0000 00e9 | b6d8 ffff | 498b d849 | 8bd7 c5f8 | 7749 ba20 | a4d6 42ff 
  0x000001849ab6f300: 7f00 0041 

  0x000001849ab6f304: ;   {other}
  0x000001849ab6f304: ffd2 0f1f | 8400 0000 | 0000 4c8b | c3e9 b8c4 | ffff bade | ffff ff48 | 8b6c 2448 | 4c8b 4424 
  0x000001849ab6f324: 284c 8944 | 2420 4c8b | 4424 404c | 8944 2428 | 4c8b 4424 | 684c 8944 | 2430 4c8b | 4424 784c 
  0x000001849ab6f344: 8944 2460 | 4c8b 4424 | 704c 8944 | 2468 4c89 | 5424 784c | 899c 2480 | 0000 0090 

  0x000001849ab6f360: ;   {runtime_call UncommonTrapBlob}
  0x000001849ab6f360: c5f8 77e8 

  0x000001849ab6f364: ; ImmutableOopMap {rbp=Oop [32]=Oop [40]=Oop [48]=Oop [80]=Oop [88]=NarrowOop [96]=Oop [120]=Oop [128]=Oop [200]=Oop }
                      ;*invokevirtual close {reexecute=0 rethrow=0 return_oop=0}
                      ; - java.util.jar.JarFile::getManifestFromReference@152
                      ; - java.util.jar.JarFile::getManifest@1
                      ; - jdk.internal.loader.URLClassPath$JarLoader$2::getManifest@22
                      ; - java.net.URLClassLoader::defineClass@34
                      ; - java.net.URLClassLoader$1::run@43
                      ; - java.net.URLClassLoader$1::run@1
                      ; - java.security.AccessController::executePrivileged@29
                      ; - java.security.AccessController::doPrivileged@13
                      ; - java.net.URLClassLoader::findClass@13
  0x000001849ab6f364: 1850 89ff 

  0x000001849ab6f368: ;   {other}
  0x000001849ab6f368: 0f1f 8400 | 586e 009c 

  0x000001849ab6f370: ;   {metadata('java/io/File')}
  0x000001849ab6f370: 48ba 10f6 | 04a7 8401 | 0000 6690 

  0x000001849ab6f37c: ;   {runtime_call _new_instance_Java}
  0x000001849ab6f37c: c5f8 77e8 

  0x000001849ab6f380: ; ImmutableOopMap {rbp=Oop [32]=Oop [40]=Oop [48]=NarrowOop [80]=Oop [88]=Oop [96]=Oop [104]=Oop [112]=Oop [120]=NarrowOop }
                      ;*new {reexecute=0 rethrow=0 return_oop=1}
                      ; - jdk.internal.loader.URLClassPath$FileLoader::getResource@101
                      ; - jdk.internal.loader.URLClassPath::getResource@53
                      ; - java.net.URLClassLoader$1::run@26
                      ; - java.net.URLClassLoader$1::run@1
                      ; - java.security.AccessController::executePrivileged@29
                      ; - java.security.AccessController::doPrivileged@13
                      ; - java.net.URLClassLoader::findClass@13
  0x000001849ab6f380: 7c47 95ff 

  0x000001849ab6f384: ;   {other}
  0x000001849ab6f384: 0f1f 8400 | 746e 009d | e914 d0ff | ffba 45ff | ffff 4c8b | 5424 484c | 8954 2420 | 4c8b 5424 
  0x000001849ab6f3a4: 404c 8954 | 2430 4c8b | 5424 684c | 8954 2438 | 4c8b 5424 | 784c 8954 | 2460 4c8b | 5424 704c 
  0x000001849ab6f3c4: 8954 2468 | 4c89 5c24 | 7866 6690 

  0x000001849ab6f3d0: ;   {runtime_call UncommonTrapBlob}
  0x000001849ab6f3d0: c5f8 77e8 

  0x000001849ab6f3d4: ; ImmutableOopMap {[32]=Oop [40]=Oop [48]=Oop [56]=Oop [88]=NarrowOop [96]=Oop [120]=Oop [128]=Oop [200]=Oop }
                      ;*ifne {reexecute=1 rethrow=0 return_oop=0}
                      ; - (reexecute) java.util.jar.JarFile::getManifestFromReference@52
                      ; - java.util.jar.JarFile::getManifest@1
                      ; - jdk.internal.loader.URLClassPath$JarLoader$2::getManifest@22
                      ; - java.net.URLClassLoader::defineClass@34
                      ; - java.net.URLClassLoader$1::run@43
                      ; - java.net.URLClassLoader$1::run@1
                      ; - java.security.AccessController::executePrivileged@29
                      ; - java.security.AccessController::doPrivileged@13
                      ; - java.net.URLClassLoader::findClass@13
  0x000001849ab6f3d4: a84f 89ff 

  0x000001849ab6f3d8: ;   {other}
  0x000001849ab6f3d8: 0f1f 8400 | c86e 009e | ba45 ffff | ff4c 8b54 | 2428 4c89 | 5424 204c | 8b54 2440 | 4c89 5424 
  0x000001849ab6f3f8: 284c 8b54 | 2468 4c89 | 5424 304c | 8b54 2478 | 4c89 5424 | 504c 8b54 | 2470 4c89 | 5424 6089 
  0x000001849ab6f418: 4424 5c90 

  0x000001849ab6f41c: ;   {runtime_call UncommonTrapBlob}
  0x000001849ab6f41c: c5f8 77e8 

  0x000001849ab6f420: ; ImmutableOopMap {rbp=Oop [32]=Oop [40]=Oop [48]=Oop [80]=Oop [88]=NarrowOop [128]=Oop [136]=Oop [200]=Oop }
                      ;*if_icmpne {reexecute=1 rethrow=0 return_oop=0}
                      ; - (reexecute) java.util.jar.JarFile::getManifestFromReference@65
                      ; - java.util.jar.JarFile::getManifest@1
                      ; - jdk.internal.loader.URLClassPath$JarLoader$2::getManifest@22
                      ; - java.net.URLClassLoader::defineClass@34
                      ; - java.net.URLClassLoader$1::run@43
                      ; - java.net.URLClassLoader$1::run@1
                      ; - java.security.AccessController::executePrivileged@29
                      ; - java.security.AccessController::doPrivileged@13
                      ; - java.net.URLClassLoader::findClass@13
  0x000001849ab6f420: 5c4f 89ff 

  0x000001849ab6f424: ;   {other}
  0x000001849ab6f424: 0f1f 8400 | 146f 009f | 498b d7c5 | f877 49ba | 20a4 d642 | ff7f 0000 

  0x000001849ab6f43c: ;   {other}
  0x000001849ab6f43c: 41ff d20f | 1f84 0000 | 0000 00e9 | e4d9 ffff | 498b d7c5 | f877 49ba | 20a4 d642 | ff7f 0000 
  0x000001849ab6f45c: ;   {other}
  0x000001849ab6f45c: 41ff d20f | 1f84 0000 | 0000 00e9 | bbb9 ffff | 498b d7c5 | f877 49ba | 20a4 d642 | ff7f 0000 
  0x000001849ab6f47c: ;   {other}
  0x000001849ab6f47c: 41ff d20f | 1f84 0000 | 0000 00e9 | 5ab9 ffff | 498b d7c5 | f877 49ba | 20a4 d642 | ff7f 0000 
  0x000001849ab6f49c: ;   {other}
  0x000001849ab6f49c: 41ff d20f | 1f84 0000 | 0000 00e9 | f7ba ffff | 498b d7c5 | f877 49ba | 20a4 d642 | ff7f 0000 
  0x000001849ab6f4bc: ;   {other}
  0x000001849ab6f4bc: 41ff d20f | 1f84 0000 | 0000 00e9 | 96ba ffff | 498b d7c5 | f877 49ba | 20a4 d642 | ff7f 0000 
  0x000001849ab6f4dc: ;   {other}
  0x000001849ab6f4dc: 41ff d20f | 1f84 0000 | 0000 00e9 | 9fda ffff | 498b d7c5 | f877 49ba | 20a4 d642 | ff7f 0000 
  0x000001849ab6f4fc: ;   {other}
  0x000001849ab6f4fc: 41ff d20f | 1f84 0000 | 0000 00e9 | d1bd ffff | 498b d7c5 | f877 49ba | 20a4 d642 | ff7f 0000 
  0x000001849ab6f51c: ;   {other}
  0x000001849ab6f51c: 41ff d20f | 1f84 0000 | 0000 00e9 | fdbb ffff | 498b d7c5 | f877 49ba | 20a4 d642 | ff7f 0000 
  0x000001849ab6f53c: ;   {other}
  0x000001849ab6f53c: 41ff d20f | 1f84 0000 | 0000 00e9 | b7da ffff | 498b d7c5 | f877 49ba | 20a4 d642 | ff7f 0000 
  0x000001849ab6f55c: ;   {other}
  0x000001849ab6f55c: 41ff d20f | 1f84 0000 | 0000 00e9 | 99be ffff | 498b d7c5 | f877 49ba | 20a4 d642 | ff7f 0000 
  0x000001849ab6f57c: ;   {other}
  0x000001849ab6f57c: 41ff d20f | 1f84 0000 | 0000 00e9 | e9da ffff | 498b d7c5 | f877 49ba | 20a4 d642 | ff7f 0000 
  0x000001849ab6f59c: ;   {other}
  0x000001849ab6f59c: 41ff d20f | 1f84 0000 | 0000 00e9 | 8cda ffff | 498b d7c5 | f877 49ba | 20a4 d642 | ff7f 0000 
  0x000001849ab6f5bc: ;   {other}
  0x000001849ab6f5bc: 41ff d20f | 1f84 0000 | 0000 00e9 | 58c0 ffff | 498b d7c5 | f877 49ba | 20a4 d642 | ff7f 0000 
  0x000001849ab6f5dc: ;   {other}
  0x000001849ab6f5dc: 41ff d20f | 1f84 0000 | 0000 00e9 | 04db ffff | 498b d7c5 | f877 49ba | 20a4 d642 | ff7f 0000 
  0x000001849ab6f5fc: ;   {other}
  0x000001849ab6f5fc: 41ff d20f | 1f84 0000 | 0000 00e9 | c2bf ffff | 498b d7c5 | f877 49ba | 20a4 d642 | ff7f 0000 
  0x000001849ab6f61c: ;   {other}
  0x000001849ab6f61c: 41ff d20f | 1f84 0000 | 0000 004c | 8bc5 e907 | c1ff ff49 | 8bd7 c5f8 | 7749 ba20 | a4d6 42ff 
  0x000001849ab6f63c: 7f00 0041 

  0x000001849ab6f640: ;   {other}
  0x000001849ab6f640: ffd2 0f1f | 8400 0000 | 0000 e987 | b3ff ff49 | 8bd7 c5f8 | 7749 ba20 | a4d6 42ff | 7f00 0041 
  0x000001849ab6f660: ;   {other}
  0x000001849ab6f660: ffd2 0f1f | 8400 0000 | 0000 e900 | e2ff ff49 | 8bf9 498b | d849 8bd7 | c5f8 7749 | ba20 a4d6 
  0x000001849ab6f680: 42ff 7f00 | 0041 ffd2 

  0x000001849ab6f688: ;   {other}
  0x000001849ab6f688: 0f1f 8400 | 0000 0000 | 4c8b c34c | 8bcf e922 | b4ff ff49 | 8bd7 c5f8 | 7749 ba20 | a4d6 42ff 
  0x000001849ab6f6a8: 7f00 0041 

  0x000001849ab6f6ac: ;   {other}
  0x000001849ab6f6ac: ffd2 0f1f | 8400 0000 | 0000 4c8b | d5e9 6cb4 | ffff bae4 | ffff ff4c | 8b54 2460 | 4c89 5424 
  0x000001849ab6f6cc: 204c 8b54 | 2450 448b | 5c24 4044 | 895c 2434 | 4c89 5424 | 404c 8b54 | 2468 4c89 | 5424 504c 
  0x000001849ab6f6ec: 8b54 2470 | 4c89 5424 | 604c 8b94 | 2480 0000 | 004c 8954 | 2470 448b | 9c24 a800 | 0000 4489 
  0x000001849ab6f70c: 9c24 9800 | 0000 4489 | 8c24 a000 | 0000 6690 

  0x000001849ab6f71c: ;   {runtime_call UncommonTrapBlob}
  0x000001849ab6f71c: c5f8 77e8 

  0x000001849ab6f720: ; ImmutableOopMap {[32]=Oop [40]=Oop [48]=NarrowOop [64]=Oop [80]=Oop [88]=Oop [96]=Oop [112]=Oop [120]=NarrowOop [128]=Oop [136]=Oop [160]=NarrowOop }
                      ;*invokestatic checkIndex {reexecute=0 rethrow=0 return_oop=0}
                      ; - java.lang.String::checkIndex@5
                      ; - java.lang.StringLatin1::charAt@3
                      ; - java.lang.String::charAt@12
                      ; - java.io.WinNTFileSystem::normalize@31
                      ; - java.io.File::<init>@73
                      ; - jdk.internal.loader.URLClassPath$FileLoader::getResource@118
                      ; - jdk.internal.loader.URLClassPath::getResource@53
                      ; - java.net.URLClassLoader$1::run@26
                      ; - java.net.URLClassLoader$1::run@1
                      ; - java.security.AccessController::executePrivileged@29
                      ; - java.security.AccessController::doPrivileged@13
                      ; - java.net.URLClassLoader::findClass@13
  0x000001849ab6f720: 5c4c 89ff 

  0x000001849ab6f724: ;   {other}
  0x000001849ab6f724: 0f1f 8400 | 1472 00a0 | ba45 ffff | ff4c 8b54 | 2428 4c89 | 5424 204c | 8b54 2440 | 4c89 5424 
  0x000001849ab6f744: 284c 8b54 | 2468 4c89 | 5424 304c | 8b54 2470 | 4c89 5424 | 6844 8b54 | 2458 4489 | 5424 544c 
  0x000001849ab6f764: 8b54 2478 | 4c89 5424 | 7048 8984 | 2480 0000 | 0066 6690 

  0x000001849ab6f778: ;   {runtime_call UncommonTrapBlob}
  0x000001849ab6f778: c5f8 77e8 

  0x000001849ab6f77c: ; ImmutableOopMap {rbp=Oop [32]=Oop [40]=Oop [48]=Oop [80]=NarrowOop [84]=NarrowOop [112]=Oop [128]=Oop [200]=Oop }
                      ;*ifnull {reexecute=1 rethrow=0 return_oop=0}
                      ; - (reexecute) java.util.jar.JarFile::maybeInstantiateVerifier@27
                      ; - java.util.jar.JarFile::ensureInitialization@1
                      ; - java.util.jar.JavaUtilJarAccessImpl::ensureInitialization@1
                      ; - jdk.internal.loader.URLClassPath$JarLoader$2::getManifest@10
                      ; - java.net.URLClassLoader::defineClass@34
                      ; - java.net.URLClassLoader$1::run@43
                      ; - java.net.URLClassLoader$1::run@1
                      ; - java.security.AccessController::executePrivileged@29
                      ; - java.security.AccessController::doPrivileged@13
                      ; - java.net.URLClassLoader::findClass@13
  0x000001849ab6f77c: 004c 89ff 

  0x000001849ab6f780: ;   {other}
  0x000001849ab6f780: 0f1f 8400 | 7072 00a1 | ba45 ffff | ff4c 8b54 | 2460 4c89 | 5424 204c | 8b54 2440 | 4c89 5424 
  0x000001849ab6f7a0: 304c 8b54 | 2468 4c89 | 5424 384c | 8b54 2470 | 4c89 5424 | 6844 8984 | 2480 0000 | 0066 6690 
  0x000001849ab6f7c0: ;   {runtime_call UncommonTrapBlob}
  0x000001849ab6f7c0: c5f8 77e8 

  0x000001849ab6f7c4: ; ImmutableOopMap {rbp=NarrowOop [32]=Oop [40]=Oop [48]=Oop [56]=Oop [88]=NarrowOop [120]=Oop [128]=NarrowOop [200]=Oop }
                      ;*ifnull {reexecute=1 rethrow=0 return_oop=0}
                      ; - (reexecute) java.util.jar.JarFile::ensureInitialization@21
                      ; - java.util.jar.JavaUtilJarAccessImpl::ensureInitialization@1
                      ; - jdk.internal.loader.URLClassPath$JarLoader$2::getManifest@10
                      ; - java.net.URLClassLoader::defineClass@34
                      ; - java.net.URLClassLoader$1::run@43
                      ; - java.net.URLClassLoader$1::run@1
                      ; - java.security.AccessController::executePrivileged@29
                      ; - java.security.AccessController::doPrivileged@13
                      ; - java.net.URLClassLoader::findClass@13
  0x000001849ab6f7c4: b84b 89ff 

  0x000001849ab6f7c8: ;   {other}
  0x000001849ab6f7c8: 0f1f 8400 | b872 00a2 | 498b d045 | 33c0 6690 

  0x000001849ab6f7d8: ;   {static_call}
  0x000001849ab6f7d8: c5f8 77e8 

  0x000001849ab6f7dc: ; ImmutableOopMap {rbp=Oop [32]=Oop [40]=Oop [48]=NarrowOop [80]=Oop [88]=Oop [96]=Oop [104]=Oop [112]=Oop [120]=Oop [128]=Oop }
                      ;*invokestatic charAt {reexecute=0 rethrow=0 return_oop=0}
                      ; - java.lang.String::charAt@21
                      ; - java.io.WinNTFileSystem::prefixLength@18
                      ; - java.io.File::<init>@104
                      ; - jdk.internal.loader.URLClassPath$FileLoader::getResource@73
                      ; - jdk.internal.loader.URLClassPath::getResource@53
                      ; - java.net.URLClassLoader$1::run@26
                      ; - java.net.URLClassLoader$1::run@1
                      ; - java.security.AccessController::executePrivileged@29
                      ; - java.security.AccessController::doPrivileged@13
                      ; - java.net.URLClassLoader::findClass@13
  0x000001849ab6f7dc: a0f8 88ff 

  0x000001849ab6f7e0: ;   {other}
  0x000001849ab6f7e0: 0f1f 8400 | d072 00a3 | 8984 2490 | 0000 00e9 | 14c6 ffff | 498b d341 | b801 0000 | 0066 6690 
  0x000001849ab6f800: ;   {static_call}
  0x000001849ab6f800: c5f8 77e8 

  0x000001849ab6f804: ; ImmutableOopMap {rbp=Oop [32]=Oop [40]=Oop [48]=NarrowOop [80]=Oop [88]=Oop [96]=Oop [104]=Oop [112]=Oop [120]=Oop [128]=Oop }
                      ;*invokestatic charAt {reexecute=0 rethrow=0 return_oop=0}
                      ; - java.lang.String::charAt@21
                      ; - java.io.WinNTFileSystem::prefixLength@30
                      ; - java.io.File::<init>@104
                      ; - jdk.internal.loader.URLClassPath$FileLoader::getResource@73
                      ; - jdk.internal.loader.URLClassPath::getResource@53
                      ; - java.net.URLClassLoader$1::run@26
                      ; - java.net.URLClassLoader$1::run@1
                      ; - java.security.AccessController::executePrivileged@29
                      ; - java.security.AccessController::doPrivileged@13
                      ; - java.net.URLClassLoader::findClass@13
  0x000001849ab6f804: 78f8 88ff 

  0x000001849ab6f808: ;   {other}
  0x000001849ab6f808: 0f1f 8400 | f872 00a4 | 448b c0e9 | 2ec6 ffff | 498b d241 | b802 0000 | 0048 8b6c | 2460 6690 
  0x000001849ab6f828: ;   {static_call}
  0x000001849ab6f828: c5f8 77e8 

  0x000001849ab6f82c: ; ImmutableOopMap {rbp=Oop [32]=Oop [40]=Oop [48]=NarrowOop [80]=Oop [88]=Oop [96]=Oop [104]=Oop [112]=Oop [128]=Oop }
                      ;*invokestatic charAt {reexecute=0 rethrow=0 return_oop=0}
                      ; - java.lang.String::charAt@21
                      ; - java.io.WinNTFileSystem::prefixLength@78
                      ; - java.io.File::<init>@104
                      ; - jdk.internal.loader.URLClassPath$FileLoader::getResource@73
                      ; - jdk.internal.loader.URLClassPath::getResource@53
                      ; - java.net.URLClassLoader$1::run@26
                      ; - java.net.URLClassLoader$1::run@1
                      ; - java.security.AccessController::executePrivileged@29
                      ; - java.security.AccessController::doPrivileged@13
                      ; - java.net.URLClassLoader::findClass@13
  0x000001849ab6f82c: 50f8 88ff 

  0x000001849ab6f830: ;   {other}
  0x000001849ab6f830: 0f1f 8400 | 2073 00a5 | 448b d8e9 | 10c7 ffff | e9a6 0000 | 0044 8b58 | 0849 ba00 | 0000 a784 
  0x000001849ab6f850: 0100 004d | 03d3 eb50 | eb3d 448b | 4008 49bb | 0000 00a7 | 8401 0000 | 4d03 d8eb | 1144 8b50 
  0x000001849ab6f870: 0849 bb00 | 0000 a784 | 0100 004d | 03da 4d8b 

  0x000001849ab6f880: ;   {metadata('java/lang/RuntimeException')}
  0x000001849ab6f880: 5348 49b8 | a8b7 05a7 | 8401 0000 | 4d3b d075 | 62eb 28eb | 02eb 0044 | 8b40 0849 | ba00 0000 
  0x000001849ab6f8a0: a784 0100 | 004d 03d0 | 4d8b 5a48 

  0x000001849ab6f8ac: ;   {metadata('java/lang/RuntimeException')}
  0x000001849ab6f8ac: 49b8 a8b7 | 05a7 8401 | 0000 4d3b | d875 0848 | 8bd0 e940 | abff ff4d 

  0x000001849ab6f8c4: ;   {metadata('java/lang/Exception')}
  0x000001849ab6f8c4: 8b52 4049 | bb20 c000 | a784 0100 | 004d 3bd3 | 0f84 3306 | 0000 448b 

  0x000001849ab6f8dc: ;   {metadata('java/security/PrivilegedActionException')}
  0x000001849ab6f8dc: 5808 4181 | fbe8 af12 | 010f 843d | 0600 0048 | 8bd0 e910 | abff ff4d 

  0x000001849ab6f8f4: ;   {metadata('java/lang/Exception')}
  0x000001849ab6f8f4: 8b5b 4049 | b820 c000 | a784 0100 | 004d 3bd8 | 0f84 3e0a 

  0x000001849ab6f908: ;   {metadata('java/security/PrivilegedActionException')}
  0x000001849ab6f908: 0000 49bb | e8af 12a8 | 8401 0000 | 4d3b d30f | 846b 0a00 | 0044 8b50 | 0849 bb00 | 0000 a784 
  0x000001849ab6f928: 0100 004d | 03da 4d8b 

  0x000001849ab6f930: ;   {metadata('java/io/IOException')}
  0x000001849ab6f930: 5348 49bb | 5853 04a8 | 8401 0000 | 4d3b d30f | 8552 ffff | ff4c 8bd8 | 498b 87b8 | 0100 004c 
  0x000001849ab6f950: 8bd0 4983 | c228 4d3b | 97c8 0100 | 000f 8381 | 0500 004d | 8997 b801 | 0000 410f | 1882 0001 
  0x000001849ab6f970: 0000 48c7 | 0001 0000 

  0x000001849ab6f978: ;   {metadata('java/lang/InternalError')}
  0x000001849ab6f978: 00c7 4008 | 3807 0100 | 4489 600c | 4c89 6010 | 4c89 6018 | 4c89 6020 | 4c89 5c24 | 384c 8bd0 
  0x000001849ab6f998: 4c89 5424 | 4848 8b6c | 2428 448b | 5c24 3044 | 895c 2420 | 4c8b 5424 | 504c 8954 | 2428 448b 
  0x000001849ab6f9b8: 5424 4044 | 8954 2424 | 488b 5424 | 484c 8b44 | 2438 4c8b | 5424 604c | 8954 2438 

  0x000001849ab6f9d4: ;   {optimized virtual_call}
  0x000001849ab6f9d4: c5f8 77e8 

  0x000001849ab6f9d8: ; ImmutableOopMap {rbp=Oop [32]=NarrowOop [40]=Oop [56]=Oop [72]=Oop [96]=Oop [104]=Oop }
                      ;*invokespecial <init> {reexecute=0 rethrow=0 return_oop=0}
                      ; - jdk.internal.loader.URLClassPath$JarLoader::getResource@13
                      ; - jdk.internal.loader.URLClassPath::getResource@53
                      ; - java.net.URLClassLoader$1::run@26
                      ; - java.net.URLClassLoader$1::run@1
                      ; - java.security.AccessController::executePrivileged@29
                      ; - java.security.AccessController::doPrivileged@13
                      ; - java.net.URLClassLoader::findClass@13
  0x000001849ab6f9d8: a4f0 88ff 

  0x000001849ab6f9dc: ;   {other}
  0x000001849ab6f9dc: 0f1f 8400 | cc74 00a6 | 488b 5424 | 48e9 15aa | ffff baf6 | ffff ff4c | 8b54 2460 | 4c89 5424 
  0x000001849ab6f9fc: 2044 8b54 | 2440 4489 | 5424 344c | 8b54 2450 | 4c89 5424 | 4066 6690 

  0x000001849ab6fa14: ;   {runtime_call UncommonTrapBlob}
  0x000001849ab6fa14: c5f8 77e8 

  0x000001849ab6fa18: ; ImmutableOopMap {rbp=NarrowOop [32]=Oop [40]=Oop [48]=NarrowOop [64]=Oop [88]=Oop [104]=Oop [112]=Oop }
                      ;*invokevirtual startsWith {reexecute=0 rethrow=0 return_oop=0}
                      ; - jdk.internal.loader.URLClassPath$FileLoader::getResource@31
                      ; - jdk.internal.loader.URLClassPath::getResource@53
                      ; - java.net.URLClassLoader$1::run@26
                      ; - java.net.URLClassLoader$1::run@1
                      ; - java.security.AccessController::executePrivileged@29
                      ; - java.security.AccessController::doPrivileged@13
                      ; - java.net.URLClassLoader::findClass@13
  0x000001849ab6fa18: 6449 89ff 

  0x000001849ab6fa1c: ;   {other}
  0x000001849ab6fa1c: 0f1f 8400 | 0c75 00a7 | bac6 ffff | ff48 8b6c | 2460 4c8b | 5c24 284c | 895c 2420 | 448b 4424 
  0x000001849ab6fa3c: 3044 8944 | 2428 4c8b | 5c24 5044 | 8954 242c | 4889 4424 | 384c 895c | 2440 6690 

  0x000001849ab6fa58: ;   {runtime_call UncommonTrapBlob}
  0x000001849ab6fa58: c5f8 77e8 

  0x000001849ab6fa5c: ; ImmutableOopMap {rbp=Oop [32]=Oop [40]=NarrowOop [56]=Oop [64]=Oop [104]=Oop }
                      ;*invokevirtual getResource {reexecute=0 rethrow=0 return_oop=0}
                      ; - jdk.internal.loader.URLClassPath::getResource@53
                      ; - java.net.URLClassLoader$1::run@26
                      ; - java.net.URLClassLoader$1::run@1
                      ; - java.security.AccessController::executePrivileged@29
                      ; - java.security.AccessController::doPrivileged@13
                      ; - java.net.URLClassLoader::findClass@13
  0x000001849ab6fa5c: 2049 89ff 

  0x000001849ab6fa60: ;   {other}
  0x000001849ab6fa60: 0f1f 8400 | 5075 00a8 | baf6 ffff | ff4c 8b54 | 2460 4c89 | 5424 204c | 8b54 2450 | 448b 5c24 
  0x000001849ab6fa80: 4044 895c | 2434 4c89 | 5424 404c | 8b54 2468 | 4c89 5424 | 5066 6690 

  0x000001849ab6fa98: ;   {runtime_call UncommonTrapBlob}
  0x000001849ab6fa98: c5f8 77e8 

  0x000001849ab6fa9c: ; ImmutableOopMap {rbp=NarrowOop [32]=Oop [40]=Oop [48]=NarrowOop [64]=Oop [80]=Oop [88]=Oop [112]=Oop [120]=Oop }
                      ;*invokevirtual startsWith {reexecute=0 rethrow=0 return_oop=0}
                      ; - jdk.internal.loader.URLClassPath$FileLoader::getResource@93
                      ; - jdk.internal.loader.URLClassPath::getResource@53
                      ; - java.net.URLClassLoader$1::run@26
                      ; - java.net.URLClassLoader$1::run@1
                      ; - java.security.AccessController::executePrivileged@29
                      ; - java.security.AccessController::doPrivileged@13
                      ; - java.net.URLClassLoader::findClass@13
  0x000001849ab6fa9c: e048 89ff 

  0x000001849ab6faa0: ;   {other}
  0x000001849ab6faa0: 0f1f 8400 | 9075 00a9 | 33ed 4585 | c040 0f96 | c5ba 45ff | ffff 4c8b | 5424 604c | 8954 2420 
  0x000001849ab6fac0: 448b 5424 | 4044 8954 | 2434 4c8b | 5424 504c | 8954 2440 | 4c8b 5424 | 684c 8954 | 2450 4c8b 
  0x000001849ab6fae0: 5424 704c | 8954 2460 | 4c8b 9424 | 8000 0000 | 4c89 5424 | 7066 6690 

  0x000001849ab6faf8: ;   {runtime_call UncommonTrapBlob}
  0x000001849ab6faf8: c5f8 77e8 

  0x000001849ab6fafc: ; ImmutableOopMap {[32]=Oop [40]=Oop [48]=NarrowOop [64]=Oop [80]=Oop [88]=Oop [96]=Oop [112]=Oop [128]=Oop [136]=Oop }
                      ;*ifeq {reexecute=1 rethrow=0 return_oop=0}
                      ; - (reexecute) java.io.File::<init>@32
                      ; - jdk.internal.loader.URLClassPath$FileLoader::getResource@73
                      ; - jdk.internal.loader.URLClassPath::getResource@53
                      ; - java.net.URLClassLoader$1::run@26
                      ; - java.net.URLClassLoader$1::run@1
                      ; - java.security.AccessController::executePrivileged@29
                      ; - java.security.AccessController::doPrivileged@13
                      ; - java.net.URLClassLoader::findClass@13
  0x000001849ab6fafc: 8048 89ff 

  0x000001849ab6fb00: ;   {other}
  0x000001849ab6fb00: 0f1f 8400 | f075 00aa | bae4 ffff | ff4c 8b54 | 2428 4c89 | 5424 2044 | 8b5c 2430 | 4489 5c24 
  0x000001849ab6fb20: 2844 8b54 | 2440 4489 | 5424 2c4c | 8b54 2450 | 4c89 5424 | 384c 8b54 | 2468 4c89 | 5424 484c 
  0x000001849ab6fb40: 8b54 2458 | 4c89 5424 | 504c 8b54 | 2470 4c89 | 5424 584c | 8b94 2480 | 0000 004c | 8954 2468 
  0x000001849ab6fb60: 4c8b 5424 | 784c 8954 | 2470 4489 | 8424 8000 | 0000 898c | 2484 0000 | 0066 6690 

  0x000001849ab6fb7c: ;   {runtime_call UncommonTrapBlob}
  0x000001849ab6fb7c: c5f8 77e8 

  0x000001849ab6fb80: ; ImmutableOopMap {rbp=Oop [32]=Oop [40]=NarrowOop [56]=Oop [72]=Oop [80]=Oop [88]=Oop [104]=Oop [112]=Oop [128]=NarrowOop }
                      ;*invokestatic checkIndex {reexecute=0 rethrow=0 return_oop=0}
                      ; - java.lang.String::checkIndex@5
                      ; - java.lang.StringLatin1::charAt@3
                      ; - java.lang.String::charAt@12
                      ; - java.io.WinNTFileSystem::prefixLength@18
                      ; - java.io.File::<init>@104
                      ; - jdk.internal.loader.URLClassPath$FileLoader::getResource@73
                      ; - jdk.internal.loader.URLClassPath::getResource@53
                      ; - java.net.URLClassLoader$1::run@26
                      ; - java.net.URLClassLoader$1::run@1
                      ; - java.security.AccessController::executePrivileged@29
                      ; - java.security.AccessController::doPrivileged@13
                      ; - java.net.URLClassLoader::findClass@13
  0x000001849ab6fb80: fc47 89ff 

  0x000001849ab6fb84: ;   {other}
  0x000001849ab6fb84: 0f1f 8400 | 7476 00ab | bae4 ffff | ff4c 8b54 | 2460 4c89 | 5424 2044 | 8b54 2440 | 4489 5424 
  0x000001849ab6fba4: 344c 8b54 | 2450 4c89 | 5424 404c | 8b54 2468 | 4c89 5424 | 504c 8b54 | 2470 4c89 | 5424 604c 
  0x000001849ab6fbc4: 8b94 2480 | 0000 004c | 8954 2470 | 448b 9c24 | 8c00 0000 | 4489 9c24 | 8000 0000 | 448b 9424 
  0x000001849ab6fbe4: 8800 0000 | 4489 9424 | 8400 0000 | 4489 8c24 | 8c00 0000 

  0x000001849ab6fbf8: ;   {runtime_call UncommonTrapBlob}
  0x000001849ab6fbf8: c5f8 77e8 

  0x000001849ab6fbfc: ; ImmutableOopMap {[32]=Oop [40]=Oop [48]=NarrowOop [64]=Oop [80]=Oop [88]=Oop [96]=Oop [112]=Oop [120]=Oop [140]=NarrowOop }
                      ;*invokestatic checkIndex {reexecute=0 rethrow=0 return_oop=0}
                      ; - java.lang.String::checkIndex@5
                      ; - java.lang.StringLatin1::charAt@3
                      ; - java.lang.String::charAt@12
                      ; - java.io.WinNTFileSystem::prefixLength@30
                      ; - java.io.File::<init>@104
                      ; - jdk.internal.loader.URLClassPath$FileLoader::getResource@73
                      ; - jdk.internal.loader.URLClassPath::getResource@53
                      ; - java.net.URLClassLoader$1::run@26
                      ; - java.net.URLClassLoader$1::run@1
                      ; - java.security.AccessController::executePrivileged@29
                      ; - java.security.AccessController::doPrivileged@13
                      ; - java.net.URLClassLoader::findClass@13
  0x000001849ab6fbfc: 8047 89ff 

  0x000001849ab6fc00: ;   {other}
  0x000001849ab6fc00: 0f1f 8400 | f076 00ac | bae4 ffff | ff4c 8b54 | 2460 4c89 | 5424 204c | 8b54 2450 | 448b 4424 
  0x000001849ab6fc20: 4044 8944 | 2434 4c89 | 5424 404c | 8b54 2468 | 4c89 5424 | 504c 8b54 | 2470 4c89 | 5424 604c 
  0x000001849ab6fc40: 8b94 2480 | 0000 004c | 8954 2470 | 4489 5c24 | 7c66 6690 

  0x000001849ab6fc54: ;   {runtime_call UncommonTrapBlob}
  0x000001849ab6fc54: c5f8 77e8 

  0x000001849ab6fc58: ; ImmutableOopMap {[32]=Oop [40]=Oop [48]=NarrowOop [64]=Oop [80]=Oop [88]=Oop [96]=Oop [112]=Oop [124]=NarrowOop [128]=Oop }
                      ;*invokestatic checkIndex {reexecute=0 rethrow=0 return_oop=0}
                      ; - java.lang.String::checkIndex@5
                      ; - java.lang.StringLatin1::charAt@3
                      ; - java.lang.String::charAt@12
                      ; - java.io.WinNTFileSystem::prefixLength@78
                      ; - java.io.File::<init>@104
                      ; - jdk.internal.loader.URLClassPath$FileLoader::getResource@73
                      ; - jdk.internal.loader.URLClassPath::getResource@53
                      ; - java.net.URLClassLoader$1::run@26
                      ; - java.net.URLClassLoader$1::run@1
                      ; - java.security.AccessController::executePrivileged@29
                      ; - java.security.AccessController::doPrivileged@13
                      ; - java.net.URLClassLoader::findClass@13
  0x000001849ab6fc58: 2447 89ff 

  0x000001849ab6fc5c: ;   {other}
  0x000001849ab6fc5c: 0f1f 8400 | 4c77 00ad | 498b d7c5 | f877 49ba | 20a4 d642 | ff7f 0000 

  0x000001849ab6fc74: ;   {other}
  0x000001849ab6fc74: 41ff d20f | 1f84 0000 | 0000 00e9 | 67be ffff | 498b d7c5 | f877 49ba | 20a4 d642 | ff7f 0000 
  0x000001849ab6fc94: ;   {other}
  0x000001849ab6fc94: 41ff d20f | 1f84 0000 | 0000 00e9 | a4c0 ffff | ba45 ffff | ff48 8b6c | 2460 4c8b | 5424 284c 
  0x000001849ab6fcb4: 8954 2420 | 448b 5424 | 3044 8954 | 2428 4c8b | 5424 5044 | 8b5c 2440 | 4489 5c24 | 2c4c 8954 
  0x000001849ab6fcd4: 2438 4c8b | 5424 684c | 8954 2448 | 4c8b 5424 | 584c 8954 | 2450 4c8b | 5424 704c | 8954 2458 
  0x000001849ab6fcf4: 4c8b 9424 | 8000 0000 | 4c89 5424 | 6866 6690 

  0x000001849ab6fd04: ;   {runtime_call UncommonTrapBlob}
  0x000001849ab6fd04: c5f8 77e8 

  0x000001849ab6fd08: ; ImmutableOopMap {rbp=Oop [32]=Oop [40]=NarrowOop [56]=Oop [72]=Oop [80]=Oop [88]=Oop [104]=Oop [128]=Oop }
                      ;*if_icmple {reexecute=1 rethrow=0 return_oop=0}
                      ; - (reexecute) java.io.WinNTFileSystem::prefixLength@73
                      ; - java.io.File::<init>@104
                      ; - jdk.internal.loader.URLClassPath$FileLoader::getResource@73
                      ; - jdk.internal.loader.URLClassPath::getResource@53
                      ; - java.net.URLClassLoader$1::run@26
                      ; - java.net.URLClassLoader$1::run@1
                      ; - java.security.AccessController::executePrivileged@29
                      ; - java.security.AccessController::doPrivileged@13
                      ; - java.net.URLClassLoader::findClass@13
  0x000001849ab6fd08: 7446 89ff 

  0x000001849ab6fd0c: ;   {other}
  0x000001849ab6fd0c: 0f1f 8400 | fc77 00ae | ba45 ffff | ff48 8b6c | 2460 4c8b | 5424 284c | 8954 2420 | 448b 5424 
  0x000001849ab6fd2c: 3044 8954 | 2428 4c8b | 5424 5044 | 8b44 2440 | 4489 4424 | 2c4c 8954 | 2438 4c8b | 5424 684c 
  0x000001849ab6fd4c: 8954 2448 | 4c8b 5424 | 584c 8954 | 2450 4c8b | 5424 704c | 8954 2458 | 4c8b 9424 | 8000 0000 
  0x000001849ab6fd6c: 4c89 5424 | 6844 895c | 2470 6690 

  0x000001849ab6fd78: ;   {runtime_call UncommonTrapBlob}
  0x000001849ab6fd78: c5f8 77e8 

  0x000001849ab6fd7c: ; ImmutableOopMap {rbp=Oop [32]=Oop [40]=NarrowOop [56]=Oop [72]=Oop [80]=Oop [88]=Oop [104]=Oop [128]=Oop }
                      ;*if_icmpne {reexecute=1 rethrow=0 return_oop=0}
                      ; - (reexecute) java.io.WinNTFileSystem::prefixLength@82
                      ; - java.io.File::<init>@104
                      ; - jdk.internal.loader.URLClassPath$FileLoader::getResource@73
                      ; - jdk.internal.loader.URLClassPath::getResource@53
                      ; - java.net.URLClassLoader$1::run@26
                      ; - java.net.URLClassLoader$1::run@1
                      ; - java.security.AccessController::executePrivileged@29
                      ; - java.security.AccessController::doPrivileged@13
                      ; - java.net.URLClassLoader::findClass@13
  0x000001849ab6fd7c: 0046 89ff 

  0x000001849ab6fd80: ;   {other}
  0x000001849ab6fd80: 0f1f 8400 | 7078 00af | ba45 ffff | ff4c 8b54 | 2428 4c89 | 5424 2044 | 8b5c 2430 | 4489 5c24 
  0x000001849ab6fda0: 2844 8b54 | 2440 4489 | 5424 2c4c | 8b54 2450 | 4c89 5424 | 384c 8b54 | 2468 4c89 | 5424 484c 
  0x000001849ab6fdc0: 8b54 2458 | 4c89 5424 | 504c 8b54 | 2470 4c89 | 5424 584c | 8b94 2480 | 0000 004c | 8954 2468 
  0x000001849ab6fde0: ;   {runtime_call UncommonTrapBlob}
  0x000001849ab6fde0: c5f8 77e8 

  0x000001849ab6fde4: ; ImmutableOopMap {rbp=Oop [32]=Oop [40]=NarrowOop [56]=Oop [72]=Oop [80]=Oop [88]=Oop [104]=Oop [128]=Oop }
                      ;*ifne {reexecute=1 rethrow=0 return_oop=0}
                      ; - (reexecute) java.io.WinNTFileSystem::prefixLength@11
                      ; - java.io.File::<init>@104
                      ; - jdk.internal.loader.URLClassPath$FileLoader::getResource@73
                      ; - jdk.internal.loader.URLClassPath::getResource@53
                      ; - java.net.URLClassLoader$1::run@26
                      ; - java.net.URLClassLoader$1::run@1
                      ; - java.security.AccessController::executePrivileged@29
                      ; - java.security.AccessController::doPrivileged@13
                      ; - java.net.URLClassLoader::findClass@13
  0x000001849ab6fde4: 9845 89ff 

  0x000001849ab6fde8: ;   {other}
  0x000001849ab6fde8: 0f1f 8400 | d878 00b0 | ba45 ffff | ff48 8b6c | 2460 4c8b | 5424 284c | 8954 2420 | 448b 5c24 
  0x000001849ab6fe08: 3044 895c | 2428 448b | 5424 4044 | 8954 242c | 4c8b 5424 | 504c 8954 | 2438 4c8b | 5424 684c 
  0x000001849ab6fe28: 8954 2448 | 4c8b 5424 | 584c 8954 | 2450 4c8b | 5424 704c | 8954 2458 | 4c8b 9424 | 8000 0000 
  0x000001849ab6fe48: 4c89 5424 | 6844 8b9c | 248c 0000 | 0044 8944 | 2474 4489 | 5c24 7c90 

  0x000001849ab6fe60: ;   {runtime_call UncommonTrapBlob}
  0x000001849ab6fe60: c5f8 77e8 

  0x000001849ab6fe64: ; ImmutableOopMap {rbp=Oop [32]=Oop [40]=NarrowOop [56]=Oop [72]=Oop [80]=Oop [88]=Oop [104]=Oop [128]=Oop }
                      ;*if_icmpne {reexecute=1 rethrow=0 return_oop=0}
                      ; - (reexecute) java.io.WinNTFileSystem::prefixLength@42
                      ; - java.io.File::<init>@104
                      ; - jdk.internal.loader.URLClassPath$FileLoader::getResource@73
                      ; - jdk.internal.loader.URLClassPath::getResource@53
                      ; - java.net.URLClassLoader$1::run@26
                      ; - java.net.URLClassLoader$1::run@1
                      ; - java.security.AccessController::executePrivileged@29
                      ; - java.security.AccessController::doPrivileged@13
                      ; - java.net.URLClassLoader::findClass@13
  0x000001849ab6fe64: 1845 89ff 

  0x000001849ab6fe68: ;   {other}
  0x000001849ab6fe68: 0f1f 8400 | 5879 00b1 | 458b d849 | 8bd3 4533 | c066 6690 

  0x000001849ab6fe7c: ;   {static_call}
  0x000001849ab6fe7c: c5f8 77e8 

  0x000001849ab6fe80: ; ImmutableOopMap {rbp=Oop [32]=Oop [40]=Oop [48]=NarrowOop [80]=Oop [88]=Oop [96]=Oop [104]=Oop [112]=Oop [120]=Oop [128]=Oop }
                      ;*invokestatic charAt {reexecute=0 rethrow=0 return_oop=0}
                      ; - java.lang.String::charAt@21
                      ; - java.io.WinNTFileSystem::prefixLength@18
                      ; - java.io.File::<init>@104
                      ; - jdk.internal.loader.URLClassPath$FileLoader::getResource@118
                      ; - jdk.internal.loader.URLClassPath::getResource@53
                      ; - java.net.URLClassLoader$1::run@26
                      ; - java.net.URLClassLoader$1::run@1
                      ; - java.security.AccessController::executePrivileged@29
                      ; - java.security.AccessController::doPrivileged@13
                      ; - java.net.URLClassLoader::findClass@13
  0x000001849ab6fe80: fcf1 88ff 

  0x000001849ab6fe84: ;   {other}
  0x000001849ab6fe84: 0f1f 8400 | 7479 00b2 | 8984 2490 | 0000 00e9 | 5dc8 ffff | 498b d341 | b801 0000 | 0066 6690 
  0x000001849ab6fea4: ;   {static_call}
  0x000001849ab6fea4: c5f8 77e8 

  0x000001849ab6fea8: ; ImmutableOopMap {rbp=Oop [32]=Oop [40]=Oop [48]=NarrowOop [80]=Oop [88]=Oop [96]=Oop [104]=Oop [112]=Oop [120]=Oop [128]=Oop }
                      ;*invokestatic charAt {reexecute=0 rethrow=0 return_oop=0}
                      ; - java.lang.String::charAt@21
                      ; - java.io.WinNTFileSystem::prefixLength@30
                      ; - java.io.File::<init>@104
                      ; - jdk.internal.loader.URLClassPath$FileLoader::getResource@118
                      ; - jdk.internal.loader.URLClassPath::getResource@53
                      ; - java.net.URLClassLoader$1::run@26
                      ; - java.net.URLClassLoader$1::run@1
                      ; - java.security.AccessController::executePrivileged@29
                      ; - java.security.AccessController::doPrivileged@13
                      ; - java.net.URLClassLoader::findClass@13
  0x000001849ab6fea8: d4f1 88ff 

  0x000001849ab6feac: ;   {other}
  0x000001849ab6feac: 0f1f 8400 | 9c79 00b3 | 448b c0e9 | 77c8 ffff | 498b d241 | b802 0000 | 0048 8b6c | 2460 6690 
  0x000001849ab6fecc: ;   {static_call}
  0x000001849ab6fecc: c5f8 77e8 

  0x000001849ab6fed0: ; ImmutableOopMap {rbp=Oop [32]=Oop [40]=Oop [48]=NarrowOop [80]=Oop [88]=Oop [96]=Oop [104]=Oop [112]=Oop [128]=Oop }
                      ;*invokestatic charAt {reexecute=0 rethrow=0 return_oop=0}
                      ; - java.lang.String::charAt@21
                      ; - java.io.WinNTFileSystem::prefixLength@78
                      ; - java.io.File::<init>@104
                      ; - jdk.internal.loader.URLClassPath$FileLoader::getResource@118
                      ; - jdk.internal.loader.URLClassPath::getResource@53
                      ; - java.net.URLClassLoader$1::run@26
                      ; - java.net.URLClassLoader$1::run@1
                      ; - java.security.AccessController::executePrivileged@29
                      ; - java.security.AccessController::doPrivileged@13
                      ; - java.net.URLClassLoader::findClass@13
  0x000001849ab6fed0: acf1 88ff 

  0x000001849ab6fed4: ;   {other}
  0x000001849ab6fed4: 0f1f 8400 | c479 00b4 | 448b d8e9 | 58c9 ffff | 4c89 5c24 

  0x000001849ab6fee8: ;   {metadata('java/lang/InternalError')}
  0x000001849ab6fee8: 3848 ba38 | 0701 a784 | 0100 0048 | 8b6c 2460 

  0x000001849ab6fef8: ;   {runtime_call _new_instance_Java}
  0x000001849ab6fef8: c5f8 77e8 

  0x000001849ab6fefc: ; ImmutableOopMap {rbp=Oop [40]=Oop [48]=NarrowOop [56]=Oop [80]=Oop [96]=Oop [104]=Oop }
                      ;*new {reexecute=0 rethrow=0 return_oop=1}
                      ; - jdk.internal.loader.URLClassPath$JarLoader::getResource@8
                      ; - jdk.internal.loader.URLClassPath::getResource@53
                      ; - java.net.URLClassLoader$1::run@26
                      ; - java.net.URLClassLoader$1::run@1
                      ; - java.security.AccessController::executePrivileged@29
                      ; - java.security.AccessController::doPrivileged@13
                      ; - java.net.URLClassLoader::findClass@13
  0x000001849ab6fefc: 003c 95ff 

  0x000001849ab6ff00: ;   {other}
  0x000001849ab6ff00: 0f1f 8400 | f079 00b5 | e988 faff | ff48 8be8 | ba91 0000 | 0066 6690 

  0x000001849ab6ff18: ;   {runtime_call UncommonTrapBlob}
  0x000001849ab6ff18: c5f8 77e8 

  0x000001849ab6ff1c: ; ImmutableOopMap {rbp=Oop [96]=Oop }
                      ;*new {reexecute=0 rethrow=0 return_oop=0}
                      ; - java.security.AccessController::wrapException@0
                      ; - java.security.AccessController::doPrivileged@22
                      ; - java.net.URLClassLoader::findClass@13
  0x000001849ab6ff1c: 6044 89ff 

  0x000001849ab6ff20: ;   {other}
  0x000001849ab6ff20: 0f1f 8400 | 107a 00b6 | 488b e8ba | adff ffff 

  0x000001849ab6ff30: ;   {runtime_call UncommonTrapBlob}
  0x000001849ab6ff30: c5f8 77e8 

  0x000001849ab6ff34: ; ImmutableOopMap {rbp=Oop }
                      ;*invokevirtual getException {reexecute=0 rethrow=0 return_oop=0}
                      ; - java.net.URLClassLoader::findClass@25
  0x000001849ab6ff34: 4844 89ff 

  0x000001849ab6ff38: ;   {other}
  0x000001849ab6ff38: 0f1f 8400 | 287a 00b7 | bac6 ffff | ff48 8b6c | 2460 4c8b | 5c24 284c | 895c 2420 | 4c8b 5c24 
  0x000001849ab6ff58: 684c 895c | 2430 4c89 | 6c24 4044 | 8954 2448 | 4c89 6c24 | 5066 6690 

  0x000001849ab6ff70: ;   {runtime_call UncommonTrapBlob}
  0x000001849ab6ff70: c5f8 77e8 

  0x000001849ab6ff74: ; ImmutableOopMap {rbp=Oop [32]=Oop [48]=Oop [64]=Oop [80]=Oop }
                      ;*invokevirtual getCodeSourceURL {reexecute=0 rethrow=0 return_oop=0}
                      ; - java.net.URLClassLoader::defineClass@13
                      ; - java.net.URLClassLoader$1::run@43
                      ; - java.net.URLClassLoader$1::run@1
                      ; - java.security.AccessController::executePrivileged@29
                      ; - java.security.AccessController::doPrivileged@13
                      ; - java.net.URLClassLoader::findClass@13
  0x000001849ab6ff74: 0844 89ff 

  0x000001849ab6ff78: ;   {other}
  0x000001849ab6ff78: 0f1f 8400 | 687a 00b8 | 33ed 4585 | c040 0f96 | c5ba 45ff | ffff 4c8b | 5424 604c | 8954 2420 
  0x000001849ab6ff98: 448b 5424 | 4044 8954 | 2434 4c8b | 5424 504c | 8954 2440 | 4c8b 5424 | 684c 8954 | 2450 4c8b 
  0x000001849ab6ffb8: 5424 704c | 8954 2460 | 4c8b 9424 | 8000 0000 | 4c89 5424 | 7066 6690 

  0x000001849ab6ffd0: ;   {runtime_call UncommonTrapBlob}
  0x000001849ab6ffd0: c5f8 77e8 

  0x000001849ab6ffd4: ; ImmutableOopMap {[32]=Oop [40]=Oop [48]=NarrowOop [64]=Oop [80]=Oop [88]=Oop [96]=Oop [112]=Oop [128]=Oop [136]=Oop }
                      ;*ifeq {reexecute=1 rethrow=0 return_oop=0}
                      ; - (reexecute) java.io.File::<init>@32
                      ; - jdk.internal.loader.URLClassPath$FileLoader::getResource@118
                      ; - jdk.internal.loader.URLClassPath::getResource@53
                      ; - java.net.URLClassLoader$1::run@26
                      ; - java.net.URLClassLoader$1::run@1
                      ; - java.security.AccessController::executePrivileged@29
                      ; - java.security.AccessController::doPrivileged@13
                      ; - java.net.URLClassLoader::findClass@13
  0x000001849ab6ffd4: a843 89ff 

  0x000001849ab6ffd8: ;   {other}
  0x000001849ab6ffd8: 0f1f 8400 | c87a 00b9 | bae4 ffff | ff4c 8b54 | 2428 4c89 | 5424 2044 | 8b54 2430 | 4489 5424 
  0x000001849ab6fff8: 2844 8b54 | 2440 4489 | 5424 2c4c | 8b54 2450 | 4c89 5424 | 384c 8b54 | 2468 4c89 | 5424 484c 
  0x000001849ab70018: 8b54 2458 | 4c89 5424 | 504c 8b54 | 2470 4c89 | 5424 584c | 8b94 2480 | 0000 004c | 8954 2468 
  0x000001849ab70038: 4c8b 5424 | 784c 8954 | 2470 4489 | 8424 8000 | 0000 898c | 2484 0000 | 0066 6690 

  0x000001849ab70054: ;   {runtime_call UncommonTrapBlob}
  0x000001849ab70054: c5f8 77e8 

  0x000001849ab70058: ; ImmutableOopMap {rbp=Oop [32]=Oop [40]=NarrowOop [56]=Oop [72]=Oop [80]=Oop [88]=Oop [104]=Oop [112]=Oop [128]=NarrowOop }
                      ;*invokestatic checkIndex {reexecute=0 rethrow=0 return_oop=0}
                      ; - java.lang.String::checkIndex@5
                      ; - java.lang.StringLatin1::charAt@3
                      ; - java.lang.String::charAt@12
                      ; - java.io.WinNTFileSystem::prefixLength@18
                      ; - java.io.File::<init>@104
                      ; - jdk.internal.loader.URLClassPath$FileLoader::getResource@118
                      ; - jdk.internal.loader.URLClassPath::getResource@53
                      ; - java.net.URLClassLoader$1::run@26
                      ; - java.net.URLClassLoader$1::run@1
                      ; - java.security.AccessController::executePrivileged@29
                      ; - java.security.AccessController::doPrivileged@13
                      ; - java.net.URLClassLoader::findClass@13
  0x000001849ab70058: 2443 89ff 

  0x000001849ab7005c: ;   {other}
  0x000001849ab7005c: 0f1f 8400 | 4c7b 00ba | bae4 ffff | ff4c 8b54 | 2460 4c89 | 5424 204c | 8b54 2450 | 448b 5c24 
  0x000001849ab7007c: 4044 895c | 2434 4c89 | 5424 404c | 8b54 2468 | 4c89 5424 | 504c 8b54 | 2470 4c89 | 5424 604c 
  0x000001849ab7009c: 8b94 2480 | 0000 004c | 8954 2470 | 448b 9c24 | 8c00 0000 | 4489 9c24 | 8000 0000 | 448b 9424 
  0x000001849ab700bc: 8800 0000 | 4489 9424 | 8400 0000 | 4489 8c24 | 8c00 0000 

  0x000001849ab700d0: ;   {runtime_call UncommonTrapBlob}
  0x000001849ab700d0: c5f8 77e8 

  0x000001849ab700d4: ; ImmutableOopMap {[32]=Oop [40]=Oop [48]=NarrowOop [64]=Oop [80]=Oop [88]=Oop [96]=Oop [112]=Oop [120]=Oop [140]=NarrowOop }
                      ;*invokestatic checkIndex {reexecute=0 rethrow=0 return_oop=0}
                      ; - java.lang.String::checkIndex@5
                      ; - java.lang.StringLatin1::charAt@3
                      ; - java.lang.String::charAt@12
                      ; - java.io.WinNTFileSystem::prefixLength@30
                      ; - java.io.File::<init>@104
                      ; - jdk.internal.loader.URLClassPath$FileLoader::getResource@118
                      ; - jdk.internal.loader.URLClassPath::getResource@53
                      ; - java.net.URLClassLoader$1::run@26
                      ; - java.net.URLClassLoader$1::run@1
                      ; - java.security.AccessController::executePrivileged@29
                      ; - java.security.AccessController::doPrivileged@13
                      ; - java.net.URLClassLoader::findClass@13
  0x000001849ab700d4: a842 89ff 

  0x000001849ab700d8: ;   {other}
  0x000001849ab700d8: 0f1f 8400 | c87b 00bb | bae4 ffff | ff4c 8b54 | 2460 4c89 | 5424 2044 | 8b54 2440 | 4489 5424 
  0x000001849ab700f8: 344c 8b54 | 2450 4c89 | 5424 404c | 8b54 2468 | 4c89 5424 | 504c 8b54 | 2470 4c89 | 5424 604c 
  0x000001849ab70118: 8b94 2480 | 0000 004c | 8954 2470 | 4489 5c24 | 7c66 6690 

  0x000001849ab7012c: ;   {runtime_call UncommonTrapBlob}
  0x000001849ab7012c: c5f8 77e8 

  0x000001849ab70130: ; ImmutableOopMap {[32]=Oop [40]=Oop [48]=NarrowOop [64]=Oop [80]=Oop [88]=Oop [96]=Oop [112]=Oop [124]=NarrowOop [128]=Oop }
                      ;*invokestatic checkIndex {reexecute=0 rethrow=0 return_oop=0}
                      ; - java.lang.String::checkIndex@5
                      ; - java.lang.StringLatin1::charAt@3
                      ; - java.lang.String::charAt@12
                      ; - java.io.WinNTFileSystem::prefixLength@78
                      ; - java.io.File::<init>@104
                      ; - jdk.internal.loader.URLClassPath$FileLoader::getResource@118
                      ; - jdk.internal.loader.URLClassPath::getResource@53
                      ; - java.net.URLClassLoader$1::run@26
                      ; - java.net.URLClassLoader$1::run@1
                      ; - java.security.AccessController::executePrivileged@29
                      ; - java.security.AccessController::doPrivileged@13
                      ; - java.net.URLClassLoader::findClass@13
  0x000001849ab70130: 4c42 89ff 

  0x000001849ab70134: ;   {other}
  0x000001849ab70134: 0f1f 8400 | 247c 00bc | 498b d7c5 | f877 49ba | 20a4 d642 | ff7f 0000 

  0x000001849ab7014c: ;   {other}
  0x000001849ab7014c: 41ff d20f | 1f84 0000 | 0000 00e9 | 8bc2 ffff | 498b d7c5 | f877 49ba | 20a4 d642 | ff7f 0000 
  0x000001849ab7016c: ;   {other}
  0x000001849ab7016c: 41ff d20f | 1f84 0000 | 0000 00e9 | c0c4 ffff | ba45 ffff | ff48 8b6c | 2460 4c8b | 5424 284c 
  0x000001849ab7018c: 8954 2420 | 448b 5c24 | 3044 895c | 2428 448b | 5424 4044 | 8954 242c | 4c8b 5424 | 504c 8954 
  0x000001849ab701ac: 2438 4c8b | 5424 684c | 8954 2448 | 4c8b 5424 | 584c 8954 | 2450 4c8b | 5424 704c | 8954 2458 
  0x000001849ab701cc: 4c8b 9424 | 8000 0000 | 4c89 5424 | 6866 6690 

  0x000001849ab701dc: ;   {runtime_call UncommonTrapBlob}
  0x000001849ab701dc: c5f8 77e8 

  0x000001849ab701e0: ; ImmutableOopMap {rbp=Oop [32]=Oop [40]=NarrowOop [56]=Oop [72]=Oop [80]=Oop [88]=Oop [104]=Oop [128]=Oop }
                      ;*if_icmple {reexecute=1 rethrow=0 return_oop=0}
                      ; - (reexecute) java.io.WinNTFileSystem::prefixLength@73
                      ; - java.io.File::<init>@104
                      ; - jdk.internal.loader.URLClassPath$FileLoader::getResource@118
                      ; - jdk.internal.loader.URLClassPath::getResource@53
                      ; - java.net.URLClassLoader$1::run@26
                      ; - java.net.URLClassLoader$1::run@1
                      ; - java.security.AccessController::executePrivileged@29
                      ; - java.security.AccessController::doPrivileged@13
                      ; - java.net.URLClassLoader::findClass@13
  0x000001849ab701e0: 9c41 89ff 

  0x000001849ab701e4: ;   {other}
  0x000001849ab701e4: 0f1f 8400 | d47c 00bd | ba45 ffff | ff48 8b6c | 2460 4c8b | 5424 284c | 8954 2420 | 448b 4424 
  0x000001849ab70204: 3044 8944 | 2428 448b | 5424 4044 | 8954 242c | 4c8b 5424 | 504c 8954 | 2438 4c8b | 5424 684c 
  0x000001849ab70224: 8954 2448 | 4c8b 5424 | 584c 8954 | 2450 4c8b | 5424 704c | 8954 2458 | 4c8b 9424 | 8000 0000 
  0x000001849ab70244: 4c89 5424 | 6844 895c | 2470 6690 

  0x000001849ab70250: ;   {runtime_call UncommonTrapBlob}
  0x000001849ab70250: c5f8 77e8 

  0x000001849ab70254: ; ImmutableOopMap {rbp=Oop [32]=Oop [40]=NarrowOop [56]=Oop [72]=Oop [80]=Oop [88]=Oop [104]=Oop [128]=Oop }
                      ;*if_icmpne {reexecute=1 rethrow=0 return_oop=0}
                      ; - (reexecute) java.io.WinNTFileSystem::prefixLength@82
                      ; - java.io.File::<init>@104
                      ; - jdk.internal.loader.URLClassPath$FileLoader::getResource@118
                      ; - jdk.internal.loader.URLClassPath::getResource@53
                      ; - java.net.URLClassLoader$1::run@26
                      ; - java.net.URLClassLoader$1::run@1
                      ; - java.security.AccessController::executePrivileged@29
                      ; - java.security.AccessController::doPrivileged@13
                      ; - java.net.URLClassLoader::findClass@13
  0x000001849ab70254: 2841 89ff 

  0x000001849ab70258: ;   {other}
  0x000001849ab70258: 0f1f 8400 | 487d 00be | ba45 ffff | ff4c 8b54 | 2428 4c89 | 5424 2044 | 8b5c 2430 | 4489 5c24 
  0x000001849ab70278: 2844 8b54 | 2440 4489 | 5424 2c4c | 8b54 2450 | 4c89 5424 | 384c 8b54 | 2468 4c89 | 5424 484c 
  0x000001849ab70298: 8b54 2458 | 4c89 5424 | 504c 8b54 | 2470 4c89 | 5424 584c | 8b94 2480 | 0000 004c | 8954 2468 
  0x000001849ab702b8: ;   {runtime_call UncommonTrapBlob}
  0x000001849ab702b8: c5f8 77e8 

  0x000001849ab702bc: ; ImmutableOopMap {rbp=Oop [32]=Oop [40]=NarrowOop [56]=Oop [72]=Oop [80]=Oop [88]=Oop [104]=Oop [128]=Oop }
                      ;*ifne {reexecute=1 rethrow=0 return_oop=0}
                      ; - (reexecute) java.io.WinNTFileSystem::prefixLength@11
                      ; - java.io.File::<init>@104
                      ; - jdk.internal.loader.URLClassPath$FileLoader::getResource@118
                      ; - jdk.internal.loader.URLClassPath::getResource@53
                      ; - java.net.URLClassLoader$1::run@26
                      ; - java.net.URLClassLoader$1::run@1
                      ; - java.security.AccessController::executePrivileged@29
                      ; - java.security.AccessController::doPrivileged@13
                      ; - java.net.URLClassLoader::findClass@13
  0x000001849ab702bc: c040 89ff 

  0x000001849ab702c0: ;   {other}
  0x000001849ab702c0: 0f1f 8400 | b07d 00bf | ba45 ffff | ff48 8b6c | 2460 4c8b | 5424 284c | 8954 2420 | 448b 5c24 
  0x000001849ab702e0: 3044 895c | 2428 448b | 5424 4044 | 8954 242c | 4c8b 5424 | 504c 8954 | 2438 4c8b | 5424 684c 
  0x000001849ab70300: 8954 2448 | 4c8b 5424 | 584c 8954 | 2450 4c8b | 5424 704c | 8954 2458 | 4c8b 9424 | 8000 0000 
  0x000001849ab70320: 4c89 5424 | 6844 8b9c | 248c 0000 | 0044 8944 | 2474 4489 | 5c24 7c90 

  0x000001849ab70338: ;   {runtime_call UncommonTrapBlob}
  0x000001849ab70338: c5f8 77e8 

  0x000001849ab7033c: ; ImmutableOopMap {rbp=Oop [32]=Oop [40]=NarrowOop [56]=Oop [72]=Oop [80]=Oop [88]=Oop [104]=Oop [128]=Oop }
                      ;*if_icmpne {reexecute=1 rethrow=0 return_oop=0}
                      ; - (reexecute) java.io.WinNTFileSystem::prefixLength@42
                      ; - java.io.File::<init>@104
                      ; - jdk.internal.loader.URLClassPath$FileLoader::getResource@118
                      ; - jdk.internal.loader.URLClassPath::getResource@53
                      ; - java.net.URLClassLoader$1::run@26
                      ; - java.net.URLClassLoader$1::run@1
                      ; - java.security.AccessController::executePrivileged@29
                      ; - java.security.AccessController::doPrivileged@13
                      ; - java.net.URLClassLoader::findClass@13
  0x000001849ab7033c: 4040 89ff 

  0x000001849ab70340: ;   {other}
  0x000001849ab70340: 0f1f 8400 | 307e 00c0 | 488b e8ba | 9100 0000 | 4c8b 5424 | 604c 8954 | 2420 448b | 5c24 4044 
  0x000001849ab70360: 895c 2434 | 4c8b 5424 | 484c 8954 | 2440 4c8b | 5424 504c | 8954 2448 

  0x000001849ab70378: ;   {runtime_call UncommonTrapBlob}
  0x000001849ab70378: c5f8 77e8 

  0x000001849ab7037c: ; ImmutableOopMap {rbp=Oop [32]=Oop [40]=Oop [48]=NarrowOop [64]=Oop [72]=Oop [104]=Oop }
                      ;*new {reexecute=0 rethrow=0 return_oop=0}
                      ; - java.security.AccessController::wrapException@0
                      ; - java.security.AccessController::doPrivileged@22
                      ; - jdk.internal.loader.URLClassPath$JarLoader::ensureOpen@19
                      ; - jdk.internal.loader.URLClassPath$JarLoader::getResource@1
                      ; - jdk.internal.loader.URLClassPath::getResource@53
                      ; - java.net.URLClassLoader$1::run@26
                      ; - java.net.URLClassLoader$1::run@1
                      ; - java.security.AccessController::executePrivileged@29
                      ; - java.security.AccessController::doPrivileged@13
                      ; - java.net.URLClassLoader::findClass@13
  0x000001849ab7037c: 0040 89ff 

  0x000001849ab70380: ;   {other}
  0x000001849ab70380: 0f1f 8400 | 707e 00c1 | 488b e8ba | adff ffff | 4c8b 5424 | 604c 8954 | 2420 448b | 5c24 4044 
  0x000001849ab703a0: 895c 2434 | 4c8b 5424 | 484c 8954 | 2440 4c8b | 5424 504c | 8954 2448 

  0x000001849ab703b8: ;   {runtime_call UncommonTrapBlob}
  0x000001849ab703b8: c5f8 77e8 

  0x000001849ab703bc: ; ImmutableOopMap {rbp=Oop [32]=Oop [40]=Oop [48]=NarrowOop [64]=Oop [72]=Oop [104]=Oop }
                      ;*invokevirtual getException {reexecute=0 rethrow=0 return_oop=0}
                      ; - jdk.internal.loader.URLClassPath$JarLoader::ensureOpen@28
                      ; - jdk.internal.loader.URLClassPath$JarLoader::getResource@1
                      ; - jdk.internal.loader.URLClassPath::getResource@53
                      ; - java.net.URLClassLoader$1::run@26
                      ; - java.net.URLClassLoader$1::run@1
                      ; - java.security.AccessController::executePrivileged@29
                      ; - java.security.AccessController::doPrivileged@13
                      ; - java.net.URLClassLoader::findClass@13
  0x000001849ab703bc: c03f 89ff 

  0x000001849ab703c0: ;   {other}
  0x000001849ab703c0: 0f1f 8400 | b07e 00c2 | bade ffff | ff4c 8b54 | 2460 4c89 | 6c24 304c | 8954 2440 | 4c89 4c24 
  0x000001849ab703e0: 484c 894c | 2450 4c89 | 5424 584c | 8b54 2478 | 4c89 5424 | 6844 8b9c | 2488 0000 | 0044 895c 
  0x000001849ab70400: 247c 4c89 | 8424 8800 | 0000 6690 

  0x000001849ab7040c: ;   {runtime_call UncommonTrapBlob}
  0x000001849ab7040c: c5f8 77e8 

  0x000001849ab70410: ; ImmutableOopMap {rbp=NarrowOop [40]=Oop [48]=Oop [64]=Oop [72]=Oop [80]=Oop [88]=Oop [104]=Oop [124]=NarrowOop [136]=Oop [144]=Oop }
                      ;*checkcast {reexecute=0 rethrow=0 return_oop=0}
                      ; - java.lang.ClassLoader::getDefinedPackage@16
                      ; - java.net.URLClassLoader::getAndVerifyPackage@2
                      ; - java.net.URLClassLoader::defineClass@46
                      ; - java.net.URLClassLoader$1::run@43
                      ; - java.net.URLClassLoader$1::run@1
                      ; - java.security.AccessController::executePrivileged@29
                      ; - java.security.AccessController::doPrivileged@13
                      ; - java.net.URLClassLoader::findClass@13
  0x000001849ab70410: 6c3f 89ff 

  0x000001849ab70414: ;   {other}
  0x000001849ab70414: 0f1f 8400 | 047f 00c3 | bade ffff | ff48 8b6c | 2460 4c8b | 5424 284c | 8954 2420 | 4c8b 5424 
  0x000001849ab70434: 404c 8954 | 2428 4c8b | 5424 784c | 8954 2460 | 4c8b 5424 | 704c 8954 | 2468 448b | 9424 8800 
  0x000001849ab70454: 0000 4489 | 5424 7448 | 8984 2488 | 0000 0090 

  0x000001849ab70464: ;   {runtime_call UncommonTrapBlob}
  0x000001849ab70464: c5f8 77e8 

  0x000001849ab70468: ; ImmutableOopMap {rbp=Oop [32]=Oop [40]=Oop [48]=Oop [88]=Oop [96]=Oop [116]=NarrowOop [136]=Oop [144]=Oop }
                      ;*checkcast {reexecute=0 rethrow=0 return_oop=0}
                      ; - java.lang.ClassLoader::definePackage@81
                      ; - java.lang.ClassLoader::getDefinedPackage@32
                      ; - java.net.URLClassLoader::getAndVerifyPackage@2
                      ; - java.net.URLClassLoader::defineClass@46
                      ; - java.net.URLClassLoader$1::run@43
                      ; - java.net.URLClassLoader$1::run@1
                      ; - java.security.AccessController::executePrivileged@29
                      ; - java.security.AccessController::doPrivileged@13
                      ; - java.net.URLClassLoader::findClass@13
  0x000001849ab70468: 143f 89ff 

  0x000001849ab7046c: ;   {other}
  0x000001849ab7046c: 0f1f 8400 | 5c7f 00c4 | bade ffff | ff4c 8b54 | 2428 4c89 | 5424 2044 | 8b5c 2430 | 4489 5c24 
  0x000001849ab7048c: 2844 8b54 | 2440 4489 | 5424 2c4c | 8b54 2448 | 4c89 5424 | 384c 8b54 | 2450 4c89 | 5424 4048 
  0x000001849ab704ac: 8944 2448 

  0x000001849ab704b0: ;   {runtime_call UncommonTrapBlob}
  0x000001849ab704b0: c5f8 77e8 

  0x000001849ab704b4: ; ImmutableOopMap {rbp=Oop [32]=Oop [40]=NarrowOop [56]=Oop [64]=Oop [72]=Oop [104]=Oop }
                      ;*checkcast {reexecute=0 rethrow=0 return_oop=0}
                      ; - java.util.jar.JarFile::getJarEntry@5
                      ; - jdk.internal.loader.URLClassPath$JarLoader::getResource@22
                      ; - jdk.internal.loader.URLClassPath::getResource@53
                      ; - java.net.URLClassLoader$1::run@26
                      ; - java.net.URLClassLoader$1::run@1
                      ; - java.security.AccessController::executePrivileged@29
                      ; - java.security.AccessController::doPrivileged@13
                      ; - java.net.URLClassLoader::findClass@13
  0x000001849ab704b4: c83e 89ff 

  0x000001849ab704b8: ;   {other}
  0x000001849ab704b8: 0f1f 8400 | a87f 00c5 | bade ffff | ff4c 8b54 | 2460 4c89 | 5424 204c | 896c 2430 | 4c8b 5424 
  0x000001849ab704d8: 684c 8954 | 2438 4c8b | 5424 784c | 8954 2458 | 4c8b 5424 | 704c 8954 | 2460 4c89 | 4424 7890 
  0x000001849ab704f8: ;   {runtime_call UncommonTrapBlob}
  0x000001849ab704f8: c5f8 77e8 

  0x000001849ab704fc: ; ImmutableOopMap {rbp=NarrowOop [32]=Oop [40]=Oop [48]=Oop [56]=Oop [88]=Oop [120]=Oop [136]=NarrowOop [200]=Oop }
                      ;*checkcast {reexecute=0 rethrow=0 return_oop=0}
                      ; - java.util.jar.JarFile::getManifestFromReference@14
                      ; - java.util.jar.JarFile::getManifest@1
                      ; - jdk.internal.loader.URLClassPath$JarLoader$2::getManifest@22
                      ; - java.net.URLClassLoader::defineClass@34
                      ; - java.net.URLClassLoader$1::run@43
                      ; - java.net.URLClassLoader$1::run@1
                      ; - java.security.AccessController::executePrivileged@29
                      ; - java.security.AccessController::doPrivileged@13
                      ; - java.net.URLClassLoader::findClass@13
  0x000001849ab704fc: 803e 89ff 

  0x000001849ab70500: ;   {other}
  0x000001849ab70500: 0f1f 8400 | f07f 00c6 | bade ffff | ff4c 8b54 | 2460 4c89 | 6c24 304c | 8954 2440 | 4c89 4c24 
  0x000001849ab70520: 484c 894c | 2450 4c89 | 5424 584c | 8b54 2478 | 4c89 5424 | 6844 8b9c | 2488 0000 | 0044 895c 
  0x000001849ab70540: 247c 4c89 | 8424 8800 | 0000 4489 | b424 a800 | 0000 6690 

  0x000001849ab70554: ;   {runtime_call UncommonTrapBlob}
  0x000001849ab70554: c5f8 77e8 

  0x000001849ab70558: ; ImmutableOopMap {rbp=NarrowOop [40]=Oop [48]=Oop [64]=Oop [72]=Oop [80]=Oop [88]=Oop [104]=Oop [124]=NarrowOop [136]=Oop [144]=Oop [168]=NarrowOop }
                      ;*checkcast {reexecute=0 rethrow=0 return_oop=0}
                      ; - java.lang.ClassLoader::definePackage@50
                      ; - java.lang.ClassLoader::getDefinedPackage@32
                      ; - java.net.URLClassLoader::getAndVerifyPackage@2
                      ; - java.net.URLClassLoader::defineClass@46
                      ; - java.net.URLClassLoader$1::run@43
                      ; - java.net.URLClassLoader$1::run@1
                      ; - java.security.AccessController::executePrivileged@29
                      ; - java.security.AccessController::doPrivileged@13
                      ; - java.net.URLClassLoader::findClass@13
  0x000001849ab70558: 243e 89ff 

  0x000001849ab7055c: ;   {other}
  0x000001849ab7055c: 0f1f 8400 | 4c80 00c7 | baf6 ffff | ff49 8bed | 4889 5c24 | 2066 6690 

  0x000001849ab70574: ;   {runtime_call UncommonTrapBlob}
  0x000001849ab70574: c5f8 77e8 

  0x000001849ab70578: ; ImmutableOopMap {rbp=Oop [32]=Oop [104]=Oop }
                      ;*invokevirtual replace {reexecute=0 rethrow=0 return_oop=0}
                      ; - java.net.URLClassLoader$1::run@8
                      ; - java.net.URLClassLoader$1::run@1
                      ; - java.security.AccessController::executePrivileged@29
                      ; - java.security.AccessController::doPrivileged@13
                      ; - java.net.URLClassLoader::findClass@13
  0x000001849ab70578: 043e 89ff 

  0x000001849ab7057c: ;   {other}
  0x000001849ab7057c: 0f1f 8400 | 6c80 00c8 | baf6 ffff | ff49 8bed | 4889 5c24 | 2066 6690 

  0x000001849ab70594: ;   {runtime_call UncommonTrapBlob}
  0x000001849ab70594: c5f8 77e8 

  0x000001849ab70598: ; ImmutableOopMap {rbp=Oop [32]=Oop [104]=Oop }
                      ;*arraylength {reexecute=0 rethrow=0 return_oop=0}
                      ; - java.lang.StringLatin1::replace@8
                      ; - java.lang.String::replace@18
                      ; - java.net.URLClassLoader$1::run@8
                      ; - java.net.URLClassLoader$1::run@1
                      ; - java.security.AccessController::executePrivileged@29
                      ; - java.security.AccessController::doPrivileged@13
                      ; - java.net.URLClassLoader::findClass@13
  0x000001849ab70598: e43d 89ff 

  0x000001849ab7059c: ;   {other}
  0x000001849ab7059c: 0f1f 8400 | 8c80 00c9 | baf6 ffff | ff49 8bea | 4c8b 5424 | 284c 8954 | 2420 4c8b | 5424 684c 
  0x000001849ab705bc: 8954 2430 | 4c89 6c24 | 4066 6690 

  0x000001849ab705c8: ;   {runtime_call UncommonTrapBlob}
  0x000001849ab705c8: c5f8 77e8 

  0x000001849ab705cc: ; ImmutableOopMap {rbp=Oop [32]=Oop [48]=Oop [64]=Oop }
                      ;*arraylength {reexecute=0 rethrow=0 return_oop=0}
                      ; - java.lang.String::length@4
                      ; - java.lang.String::lastIndexOf@3
                      ; - java.net.URLClassLoader::defineClass@7
                      ; - java.net.URLClassLoader$1::run@43
                      ; - java.net.URLClassLoader$1::run@1
                      ; - java.security.AccessController::executePrivileged@29
                      ; - java.security.AccessController::doPrivileged@13
                      ; - java.net.URLClassLoader::findClass@13
  0x000001849ab705cc: b03d 89ff 

  0x000001849ab705d0: ;   {other}
  0x000001849ab705d0: 0f1f 8400 | c080 00ca | baf6 ffff | ff48 8b6c | 2420 4c8b | 5424 284c | 8954 2420 | 4c8b 5424 
  0x000001849ab705f0: 404c 8954 | 2428 6690 

  0x000001849ab705f8: ;   {runtime_call UncommonTrapBlob}
  0x000001849ab705f8: c5f8 77e8 

  0x000001849ab705fc: ; ImmutableOopMap {rbp=Oop [32]=Oop [40]=Oop [88]=Oop [104]=Oop }
                      ;*arraylength {reexecute=0 rethrow=0 return_oop=0}
                      ; - java.net.URLClassLoader::defineClass@217
                      ; - java.net.URLClassLoader$1::run@43
                      ; - java.net.URLClassLoader$1::run@1
                      ; - java.security.AccessController::executePrivileged@29
                      ; - java.security.AccessController::doPrivileged@13
                      ; - java.net.URLClassLoader::findClass@13
  0x000001849ab705fc: 803d 89ff 

  0x000001849ab70600: ;   {other}
  0x000001849ab70600: 0f1f 8400 | f080 00cb | baf6 ffff | ff48 8b6c | 2460 4c8b | 5424 284c | 8954 2420 | 4c89 6c24 
  0x000001849ab70620: 284c 8b54 | 2468 4c89 | 5424 3090 

  0x000001849ab7062c: ;   {runtime_call UncommonTrapBlob}
  0x000001849ab7062c: c5f8 77e8 

  0x000001849ab70630: ; ImmutableOopMap {rbp=Oop [32]=Oop [40]=Oop [48]=Oop [120]=Oop [136]=NarrowOop [200]=Oop }
                      ;*getfield jar {reexecute=1 rethrow=0 return_oop=0}
                      ; - (reexecute) jdk.internal.loader.URLClassPath$JarLoader$2::getManifest@7
                      ; - java.net.URLClassLoader::defineClass@34
                      ; - java.net.URLClassLoader$1::run@43
                      ; - java.net.URLClassLoader$1::run@1
                      ; - java.security.AccessController::executePrivileged@29
                      ; - java.security.AccessController::doPrivileged@13
                      ; - java.net.URLClassLoader::findClass@13
  0x000001849ab70630: 4c3d 89ff 

  0x000001849ab70634: ;   {other}
  0x000001849ab70634: 0f1f 8400 | 2481 00cc | baf6 ffff | ff48 8b6c | 2460 4c8b | 5424 284c | 8954 2420 | 4c89 6c24 
  0x000001849ab70654: 284c 8b54 | 2468 4c89 | 5424 3090 

  0x000001849ab70660: ;   {runtime_call UncommonTrapBlob}
  0x000001849ab70660: c5f8 77e8 

  0x000001849ab70664: ; ImmutableOopMap {rbp=Oop [32]=Oop [40]=Oop [48]=Oop [120]=Oop [136]=NarrowOop [200]=Oop }
                      ;*getfield jar {reexecute=1 rethrow=0 return_oop=0}
                      ; - (reexecute) jdk.internal.loader.URLClassPath$JarLoader$2::getManifest@19
                      ; - java.net.URLClassLoader::defineClass@34
                      ; - java.net.URLClassLoader$1::run@43
                      ; - java.net.URLClassLoader$1::run@1
                      ; - java.security.AccessController::executePrivileged@29
                      ; - java.security.AccessController::doPrivileged@13
                      ; - java.net.URLClassLoader::findClass@13
  0x000001849ab70664: 183d 89ff 

  0x000001849ab70668: ;   {other}
  0x000001849ab70668: 0f1f 8400 | 5881 00cd | baf6 ffff | ff48 8b6c | 2460 4c8b | 5424 284c | 8954 2420 | 4c89 6c24 
  0x000001849ab70688: 284c 8b54 | 2468 4c89 | 5424 3090 

  0x000001849ab70694: ;   {runtime_call UncommonTrapBlob}
  0x000001849ab70694: c5f8 77e8 

  0x000001849ab70698: ; ImmutableOopMap {rbp=Oop [32]=Oop [40]=Oop [48]=Oop [120]=Oop [136]=NarrowOop [200]=Oop }
                      ;*invokevirtual getManifest {reexecute=0 rethrow=0 return_oop=0}
                      ; - jdk.internal.loader.URLClassPath$JarLoader$2::getManifest@22
                      ; - java.net.URLClassLoader::defineClass@34
                      ; - java.net.URLClassLoader$1::run@43
                      ; - java.net.URLClassLoader$1::run@1
                      ; - java.security.AccessController::executePrivileged@29
                      ; - java.security.AccessController::doPrivileged@13
                      ; - java.net.URLClassLoader::findClass@13
  0x000001849ab70698: e43c 89ff 

  0x000001849ab7069c: ;   {other}
  0x000001849ab7069c: 0f1f 8400 | 8c81 00ce | baf6 ffff | ff48 8b6c | 2460 4c8b | 5c24 284c | 895c 2420 | 4c89 6c24 
  0x000001849ab706bc: 284c 8b5c | 2468 4c89 | 5c24 3044 | 8954 2440 | 4889 4c24 | 5866 6690 

  0x000001849ab706d4: ;   {runtime_call UncommonTrapBlob}
  0x000001849ab706d4: c5f8 77e8 

  0x000001849ab706d8: ; ImmutableOopMap {rbp=Oop [32]=Oop [40]=Oop [48]=Oop [88]=Oop }
                      ;*getfield csu {reexecute=1 rethrow=0 return_oop=0}
                      ; - (reexecute) jdk.internal.loader.URLClassPath$JarLoader$2::getCodeSourceURL@4
                      ; - java.net.URLClassLoader::defineClass@13
                      ; - java.net.URLClassLoader$1::run@43
                      ; - java.net.URLClassLoader$1::run@1
                      ; - java.security.AccessController::executePrivileged@29
                      ; - java.security.AccessController::doPrivileged@13
                      ; - java.net.URLClassLoader::findClass@13
  0x000001849ab706d8: a43c 89ff 

  0x000001849ab706dc: ;   {other}
  0x000001849ab706dc: 0f1f 8400 | cc81 00cf | baf4 ffff | ff48 8b6c | 2460 4c8b | 5424 284c | 8954 2420 | 4c89 6c24 
  0x000001849ab706fc: 284c 8b54 | 2468 4c89 | 5424 304c | 8b54 2470 | 4c89 5424 | 584c 8944 | 2470 6690 

  0x000001849ab70718: ;   {runtime_call UncommonTrapBlob}
  0x000001849ab70718: c5f8 77e8 

  0x000001849ab7071c: ; ImmutableOopMap {rbp=Oop [32]=Oop [40]=Oop [48]=Oop [112]=Oop [120]=Oop [136]=NarrowOop [200]=Oop }
                      ;*checkcast {reexecute=0 rethrow=0 return_oop=0}
                      ; - java.util.jar.JarFile::getManifestFromReference@14
                      ; - java.util.jar.JarFile::getManifest@1
                      ; - jdk.internal.loader.URLClassPath$JarLoader$2::getManifest@22
                      ; - java.net.URLClassLoader::defineClass@34
                      ; - java.net.URLClassLoader$1::run@43
                      ; - java.net.URLClassLoader$1::run@1
                      ; - java.security.AccessController::executePrivileged@29
                      ; - java.security.AccessController::doPrivileged@13
                      ; - java.net.URLClassLoader::findClass@13
  0x000001849ab7071c: 603c 89ff 

  0x000001849ab70720: ;   {other}
  0x000001849ab70720: 0f1f 8400 | 1082 00d0 | baf6 ffff | ff48 8b6c | 2460 4c8b | 5424 284c | 8954 2420 | 4c89 6c24 
  0x000001849ab70740: 284c 894c | 2448 4c8b | 5424 704c | 8954 2458 | 4c89 4424 | 6866 6690 

  0x000001849ab70758: ;   {runtime_call UncommonTrapBlob}
  0x000001849ab70758: c5f8 77e8 

  0x000001849ab7075c: ; ImmutableOopMap {rbp=Oop [32]=Oop [40]=Oop [72]=Oop [104]=Oop [120]=Oop [136]=NarrowOop [144]=Oop }
                      ;*arraylength {reexecute=0 rethrow=0 return_oop=0}
                      ; - java.lang.String::isEmpty@4
                      ; - java.lang.ClassLoader::definePackage@1
                      ; - java.lang.ClassLoader::getDefinedPackage@32
                      ; - java.net.URLClassLoader::getAndVerifyPackage@2
                      ; - java.net.URLClassLoader::defineClass@46
                      ; - java.net.URLClassLoader$1::run@43
                      ; - java.net.URLClassLoader$1::run@1
                      ; - java.security.AccessController::executePrivileged@29
                      ; - java.security.AccessController::doPrivileged@13
                      ; - java.net.URLClassLoader::findClass@13
  0x000001849ab7075c: 203c 89ff 

  0x000001849ab70760: ;   {other}
  0x000001849ab70760: 0f1f 8400 | 5082 00d1 | ba45 ffff | ff48 8b6c | 2460 4c8b | 5c24 284c | 895c 2420 | 4c89 6c24 
  0x000001849ab70780: 284c 8b5c | 2468 4c89 | 5c24 304c | 8b5c 2478 | 4c89 5c24 | 504c 8b5c | 2470 4c89 | 5c24 5844 
  0x000001849ab707a0: 8954 2478 

  0x000001849ab707a4: ;   {runtime_call UncommonTrapBlob}
  0x000001849ab707a4: c5f8 77e8 

  0x000001849ab707a8: ; ImmutableOopMap {rbp=Oop [32]=Oop [40]=Oop [48]=Oop [80]=Oop [120]=NarrowOop [136]=NarrowOop [200]=Oop }
                      ;*ifnonnull {reexecute=1 rethrow=0 return_oop=0}
                      ; - (reexecute) jdk.internal.access.SharedSecrets::javaUtilJarAccess@5
                      ; - jdk.internal.loader.URLClassPath$JarLoader$2::getManifest@0
                      ; - java.net.URLClassLoader::defineClass@34
                      ; - java.net.URLClassLoader$1::run@43
                      ; - java.net.URLClassLoader$1::run@1
                      ; - java.security.AccessController::executePrivileged@29
                      ; - java.security.AccessController::doPrivileged@13
                      ; - java.net.URLClassLoader::findClass@13
  0x000001849ab707a8: d43b 89ff 

  0x000001849ab707ac: ;   {other}
  0x000001849ab707ac: 0f1f 8400 | 9c82 00d2 | baf4 ffff | ff48 8b6c | 2460 4c8b | 5424 284c | 8954 2420 | 4c8b 5424 
  0x000001849ab707cc: 404c 8954 | 2428 4c8b | 5424 784c | 8954 2460 | 4c8b 5424 | 704c 8954 | 2468 6690 

  0x000001849ab707e8: ;   {runtime_call UncommonTrapBlob}
  0x000001849ab707e8: c5f8 77e8 

  0x000001849ab707ec: ; ImmutableOopMap {rbp=Oop [32]=Oop [40]=Oop [48]=Oop [88]=Oop [96]=Oop [136]=NarrowOop [144]=Oop }
                      ;*checkcast {reexecute=0 rethrow=0 return_oop=0}
                      ; - java.lang.ClassLoader::definePackage@81
                      ; - java.lang.ClassLoader::getDefinedPackage@32
                      ; - java.net.URLClassLoader::getAndVerifyPackage@2
                      ; - java.net.URLClassLoader::defineClass@46
                      ; - java.net.URLClassLoader$1::run@43
                      ; - java.net.URLClassLoader$1::run@1
                      ; - java.security.AccessController::executePrivileged@29
                      ; - java.security.AccessController::doPrivileged@13
                      ; - java.net.URLClassLoader::findClass@13
  0x000001849ab707ec: 903b 89ff 

  0x000001849ab707f0: ;   {other}
  0x000001849ab707f0: 0f1f 8400 | e082 00d3 | ba45 ffff | ff48 8b4c | 2460 4c89 | 6c24 3048 | 894c 2440 | 4c89 4c24 
  0x000001849ab70810: 484c 894c | 2450 4889 | 4c24 584c | 8b4c 2478 | 4c89 4c24 | 688b 8c24 | 8800 0000 | 894c 247c 
  0x000001849ab70830: 4c89 8424 | 8800 0000 | 4c89 8424 | a800 0000 | 4489 9c24 | b000 0000 | 4489 9424 | b400 0000 
  0x000001849ab70850: ;   {runtime_call UncommonTrapBlob}
  0x000001849ab70850: c5f8 77e8 

  0x000001849ab70854: ; ImmutableOopMap {rbp=NarrowOop [40]=Oop [48]=Oop [64]=Oop [72]=Oop [80]=Oop [88]=Oop [104]=Oop [124]=NarrowOop [136]=Oop [144]=Oop [168]=Oop [176]=NarrowOop }
                      ;*ifnull {reexecute=1 rethrow=0 return_oop=0}
                      ; - (reexecute) java.util.concurrent.ConcurrentHashMap::get@67
                      ; - java.lang.ClassLoader::getDefinedPackage@13
                      ; - java.net.URLClassLoader::getAndVerifyPackage@2
                      ; - java.net.URLClassLoader::defineClass@46
                      ; - java.net.URLClassLoader$1::run@43
                      ; - java.net.URLClassLoader$1::run@1
                      ; - java.security.AccessController::executePrivileged@29
                      ; - java.security.AccessController::doPrivileged@13
                      ; - java.net.URLClassLoader::findClass@13
  0x000001849ab70854: 283b 89ff 

  0x000001849ab70858: ;   {other}
  0x000001849ab70858: 0f1f 8400 | 4883 00d4 | baf6 ffff | ff48 8b6c | 2460 4c8b | 5424 284c | 8954 2420 | 448b 5424 
  0x000001849ab70878: 3044 8954 | 2428 4c8b | 5424 5044 | 8b5c 2440 | 4489 5c24 | 2c4c 8954 | 2438 4c8b | 5424 584c 
  0x000001849ab70898: 8954 2450 

  0x000001849ab7089c: ;   {runtime_call UncommonTrapBlob}
  0x000001849ab7089c: c5f8 77e8 

  0x000001849ab708a0: ; ImmutableOopMap {rbp=Oop [32]=Oop [40]=NarrowOop [56]=Oop [80]=Oop [104]=Oop [112]=Oop [128]=Oop }
                      ;*arraylength {reexecute=0 rethrow=0 return_oop=0}
                      ; - java.lang.StringLatin1::charAt@2
                      ; - java.lang.String::charAt@12
                      ; - java.io.WinNTFileSystem::normalize@31
                      ; - java.io.File::<init>@73
                      ; - jdk.internal.loader.URLClassPath$FileLoader::getResource@73
                      ; - jdk.internal.loader.URLClassPath::getResource@53
                      ; - java.net.URLClassLoader$1::run@26
                      ; - java.net.URLClassLoader$1::run@1
                      ; - java.security.AccessController::executePrivileged@29
                      ; - java.security.AccessController::doPrivileged@13
                      ; - java.net.URLClassLoader::findClass@13
  0x000001849ab708a0: dc3a 89ff 

  0x000001849ab708a4: ;   {other}
  0x000001849ab708a4: 0f1f 8400 | 9483 00d5 | ba45 ffff | ff48 8b4c | 2460 4c89 | 6c24 3048 | 894c 2440 | 4c89 4c24 
  0x000001849ab708c4: 484c 894c | 2450 4889 | 4c24 584c | 8b4c 2478 | 4c89 4c24 | 688b 8c24 | 8800 0000 | 894c 247c 
  0x000001849ab708e4: 4c89 8424 | 8800 0000 | 4489 b424 | a800 0000 | 4c89 8424 | b000 0000 | 4489 9c24 | ac00 0000 
  0x000001849ab70904: 4489 9424 | b800 0000 

  0x000001849ab7090c: ;   {runtime_call UncommonTrapBlob}
  0x000001849ab7090c: c5f8 77e8 

  0x000001849ab70910: ; ImmutableOopMap {rbp=NarrowOop [40]=Oop [48]=Oop [64]=Oop [72]=Oop [80]=Oop [88]=Oop [104]=Oop [124]=NarrowOop [136]=Oop [144]=Oop [168]=NarrowOop [172]=NarrowOop [176]=Oop }
                      ;*ifnull {reexecute=1 rethrow=0 return_oop=0}
                      ; - (reexecute) java.util.concurrent.ConcurrentHashMap::get@67
                      ; - java.lang.ClassLoader::definePackage@47
                      ; - java.lang.ClassLoader::getDefinedPackage@32
                      ; - java.net.URLClassLoader::getAndVerifyPackage@2
                      ; - java.net.URLClassLoader::defineClass@46
                      ; - java.net.URLClassLoader$1::run@43
                      ; - java.net.URLClassLoader$1::run@1
                      ; - java.security.AccessController::executePrivileged@29
                      ; - java.security.AccessController::doPrivileged@13
                      ; - java.net.URLClassLoader::findClass@13
  0x000001849ab70910: 6c3a 89ff 

  0x000001849ab70914: ;   {other}
  0x000001849ab70914: 0f1f 8400 | 0484 00d6 | baf6 ffff | ff48 8b6c | 2460 4c8b | 5c24 284c | 895c 2420 | 4c8b 5c24 
  0x000001849ab70934: 404c 895c | 2428 4c8b | 5c24 684c | 895c 2430 | 4c8b 5c24 | 784c 895c | 2460 4c8b | 5c24 704c 
  0x000001849ab70954: 895c 2468 | 4c8b 9c24 | 8800 0000 | 4c89 9c24 | 8000 0000 | 4c89 9424 | 8800 0000 

  0x000001849ab70970: ;   {runtime_call UncommonTrapBlob}
  0x000001849ab70970: c5f8 77e8 

  0x000001849ab70974: ; ImmutableOopMap {rbp=Oop [32]=Oop [40]=Oop [48]=Oop [80]=Oop [88]=NarrowOop [92]=NarrowOop [96]=Oop [128]=Oop [136]=Oop [200]=Oop }
                      ;*arraylength {reexecute=0 rethrow=0 return_oop=0}
                      ; - java.io.ByteArrayInputStream::<init>@21
                      ; - java.util.jar.JarFile::getManifestFromReference@114
                      ; - java.util.jar.JarFile::getManifest@1
                      ; - jdk.internal.loader.URLClassPath$JarLoader$2::getManifest@22
                      ; - java.net.URLClassLoader::defineClass@34
                      ; - java.net.URLClassLoader$1::run@43
                      ; - java.net.URLClassLoader$1::run@1
                      ; - java.security.AccessController::executePrivileged@29
                      ; - java.security.AccessController::doPrivileged@13
                      ; - java.net.URLClassLoader::findClass@13
  0x000001849ab70974: 083a 89ff 

  0x000001849ab70978: ;   {other}
  0x000001849ab70978: 0f1f 8400 | 6884 00d7 | 448b 5808 | 49ba 0000 | 00a7 8401 | 0000 4d03 | d34d 8b52 

  0x000001849ab70994: ;   {metadata('java/lang/Exception')}
  0x000001849ab70994: 4049 bb20 | c000 a784 | 0100 004d | 3bd3 0f84 | a1b9 ffff | e9ea eeff | ff44 8b50 | 0849 bb00 
  0x000001849ab709b4: 0000 a784 | 0100 004d | 03da 4d8b 

  0x000001849ab709c0: ;   {metadata('java/lang/Exception')}
  0x000001849ab709c0: 5340 49bb | 20c0 00a7 | 8401 0000 | 4d3b d30f | 8474 b9ff | ffe9 bdee | ffff 448b | 5808 49ba 
  0x000001849ab709e0: 0000 00a7 | 8401 0000 | 4d03 d34d 

  0x000001849ab709ec: ;   {metadata('java/lang/Exception')}
  0x000001849ab709ec: 8b52 4049 | bb20 c000 | a784 0100 | 004d 3bd3 | 0f84 47b9 | ffff e990 | eeff ff44 | 8b58 0849 
  0x000001849ab70a0c: ba00 0000 | a784 0100 | 004d 03d3 | 4d8b 5240 

  0x000001849ab70a1c: ;   {metadata('java/lang/Exception')}
  0x000001849ab70a1c: 49bb 20c0 | 00a7 8401 | 0000 4d3b | d30f 841a | b9ff ffe9 | 63ee ffff | 448b 5808 | 49ba 0000 
  0x000001849ab70a3c: 00a7 8401 | 0000 4d03 | d34d 8b52 

  0x000001849ab70a48: ;   {metadata('java/lang/Exception')}
  0x000001849ab70a48: 4049 bb20 | c000 a784 | 0100 004d | 3bd3 0f84 | edb8 ffff | e936 eeff | ff44 8b58 | 0849 ba00 
  0x000001849ab70a68: 0000 a784 | 0100 004d | 03d3 4d8b 

  0x000001849ab70a74: ;   {metadata('java/lang/Exception')}
  0x000001849ab70a74: 5240 49bb | 20c0 00a7 | 8401 0000 | 4d3b d30f | 84c0 b8ff | ffe9 09ee | ffff 448b | 5008 49bb 
  0x000001849ab70a94: 0000 00a7 | 8401 0000 | 4d03 da4d 

  0x000001849ab70aa0: ;   {metadata('java/lang/Exception')}
  0x000001849ab70aa0: 8b53 4049 | bb20 c000 | a784 0100 | 004d 3bd3 | 0f84 93b8 | ffff e9dc | edff ffba | 45ff ffff 
  0x000001849ab70ac0: 488b 6c24 | 484c 8b44 | 2428 4c89 | 4424 204c | 8b44 2440 | 4c89 4424 | 284c 8b44 | 2468 4c89 
  0x000001849ab70ae0: 4424 304c | 8b44 2478 | 4c89 4424 | 604c 8b44 | 2470 4c89 | 4424 684c | 8954 2478 | 4c89 9c24 
  0x000001849ab70b00: 8800 0000 

  0x000001849ab70b04: ;   {runtime_call UncommonTrapBlob}
  0x000001849ab70b04: c5f8 77e8 

  0x000001849ab70b08: ; ImmutableOopMap {rbp=Oop [32]=Oop [40]=Oop [48]=Oop [80]=Oop [88]=NarrowOop [96]=Oop [120]=Oop [136]=Oop [200]=Oop }
                      ;*ifnull {reexecute=1 rethrow=0 return_oop=0}
                      ; - (reexecute) java.util.jar.JarFile::getManifestFromReference@148
                      ; - java.util.jar.JarFile::getManifest@1
                      ; - jdk.internal.loader.URLClassPath$JarLoader$2::getManifest@22
                      ; - java.net.URLClassLoader::defineClass@34
                      ; - java.net.URLClassLoader$1::run@43
                      ; - java.net.URLClassLoader$1::run@1
                      ; - java.security.AccessController::executePrivileged@29
                      ; - java.security.AccessController::doPrivileged@13
                      ; - java.net.URLClassLoader::findClass@13
  0x000001849ab70b08: 7438 89ff 

  0x000001849ab70b0c: ;   {other}
  0x000001849ab70b0c: 0f1f 8400 | fc85 00d8 | baf6 ffff | ff48 8b6c | 2460 4c8b | 5424 284c | 8954 2420 | 448b 5c24 
  0x000001849ab70b2c: 3044 895c | 2428 448b | 5424 4044 | 8954 242c | 4c8b 5424 | 504c 8954 | 2438 4c8b | 5424 584c 
  0x000001849ab70b4c: 8954 2450 

  0x000001849ab70b50: ;   {runtime_call UncommonTrapBlob}
  0x000001849ab70b50: c5f8 77e8 

  0x000001849ab70b54: ; ImmutableOopMap {rbp=Oop [32]=Oop [40]=NarrowOop [56]=Oop [80]=Oop [104]=Oop [112]=Oop [128]=Oop }
                      ;*arraylength {reexecute=0 rethrow=0 return_oop=0}
                      ; - java.lang.StringLatin1::charAt@2
                      ; - java.lang.String::charAt@12
                      ; - java.io.WinNTFileSystem::normalize@31
                      ; - java.io.File::<init>@73
                      ; - jdk.internal.loader.URLClassPath$FileLoader::getResource@118
                      ; - jdk.internal.loader.URLClassPath::getResource@53
                      ; - java.net.URLClassLoader$1::run@26
                      ; - java.net.URLClassLoader$1::run@1
                      ; - java.security.AccessController::executePrivileged@29
                      ; - java.security.AccessController::doPrivileged@13
                      ; - java.net.URLClassLoader::findClass@13
  0x000001849ab70b54: 2838 89ff 

  0x000001849ab70b58: ;   {other}
  0x000001849ab70b58: 0f1f 8400 | 4886 00d9 | baf6 ffff | ff48 8b6c | 2460 4c8b | 5424 284c | 8954 2420 | 448b 4424 
  0x000001849ab70b78: 3044 8944 | 2428 448b | 5424 4044 | 8954 242c | 4c8b 5424 | 504c 8954 | 2438 4c8b | 5424 584c 
  0x000001849ab70b98: 8954 2450 | 4489 5c24 | 6066 6690 

  0x000001849ab70ba4: ;   {runtime_call UncommonTrapBlob}
  0x000001849ab70ba4: c5f8 77e8 

  0x000001849ab70ba8: ; ImmutableOopMap {rbp=Oop [32]=Oop [40]=NarrowOop [56]=Oop [80]=Oop [96]=NarrowOop [104]=Oop [112]=Oop }
                      ;*invokevirtual getFile {reexecute=0 rethrow=0 return_oop=0}
                      ; - jdk.internal.loader.URLClassPath$FileLoader::getResource@28
                      ; - jdk.internal.loader.URLClassPath::getResource@53
                      ; - java.net.URLClassLoader$1::run@26
                      ; - java.net.URLClassLoader$1::run@1
                      ; - java.security.AccessController::executePrivileged@29
                      ; - java.security.AccessController::doPrivileged@13
                      ; - java.net.URLClassLoader::findClass@13
  0x000001849ab70ba8: d437 89ff 

  0x000001849ab70bac: ;   {other}
  0x000001849ab70bac: 0f1f 8400 | 9c86 00da | 448b 5808 | 49ba 0000 | 00a7 8401 | 0000 4d03 | d34d 8b52 

  0x000001849ab70bc8: ;   {metadata('java/lang/Exception')}
  0x000001849ab70bc8: 4049 bb20 | c000 a784 | 0100 004d | 3bd3 0f84 | 6db7 ffff | e9b6 ecff | ffba f6ff | ffff 4c8b 
  0x000001849ab70be8: 5424 284c | 8954 2420 | 448b 5c24 | 3044 895c | 2428 448b | 5424 4044 | 8954 242c | 4c8b 5424 
  0x000001849ab70c08: 504c 8954 | 2438 4c8b | 5424 584c | 8954 2450 

  0x000001849ab70c18: ;   {runtime_call UncommonTrapBlob}
  0x000001849ab70c18: c5f8 77e8 

  0x000001849ab70c1c: ; ImmutableOopMap {rbp=Oop [32]=Oop [40]=NarrowOop [56]=Oop [80]=Oop [104]=Oop [112]=Oop [128]=Oop }
                      ;*invokevirtual isEmpty {reexecute=0 rethrow=0 return_oop=0}
                      ; - java.io.File::<init>@29
                      ; - jdk.internal.loader.URLClassPath$FileLoader::getResource@73
                      ; - jdk.internal.loader.URLClassPath::getResource@53
                      ; - java.net.URLClassLoader$1::run@26
                      ; - java.net.URLClassLoader$1::run@1
                      ; - java.security.AccessController::executePrivileged@29
                      ; - java.security.AccessController::doPrivileged@13
                      ; - java.net.URLClassLoader::findClass@13
  0x000001849ab70c1c: 6037 89ff 

  0x000001849ab70c20: ;   {other}
  0x000001849ab70c20: 0f1f 8400 | 1087 00db | baf6 ffff | ff4c 8b54 | 2428 4c89 | 5424 2044 | 8b54 2430 | 4489 5424 
  0x000001849ab70c40: 284c 8b54 | 2450 448b | 5c24 4044 | 895c 242c | 4c89 5424 | 384c 8b54 | 2458 4c89 | 5424 5090 
  0x000001849ab70c60: ;   {runtime_call UncommonTrapBlob}
  0x000001849ab70c60: c5f8 77e8 

  0x000001849ab70c64: ; ImmutableOopMap {rbp=Oop [32]=Oop [40]=NarrowOop [56]=Oop [80]=Oop [104]=Oop [112]=Oop [128]=Oop }
                      ;*arraylength {reexecute=0 rethrow=0 return_oop=0}
                      ; - java.lang.String::isEmpty@4
                      ; - java.io.File::<init>@29
                      ; - jdk.internal.loader.URLClassPath$FileLoader::getResource@73
                      ; - jdk.internal.loader.URLClassPath::getResource@53
                      ; - java.net.URLClassLoader$1::run@26
                      ; - java.net.URLClassLoader$1::run@1
                      ; - java.security.AccessController::executePrivileged@29
                      ; - java.security.AccessController::doPrivileged@13
                      ; - java.net.URLClassLoader::findClass@13
  0x000001849ab70c64: 1837 89ff 

  0x000001849ab70c68: ;   {other}
  0x000001849ab70c68: 0f1f 8400 | 5887 00dc | baf6 ffff | ff4c 8b54 | 2428 4c89 | 5424 2044 | 8b54 2430 | 4489 5424 
  0x000001849ab70c88: 284c 8b54 | 2450 448b | 5c24 4044 | 895c 242c | 4c89 5424 | 384c 8b54 | 2458 4c89 | 5424 5090 
  0x000001849ab70ca8: ;   {runtime_call UncommonTrapBlob}
  0x000001849ab70ca8: c5f8 77e8 

  0x000001849ab70cac: ; ImmutableOopMap {rbp=Oop [32]=Oop [40]=NarrowOop [56]=Oop [80]=Oop [104]=Oop [112]=Oop [128]=Oop }
                      ;*arraylength {reexecute=0 rethrow=0 return_oop=0}
                      ; - java.lang.String::length@4
                      ; - java.io.WinNTFileSystem::normalize@1
                      ; - java.io.File::<init>@73
                      ; - jdk.internal.loader.URLClassPath$FileLoader::getResource@73
                      ; - jdk.internal.loader.URLClassPath::getResource@53
                      ; - java.net.URLClassLoader$1::run@26
                      ; - java.net.URLClassLoader$1::run@1
                      ; - java.security.AccessController::executePrivileged@29
                      ; - java.security.AccessController::doPrivileged@13
                      ; - java.net.URLClassLoader::findClass@13
  0x000001849ab70cac: d036 89ff 

  0x000001849ab70cb0: ;   {other}
  0x000001849ab70cb0: 0f1f 8400 | a087 00dd | baf6 ffff | ff4c 8b54 | 2428 4c89 | 5424 2044 | 8b54 2430 | 4489 5424 
  0x000001849ab70cd0: 284c 8b54 | 2450 448b | 5c24 4044 | 895c 242c | 4c89 5424 | 384c 8b54 | 2458 4c89 | 5424 5090 
  0x000001849ab70cf0: ;   {runtime_call UncommonTrapBlob}
  0x000001849ab70cf0: c5f8 77e8 

  0x000001849ab70cf4: ; ImmutableOopMap {rbp=Oop [32]=Oop [40]=NarrowOop [56]=Oop [80]=Oop [104]=Oop [112]=Oop [128]=Oop }
                      ;*arraylength {reexecute=0 rethrow=0 return_oop=0}
                      ; - java.lang.String::length@4
                      ; - java.io.WinNTFileSystem::prefixLength@6
                      ; - java.io.File::<init>@104
                      ; - jdk.internal.loader.URLClassPath$FileLoader::getResource@73
                      ; - jdk.internal.loader.URLClassPath::getResource@53
                      ; - java.net.URLClassLoader$1::run@26
                      ; - java.net.URLClassLoader$1::run@1
                      ; - java.security.AccessController::executePrivileged@29
                      ; - java.security.AccessController::doPrivileged@13
                      ; - java.net.URLClassLoader::findClass@13
  0x000001849ab70cf4: 8836 89ff 

  0x000001849ab70cf8: ;   {other}
  0x000001849ab70cf8: 0f1f 8400 | e887 00de | baf6 ffff | ff4c 8b54 | 2428 4c89 | 5424 2044 | 8b5c 2430 | 4489 5c24 
  0x000001849ab70d18: 2844 8b54 | 2440 4489 | 5424 2c4c | 8b54 2450 | 4c89 5424 | 384c 8b54 | 2458 4c89 | 5424 5090 
  0x000001849ab70d38: ;   {runtime_call UncommonTrapBlob}
  0x000001849ab70d38: c5f8 77e8 

  0x000001849ab70d3c: ; ImmutableOopMap {rbp=Oop [32]=Oop [40]=NarrowOop [56]=Oop [80]=Oop [104]=Oop [112]=Oop }
                      ;*invokevirtual getPath {reexecute=0 rethrow=0 return_oop=0}
                      ; - jdk.internal.loader.URLClassPath$FileLoader::getResource@83
                      ; - jdk.internal.loader.URLClassPath::getResource@53
                      ; - java.net.URLClassLoader$1::run@26
                      ; - java.net.URLClassLoader$1::run@1
                      ; - java.security.AccessController::executePrivileged@29
                      ; - java.security.AccessController::doPrivileged@13
                      ; - java.net.URLClassLoader::findClass@13
  0x000001849ab70d3c: 4036 89ff 

  0x000001849ab70d40: ;   {other}
  0x000001849ab70d40: 0f1f 8400 | 3088 00df | baf6 ffff | ff48 8b6c | 2460 4c8b | 5424 284c | 8954 2420 | 448b 5424 
  0x000001849ab70d60: 3044 8954 | 2428 4c8b | 5424 5044 | 8b44 2440 | 4489 4424 | 2c4c 8954 | 2438 4c8b | 5424 684c 
  0x000001849ab70d80: 8954 2448 | 4c8b 5424 | 584c 8954 | 2450 4489 | 5c24 6890 

  0x000001849ab70d94: ;   {runtime_call UncommonTrapBlob}
  0x000001849ab70d94: c5f8 77e8 

  0x000001849ab70d98: ; ImmutableOopMap {rbp=Oop [32]=Oop [40]=NarrowOop [56]=Oop [72]=Oop [80]=Oop [104]=NarrowOop [112]=Oop [120]=Oop }
                      ;*invokevirtual getPath {reexecute=0 rethrow=0 return_oop=0}
                      ; - jdk.internal.loader.URLClassPath$FileLoader::getResource@90
                      ; - jdk.internal.loader.URLClassPath::getResource@53
                      ; - java.net.URLClassLoader$1::run@26
                      ; - java.net.URLClassLoader$1::run@1
                      ; - java.security.AccessController::executePrivileged@29
                      ; - java.security.AccessController::doPrivileged@13
                      ; - java.net.URLClassLoader::findClass@13
  0x000001849ab70d98: e435 89ff 

  0x000001849ab70d9c: ;   {other}
  0x000001849ab70d9c: 0f1f 8400 | 8c88 00e0 | baf6 ffff | ff48 8b6c | 2460 4c8b | 5424 284c | 8954 2420 | 448b 5424 
  0x000001849ab70dbc: 3044 8954 | 2428 4c8b | 5424 5044 | 8b5c 2440 | 4489 5c24 | 2c4c 8954 | 2438 4c8b | 5424 584c 
  0x000001849ab70ddc: 8954 2450 

  0x000001849ab70de0: ;   {runtime_call UncommonTrapBlob}
  0x000001849ab70de0: c5f8 77e8 

  0x000001849ab70de4: ; ImmutableOopMap {rbp=Oop [32]=Oop [40]=NarrowOop [56]=Oop [80]=Oop [104]=Oop [112]=Oop [128]=Oop }
                      ;*arraylength {reexecute=0 rethrow=0 return_oop=0}
                      ; - java.lang.StringLatin1::charAt@2
                      ; - java.lang.String::charAt@12
                      ; - java.io.WinNTFileSystem::prefixLength@30
                      ; - java.io.File::<init>@104
                      ; - jdk.internal.loader.URLClassPath$FileLoader::getResource@73
                      ; - jdk.internal.loader.URLClassPath::getResource@53
                      ; - java.net.URLClassLoader$1::run@26
                      ; - java.net.URLClassLoader$1::run@1
                      ; - java.security.AccessController::executePrivileged@29
                      ; - java.security.AccessController::doPrivileged@13
                      ; - java.net.URLClassLoader::findClass@13
  0x000001849ab70de4: 9835 89ff 

  0x000001849ab70de8: ;   {other}
  0x000001849ab70de8: 0f1f 8400 | d888 00e1 | baf6 ffff | ff48 8b6c | 2460 4c8b | 5424 284c | 8954 2420 | 448b 5c24 
  0x000001849ab70e08: 3044 895c | 2428 448b | 5424 4044 | 8954 242c | 4c8b 5424 | 504c 8954 | 2438 4c8b | 5424 584c 
  0x000001849ab70e28: 8954 2450 

  0x000001849ab70e2c: ;   {runtime_call UncommonTrapBlob}
  0x000001849ab70e2c: c5f8 77e8 

  0x000001849ab70e30: ; ImmutableOopMap {rbp=Oop [32]=Oop [40]=NarrowOop [56]=Oop [80]=Oop [104]=Oop [112]=Oop [128]=Oop }
                      ;*arraylength {reexecute=0 rethrow=0 return_oop=0}
                      ; - java.lang.StringLatin1::charAt@2
                      ; - java.lang.String::charAt@12
                      ; - java.io.WinNTFileSystem::prefixLength@78
                      ; - java.io.File::<init>@104
                      ; - jdk.internal.loader.URLClassPath$FileLoader::getResource@73
                      ; - jdk.internal.loader.URLClassPath::getResource@53
                      ; - java.net.URLClassLoader$1::run@26
                      ; - java.net.URLClassLoader$1::run@1
                      ; - java.security.AccessController::executePrivileged@29
                      ; - java.security.AccessController::doPrivileged@13
                      ; - java.net.URLClassLoader::findClass@13
  0x000001849ab70e30: 4c35 89ff 

  0x000001849ab70e34: ;   {other}
  0x000001849ab70e34: 0f1f 8400 | 2489 00e2 | 448b 5008 

  0x000001849ab70e40: ;   {metadata('java/security/PrivilegedActionException')}
  0x000001849ab70e40: 4181 fae8 | af12 0174 | 1249 bb00 | 0000 a784 | 0100 004d | 03da e9d3 | eaff ff48 | 8be8 e928 
  0x000001849ab70e60: f5ff ffe9 | 83ea ffff | eb00 448b | 4008 49ba | 0000 00a7 | 8401 0000 | 4d03 d0e9 | 28ea ffff 
  0x000001849ab70e80: ba45 ffff | ff4c 8b54 | 2428 4c89 | 5424 2044 | 8b5c 2430 | 4489 5c24 | 2844 8b54 | 2440 4489 
  0x000001849ab70ea0: 5424 2c4c | 8b54 2450 | 4c89 5424 | 384c 8b54 | 2468 4c89 | 5424 484c | 8b54 2458 | 4c89 5424 
  0x000001849ab70ec0: 504c 8b54 | 2470 4c89 | 5424 584c | 8b94 2488 | 0000 004c | 8954 2470 

  0x000001849ab70ed8: ;   {runtime_call UncommonTrapBlob}
  0x000001849ab70ed8: c5f8 77e8 

  0x000001849ab70edc: ; ImmutableOopMap {rbp=Oop [32]=Oop [40]=NarrowOop [56]=Oop [72]=Oop [80]=Oop [88]=Oop [112]=Oop [128]=Oop [136]=Oop }
                      ;*ifnonnull {reexecute=1 rethrow=0 return_oop=0}
                      ; - (reexecute) java.io.File::<init>@10
                      ; - jdk.internal.loader.URLClassPath$FileLoader::getResource@73
                      ; - jdk.internal.loader.URLClassPath::getResource@53
                      ; - java.net.URLClassLoader$1::run@26
                      ; - java.net.URLClassLoader$1::run@1
                      ; - java.security.AccessController::executePrivileged@29
                      ; - java.security.AccessController::doPrivileged@13
                      ; - java.net.URLClassLoader::findClass@13
  0x000001849ab70edc: a034 89ff 

  0x000001849ab70ee0: ;   {other}
  0x000001849ab70ee0: 0f1f 8400 | d089 00e3 | ba45 ffff | ff4c 8b54 | 2428 4c89 | 5424 2044 | 8b5c 2430 | 4489 5c24 
  0x000001849ab70f00: 2844 8b54 | 2440 4489 | 5424 2c4c | 8b54 2450 | 4c89 5424 | 384c 8b54 | 2468 4c89 | 5424 484c 
  0x000001849ab70f20: 8b54 2458 | 4c89 5424 | 504c 8b54 | 2470 4c89 | 5424 584c | 8b94 2480 | 0000 004c | 8954 2468 
  0x000001849ab70f40: 458b d844 | 895c 2474 

  0x000001849ab70f48: ;   {runtime_call UncommonTrapBlob}
  0x000001849ab70f48: c5f8 77e8 

  0x000001849ab70f4c: ; ImmutableOopMap {rbp=Oop [32]=Oop [40]=NarrowOop [56]=Oop [72]=Oop [80]=Oop [88]=Oop [104]=Oop [116]=NarrowOop [120]=NarrowOop [136]=Oop }
                      ;*ifnull {reexecute=1 rethrow=0 return_oop=0}
                      ; - (reexecute) java.io.File::<init>@22
                      ; - jdk.internal.loader.URLClassPath$FileLoader::getResource@73
                      ; - jdk.internal.loader.URLClassPath::getResource@53
                      ; - java.net.URLClassLoader$1::run@26
                      ; - java.net.URLClassLoader$1::run@1
                      ; - java.security.AccessController::executePrivileged@29
                      ; - java.security.AccessController::doPrivileged@13
                      ; - java.net.URLClassLoader::findClass@13
  0x000001849ab70f4c: 3034 89ff 

  0x000001849ab70f50: ;   {other}
  0x000001849ab70f50: 0f1f 8400 | 408a 00e4 | 448b 4008 | 49ba 0000 | 00a7 8401 | 0000 4d03 | d0e9 3ae9 | ffff bab5 
  0x000001849ab70f70: ffff ff48 | 8b6c 2420 | 4c8b 5c24 | 284c 895c | 2420 4889 | 4424 3090 

  0x000001849ab70f88: ;   {runtime_call UncommonTrapBlob}
  0x000001849ab70f88: c5f8 77e8 

  0x000001849ab70f8c: ; ImmutableOopMap {rbp=Oop [32]=Oop [48]=Oop [64]=Oop }
                      ;*astore_3 {reexecute=0 rethrow=0 return_oop=0}
                      ; - java.net.URLClassLoader$1::run@61
                      ; - java.net.URLClassLoader$1::run@1
                      ; - java.security.AccessController::executePrivileged@29
                      ; - java.security.AccessController::doPrivileged@13
                      ; - java.net.URLClassLoader::findClass@13
  0x000001849ab70f8c: f033 89ff 

  0x000001849ab70f90: ;   {other}
  0x000001849ab70f90: 0f1f 8400 | 808a 00e5 | eb02 eb00 | 448b 4008 | 49ba 0000 | 00a7 8401 | 0000 4d03 | d0e9 f6e8 
  0x000001849ab70fb0: ffff baf6 | ffff ff48 | 8b6c 2460 | 4c8b 5c24 | 284c 895c | 2420 4c89 | 6c24 284c | 8b5c 2468 
  0x000001849ab70fd0: 4c89 5c24 | 3044 8954 | 2440 4889 | 4c24 5890 

  0x000001849ab70fe0: ;   {runtime_call UncommonTrapBlob}
  0x000001849ab70fe0: c5f8 77e8 

  0x000001849ab70fe4: ; ImmutableOopMap {rbp=Oop [32]=Oop [40]=Oop [48]=Oop [88]=Oop }
                      ;*invokevirtual getBaseURL {reexecute=0 rethrow=0 return_oop=0}
                      ; - jdk.internal.loader.URLClassPath$FileLoader$1::getCodeSourceURL@4
                      ; - java.net.URLClassLoader::defineClass@13
                      ; - java.net.URLClassLoader$1::run@43
                      ; - java.net.URLClassLoader$1::run@1
                      ; - java.security.AccessController::executePrivileged@29
                      ; - java.security.AccessController::doPrivileged@13
                      ; - java.net.URLClassLoader::findClass@13
  0x000001849ab70fe4: 9833 89ff 

  0x000001849ab70fe8: ;   {other}
  0x000001849ab70fe8: 0f1f 8400 | d88a 00e6 | baf6 ffff | ff4c 8b54 | 2428 4c89 | 5424 2044 | 8b5c 2430 | 4489 5c24 
  0x000001849ab71008: 2844 8b54 | 2440 4489 | 5424 2c4c | 8b54 2450 | 4c89 5424 | 384c 8b54 | 2458 4c89 | 5424 5090 
  0x000001849ab71028: ;   {runtime_call UncommonTrapBlob}
  0x000001849ab71028: c5f8 77e8 

  0x000001849ab7102c: ; ImmutableOopMap {rbp=Oop [32]=Oop [40]=NarrowOop [56]=Oop [80]=Oop [104]=Oop [112]=Oop [128]=Oop }
                      ;*invokevirtual isEmpty {reexecute=0 rethrow=0 return_oop=0}
                      ; - java.io.File::<init>@29
                      ; - jdk.internal.loader.URLClassPath$FileLoader::getResource@118
                      ; - jdk.internal.loader.URLClassPath::getResource@53
                      ; - java.net.URLClassLoader$1::run@26
                      ; - java.net.URLClassLoader$1::run@1
                      ; - java.security.AccessController::executePrivileged@29
                      ; - java.security.AccessController::doPrivileged@13
                      ; - java.net.URLClassLoader::findClass@13
  0x000001849ab7102c: 5033 89ff 

  0x000001849ab71030: ;   {other}
  0x000001849ab71030: 0f1f 8400 | 208b 00e7 | baf6 ffff | ff4c 8b54 | 2428 4c89 | 5424 2044 | 8b54 2430 | 4489 5424 
  0x000001849ab71050: 284c 8b54 | 2450 448b | 5c24 4044 | 895c 242c | 4c89 5424 | 384c 8b54 | 2458 4c89 | 5424 5090 
  0x000001849ab71070: ;   {runtime_call UncommonTrapBlob}
  0x000001849ab71070: c5f8 77e8 

  0x000001849ab71074: ; ImmutableOopMap {rbp=Oop [32]=Oop [40]=NarrowOop [56]=Oop [80]=Oop [104]=Oop [112]=Oop [128]=Oop }
                      ;*arraylength {reexecute=0 rethrow=0 return_oop=0}
                      ; - java.lang.String::isEmpty@4
                      ; - java.io.File::<init>@29
                      ; - jdk.internal.loader.URLClassPath$FileLoader::getResource@118
                      ; - jdk.internal.loader.URLClassPath::getResource@53
                      ; - java.net.URLClassLoader$1::run@26
                      ; - java.net.URLClassLoader$1::run@1
                      ; - java.security.AccessController::executePrivileged@29
                      ; - java.security.AccessController::doPrivileged@13
                      ; - java.net.URLClassLoader::findClass@13
  0x000001849ab71074: 0833 89ff 

  0x000001849ab71078: ;   {other}
  0x000001849ab71078: 0f1f 8400 | 688b 00e8 | baf6 ffff | ff4c 8b54 | 2428 4c89 | 5424 2044 | 8b54 2430 | 4489 5424 
  0x000001849ab71098: 284c 8b54 | 2450 448b | 5c24 4044 | 895c 242c | 4c89 5424 | 384c 8b54 | 2458 4c89 | 5424 5090 
  0x000001849ab710b8: ;   {runtime_call UncommonTrapBlob}
  0x000001849ab710b8: c5f8 77e8 

  0x000001849ab710bc: ; ImmutableOopMap {rbp=Oop [32]=Oop [40]=NarrowOop [56]=Oop [80]=Oop [104]=Oop [112]=Oop [128]=Oop }
                      ;*arraylength {reexecute=0 rethrow=0 return_oop=0}
                      ; - java.lang.String::length@4
                      ; - java.io.WinNTFileSystem::normalize@1
                      ; - java.io.File::<init>@73
                      ; - jdk.internal.loader.URLClassPath$FileLoader::getResource@118
                      ; - jdk.internal.loader.URLClassPath::getResource@53
                      ; - java.net.URLClassLoader$1::run@26
                      ; - java.net.URLClassLoader$1::run@1
                      ; - java.security.AccessController::executePrivileged@29
                      ; - java.security.AccessController::doPrivileged@13
                      ; - java.net.URLClassLoader::findClass@13
  0x000001849ab710bc: c032 89ff 

  0x000001849ab710c0: ;   {other}
  0x000001849ab710c0: 0f1f 8400 | b08b 00e9 | baf6 ffff | ff4c 8b54 | 2428 4c89 | 5424 2044 | 8b54 2430 | 4489 5424 
  0x000001849ab710e0: 284c 8b54 | 2450 448b | 5c24 4044 | 895c 242c | 4c89 5424 | 384c 8b54 | 2458 4c89 | 5424 5090 
  0x000001849ab71100: ;   {runtime_call UncommonTrapBlob}
  0x000001849ab71100: c5f8 77e8 

  0x000001849ab71104: ; ImmutableOopMap {rbp=Oop [32]=Oop [40]=NarrowOop [56]=Oop [80]=Oop [104]=Oop [112]=Oop [128]=Oop }
                      ;*arraylength {reexecute=0 rethrow=0 return_oop=0}
                      ; - java.lang.String::length@4
                      ; - java.io.WinNTFileSystem::prefixLength@6
                      ; - java.io.File::<init>@104
                      ; - jdk.internal.loader.URLClassPath$FileLoader::getResource@118
                      ; - jdk.internal.loader.URLClassPath::getResource@53
                      ; - java.net.URLClassLoader$1::run@26
                      ; - java.net.URLClassLoader$1::run@1
                      ; - java.security.AccessController::executePrivileged@29
                      ; - java.security.AccessController::doPrivileged@13
                      ; - java.net.URLClassLoader::findClass@13
  0x000001849ab71104: 7832 89ff 

  0x000001849ab71108: ;   {other}
  0x000001849ab71108: 0f1f 8400 | f88b 00ea | baf6 ffff | ff48 8b6c | 2460 4c8b | 5424 284c | 8954 2420 | 448b 5c24 
  0x000001849ab71128: 3044 895c | 2428 448b | 5424 4044 | 8954 242c | 4c8b 5424 | 504c 8954 | 2438 4c8b | 5424 584c 
  0x000001849ab71148: 8954 2450 

  0x000001849ab7114c: ;   {runtime_call UncommonTrapBlob}
  0x000001849ab7114c: c5f8 77e8 

  0x000001849ab71150: ; ImmutableOopMap {rbp=Oop [32]=Oop [40]=NarrowOop [56]=Oop [80]=Oop [104]=Oop [112]=Oop [128]=Oop }
                      ;*arraylength {reexecute=0 rethrow=0 return_oop=0}
                      ; - java.lang.StringLatin1::charAt@2
                      ; - java.lang.String::charAt@12
                      ; - java.io.WinNTFileSystem::prefixLength@30
                      ; - java.io.File::<init>@104
                      ; - jdk.internal.loader.URLClassPath$FileLoader::getResource@118
                      ; - jdk.internal.loader.URLClassPath::getResource@53
                      ; - java.net.URLClassLoader$1::run@26
                      ; - java.net.URLClassLoader$1::run@1
                      ; - java.security.AccessController::executePrivileged@29
                      ; - java.security.AccessController::doPrivileged@13
                      ; - java.net.URLClassLoader::findClass@13
  0x000001849ab71150: 2c32 89ff 

  0x000001849ab71154: ;   {other}
  0x000001849ab71154: 0f1f 8400 | 448c 00eb | baf6 ffff | ff48 8b6c | 2460 4c8b | 5424 284c | 8954 2420 | 448b 5424 
  0x000001849ab71174: 3044 8954 | 2428 4c8b | 5424 5044 | 8b5c 2440 | 4489 5c24 | 2c4c 8954 | 2438 4c8b | 5424 584c 
  0x000001849ab71194: 8954 2450 

  0x000001849ab71198: ;   {runtime_call UncommonTrapBlob}
  0x000001849ab71198: c5f8 77e8 

  0x000001849ab7119c: ; ImmutableOopMap {rbp=Oop [32]=Oop [40]=NarrowOop [56]=Oop [80]=Oop [104]=Oop [112]=Oop [128]=Oop }
                      ;*arraylength {reexecute=0 rethrow=0 return_oop=0}
                      ; - java.lang.StringLatin1::charAt@2
                      ; - java.lang.String::charAt@12
                      ; - java.io.WinNTFileSystem::prefixLength@78
                      ; - java.io.File::<init>@104
                      ; - jdk.internal.loader.URLClassPath$FileLoader::getResource@118
                      ; - jdk.internal.loader.URLClassPath::getResource@53
                      ; - java.net.URLClassLoader$1::run@26
                      ; - java.net.URLClassLoader$1::run@1
                      ; - java.security.AccessController::executePrivileged@29
                      ; - java.security.AccessController::doPrivileged@13
                      ; - java.net.URLClassLoader::findClass@13
  0x000001849ab7119c: e031 89ff 

  0x000001849ab711a0: ;   {other}
  0x000001849ab711a0: 0f1f 8400 | 908c 00ec | ba97 ffff | ff48 8b6c | 2458 4c8b | 5424 284c | 8954 2420 | 4c8b 5424 
  0x000001849ab711c0: 684c 8954 | 2430 4c8b | 5424 704c | 8954 2460 

  0x000001849ab711d0: ;   {runtime_call UncommonTrapBlob}
  0x000001849ab711d0: c5f8 77e8 

  0x000001849ab711d4: ; ImmutableOopMap {rbp=Oop [32]=Oop [48]=Oop [64]=Oop [72]=NarrowOop [120]=Oop [136]=NarrowOop }
                      ;*invokevirtual clone {reexecute=1 rethrow=0 return_oop=0}
                      ; - (reexecute) java.util.Arrays::copyOfRange@18
                      ; - java.lang.StringLatin1::newString@16
                      ; - java.lang.String::substring@41
                      ; - java.net.URLClassLoader::defineClass@28
                      ; - java.net.URLClassLoader$1::run@43
                      ; - java.net.URLClassLoader$1::run@1
                      ; - java.security.AccessController::executePrivileged@29
                      ; - java.security.AccessController::doPrivileged@13
                      ; - java.net.URLClassLoader::findClass@13
  0x000001849ab711d4: a831 89ff 

  0x000001849ab711d8: ;   {other}
  0x000001849ab711d8: 0f1f 8400 | c88c 00ed | ba45 ffff | ff4c 8b54 | 2428 4c89 | 5424 2044 | 8b5c 2430 | 4489 5c24 
  0x000001849ab711f8: 2844 8b54 | 2440 4489 | 5424 2c4c | 8b54 2450 | 4c89 5424 | 384c 8b54 | 2468 4c89 | 5424 484c 
  0x000001849ab71218: 8b54 2458 | 4c89 5424 | 504c 8b54 | 2470 4c89 | 5424 584c | 8b94 2488 | 0000 004c | 8954 2470 
  0x000001849ab71238: ;   {runtime_call UncommonTrapBlob}
  0x000001849ab71238: c5f8 77e8 

  0x000001849ab7123c: ; ImmutableOopMap {rbp=Oop [32]=Oop [40]=NarrowOop [56]=Oop [72]=Oop [80]=Oop [88]=Oop [112]=Oop [128]=Oop [136]=Oop }
                      ;*ifnonnull {reexecute=1 rethrow=0 return_oop=0}
                      ; - (reexecute) java.io.File::<init>@10
                      ; - jdk.internal.loader.URLClassPath$FileLoader::getResource@118
                      ; - jdk.internal.loader.URLClassPath::getResource@53
                      ; - java.net.URLClassLoader$1::run@26
                      ; - java.net.URLClassLoader$1::run@1
                      ; - java.security.AccessController::executePrivileged@29
                      ; - java.security.AccessController::doPrivileged@13
                      ; - java.net.URLClassLoader::findClass@13
  0x000001849ab7123c: 4031 89ff 

  0x000001849ab71240: ;   {other}
  0x000001849ab71240: 0f1f 8400 | 308d 00ee | ba45 ffff | ff4c 8b54 | 2428 4c89 | 5424 2044 | 8b5c 2430 | 4489 5c24 
  0x000001849ab71260: 2844 8b54 | 2440 4489 | 5424 2c4c | 8b54 2450 | 4c89 5424 | 384c 8b54 | 2468 4c89 | 5424 484c 
  0x000001849ab71280: 8b54 2458 | 4c89 5424 | 504c 8b54 | 2470 4c89 | 5424 584c | 8b94 2480 | 0000 004c | 8954 2468 
  0x000001849ab712a0: 448b 5c24 | 7844 895c | 2474 6690 

  0x000001849ab712ac: ;   {runtime_call UncommonTrapBlob}
  0x000001849ab712ac: c5f8 77e8 

  0x000001849ab712b0: ; ImmutableOopMap {rbp=Oop [32]=Oop [40]=NarrowOop [56]=Oop [72]=Oop [80]=Oop [88]=Oop [104]=Oop [116]=NarrowOop [120]=NarrowOop [136]=Oop }
                      ;*ifnull {reexecute=1 rethrow=0 return_oop=0}
                      ; - (reexecute) java.io.File::<init>@22
                      ; - jdk.internal.loader.URLClassPath$FileLoader::getResource@118
                      ; - jdk.internal.loader.URLClassPath::getResource@53
                      ; - java.net.URLClassLoader$1::run@26
                      ; - java.net.URLClassLoader$1::run@1
                      ; - java.security.AccessController::executePrivileged@29
                      ; - java.security.AccessController::doPrivileged@13
                      ; - java.net.URLClassLoader::findClass@13
  0x000001849ab712b0: cc30 89ff 

  0x000001849ab712b4: ;   {other}
  0x000001849ab712b4: 0f1f 8400 | a48d 00ef | e9d6 e5ff | ff44 8b58 | 0849 ba00 | 0000 a784 | 0100 004d | 03d3 4d8b 
  0x000001849ab712d4: ;   {metadata('java/lang/Exception')}
  0x000001849ab712d4: 5240 49bb | 20c0 00a7 | 8401 0000 | 4d3b d30f | 8460 b0ff | ffe9 a9e5 | ffff 448b | 5008 49bb 
  0x000001849ab712f4: 0000 00a7 | 8401 0000 | 4d03 da4d 

  0x000001849ab71300: ;   {metadata('java/lang/Exception')}
  0x000001849ab71300: 8b53 4049 | bb20 c000 | a784 0100 | 004d 3bd3 | 0f84 33b0 | ffff e97c | e5ff ff44 | 8b50 0849 
  0x000001849ab71320: bb00 0000 | a784 0100 | 004d 03da | 4d8b 5340 

  0x000001849ab71330: ;   {metadata('java/lang/Exception')}
  0x000001849ab71330: 49bb 20c0 | 00a7 8401 | 0000 4d3b | d30f 8406 | b0ff ffe9 | 4fe5 ffff | 448b 4008 | 49ba 0000 
  0x000001849ab71350: 00a7 8401 | 0000 4d03 | d0e9 4ae5 | ffff bab5 | ffff ff48 | 8b6c 2420 | 4c8b 5c24 | 284c 895c 
  0x000001849ab71370: 2420 4889 | 4424 3090 

  0x000001849ab71378: ;   {runtime_call UncommonTrapBlob}
  0x000001849ab71378: c5f8 77e8 

  0x000001849ab7137c: ; ImmutableOopMap {rbp=Oop [32]=Oop [48]=Oop [64]=Oop }
                      ;*astore_3 {reexecute=0 rethrow=0 return_oop=0}
                      ; - java.net.URLClassLoader$1::run@61
                      ; - java.net.URLClassLoader$1::run@1
                      ; - java.security.AccessController::executePrivileged@29
                      ; - java.security.AccessController::doPrivileged@13
                      ; - java.net.URLClassLoader::findClass@13
  0x000001849ab7137c: 0030 89ff 

  0x000001849ab71380: ;   {other}
  0x000001849ab71380: 0f1f 8400 | 708e 00f0 | 448b 5008 | 49bb 0000 | 00a7 8401 | 0000 4d03 | da4d 8b53 

  0x000001849ab7139c: ;   {metadata('java/lang/Exception')}
  0x000001849ab7139c: 4049 bb20 | c000 a784 | 0100 004d | 3bd3 0f84 | 99af ffff | e9e2 e4ff | ff44 8b58 | 0849 ba00 
  0x000001849ab713bc: 0000 a784 | 0100 004d | 03d3 eb50 | 448b 5808 | 49ba 0000 | 00a7 8401 | 0000 4d03 | d3eb 3d44 
  0x000001849ab713dc: 8b58 0849 | ba00 0000 | a784 0100 | 004d 03d3 | eb2a eb04 | eb02 eb00 | 448b 5808 | 49ba 0000 
  0x000001849ab713fc: 00a7 8401 | 0000 4d03 | d3eb 1144 | 8b58 0849 | ba00 0000 | a784 0100 | 004d 03d3 | 4d8b 5240 
  0x000001849ab7141c: ;   {metadata('java/lang/Exception')}
  0x000001849ab7141c: 49bb 20c0 | 00a7 8401 | 0000 4d3b | d30f 841a | afff ffe9 | 63e4 ffff | 448b 5808 | 49ba 0000 
  0x000001849ab7143c: 00a7 8401 | 0000 4d03 | d3eb 5044 | 8b58 0849 | ba00 0000 | a784 0100 | 004d 03d3 | eb3d 448b 
  0x000001849ab7145c: 5808 49ba | 0000 00a7 | 8401 0000 | 4d03 d3eb | 2aeb 04eb | 02eb 0044 | 8b58 0849 | ba00 0000 
  0x000001849ab7147c: a784 0100 | 004d 03d3 | eb11 448b | 5808 49ba | 0000 00a7 | 8401 0000 | 4d03 d34d 

  0x000001849ab71498: ;   {metadata('java/lang/Exception')}
  0x000001849ab71498: 8b52 4049 | bb20 c000 | a784 0100 | 004d 3bd3 | 0f84 9bae | ffff e9e4 | e3ff ffe9 | dfe3 ffff 
  0x000001849ab714b8: 4c8b d0e9 | a704 0000 | 488b d8e9 | bf02 0000 | 488b 9424 | 8800 0000 | 4c8b c04c | 8b54 2478 
  0x000001849ab714d8: 4c89 5424 | 5066 6690 

  0x000001849ab714e0: ;   {optimized virtual_call}
  0x000001849ab714e0: c5f8 77e8 

  0x000001849ab714e4: ; ImmutableOopMap {rbp=Oop [40]=Oop [64]=Oop [80]=Oop [88]=NarrowOop [96]=Oop [104]=Oop [136]=Oop [200]=Oop }
                      ;*invokevirtual addSuppressed {reexecute=0 rethrow=0 return_oop=0}
                      ; - java.util.jar.JarFile::getManifestFromReference@177
                      ; - java.util.jar.JarFile::getManifest@1
                      ; - jdk.internal.loader.URLClassPath$JarLoader$2::getManifest@22
                      ; - java.net.URLClassLoader::defineClass@34
                      ; - java.net.URLClassLoader$1::run@43
                      ; - java.net.URLClassLoader$1::run@1
                      ; - java.security.AccessController::executePrivileged@29
                      ; - java.security.AccessController::doPrivileged@13
                      ; - java.net.URLClassLoader::findClass@13
  0x000001849ab714e4: 98d5 88ff 

  0x000001849ab714e8: ;   {other}
  0x000001849ab714e8: 0f1f 8400 | d88f 00f1 | e9db 0300 | 00e9 a203 | 0000 4889 | 8424 8800 | 0000 e99d | 0300 00e9 
  0x000001849ab71508: 9003 0000 | 448b 4008 | 49ba 0000 | 00a7 8401 | 0000 4d03 | d048 8bd0 | e9fb 0400 | 004c 8bd0 
  0x000001849ab71528: e93a 0400 | 004c 8bd0 | e932 0400 | 004c 8bd0 | e92a 0400 | 004c 8bd0 | e922 0400 | 004c 8bd0 
  0x000001849ab71548: e91a 0400 | 004c 8bd0 | e912 0400 | 004c 8bd0 | e90a 0400 | 004c 8bd0 | e902 0400 | 004c 8bd0 
  0x000001849ab71568: e9fa 0300 | 004c 8bd0 | e9f2 0300 | 004c 8bd0 | e9ea 0300 | 004c 8bd0 | e9e2 0300 | 004c 8bd0 
  0x000001849ab71588: e9da 0300 | 004c 8bd0 | e9d2 0300 | 004c 8bd0 | e9ca 0300 | 004c 8bd0 | e9c2 0300 | 004c 8bd0 
  0x000001849ab715a8: e9ba 0300 | 00e9 5a04 | 0000 e955 | 0400 00e9 | 5004 0000 | 448b 5808 | 49ba 0000 | 00a7 8401 
  0x000001849ab715c8: 0000 4d03 | d348 8bd0 | e94b 0400 | 00eb 0044 | 8b58 0849 | ba00 0000 | a784 0100 

  0x000001849ab715e4: ;   {no_reloc}
  0x000001849ab715e4: 004d 03d3 | 488b d0e9 | 3004 0000 | 488b d0e9 | 2804 0000 | e9cb 0300 | 00e9 dc03 | 0000 448b 
  0x000001849ab71604: 4008 49ba | 0000 00a7 | 8401 0000 | 4d03 d04d | 8b5a 504c | 3bdd 75d4 | 4533 c9e9 | db02 0000 
  0x000001849ab71624: 488b d844 | 8b58 0849 | ba00 0000 | a784 0100 | 004d 03d3 | 4d8b 5248 

  0x000001849ab7163c: ;   {metadata('java/io/IOException')}
  0x000001849ab7163c: 49bb 5853 | 04a8 8401 | 0000 4d3b | d30f 8538 | 0100 004c | 8bd8 498b | 87b8 0100 | 004c 8bd0 
  0x000001849ab7165c: 4983 c228 | 4d3b 97c8 | 0100 000f | 8307 0400 | 004d 8997 | b801 0000 | 410f 1882 | 0001 0000 
  0x000001849ab7167c: 48c7 0001 

  0x000001849ab71680: ;   {metadata('java/lang/RuntimeException')}
  0x000001849ab71680: 0000 00c7 | 4008 a8b7 | 0500 4489 | 600c 4c89 | 6010 4c89 | 6018 4c89 | 6020 498b | eb4c 8bd0 
  0x000001849ab716a0: 4c89 5424 | 2049 8bd2 | 4c8b c548 | 8b6c 2460 

  0x000001849ab716b0: ;   {optimized virtual_call}
  0x000001849ab716b0: c5f8 77e8 

  0x000001849ab716b4: ; ImmutableOopMap {rbp=Oop [32]=Oop [40]=Oop [48]=Oop [64]=Oop [88]=NarrowOop [96]=Oop [104]=Oop [120]=Oop [200]=Oop }
                      ;*invokespecial <init> {reexecute=0 rethrow=0 return_oop=0}
                      ; - java.util.jar.JarFile::ensureInitialization@13
                      ; - java.util.jar.JavaUtilJarAccessImpl::ensureInitialization@1
                      ; - jdk.internal.loader.URLClassPath$JarLoader$2::getManifest@10
                      ; - java.net.URLClassLoader::defineClass@34
                      ; - java.net.URLClassLoader$1::run@43
                      ; - java.net.URLClassLoader$1::run@1
                      ; - java.security.AccessController::executePrivileged@29
                      ; - java.security.AccessController::doPrivileged@13
                      ; - java.net.URLClassLoader::findClass@13
  0x000001849ab716b4: c8d3 88ff 

  0x000001849ab716b8: ;   {other}
  0x000001849ab716b8: 0f1f 8400 | a891 00f2 | 4c8b 5c24 | 3048 8d84 | 24e0 0000 | 0048 8338 | 000f 8479 | 0000 004d 
  0x000001849ab716d8: 8b13 41f6 | c202 0f84 | 6200 0000 | 4983 ba86 | 0000 0000 | 7409 49ff | 8a86 0000 | 00eb 4b49 
  0x000001849ab716f8: 8b82 9600 | 0000 490b | 828e 0000 | 0075 0a49 | c742 3e00 | 0000 00eb | 3d49 83ba | 9e00 0000 
  0x000001849ab71718: 0074 2248 | 33c0 49c7 | 423e 0000 | 0000 f083 | 0424 0049 | 83ba 9e00 | 0000 0075 | 0df0 4d0f 
  0x000001849ab71738: b17a 3e75 | 0583 c801 | eb0c a800 | eb08 4c8b | 10f0 4d0f | b113 750a | 49ff 8f50 | 0500 0045 
  0x000001849ab71758: 33d2 0f85 | 6c03 0000 | 488b 6c24 | 6848 8b54 | 2420 4c8b | 5424 604c | 8954 2420 

  0x000001849ab71774: ;   {runtime_call _rethrow_Java}
  0x000001849ab71774: c5f8 77e8 

  0x000001849ab71778: ; ImmutableOopMap {rbp=Oop [32]=Oop [40]=Oop [64]=Oop [96]=Oop }
                      ;*invokevirtual defineClass {reexecute=0 rethrow=0 return_oop=1}
                      ; - java.net.URLClassLoader$1::run@43
                      ; - java.net.URLClassLoader$1::run@1
                      ; - java.security.AccessController::executePrivileged@29
                      ; - java.security.AccessController::doPrivileged@13
                      ; - java.net.URLClassLoader::findClass@13
  0x000001849ab71778: 84a7 95ff 

  0x000001849ab7177c: ;   {other}
  0x000001849ab7177c: 0f1f 8400 | 6c92 00f3 | 488b d84c | 8b5c 2430 | 488d 8424 | e000 0000 | 4883 3800 | 0f84 7900 
  0x000001849ab7179c: 0000 4d8b | 1341 f6c2 | 020f 8462 | 0000 0049 | 83ba 8600 | 0000 0074 | 0949 ff8a | 8600 0000 
  0x000001849ab717bc: eb4b 498b | 8296 0000 | 0049 0b82 | 8e00 0000 | 750a 49c7 | 423e 0000 | 0000 eb3d | 4983 ba9e 
  0x000001849ab717dc: 0000 0000 | 7422 4833 | c049 c742 | 3e00 0000 | 00f0 8304 | 2400 4983 | ba9e 0000 | 0000 750d 
  0x000001849ab717fc: f04d 0fb1 | 7a3e 7505 | 83c8 01eb | 0ca8 00eb | 084c 8b10 | f04d 0fb1 | 1375 0a49 | ff8f 5005 
  0x000001849ab7181c: 0000 4533 | d20f 8443 | 0100 0049 | 8bcb 488d | 9424 e000 | 0000 4d8b | c7c5 f877 | 49ba 40d9 
  0x000001849ab7183c: 1743 ff7f | 0000 41ff 

  0x000001849ab71844: ;   {other}
  0x000001849ab71844: d20f 1f84 | 0000 0000 | 00e9 1801 | 0000 4c8b | d0e9 0d01 | 0000 4c8b | d0e9 0501 | 0000 4c8b 
  0x000001849ab71864: d0e9 fd00 | 0000 4c8b | d0e9 f500 | 0000 4c8b | d0e9 ed00 | 0000 4c8b | d0e9 e500 | 0000 4c8b 
  0x000001849ab71884: d0e9 dd00 | 0000 4c8b | d0e9 d500 | 0000 4c8b | d0e9 cd00 | 0000 eb00 | 4889 8424 | 8800 0000 
  0x000001849ab718a4: 4c8b 5424 | 304d 85d2 | 7422 498b | d248 8b6c | 2460 c5f8 | 7748 b8ff | ffff ffff 

  0x000001849ab718c0: ;   {virtual_call}
  0x000001849ab718c0: ffff ffe8 

  0x000001849ab718c4: ; ImmutableOopMap {rbp=Oop [40]=Oop [64]=Oop [88]=NarrowOop [96]=Oop [104]=Oop [120]=Oop [136]=Oop [200]=Oop }
                      ;*invokevirtual close {reexecute=0 rethrow=0 return_oop=0}
                      ; - java.util.jar.JarFile::getManifestFromReference@165
                      ; - java.util.jar.JarFile::getManifest@1
                      ; - jdk.internal.loader.URLClassPath$JarLoader$2::getManifest@22
                      ; - java.net.URLClassLoader::defineClass@34
                      ; - java.net.URLClassLoader$1::run@43
                      ; - java.net.URLClassLoader$1::run@1
                      ; - java.security.AccessController::executePrivileged@29
                      ; - java.security.AccessController::doPrivileged@13
                      ; - java.net.URLClassLoader::findClass@13
  0x000001849ab718c4: b8d4 88ff 

  0x000001849ab718c8: ;   {other}
  0x000001849ab718c8: 0f1f 8400 | b893 00f4 | 4c8b 9424 | 8800 0000 | e98a 0000 | 0044 8b58 | 0849 ba00 | 0000 a784 
  0x000001849ab718e8: 0100 004d | 03d3 4d8b | 5a50 4c3b | dd75 4c4c | 8b8c 2490 | 0000 0048 | 8b54 2468 | 4c8b 4424 
  0x000001849ab71908: 4848 8b7c | 2420 488b | 6c24 604c | 8b54 2478 | 4c89 5424 | 5866 6690 

  0x000001849ab71920: ;   {optimized virtual_call}
  0x000001849ab71920: c5f8 77e8 

  0x000001849ab71924: ; ImmutableOopMap {rbp=Oop [32]=Oop [40]=Oop [64]=Oop [72]=Oop [88]=Oop [96]=Oop [104]=Oop [136]=NarrowOop }
                      ;*invokevirtual getAndVerifyPackage {reexecute=0 rethrow=0 return_oop=1}
                      ; - java.net.URLClassLoader::defineClass@97
                      ; - java.net.URLClassLoader$1::run@43
                      ; - java.net.URLClassLoader$1::run@1
                      ; - java.security.AccessController::executePrivileged@29
                      ; - java.security.AccessController::doPrivileged@13
                      ; - java.net.URLClassLoader::findClass@13
  0x000001849ab71924: 58d1 88ff 

  0x000001849ab71928: ;   {other}
  0x000001849ab71928: 0f1f 8400 | 1894 00f5 | 4885 c00f | 8468 0100 | 004c 8b6c | 2440 e9fa | 88ff ff48 | 8bd0 e9d5 
  0x000001849ab71948: 0000 00e9 | bc00 0000 | e9b7 0000 | 00e9 b200 | 0000 e9ad | 0000 00e9 | a800 0000 | 4c8b d049 
  0x000001849ab71968: 8bda 448b | 5b08 49ba | 0000 00a7 | 8401 0000 | 4d03 d348 | 8bd3 e99d | 0000 0044 | 8b58 0849 
  0x000001849ab71988: ba00 0000 | a784 0100 | 004d 03d3 | 488b d0e9 | 8400 0000 | 448b 5808 | 49ba 0000 | 00a7 8401 
  0x000001849ab719a8: 0000 4d03 | d348 8bd0 | eb6e 448b | 5808 49ba | 0000 00a7 | 8401 0000 | 4d03 d348 | 8bd0 eb58 
  0x000001849ab719c8: 448b 5808 | 49ba 0000 | 00a7 8401 | 0000 4d03 | d348 8bd0 | eb42 448b | 5808 49ba | 0000 00a7 
  0x000001849ab719e8: 8401 0000 | 4d03 d348 | 8bd0 eb2c | 448b 5808 | 49ba 0000 | 00a7 8401 | 0000 4d03 | d348 8bd0 
  0x000001849ab71a08: eb16 eb00 | 448b 5808 | 49ba 0000 | 00a7 8401 | 0000 4d03 | d348 8bd0 | 4d8b 5248 

  0x000001849ab71a24: ;   {metadata('java/io/IOException')}
  0x000001849ab71a24: 49bb 5853 | 04a8 8401 | 0000 4d3b | d374 1d4c | 8b54 2460 | 4c89 5424 | 2066 6690 

  0x000001849ab71a40: ;   {runtime_call _rethrow_Java}
  0x000001849ab71a40: c5f8 77e8 

  0x000001849ab71a44: ; ImmutableOopMap {[32]=Oop [40]=Oop [64]=Oop [96]=Oop [104]=Oop }
                      ;*invokevirtual defineClass {reexecute=0 rethrow=0 return_oop=1}
                      ; - java.net.URLClassLoader$1::run@43
                      ; - java.net.URLClassLoader$1::run@1
                      ; - java.security.AccessController::executePrivileged@29
                      ; - java.security.AccessController::doPrivileged@13
                      ; - java.net.URLClassLoader::findClass@13
  0x000001849ab71a44: b8a4 95ff 

  0x000001849ab71a48: ;   {other}
  0x000001849ab71a48: 0f1f 8400 | 3895 00f6 | 488b eaba | 2f00 0000 | 4c8b 5424 | 604c 8954 | 2430 6690 

  0x000001849ab71a64: ;   {runtime_call UncommonTrapBlob}
  0x000001849ab71a64: c5f8 77e8 

  0x000001849ab71a68: ; ImmutableOopMap {rbp=Oop [40]=Oop [48]=Oop [96]=Oop [104]=Oop }
                      ;*new {reexecute=0 rethrow=0 return_oop=0}
                      ; - java.net.URLClassLoader$1::run@48
                      ; - java.net.URLClassLoader$1::run@1
                      ; - java.security.AccessController::executePrivileged@29
                      ; - java.security.AccessController::doPrivileged@13
                      ; - java.net.URLClassLoader::findClass@13
  0x000001849ab71a68: 1429 89ff 

  0x000001849ab71a6c: ;   {other}
  0x000001849ab71a6c: 0f1f 8400 | 5c95 00f7 

  0x000001849ab71a74: ;   {metadata('java/lang/RuntimeException')}
  0x000001849ab71a74: 498b eb48 | baa8 b705 | a784 0100 | 004c 8b54 | 2460 4c89 | 5424 2090 

  0x000001849ab71a8c: ;   {runtime_call _new_instance_Java}
  0x000001849ab71a8c: c5f8 77e8 

  0x000001849ab71a90: ; ImmutableOopMap {rbp=Oop [32]=Oop [40]=Oop [48]=Oop [64]=Oop [88]=NarrowOop [96]=Oop [104]=Oop [120]=Oop [200]=Oop }
                      ;*new {reexecute=0 rethrow=0 return_oop=1}
                      ; - java.util.jar.JarFile::ensureInitialization@8
                      ; - java.util.jar.JavaUtilJarAccessImpl::ensureInitialization@1
                      ; - jdk.internal.loader.URLClassPath$JarLoader$2::getManifest@10
                      ; - java.net.URLClassLoader::defineClass@34
                      ; - java.net.URLClassLoader$1::run@43
                      ; - java.net.URLClassLoader$1::run@1
                      ; - java.security.AccessController::executePrivileged@29
                      ; - java.security.AccessController::doPrivileged@13
                      ; - java.net.URLClassLoader::findClass@13
  0x000001849ab71a90: 6c20 95ff 

  0x000001849ab71a94: ;   {other}
  0x000001849ab71a94: 0f1f 8400 | 8495 00f8 | e9fc fbff | ffba fd00 | 0000 4c8b | 5424 284c | 8954 2420 | 4c8b 5424 
  0x000001849ab71ab4: 404c 8954 | 2428 6690 

  0x000001849ab71abc: ;   {runtime_call UncommonTrapBlob}
  0x000001849ab71abc: c5f8 77e8 

  0x000001849ab71ac0: ; ImmutableOopMap {rbp=Oop [32]=Oop [40]=Oop [72]=Oop [104]=Oop }
                      ;*new {reexecute=0 rethrow=0 return_oop=0}
                      ; - java.net.URLClassLoader::defineClass@103
                      ; - java.net.URLClassLoader$1::run@43
                      ; - java.net.URLClassLoader$1::run@1
                      ; - java.security.AccessController::executePrivileged@29
                      ; - java.security.AccessController::doPrivileged@13
                      ; - java.net.URLClassLoader::findClass@13
  0x000001849ab71ac0: bc28 89ff 

  0x000001849ab71ac4: ;   {other}
  0x000001849ab71ac4: 0f1f 8400 | b495 00f9 | 498b cb48 | 8d94 24e0 | 0000 004d | 8bc7 c5f8 | 7749 ba40 | d917 43ff 
  0x000001849ab71ae4: 7f00 0041 

  0x000001849ab71ae8: ;   {other}
  0x000001849ab71ae8: ffd2 0f1f | 8400 0000 | 0000 e969 

  0x000001849ab71af4: ;   {internal_word}
  0x000001849ab71af4: fcff ff49 | ba1e a4b6 | 9a84 0100 | 004d 8997 | 6804 0000 

  0x000001849ab71b08: ;   {runtime_call SafepointBlob}
  0x000001849ab71b08: e973 3989 

  0x000001849ab71b0c: ;   {runtime_call StubRoutines (final stubs)}
  0x000001849ab71b0c: ffe8 8e49 | 87ff e947 | 74ff fff4 
[Stub Code]
  0x000001849ab71b18: ;   {no_reloc}
  0x000001849ab71b18: 48bb 0000 | 0000 0000 

  0x000001849ab71b20: ;   {runtime_call nmethod}
  0x000001849ab71b20: 0000 e9fb 

  0x000001849ab71b24: ;   {static_stub}
  0x000001849ab71b24: ffff ff48 | bb00 0000 | 0000 0000 

  0x000001849ab71b30: ;   {runtime_call nmethod}
  0x000001849ab71b30: 00e9 fbff 

  0x000001849ab71b34: ;   {static_stub}
  0x000001849ab71b34: ffff 48bb | 0000 0000 | 0000 0000 

  0x000001849ab71b40: ;   {runtime_call nmethod}
  0x000001849ab71b40: e9fb ffff 

  0x000001849ab71b44: ;   {static_stub}
  0x000001849ab71b44: ff48 bb00 | 0000 0000 

  0x000001849ab71b4c: ;   {runtime_call nmethod}
  0x000001849ab71b4c: 0000 00e9 | fbff ffff 

  0x000001849ab71b54: ;   {static_stub}
  0x000001849ab71b54: 48bb 10d2 | 01a7 8401 

  0x000001849ab71b5c: ;   {runtime_call I2C/C2I adapters}
  0x000001849ab71b5c: 0000 e900 

  0x000001849ab71b60: ;   {static_stub}
  0x000001849ab71b60: 1989 ff48 | bb00 0000 | 0000 0000 

  0x000001849ab71b6c: ;   {runtime_call nmethod}
  0x000001849ab71b6c: 00e9 fbff 

  0x000001849ab71b70: ;   {static_stub}
  0x000001849ab71b70: ffff 48bb | a800 17a7 | 8401 0000 

  0x000001849ab71b7c: ;   {runtime_call I2C/C2I adapters}
  0x000001849ab71b7c: e9e2 1889 

  0x000001849ab71b80: ;   {static_stub}
  0x000001849ab71b80: ff48 bb00 | 0000 0000 

  0x000001849ab71b88: ;   {runtime_call nmethod}
  0x000001849ab71b88: 0000 00e9 | fbff ffff 

  0x000001849ab71b90: ;   {static_stub}
  0x000001849ab71b90: 48bb 0000 | 0000 0000 

  0x000001849ab71b98: ;   {runtime_call nmethod}
  0x000001849ab71b98: 0000 e9fb 

  0x000001849ab71b9c: ;   {static_stub}
  0x000001849ab71b9c: ffff ff48 | bb00 0000 | 0000 0000 

  0x000001849ab71ba8: ;   {runtime_call nmethod}
  0x000001849ab71ba8: 00e9 fbff 

  0x000001849ab71bac: ;   {static_stub}
  0x000001849ab71bac: ffff 48bb | 0000 0000 | 0000 0000 

  0x000001849ab71bb8: ;   {runtime_call nmethod}
  0x000001849ab71bb8: e9fb ffff 

  0x000001849ab71bbc: ;   {static_stub}
  0x000001849ab71bbc: ff48 bb00 | 0000 0000 

  0x000001849ab71bc4: ;   {runtime_call nmethod}
  0x000001849ab71bc4: 0000 00e9 | fbff ffff 

  0x000001849ab71bcc: ;   {static_stub}
  0x000001849ab71bcc: 48bb 0000 | 0000 0000 

  0x000001849ab71bd4: ;   {runtime_call nmethod}
  0x000001849ab71bd4: 0000 e9fb 

  0x000001849ab71bd8: ;   {static_stub}
  0x000001849ab71bd8: ffff ff48 | bb00 0000 | 0000 0000 

  0x000001849ab71be4: ;   {runtime_call nmethod}
  0x000001849ab71be4: 00e9 fbff 

  0x000001849ab71be8: ;   {static_stub}
  0x000001849ab71be8: ffff 48bb | 0000 0000 | 0000 0000 

  0x000001849ab71bf4: ;   {runtime_call nmethod}
  0x000001849ab71bf4: e9fb ffff 

  0x000001849ab71bf8: ;   {static_stub}
  0x000001849ab71bf8: ff48 bb00 | 0000 0000 

  0x000001849ab71c00: ;   {runtime_call nmethod}
  0x000001849ab71c00: 0000 00e9 | fbff ffff 

  0x000001849ab71c08: ;   {static_stub}
  0x000001849ab71c08: 48bb 0000 | 0000 0000 

  0x000001849ab71c10: ;   {runtime_call nmethod}
  0x000001849ab71c10: 0000 e9fb 

  0x000001849ab71c14: ;   {static_stub}
  0x000001849ab71c14: ffff ff48 | bb00 0000 | 0000 0000 

  0x000001849ab71c20: ;   {runtime_call nmethod}
  0x000001849ab71c20: 00e9 fbff 

  0x000001849ab71c24: ;   {static_stub}
  0x000001849ab71c24: ffff 48bb | 0000 0000 | 0000 0000 

  0x000001849ab71c30: ;   {runtime_call nmethod}
  0x000001849ab71c30: e9fb ffff 

  0x000001849ab71c34: ;   {static_stub}
  0x000001849ab71c34: ff48 bb00 | 0000 0000 

  0x000001849ab71c3c: ;   {runtime_call nmethod}
  0x000001849ab71c3c: 0000 00e9 | fbff ffff 

  0x000001849ab71c44: ;   {static_stub}
  0x000001849ab71c44: 48bb 0000 | 0000 0000 

  0x000001849ab71c4c: ;   {runtime_call nmethod}
  0x000001849ab71c4c: 0000 e9fb 

  0x000001849ab71c50: ;   {static_stub}
  0x000001849ab71c50: ffff ff48 | bb00 0000 | 0000 0000 

  0x000001849ab71c5c: ;   {runtime_call nmethod}
  0x000001849ab71c5c: 00e9 fbff 

  0x000001849ab71c60: ;   {static_stub}
  0x000001849ab71c60: ffff 48bb | 0000 0000 | 0000 0000 

  0x000001849ab71c6c: ;   {runtime_call nmethod}
  0x000001849ab71c6c: e9fb ffff 

  0x000001849ab71c70: ;   {static_stub}
  0x000001849ab71c70: ff48 bb00 | 0000 0000 

  0x000001849ab71c78: ;   {runtime_call nmethod}
  0x000001849ab71c78: 0000 00e9 | fbff ffff 

  0x000001849ab71c80: ;   {static_stub}
  0x000001849ab71c80: 48bb 0000 | 0000 0000 

  0x000001849ab71c88: ;   {runtime_call nmethod}
  0x000001849ab71c88: 0000 e9fb 

  0x000001849ab71c8c: ;   {static_stub}
  0x000001849ab71c8c: ffff ff48 | bb00 0000 | 0000 0000 

  0x000001849ab71c98: ;   {runtime_call nmethod}
  0x000001849ab71c98: 00e9 fbff 

  0x000001849ab71c9c: ;   {static_stub}
  0x000001849ab71c9c: ffff 48bb | 0000 0000 | 0000 0000 

  0x000001849ab71ca8: ;   {runtime_call nmethod}
  0x000001849ab71ca8: e9fb ffff 

  0x000001849ab71cac: ;   {static_stub}
  0x000001849ab71cac: ff48 bb00 | 0000 0000 

  0x000001849ab71cb4: ;   {runtime_call nmethod}
  0x000001849ab71cb4: 0000 00e9 | fbff ffff 

  0x000001849ab71cbc: ;   {static_stub}
  0x000001849ab71cbc: 48bb 0000 | 0000 0000 

  0x000001849ab71cc4: ;   {runtime_call nmethod}
  0x000001849ab71cc4: 0000 e9fb 

  0x000001849ab71cc8: ;   {static_stub}
  0x000001849ab71cc8: ffff ff48 | bb00 0000 | 0000 0000 

  0x000001849ab71cd4: ;   {runtime_call nmethod}
  0x000001849ab71cd4: 00e9 fbff 

  0x000001849ab71cd8: ;   {static_stub}
  0x000001849ab71cd8: ffff 48bb | 0000 0000 | 0000 0000 

  0x000001849ab71ce4: ;   {runtime_call nmethod}
  0x000001849ab71ce4: e9fb ffff 

  0x000001849ab71ce8: ;   {static_stub}
  0x000001849ab71ce8: ff48 bb00 | 0000 0000 

  0x000001849ab71cf0: ;   {runtime_call nmethod}
  0x000001849ab71cf0: 0000 00e9 | fbff ffff 

  0x000001849ab71cf8: ;   {static_stub}
  0x000001849ab71cf8: 48bb 0000 | 0000 0000 

  0x000001849ab71d00: ;   {runtime_call nmethod}
  0x000001849ab71d00: 0000 e9fb 

  0x000001849ab71d04: ;   {static_stub}
  0x000001849ab71d04: ffff ff48 | bb00 0000 | 0000 0000 

  0x000001849ab71d10: ;   {runtime_call nmethod}
  0x000001849ab71d10: 00e9 fbff 

  0x000001849ab71d14: ;   {static_stub}
  0x000001849ab71d14: ffff 48bb | 0000 0000 | 0000 0000 

  0x000001849ab71d20: ;   {runtime_call nmethod}
  0x000001849ab71d20: e9fb ffff 

  0x000001849ab71d24: ;   {static_stub}
  0x000001849ab71d24: ff48 bb00 | 0000 0000 

  0x000001849ab71d2c: ;   {runtime_call nmethod}
  0x000001849ab71d2c: 0000 00e9 | fbff ffff 

  0x000001849ab71d34: ;   {static_stub}
  0x000001849ab71d34: 48bb 0000 | 0000 0000 

  0x000001849ab71d3c: ;   {runtime_call nmethod}
  0x000001849ab71d3c: 0000 e9fb 

  0x000001849ab71d40: ;   {static_stub}
  0x000001849ab71d40: ffff ff48 | bbd8 dd16 | a784 0100 

  0x000001849ab71d4c: ;   {runtime_call I2C/C2I adapters}
  0x000001849ab71d4c: 00e9 951e 

  0x000001849ab71d50: ;   {static_stub}
  0x000001849ab71d50: 89ff 48bb | 0000 0000 | 0000 0000 

  0x000001849ab71d5c: ;   {runtime_call nmethod}
  0x000001849ab71d5c: e9fb ffff 

  0x000001849ab71d60: ;   {static_stub}
  0x000001849ab71d60: ff48 bb00 | 0000 0000 

  0x000001849ab71d68: ;   {runtime_call nmethod}
  0x000001849ab71d68: 0000 00e9 | fbff ffff 

  0x000001849ab71d70: ;   {static_stub}
  0x000001849ab71d70: 48bb 0000 | 0000 0000 

  0x000001849ab71d78: ;   {runtime_call nmethod}
  0x000001849ab71d78: 0000 e9fb 

  0x000001849ab71d7c: ;   {static_stub}
  0x000001849ab71d7c: ffff ff48 | bb00 0000 | 0000 0000 

  0x000001849ab71d88: ;   {runtime_call nmethod}
  0x000001849ab71d88: 00e9 fbff 

  0x000001849ab71d8c: ;   {static_stub}
  0x000001849ab71d8c: ffff 48bb | 0000 0000 | 0000 0000 

  0x000001849ab71d98: ;   {runtime_call nmethod}
  0x000001849ab71d98: e9fb ffff 

  0x000001849ab71d9c: ;   {runtime_call ExceptionBlob}
  0x000001849ab71d9c: ffe9 de26 | 95ff e800 | 0000 0048 | 832c 2405 

  0x000001849ab71dac: ;   {runtime_call DeoptimizationBlob}
  0x000001849ab71dac: e96f 2989 | fff4 f4f4 | f4f4 f4f4 
[/MachCode]


---------------  P R O C E S S  ---------------

Threads class SMR info:
_java_thread_list=0x00000184ed9b6b50, length=78, elements={
0x000001848d8ed960, 0x00000184a6481860, 0x00000184a64823c0, 0x00000184a6485030,
0x00000184a648af70, 0x00000184a648a8e0, 0x00000184a648b600, 0x00000184a64916e0,
0x00000184a6492ea0, 0x00000184a648bc90, 0x00000184a6488810, 0x00000184a6489bc0,
0x00000184a648a250, 0x00000184ecbe5560, 0x00000184ecbe5bf0, 0x00000184ecbe7630,
0x00000184ecbe4ed0, 0x00000184ecbe6280, 0x00000184ecbe6910, 0x00000184ecbe4840,
0x00000184ecbe9700, 0x00000184ecbe9070, 0x00000184ecbe9d90, 0x00000184ecbea420,
0x00000184ecbe6fa0, 0x00000184ecbeb140, 0x00000184ecbeb7d0, 0x00000184ecbe8350,
0x00000184ecbe89e0, 0x00000184ecbebe60, 0x00000184ede75850, 0x00000184ede73780,
0x00000184ede75ee0, 0x00000184ede76570, 0x00000184ede77290, 0x00000184ede744a0,
0x00000184ede73e10, 0x00000184ede77920, 0x00000184ede77fb0, 0x00000184ede751c0,
0x00000184ede79360, 0x00000184ede799f0, 0x00000184ede7a710, 0x00000184ede7a080,
0x00000184f03f5650, 0x00000184f03f7720, 0x00000184f03f6370, 0x00000184f03f7090,
0x00000184f03f5ce0, 0x00000184f03f9160, 0x00000184f03f8ad0, 0x00000184f03f8440,
0x00000184f03f97f0, 0x00000184f03f6a00, 0x00000184f03faba0, 0x00000184f03fb230,
0x00000184f03fcc70, 0x00000184f03f9e80, 0x00000184f03fc5e0, 0x00000184f03fa510,
0x00000184f03fbf50, 0x00000184f03fb8c0, 0x00000184eef46cb0, 0x00000184eef47340,
0x00000184eef479d0, 0x00000184eef48060, 0x00000184eef45270, 0x00000184eef45900,
0x00000184eef486f0, 0x00000184eef48d80, 0x00000184eef49410, 0x00000184eef45f90,
0x00000184eef4b4e0, 0x00000184eef4a130, 0x00000184eef4ae50, 0x00000184eef49aa0,
0x00000184eef4c200, 0x00000184eef4c890
}

Java Threads: ( => current thread )
  0x000001848d8ed960 JavaThread "main"                              [_thread_blocked, id=19856, stack(0x0000006c12d00000,0x0000006c12e00000) (1024K)]
  0x00000184a6481860 JavaThread "Reference Handler"          daemon [_thread_blocked, id=24200, stack(0x0000006c13500000,0x0000006c13600000) (1024K)]
  0x00000184a64823c0 JavaThread "Finalizer"                  daemon [_thread_blocked, id=15916, stack(0x0000006c13600000,0x0000006c13700000) (1024K)]
  0x00000184a6485030 JavaThread "Signal Dispatcher"          daemon [_thread_blocked, id=11192, stack(0x0000006c13700000,0x0000006c13800000) (1024K)]
  0x00000184a648af70 JavaThread "Attach Listener"            daemon [_thread_blocked, id=12224, stack(0x0000006c13800000,0x0000006c13900000) (1024K)]
  0x00000184a648a8e0 JavaThread "Service Thread"             daemon [_thread_blocked, id=11964, stack(0x0000006c13900000,0x0000006c13a00000) (1024K)]
  0x00000184a648b600 JavaThread "Monitor Deflation Thread"   daemon [_thread_blocked, id=20648, stack(0x0000006c13a00000,0x0000006c13b00000) (1024K)]
  0x00000184a64916e0 JavaThread "C2 CompilerThread0"         daemon [_thread_blocked, id=8228, stack(0x0000006c13b00000,0x0000006c13c00000) (1024K)]
  0x00000184a6492ea0 JavaThread "C1 CompilerThread0"         daemon [_thread_blocked, id=11044, stack(0x0000006c13c00000,0x0000006c13d00000) (1024K)]
  0x00000184a648bc90 JavaThread "Common-Cleaner"             daemon [_thread_blocked, id=12676, stack(0x0000006c13d00000,0x0000006c13e00000) (1024K)]
  0x00000184a6488810 JavaThread "Notification Thread"        daemon [_thread_blocked, id=11460, stack(0x0000006c13e00000,0x0000006c13f00000) (1024K)]
  0x00000184a6489bc0 JavaThread "Daemon health stats"               [_thread_blocked, id=15672, stack(0x0000006c14700000,0x0000006c14800000) (1024K)]
  0x00000184a648a250 JavaThread "Incoming local TCP Connector on port 49965"        [_thread_in_native, id=9324, stack(0x0000006c13f00000,0x0000006c14000000) (1024K)]
  0x00000184ecbe5560 JavaThread "Daemon periodic checks"            [_thread_blocked, id=18312, stack(0x0000006c14800000,0x0000006c14900000) (1024K)]
  0x00000184ecbe5bf0 JavaThread "Daemon"                            [_thread_blocked, id=3428, stack(0x0000006c14900000,0x0000006c14a00000) (1024K)]
  0x00000184ecbe7630 JavaThread "Handler for socket connection from /127.0.0.1:49965 to /127.0.0.1:49968"        [_thread_in_native, id=6496, stack(0x0000006c14a00000,0x0000006c14b00000) (1024K)]
  0x00000184ecbe4ed0 JavaThread "Cancel handler"                    [_thread_blocked, id=3244, stack(0x0000006c14b00000,0x0000006c14c00000) (1024K)]
=>0x00000184ecbe6280 JavaThread "Daemon worker"                     [_thread_in_vm, id=6468, stack(0x0000006c14c00000,0x0000006c14d00000) (1024K)]
  0x00000184ecbe6910 JavaThread "Asynchronous log dispatcher for DefaultDaemonConnection: socket connection from /127.0.0.1:49965 to /127.0.0.1:49968"        [_thread_blocked, id=6324, stack(0x0000006c14d00000,0x0000006c14e00000) (1024K)]
  0x00000184ecbe4840 JavaThread "Stdin handler"                     [_thread_blocked, id=23256, stack(0x0000006c14e00000,0x0000006c14f00000) (1024K)]
  0x00000184ecbe9700 JavaThread "Daemon client event forwarder"        [_thread_blocked, id=3544, stack(0x0000006c14f00000,0x0000006c15000000) (1024K)]
  0x00000184ecbe9070 JavaThread "Cache worker for journal cache (D:\GradleCache\caches\journal-1)"        [_thread_blocked, id=9440, stack(0x0000006c15000000,0x0000006c15100000) (1024K)]
  0x00000184ecbe9d90 JavaThread "File lock request listener"        [_thread_in_native, id=7404, stack(0x0000006c15100000,0x0000006c15200000) (1024K)]
  0x00000184ecbea420 JavaThread "File lock release action executor"        [_thread_blocked, id=14552, stack(0x0000006c15200000,0x0000006c15300000) (1024K)]
  0x00000184ecbe6fa0 JavaThread "Cache worker for file hash cache (D:\GradleCache\caches\8.14.3\fileHashes)"        [_thread_blocked, id=9584, stack(0x0000006c15300000,0x0000006c15400000) (1024K)]
  0x00000184ecbeb140 JavaThread "Cache worker for file hash cache (D:\SyncSphere\frontend-next\android\.gradle\8.14.3\fileHashes)"        [_thread_blocked, id=15080, stack(0x0000006c15900000,0x0000006c15a00000) (1024K)]
  0x00000184ecbeb7d0 JavaThread "Cache worker for Build Output Cleanup Cache (D:\SyncSphere\frontend-next\android\.gradle\buildOutputCleanup)"        [_thread_blocked, id=18100, stack(0x0000006c15a00000,0x0000006c15b00000) (1024K)]
  0x00000184ecbe8350 JavaThread "File watcher server"        daemon [_thread_in_native, id=22820, stack(0x0000006c15400000,0x0000006c15500000) (1024K)]
  0x00000184ecbe89e0 JavaThread "File watcher consumer"      daemon [_thread_blocked, id=13352, stack(0x0000006c15b00000,0x0000006c15c00000) (1024K)]
  0x00000184ecbebe60 JavaThread "jar transforms"                    [_thread_blocked, id=3312, stack(0x0000006c15c00000,0x0000006c15d00000) (1024K)]
  0x00000184ede75850 JavaThread "jar transforms Thread 2"           [_thread_blocked, id=14452, stack(0x0000006c15d00000,0x0000006c15e00000) (1024K)]
  0x00000184ede73780 JavaThread "Cache worker for checksums cache (D:\SyncSphere\frontend-next\android\.gradle\8.14.3\checksums)"        [_thread_blocked, id=5552, stack(0x0000006c16000000,0x0000006c16100000) (1024K)]
  0x00000184ede75ee0 JavaThread "Cache worker for file content cache (D:\GradleCache\caches\8.14.3\fileContent)"        [_thread_blocked, id=21100, stack(0x0000006c16100000,0x0000006c16200000) (1024K)]
  0x00000184ede76570 JavaThread "jar transforms Thread 3"           [_thread_blocked, id=25404, stack(0x0000006c15e00000,0x0000006c15f00000) (1024K)]
  0x00000184ede77290 JavaThread "jar transforms Thread 4"           [_thread_blocked, id=8356, stack(0x0000006c15f00000,0x0000006c16000000) (1024K)]
  0x00000184ede744a0 JavaThread "jar transforms Thread 5"           [_thread_blocked, id=26116, stack(0x0000006c12a00000,0x0000006c12b00000) (1024K)]
  0x00000184ede73e10 JavaThread "jar transforms Thread 6"           [_thread_blocked, id=5648, stack(0x0000006c12b00000,0x0000006c12c00000) (1024K)]
  0x00000184ede77920 JavaThread "Cache worker for cache directory md-supplier (D:\GradleCache\caches\8.14.3\md-supplier)"        [_thread_blocked, id=3732, stack(0x0000006c16200000,0x0000006c16300000) (1024K)]
  0x00000184ede77fb0 JavaThread "Cache worker for cache directory md-rule (D:\GradleCache\caches\8.14.3\md-rule)"        [_thread_blocked, id=26700, stack(0x0000006c16300000,0x0000006c16400000) (1024K)]
  0x00000184ede751c0 JavaThread "jar transforms Thread 7"           [_thread_blocked, id=27072, stack(0x0000006c12c00000,0x0000006c12d00000) (1024K)]
  0x00000184ede79360 JavaThread "Unconstrained build operations"        [_thread_blocked, id=27684, stack(0x0000006c16400000,0x0000006c16500000) (1024K)]
  0x00000184ede799f0 JavaThread "Unconstrained build operations Thread 2"        [_thread_blocked, id=22512, stack(0x0000006c16500000,0x0000006c16600000) (1024K)]
  0x00000184ede7a710 JavaThread "Unconstrained build operations Thread 3"        [_thread_blocked, id=22012, stack(0x0000006c16600000,0x0000006c16700000) (1024K)]
  0x00000184ede7a080 JavaThread "Unconstrained build operations Thread 4"        [_thread_blocked, id=26704, stack(0x0000006c16700000,0x0000006c16800000) (1024K)]
  0x00000184f03f5650 JavaThread "Unconstrained build operations Thread 5"        [_thread_blocked, id=17748, stack(0x0000006c16800000,0x0000006c16900000) (1024K)]
  0x00000184f03f7720 JavaThread "Unconstrained build operations Thread 6"        [_thread_blocked, id=24824, stack(0x0000006c16900000,0x0000006c16a00000) (1024K)]
  0x00000184f03f6370 JavaThread "Unconstrained build operations Thread 7"        [_thread_blocked, id=28384, stack(0x0000006c16a00000,0x0000006c16b00000) (1024K)]
  0x00000184f03f7090 JavaThread "Unconstrained build operations Thread 8"        [_thread_blocked, id=28380, stack(0x0000006c16b00000,0x0000006c16c00000) (1024K)]
  0x00000184f03f5ce0 JavaThread "Unconstrained build operations Thread 9"        [_thread_blocked, id=27652, stack(0x0000006c16c00000,0x0000006c16d00000) (1024K)]
  0x00000184f03f9160 JavaThread "Unconstrained build operations Thread 10"        [_thread_blocked, id=20956, stack(0x0000006c16d00000,0x0000006c16e00000) (1024K)]
  0x00000184f03f8ad0 JavaThread "Unconstrained build operations Thread 11"        [_thread_blocked, id=27092, stack(0x0000006c16e00000,0x0000006c16f00000) (1024K)]
  0x00000184f03f8440 JavaThread "Unconstrained build operations Thread 12"        [_thread_blocked, id=28212, stack(0x0000006c16f00000,0x0000006c17000000) (1024K)]
  0x00000184f03f97f0 JavaThread "Unconstrained build operations Thread 13"        [_thread_blocked, id=27160, stack(0x0000006c17000000,0x0000006c17100000) (1024K)]
  0x00000184f03f6a00 JavaThread "Unconstrained build operations Thread 14"        [_thread_blocked, id=27932, stack(0x0000006c17100000,0x0000006c17200000) (1024K)]
  0x00000184f03faba0 JavaThread "Unconstrained build operations Thread 15"        [_thread_blocked, id=27888, stack(0x0000006c17200000,0x0000006c17300000) (1024K)]
  0x00000184f03fb230 JavaThread "Unconstrained build operations Thread 16"        [_thread_blocked, id=26904, stack(0x0000006c17300000,0x0000006c17400000) (1024K)]
  0x00000184f03fcc70 JavaThread "Unconstrained build operations Thread 17"        [_thread_blocked, id=28152, stack(0x0000006c17400000,0x0000006c17500000) (1024K)]
  0x00000184f03f9e80 JavaThread "Unconstrained build operations Thread 18"        [_thread_blocked, id=28196, stack(0x0000006c17500000,0x0000006c17600000) (1024K)]
  0x00000184f03fc5e0 JavaThread "Unconstrained build operations Thread 19"        [_thread_blocked, id=27216, stack(0x0000006c17600000,0x0000006c17700000) (1024K)]
  0x00000184f03fa510 JavaThread "Unconstrained build operations Thread 20"        [_thread_blocked, id=26708, stack(0x0000006c17700000,0x0000006c17800000) (1024K)]
  0x00000184f03fbf50 JavaThread "Unconstrained build operations Thread 21"        [_thread_blocked, id=15712, stack(0x0000006c17800000,0x0000006c17900000) (1024K)]
  0x00000184f03fb8c0 JavaThread "Unconstrained build operations Thread 22"        [_thread_blocked, id=10848, stack(0x0000006c17900000,0x0000006c17a00000) (1024K)]
  0x00000184eef46cb0 JavaThread "Unconstrained build operations Thread 23"        [_thread_blocked, id=29256, stack(0x0000006c17a00000,0x0000006c17b00000) (1024K)]
  0x00000184eef47340 JavaThread "Unconstrained build operations Thread 24"        [_thread_blocked, id=29260, stack(0x0000006c17b00000,0x0000006c17c00000) (1024K)]
  0x00000184eef479d0 JavaThread "Unconstrained build operations Thread 25"        [_thread_blocked, id=29264, stack(0x0000006c17c00000,0x0000006c17d00000) (1024K)]
  0x00000184eef48060 JavaThread "Unconstrained build operations Thread 26"        [_thread_blocked, id=29268, stack(0x0000006c17d00000,0x0000006c17e00000) (1024K)]
  0x00000184eef45270 JavaThread "Unconstrained build operations Thread 27"        [_thread_blocked, id=29272, stack(0x0000006c17e00000,0x0000006c17f00000) (1024K)]
  0x00000184eef45900 JavaThread "Unconstrained build operations Thread 28"        [_thread_blocked, id=29276, stack(0x0000006c17f00000,0x0000006c18000000) (1024K)]
  0x00000184eef486f0 JavaThread "Unconstrained build operations Thread 29"        [_thread_blocked, id=29280, stack(0x0000006c18000000,0x0000006c18100000) (1024K)]
  0x00000184eef48d80 JavaThread "Unconstrained build operations Thread 30"        [_thread_blocked, id=29284, stack(0x0000006c18100000,0x0000006c18200000) (1024K)]
  0x00000184eef49410 JavaThread "Unconstrained build operations Thread 31"        [_thread_blocked, id=29288, stack(0x0000006c18200000,0x0000006c18300000) (1024K)]
  0x00000184eef45f90 JavaThread "Unconstrained build operations Thread 32"        [_thread_blocked, id=29292, stack(0x0000006c18300000,0x0000006c18400000) (1024K)]
  0x00000184eef4b4e0 JavaThread "Unconstrained build operations Thread 33"        [_thread_blocked, id=29296, stack(0x0000006c18400000,0x0000006c18500000) (1024K)]
  0x00000184eef4a130 JavaThread "jar transforms Thread 8"           [_thread_blocked, id=21844, stack(0x0000006c18500000,0x0000006c18600000) (1024K)]
  0x00000184eef4ae50 JavaThread "jar transforms Thread 9"           [_thread_blocked, id=30092, stack(0x0000006c18600000,0x0000006c18700000) (1024K)]
  0x00000184eef49aa0 JavaThread "jar transforms Thread 10"          [_thread_blocked, id=30308, stack(0x0000006c18700000,0x0000006c18800000) (1024K)]
  0x00000184eef4c200 JavaThread "jar transforms Thread 11"          [_thread_blocked, id=28452, stack(0x0000006c18800000,0x0000006c18900000) (1024K)]
  0x00000184eef4c890 JavaThread "jar transforms Thread 12"          [_thread_blocked, id=30368, stack(0x0000006c18900000,0x0000006c18a00000) (1024K)]
Total: 78

Other Threads:
  0x00000184a64675e0 VMThread "VM Thread"                           [id=17616, stack(0x0000006c13400000,0x0000006c13500000) (1024K)]
  0x00000184a6458000 WatcherThread "VM Periodic Task Thread"        [id=8388, stack(0x0000006c13300000,0x0000006c13400000) (1024K)]
  0x000001848fcbfa10 WorkerThread "GC Thread#0"                     [id=24192, stack(0x0000006c12e00000,0x0000006c12f00000) (1024K)]
  0x00000184ec24d950 WorkerThread "GC Thread#1"                     [id=6092, stack(0x0000006c14100000,0x0000006c14200000) (1024K)]
  0x00000184ec02c120 WorkerThread "GC Thread#2"                     [id=9136, stack(0x0000006c14200000,0x0000006c14300000) (1024K)]
  0x00000184a6787440 WorkerThread "GC Thread#3"                     [id=16092, stack(0x0000006c14300000,0x0000006c14400000) (1024K)]
  0x00000184a685b9f0 WorkerThread "GC Thread#4"                     [id=2196, stack(0x0000006c14400000,0x0000006c14500000) (1024K)]
  0x00000184ed550cb0 WorkerThread "GC Thread#5"                     [id=2116, stack(0x0000006c14000000,0x0000006c14100000) (1024K)]
  0x00000184ed6e5f30 WorkerThread "GC Thread#6"                     [id=6056, stack(0x0000006c14500000,0x0000006c14600000) (1024K)]
  0x00000184ed752f70 WorkerThread "GC Thread#7"                     [id=4308, stack(0x0000006c14600000,0x0000006c14700000) (1024K)]
  0x00000184ef36e6d0 WorkerThread "GC Thread#8"                     [id=3876, stack(0x0000006c15500000,0x0000006c15600000) (1024K)]
  0x00000184ef3716c0 WorkerThread "GC Thread#9"                     [id=4616, stack(0x0000006c15600000,0x0000006c15700000) (1024K)]
  0x000001848fcc8910 ConcurrentGCThread "G1 Main Marker"            [id=17484, stack(0x0000006c12f00000,0x0000006c13000000) (1024K)]
  0x000001848fcc9330 WorkerThread "G1 Conc#0"                       [id=10988, stack(0x0000006c13000000,0x0000006c13100000) (1024K)]
  0x00000184ef370800 WorkerThread "G1 Conc#1"                       [id=21412, stack(0x0000006c15700000,0x0000006c15800000) (1024K)]
  0x00000184ef36dbc0 WorkerThread "G1 Conc#2"                       [id=10468, stack(0x0000006c15800000,0x0000006c15900000) (1024K)]
  0x00000184a631e8d0 ConcurrentGCThread "G1 Refine#0"               [id=3416, stack(0x0000006c13100000,0x0000006c13200000) (1024K)]
  0x00000184a63206f0 ConcurrentGCThread "G1 Service"                [id=6636, stack(0x0000006c13200000,0x0000006c13300000) (1024K)]
Total: 18

Threads with active compile tasks:
Total: 0

VM state: not at safepoint (normal execution)

VM Mutex/Monitor currently owned by a thread:  ([mutex/lock_event])
[0x00007fff436fd530] Metaspace_lock - owner thread: 0x00000184ecbe6280

Heap address: 0x00000000c0000000, size: 1024 MB, Compressed Oops mode: 32-bit

CDS archive(s) mapped at: [0x00000184a7000000-0x00000184a7ba0000-0x00000184a7ba0000), size 12189696, SharedBaseAddress: 0x00000184a7000000, ArchiveRelocationMode: 1.
Compressed class space mapped at: 0x00000184a8000000-0x00000184e8000000, reserved size: 1073741824
Narrow klass base: 0x00000184a7000000, Narrow klass shift: 0, Narrow klass range: 0x100000000

GC Precious Log:
 CardTable entry size: 512
 Card Set container configuration: InlinePtr #cards 5 size 8 Array Of Cards #cards 12 size 40 Howl #buckets 4 coarsen threshold 1843 Howl Bitmap #cards 512 size 80 coarsen threshold 460 Card regions per heap region 1 cards per card region 2048
 CPUs: 12 total, 12 available
 Memory: 15713M
 Large Page Support: Disabled
 NUMA Support: Disabled
 Compressed Oops: Enabled (32-bit)
 Heap Region Size: 1M
 Heap Min Capacity: 8M
 Heap Initial Capacity: 246M
 Heap Max Capacity: 1G
 Pre-touch: Disabled
 Parallel Workers: 10
 Concurrent Workers: 3
 Concurrent Refinement Workers: 10
 Periodic GC: Disabled

Heap:
 garbage-first heap   total 108544K, used 67141K [0x00000000c0000000, 0x0000000100000000)
  region size 1024K, 13 young (13312K), 6 survivors (6144K)
 Metaspace       used 53525K, committed 55296K, reserved 1114112K
  class space    used 7676K, committed 8512K, reserved 1048576K

Heap Regions: E=young(eden), S=young(survivor), O=old, HS=humongous(starts), HC=humongous(continues), CS=collection set, F=free, TAMS=top-at-mark-start, PB=parsable bottom
|   0|0x00000000c0000000, 0x00000000c0100000, 0x00000000c0100000|100%|HS|  |TAMS 0x00000000c0000000| PB 0x00000000c0000000| Complete 
|   1|0x00000000c0100000, 0x00000000c0200000, 0x00000000c0200000|100%|HC|  |TAMS 0x00000000c0100000| PB 0x00000000c0100000| Complete 
|   2|0x00000000c0200000, 0x00000000c0300000, 0x00000000c0300000|100%|HC|  |TAMS 0x00000000c0200000| PB 0x00000000c0200000| Complete 
|   3|0x00000000c0300000, 0x00000000c0400000, 0x00000000c0400000|100%| O|  |TAMS 0x00000000c0300000| PB 0x00000000c0300000| Untracked 
|   4|0x00000000c0400000, 0x00000000c0500000, 0x00000000c0500000|100%| O|  |TAMS 0x00000000c0400000| PB 0x00000000c0400000| Untracked 
|   5|0x00000000c0500000, 0x00000000c0600000, 0x00000000c0600000|100%| O|  |TAMS 0x00000000c0500000| PB 0x00000000c0500000| Untracked 
|   6|0x00000000c0600000, 0x00000000c0700000, 0x00000000c0700000|100%|HS|  |TAMS 0x00000000c0600000| PB 0x00000000c0600000| Complete 
|   7|0x00000000c0700000, 0x00000000c0800000, 0x00000000c0800000|100%| O|  |TAMS 0x00000000c0700000| PB 0x00000000c0700000| Untracked 
|   8|0x00000000c0800000, 0x00000000c0900000, 0x00000000c0900000|100%| O|  |TAMS 0x00000000c0800000| PB 0x00000000c0800000| Untracked 
|   9|0x00000000c0900000, 0x00000000c0a00000, 0x00000000c0a00000|100%| O|  |TAMS 0x00000000c0900000| PB 0x00000000c0900000| Untracked 
|  10|0x00000000c0a00000, 0x00000000c0b00000, 0x00000000c0b00000|100%| O|  |TAMS 0x00000000c0a00000| PB 0x00000000c0a00000| Untracked 
|  11|0x00000000c0b00000, 0x00000000c0c00000, 0x00000000c0c00000|100%| O|  |TAMS 0x00000000c0b00000| PB 0x00000000c0b00000| Untracked 
|  12|0x00000000c0c00000, 0x00000000c0d00000, 0x00000000c0d00000|100%| O|  |TAMS 0x00000000c0c00000| PB 0x00000000c0c00000| Untracked 
|  13|0x00000000c0d00000, 0x00000000c0e00000, 0x00000000c0e00000|100%| O|  |TAMS 0x00000000c0d00000| PB 0x00000000c0d00000| Untracked 
|  14|0x00000000c0e00000, 0x00000000c0f00000, 0x00000000c0f00000|100%| O|  |TAMS 0x00000000c0e00000| PB 0x00000000c0e00000| Untracked 
|  15|0x00000000c0f00000, 0x00000000c1000000, 0x00000000c1000000|100%| O|  |TAMS 0x00000000c0f00000| PB 0x00000000c0f00000| Untracked 
|  16|0x00000000c1000000, 0x00000000c1100000, 0x00000000c1100000|100%| O|  |TAMS 0x00000000c1000000| PB 0x00000000c1000000| Untracked 
|  17|0x00000000c1100000, 0x00000000c1200000, 0x00000000c1200000|100%| O|  |TAMS 0x00000000c1100000| PB 0x00000000c1100000| Untracked 
|  18|0x00000000c1200000, 0x00000000c1300000, 0x00000000c1300000|100%| O|  |TAMS 0x00000000c1200000| PB 0x00000000c1200000| Untracked 
|  19|0x00000000c1300000, 0x00000000c1400000, 0x00000000c1400000|100%| O|  |TAMS 0x00000000c1300000| PB 0x00000000c1300000| Untracked 
|  20|0x00000000c1400000, 0x00000000c1500000, 0x00000000c1500000|100%| O|  |TAMS 0x00000000c1400000| PB 0x00000000c1400000| Untracked 
|  21|0x00000000c1500000, 0x00000000c1600000, 0x00000000c1600000|100%| O|  |TAMS 0x00000000c1500000| PB 0x00000000c1500000| Untracked 
|  22|0x00000000c1600000, 0x00000000c1700000, 0x00000000c1700000|100%| O|  |TAMS 0x00000000c1600000| PB 0x00000000c1600000| Untracked 
|  23|0x00000000c1700000, 0x00000000c1800000, 0x00000000c1800000|100%| O|  |TAMS 0x00000000c1700000| PB 0x00000000c1700000| Untracked 
|  24|0x00000000c1800000, 0x00000000c1900000, 0x00000000c1900000|100%| O|  |TAMS 0x00000000c1800000| PB 0x00000000c1800000| Untracked 
|  25|0x00000000c1900000, 0x00000000c1a00000, 0x00000000c1a00000|100%| O|Cm|TAMS 0x00000000c1900000| PB 0x00000000c1900000| Complete 
|  26|0x00000000c1a00000, 0x00000000c1b00000, 0x00000000c1b00000|100%| O|  |TAMS 0x00000000c1a00000| PB 0x00000000c1a00000| Untracked 
|  27|0x00000000c1b00000, 0x00000000c1c00000, 0x00000000c1c00000|100%| O|  |TAMS 0x00000000c1b00000| PB 0x00000000c1b00000| Untracked 
|  28|0x00000000c1c00000, 0x00000000c1d00000, 0x00000000c1d00000|100%| O|  |TAMS 0x00000000c1c00000| PB 0x00000000c1c00000| Untracked 
|  29|0x00000000c1d00000, 0x00000000c1e00000, 0x00000000c1e00000|100%| O|  |TAMS 0x00000000c1d00000| PB 0x00000000c1d00000| Untracked 
|  30|0x00000000c1e00000, 0x00000000c1f00000, 0x00000000c1f00000|100%| O|  |TAMS 0x00000000c1e00000| PB 0x00000000c1e00000| Untracked 
|  31|0x00000000c1f00000, 0x00000000c2000000, 0x00000000c2000000|100%| O|  |TAMS 0x00000000c1f00000| PB 0x00000000c1f00000| Untracked 
|  32|0x00000000c2000000, 0x00000000c2100000, 0x00000000c2100000|100%| O|  |TAMS 0x00000000c2000000| PB 0x00000000c2000000| Untracked 
|  33|0x00000000c2100000, 0x00000000c2200000, 0x00000000c2200000|100%| O|  |TAMS 0x00000000c2100000| PB 0x00000000c2100000| Untracked 
|  34|0x00000000c2200000, 0x00000000c2300000, 0x00000000c2300000|100%| O|  |TAMS 0x00000000c2200000| PB 0x00000000c2200000| Untracked 
|  35|0x00000000c2300000, 0x00000000c2400000, 0x00000000c2400000|100%| O|  |TAMS 0x00000000c2300000| PB 0x00000000c2300000| Untracked 
|  36|0x00000000c2400000, 0x00000000c2500000, 0x00000000c2500000|100%| O|  |TAMS 0x00000000c2400000| PB 0x00000000c2400000| Untracked 
|  37|0x00000000c2500000, 0x00000000c2600000, 0x00000000c2600000|100%| O|Cm|TAMS 0x00000000c2500000| PB 0x00000000c2500000| Complete 
|  38|0x00000000c2600000, 0x00000000c2700000, 0x00000000c2700000|100%| O|  |TAMS 0x00000000c2600000| PB 0x00000000c2600000| Untracked 
|  39|0x00000000c2700000, 0x00000000c2800000, 0x00000000c2800000|100%|HS|  |TAMS 0x00000000c2700000| PB 0x00000000c2700000| Complete 
|  40|0x00000000c2800000, 0x00000000c2900000, 0x00000000c2900000|100%|HS|  |TAMS 0x00000000c2800000| PB 0x00000000c2800000| Complete 
|  41|0x00000000c2900000, 0x00000000c2a00000, 0x00000000c2a00000|100%|HS|  |TAMS 0x00000000c2900000| PB 0x00000000c2900000| Complete 
|  42|0x00000000c2a00000, 0x00000000c2b00000, 0x00000000c2b00000|100%|HS|  |TAMS 0x00000000c2a00000| PB 0x00000000c2a00000| Complete 
|  43|0x00000000c2b00000, 0x00000000c2b00000, 0x00000000c2c00000|  0%| F|  |TAMS 0x00000000c2b00000| PB 0x00000000c2b00000| Untracked 
|  44|0x00000000c2c00000, 0x00000000c2d00000, 0x00000000c2d00000|100%|HS|  |TAMS 0x00000000c2c00000| PB 0x00000000c2c00000| Complete 
|  45|0x00000000c2d00000, 0x00000000c2e00000, 0x00000000c2e00000|100%|HS|  |TAMS 0x00000000c2d00000| PB 0x00000000c2d00000| Complete 
|  46|0x00000000c2e00000, 0x00000000c2e00000, 0x00000000c2f00000|  0%| F|  |TAMS 0x00000000c2e00000| PB 0x00000000c2e00000| Untracked 
|  47|0x00000000c2f00000, 0x00000000c2f00000, 0x00000000c3000000|  0%| F|  |TAMS 0x00000000c2f00000| PB 0x00000000c2f00000| Untracked 
|  48|0x00000000c3000000, 0x00000000c3000000, 0x00000000c3100000|  0%| F|  |TAMS 0x00000000c3000000| PB 0x00000000c3000000| Untracked 
|  49|0x00000000c3100000, 0x00000000c3200000, 0x00000000c3200000|100%| S|CS|TAMS 0x00000000c3100000| PB 0x00000000c3100000| Complete 
|  50|0x00000000c3200000, 0x00000000c3200000, 0x00000000c3300000|  0%| F|  |TAMS 0x00000000c3200000| PB 0x00000000c3200000| Untracked 
|  51|0x00000000c3300000, 0x00000000c3300000, 0x00000000c3400000|  0%| F|  |TAMS 0x00000000c3300000| PB 0x00000000c3300000| Untracked 
|  52|0x00000000c3400000, 0x00000000c3400000, 0x00000000c3500000|  0%| F|  |TAMS 0x00000000c3400000| PB 0x00000000c3400000| Untracked 
|  53|0x00000000c3500000, 0x00000000c3500000, 0x00000000c3600000|  0%| F|  |TAMS 0x00000000c3500000| PB 0x00000000c3500000| Untracked 
|  54|0x00000000c3600000, 0x00000000c3600000, 0x00000000c3700000|  0%| F|  |TAMS 0x00000000c3600000| PB 0x00000000c3600000| Untracked 
|  55|0x00000000c3700000, 0x00000000c3700000, 0x00000000c3800000|  0%| F|  |TAMS 0x00000000c3700000| PB 0x00000000c3700000| Untracked 
|  56|0x00000000c3800000, 0x00000000c3800000, 0x00000000c3900000|  0%| F|  |TAMS 0x00000000c3800000| PB 0x00000000c3800000| Untracked 
|  57|0x00000000c3900000, 0x00000000c3900000, 0x00000000c3a00000|  0%| F|  |TAMS 0x00000000c3900000| PB 0x00000000c3900000| Untracked 
|  58|0x00000000c3a00000, 0x00000000c3a00000, 0x00000000c3b00000|  0%| F|  |TAMS 0x00000000c3a00000| PB 0x00000000c3a00000| Untracked 
|  59|0x00000000c3b00000, 0x00000000c3b00000, 0x00000000c3c00000|  0%| F|  |TAMS 0x00000000c3b00000| PB 0x00000000c3b00000| Untracked 
|  60|0x00000000c3c00000, 0x00000000c3c00000, 0x00000000c3d00000|  0%| F|  |TAMS 0x00000000c3c00000| PB 0x00000000c3c00000| Untracked 
|  61|0x00000000c3d00000, 0x00000000c3d00000, 0x00000000c3e00000|  0%| F|  |TAMS 0x00000000c3d00000| PB 0x00000000c3d00000| Untracked 
|  62|0x00000000c3e00000, 0x00000000c3e00000, 0x00000000c3f00000|  0%| F|  |TAMS 0x00000000c3e00000| PB 0x00000000c3e00000| Untracked 
|  63|0x00000000c3f00000, 0x00000000c3f00000, 0x00000000c4000000|  0%| F|  |TAMS 0x00000000c3f00000| PB 0x00000000c3f00000| Untracked 
|  64|0x00000000c4000000, 0x00000000c4000000, 0x00000000c4100000|  0%| F|  |TAMS 0x00000000c4000000| PB 0x00000000c4000000| Untracked 
|  65|0x00000000c4100000, 0x00000000c4100000, 0x00000000c4200000|  0%| F|  |TAMS 0x00000000c4100000| PB 0x00000000c4100000| Untracked 
|  66|0x00000000c4200000, 0x00000000c4200000, 0x00000000c4300000|  0%| F|  |TAMS 0x00000000c4200000| PB 0x00000000c4200000| Untracked 
|  67|0x00000000c4300000, 0x00000000c4300000, 0x00000000c4400000|  0%| F|  |TAMS 0x00000000c4300000| PB 0x00000000c4300000| Untracked 
|  68|0x00000000c4400000, 0x00000000c4400000, 0x00000000c4500000|  0%| F|  |TAMS 0x00000000c4400000| PB 0x00000000c4400000| Untracked 
|  69|0x00000000c4500000, 0x00000000c4500000, 0x00000000c4600000|  0%| F|  |TAMS 0x00000000c4500000| PB 0x00000000c4500000| Untracked 
|  70|0x00000000c4600000, 0x00000000c4600000, 0x00000000c4700000|  0%| F|  |TAMS 0x00000000c4600000| PB 0x00000000c4600000| Untracked 
|  71|0x00000000c4700000, 0x00000000c4700000, 0x00000000c4800000|  0%| F|  |TAMS 0x00000000c4700000| PB 0x00000000c4700000| Untracked 
|  72|0x00000000c4800000, 0x00000000c4800000, 0x00000000c4900000|  0%| F|  |TAMS 0x00000000c4800000| PB 0x00000000c4800000| Untracked 
|  73|0x00000000c4900000, 0x00000000c4900000, 0x00000000c4a00000|  0%| F|  |TAMS 0x00000000c4900000| PB 0x00000000c4900000| Untracked 
|  74|0x00000000c4a00000, 0x00000000c4a00000, 0x00000000c4b00000|  0%| F|  |TAMS 0x00000000c4a00000| PB 0x00000000c4a00000| Untracked 
|  75|0x00000000c4b00000, 0x00000000c4b00000, 0x00000000c4c00000|  0%| F|  |TAMS 0x00000000c4b00000| PB 0x00000000c4b00000| Untracked 
|  76|0x00000000c4c00000, 0x00000000c4c00000, 0x00000000c4d00000|  0%| F|  |TAMS 0x00000000c4c00000| PB 0x00000000c4c00000| Untracked 
|  77|0x00000000c4d00000, 0x00000000c4d00000, 0x00000000c4e00000|  0%| F|  |TAMS 0x00000000c4d00000| PB 0x00000000c4d00000| Untracked 
|  78|0x00000000c4e00000, 0x00000000c4f00000, 0x00000000c4f00000|100%| S|CS|TAMS 0x00000000c4e00000| PB 0x00000000c4e00000| Complete 
|  79|0x00000000c4f00000, 0x00000000c5000000, 0x00000000c5000000|100%| S|CS|TAMS 0x00000000c4f00000| PB 0x00000000c4f00000| Complete 
|  80|0x00000000c5000000, 0x00000000c5100000, 0x00000000c5100000|100%| S|CS|TAMS 0x00000000c5000000| PB 0x00000000c5000000| Complete 
|  81|0x00000000c5100000, 0x00000000c5200000, 0x00000000c5200000|100%| S|CS|TAMS 0x00000000c5100000| PB 0x00000000c5100000| Complete 
|  82|0x00000000c5200000, 0x00000000c5300000, 0x00000000c5300000|100%| S|CS|TAMS 0x00000000c5200000| PB 0x00000000c5200000| Complete 
| 139|0x00000000c8b00000, 0x00000000c8b00000, 0x00000000c8c00000|  0%| F|  |TAMS 0x00000000c8b00000| PB 0x00000000c8b00000| Untracked 
| 140|0x00000000c8c00000, 0x00000000c8c00000, 0x00000000c8d00000|  0%| F|  |TAMS 0x00000000c8c00000| PB 0x00000000c8c00000| Untracked 
| 141|0x00000000c8d00000, 0x00000000c8d00000, 0x00000000c8e00000|  0%| F|  |TAMS 0x00000000c8d00000| PB 0x00000000c8d00000| Untracked 
| 142|0x00000000c8e00000, 0x00000000c8e00000, 0x00000000c8f00000|  0%| F|  |TAMS 0x00000000c8e00000| PB 0x00000000c8e00000| Untracked 
| 143|0x00000000c8f00000, 0x00000000c8f00000, 0x00000000c9000000|  0%| F|  |TAMS 0x00000000c8f00000| PB 0x00000000c8f00000| Untracked 
| 144|0x00000000c9000000, 0x00000000c9000000, 0x00000000c9100000|  0%| F|  |TAMS 0x00000000c9000000| PB 0x00000000c9000000| Untracked 
| 145|0x00000000c9100000, 0x00000000c91eb188, 0x00000000c9200000| 91%| E|  |TAMS 0x00000000c9100000| PB 0x00000000c9100000| Complete 
| 146|0x00000000c9200000, 0x00000000c9300000, 0x00000000c9300000|100%| E|CS|TAMS 0x00000000c9200000| PB 0x00000000c9200000| Complete 
| 147|0x00000000c9300000, 0x00000000c9400000, 0x00000000c9400000|100%| E|  |TAMS 0x00000000c9300000| PB 0x00000000c9300000| Complete 
| 148|0x00000000c9400000, 0x00000000c9500000, 0x00000000c9500000|100%| E|CS|TAMS 0x00000000c9400000| PB 0x00000000c9400000| Complete 
| 149|0x00000000c9500000, 0x00000000c9600000, 0x00000000c9600000|100%| E|CS|TAMS 0x00000000c9500000| PB 0x00000000c9500000| Complete 
| 150|0x00000000c9600000, 0x00000000c9700000, 0x00000000c9700000|100%| E|CS|TAMS 0x00000000c9600000| PB 0x00000000c9600000| Complete 
| 245|0x00000000cf500000, 0x00000000cf600000, 0x00000000cf600000|100%| E|CS|TAMS 0x00000000cf500000| PB 0x00000000cf500000| Complete 
|1014|0x00000000ff600000, 0x00000000ff6914f0, 0x00000000ff700000| 56%| O|  |TAMS 0x00000000ff600000| PB 0x00000000ff600000| Untracked 
|1015|0x00000000ff700000, 0x00000000ff800000, 0x00000000ff800000|100%| O|  |TAMS 0x00000000ff700000| PB 0x00000000ff700000| Untracked 
|1016|0x00000000ff800000, 0x00000000ff900000, 0x00000000ff900000|100%| O|  |TAMS 0x00000000ff800000| PB 0x00000000ff800000| Untracked 
|1017|0x00000000ff900000, 0x00000000ffa00000, 0x00000000ffa00000|100%| O|  |TAMS 0x00000000ff900000| PB 0x00000000ff900000| Untracked 
|1018|0x00000000ffa00000, 0x00000000ffb00000, 0x00000000ffb00000|100%| O|  |TAMS 0x00000000ffa00000| PB 0x00000000ffa00000| Untracked 
|1019|0x00000000ffb00000, 0x00000000ffc00000, 0x00000000ffc00000|100%| O|  |TAMS 0x00000000ffb00000| PB 0x00000000ffb00000| Untracked 
|1020|0x00000000ffc00000, 0x00000000ffd00000, 0x00000000ffd00000|100%| O|  |TAMS 0x00000000ffc00000| PB 0x00000000ffc00000| Untracked 
|1021|0x00000000ffd00000, 0x00000000ffe00000, 0x00000000ffe00000|100%| O|  |TAMS 0x00000000ffd00000| PB 0x00000000ffd00000| Untracked 
|1022|0x00000000ffe00000, 0x00000000fff00000, 0x00000000fff00000|100%| O|  |TAMS 0x00000000ffe00000| PB 0x00000000ffe00000| Untracked 
|1023|0x00000000fff00000, 0x0000000100000000, 0x0000000100000000|100%| O|  |TAMS 0x00000000fff00000| PB 0x00000000fff00000| Untracked 

Card table byte_map: [0x00000184a25d0000,0x00000184a27d0000] _byte_map_base: 0x00000184a1fd0000

Marking Bits: (CMBitMap*) 0x000001848fcc0030
 Bits: [0x00000184a27d0000, 0x00000184a37d0000)

Polling page: 0x000001848da70000

Metaspace:

Usage:
  Non-class:     44.77 MB used.
      Class:      7.50 MB used.
       Both:     52.27 MB used.

Virtual space:
  Non-class space:       64.00 MB reserved,      45.69 MB ( 71%) committed,  1 nodes.
      Class space:        1.00 GB reserved,       8.31 MB ( <1%) committed,  1 nodes.
             Both:        1.06 GB reserved,      54.00 MB (  5%) committed. 

Chunk freelists:
   Non-Class:  1.86 MB
       Class:  7.49 MB
        Both:  9.34 MB

MaxMetaspaceSize: unlimited
CompressedClassSpaceSize: 1.00 GB
Initial GC threshold: 21.00 MB
Current GC threshold: 86.25 MB
CDS: on
 - commit_granule_bytes: 65536.
 - commit_granule_words: 8192.
 - virtual_space_node_default_size: 8388608.
 - enlarge_chunks_in_place: 1.
 - use_allocation_guard: 0.


Internal statistics:

num_allocs_failed_limit: 6.
num_arena_births: 3100.
num_arena_deaths: 0.
num_vsnodes_births: 2.
num_vsnodes_deaths: 0.
num_space_committed: 864.
num_space_uncommitted: 0.
num_chunks_returned_to_freelist: 6.
num_chunks_taken_from_freelist: 5674.
num_chunk_merges: 6.
num_chunk_splits: 3644.
num_chunks_enlarged: 2221.
num_inconsistent_stats: 0.

CodeHeap 'non-profiled nmethods': size=120000Kb used=4073Kb max_used=4129Kb free=115926Kb
 bounds [0x000001849a950000, 0x000001849ad60000, 0x00000184a1e80000]
CodeHeap 'profiled nmethods': size=120000Kb used=14462Kb max_used=14472Kb free=105537Kb
 bounds [0x0000018492e80000, 0x0000018493cb0000, 0x000001849a3b0000]
CodeHeap 'non-nmethods': size=5760Kb used=2601Kb max_used=2636Kb free=3158Kb
 bounds [0x000001849a3b0000, 0x000001849a650000, 0x000001849a950000]
CodeCache: size=245760Kb, used=21136Kb, max_used=21237Kb, free=224621Kb
 total_blobs=8551, nmethods=7681, adapters=774, full_count=0
Compilation: enabled, stopped_count=0, restarted_count=0

Compilation events (20 events):
Event: 158.544 Thread 0x00000184a6492ea0 nmethod 8500 0x000001849352db90 code [0x000001849352ddc0, 0x000001849352e558]
Event: 158.544 Thread 0x00000184a6492ea0 8501       3       org.gradle.internal.instantiation.generator.AsmBackedClassGenerator$ClassBuilderImpl::access$4700 (4 bytes)
Event: 158.544 Thread 0x00000184a6492ea0 nmethod 8501 0x0000018493033210 code [0x00000184930333a0, 0x0000018493033498]
Event: 158.544 Thread 0x00000184a6492ea0 8502       3       org.objectweb.asm.MethodVisitor::visitTypeInsn (17 bytes)
Event: 158.544 Thread 0x00000184a6492ea0 nmethod 8502 0x000001849352d710 code [0x000001849352d8c0, 0x000001849352dac8]
Event: 158.544 Thread 0x00000184a6492ea0 8503       3       org.objectweb.asm.Frame::addInitializedType (77 bytes)
Event: 158.545 Thread 0x00000184a6492ea0 nmethod 8503 0x000001849352ce90 code [0x000001849352d060, 0x000001849352d560]
Event: 158.559 Thread 0x00000184a6492ea0 8504       3       org.gradle.model.internal.asm.ClassVisitorScope::addGetter (11 bytes)
Event: 158.559 Thread 0x00000184a6492ea0 nmethod 8504 0x000001849352ca10 code [0x000001849352cbc0, 0x000001849352cd90]
Event: 158.559 Thread 0x00000184a6492ea0 8505       3       jdk.internal.org.objectweb.asm.ClassReader::<init> (371 bytes)
Event: 158.560 Thread 0x00000184a64916e0 8506       4       jdk.internal.reflect.ByteVectorImpl::add (38 bytes)
Event: 158.560 Thread 0x00000184a6492ea0 nmethod 8505 0x0000018492f82090 code [0x0000018492f823a0, 0x0000018492f83670]
Event: 158.561 Thread 0x00000184a6492ea0 8508       3       jdk.internal.reflect.ByteVectorImpl::get (26 bytes)
Event: 158.561 Thread 0x00000184a6492ea0 nmethod 8508 0x000001849352c590 code [0x000001849352c740, 0x000001849352c910]
Event: 158.561 Thread 0x00000184a64916e0 nmethod 8506 0x000001849aaa8290 code [0x000001849aaa8420, 0x000001849aaa8560]
Event: 158.561 Thread 0x00000184a64916e0 8507       4       jdk.internal.reflect.ClassFileAssembler::emitByte (11 bytes)
Event: 158.563 Thread 0x00000184a64916e0 nmethod 8507 0x000001849aaa7e10 code [0x000001849aaa7fc0, 0x000001849aaa8150]
Event: 158.586 Thread 0x00000184a6492ea0 8509       3       org.gradle.internal.classloader.FilteringClassLoader::classAllowed (79 bytes)
Event: 158.587 Thread 0x00000184a6492ea0 nmethod 8509 0x000001849352b690 code [0x000001849352b900, 0x000001849352c248]
Event: 158.604 Thread 0x00000184a64916e0 8510       4       sun.instrument.InstrumentationImpl::transform (73 bytes)

GC Heap History (20 events):
Event: 35.962 GC heap before
{Heap before GC invocations=5 (full 0):
 garbage-first heap   total 81920K, used 80561K [0x00000000c0000000, 0x0000000100000000)
  region size 1024K, 68 young (69632K), 12 survivors (12288K)
 Metaspace       used 28253K, committed 29248K, reserved 1114112K
  class space    used 4270K, committed 4736K, reserved 1048576K
}
Event: 35.974 GC heap after
{Heap after GC invocations=6 (full 0):
 garbage-first heap   total 99328K, used 28347K [0x00000000c0000000, 0x0000000100000000)
  region size 1024K, 11 young (11264K), 11 survivors (11264K)
 Metaspace       used 28253K, committed 29248K, reserved 1114112K
  class space    used 4270K, committed 4736K, reserved 1048576K
}
Event: 37.089 GC heap before
{Heap before GC invocations=6 (full 0):
 garbage-first heap   total 99328K, used 80571K [0x00000000c0000000, 0x0000000100000000)
  region size 1024K, 58 young (59392K), 11 survivors (11264K)
 Metaspace       used 34281K, committed 35328K, reserved 1114112K
  class space    used 4858K, committed 5376K, reserved 1048576K
}
Event: 37.114 GC heap after
{Heap after GC invocations=7 (full 0):
 garbage-first heap   total 99328K, used 32564K [0x00000000c0000000, 0x0000000100000000)
  region size 1024K, 8 young (8192K), 8 survivors (8192K)
 Metaspace       used 34281K, committed 35328K, reserved 1114112K
  class space    used 4858K, committed 5376K, reserved 1048576K
}
Event: 37.268 GC heap before
{Heap before GC invocations=7 (full 0):
 garbage-first heap   total 99328K, used 38708K [0x00000000c0000000, 0x0000000100000000)
  region size 1024K, 15 young (15360K), 8 survivors (8192K)
 Metaspace       used 35031K, committed 36096K, reserved 1114112K
  class space    used 4969K, committed 5504K, reserved 1048576K
}
Event: 37.277 GC heap after
{Heap after GC invocations=8 (full 0):
 garbage-first heap   total 99328K, used 33178K [0x00000000c0000000, 0x0000000100000000)
  region size 1024K, 5 young (5120K), 5 survivors (5120K)
 Metaspace       used 35031K, committed 36096K, reserved 1114112K
  class space    used 4969K, committed 5504K, reserved 1048576K
}
Event: 82.825 GC heap before
{Heap before GC invocations=9 (full 0):
 garbage-first heap   total 99328K, used 81306K [0x00000000c0000000, 0x0000000100000000)
  region size 1024K, 52 young (53248K), 5 survivors (5120K)
 Metaspace       used 39613K, committed 41088K, reserved 1114112K
  class space    used 5706K, committed 6400K, reserved 1048576K
}
Event: 82.832 GC heap after
{Heap after GC invocations=10 (full 0):
 garbage-first heap   total 99328K, used 36271K [0x00000000c0000000, 0x0000000100000000)
  region size 1024K, 4 young (4096K), 4 survivors (4096K)
 Metaspace       used 39613K, committed 41088K, reserved 1114112K
  class space    used 5706K, committed 6400K, reserved 1048576K
}
Event: 95.660 GC heap before
{Heap before GC invocations=10 (full 0):
 garbage-first heap   total 99328K, used 85423K [0x00000000c0000000, 0x0000000100000000)
  region size 1024K, 51 young (52224K), 4 survivors (4096K)
 Metaspace       used 44246K, committed 45760K, reserved 1114112K
  class space    used 6347K, committed 7040K, reserved 1048576K
}
Event: 95.666 GC heap after
{Heap after GC invocations=11 (full 0):
 garbage-first heap   total 99328K, used 39448K [0x00000000c0000000, 0x0000000100000000)
  region size 1024K, 7 young (7168K), 7 survivors (7168K)
 Metaspace       used 44246K, committed 45760K, reserved 1114112K
  class space    used 6347K, committed 7040K, reserved 1048576K
}
Event: 97.315 GC heap before
{Heap before GC invocations=11 (full 0):
 garbage-first heap   total 99328K, used 85528K [0x00000000c0000000, 0x0000000100000000)
  region size 1024K, 52 young (53248K), 7 survivors (7168K)
 Metaspace       used 48938K, committed 50624K, reserved 1114112K
  class space    used 7081K, committed 7872K, reserved 1048576K
}
Event: 97.322 GC heap after
{Heap after GC invocations=12 (full 0):
 garbage-first heap   total 99328K, used 42479K [0x00000000c0000000, 0x0000000100000000)
  region size 1024K, 7 young (7168K), 7 survivors (7168K)
 Metaspace       used 48938K, committed 50624K, reserved 1114112K
  class space    used 7081K, committed 7872K, reserved 1048576K
}
Event: 106.495 GC heap before
{Heap before GC invocations=12 (full 0):
 garbage-first heap   total 99328K, used 86511K [0x00000000c0000000, 0x0000000100000000)
  region size 1024K, 50 young (51200K), 7 survivors (7168K)
 Metaspace       used 50686K, committed 52416K, reserved 1114112K
  class space    used 7350K, committed 8192K, reserved 1048576K
}
Event: 106.500 GC heap after
{Heap after GC invocations=13 (full 0):
 garbage-first heap   total 99328K, used 45897K [0x00000000c0000000, 0x0000000100000000)
  region size 1024K, 7 young (7168K), 7 survivors (7168K)
 Metaspace       used 50686K, committed 52416K, reserved 1114112K
  class space    used 7350K, committed 8192K, reserved 1048576K
}
Event: 106.625 GC heap before
{Heap before GC invocations=13 (full 0):
 garbage-first heap   total 99328K, used 85833K [0x00000000c0000000, 0x0000000100000000)
  region size 1024K, 47 young (48128K), 7 survivors (7168K)
 Metaspace       used 50967K, committed 52736K, reserved 1114112K
  class space    used 7352K, committed 8192K, reserved 1048576K
}
Event: 106.630 GC heap after
{Heap after GC invocations=14 (full 0):
 garbage-first heap   total 99328K, used 47949K [0x00000000c0000000, 0x0000000100000000)
  region size 1024K, 2 young (2048K), 2 survivors (2048K)
 Metaspace       used 50967K, committed 52736K, reserved 1114112K
  class space    used 7352K, committed 8192K, reserved 1048576K
}
Event: 135.769 GC heap before
{Heap before GC invocations=14 (full 0):
 garbage-first heap   total 99328K, used 86861K [0x00000000c0000000, 0x0000000100000000)
  region size 1024K, 42 young (43008K), 2 survivors (2048K)
 Metaspace       used 51198K, committed 52992K, reserved 1114112K
  class space    used 7371K, committed 8256K, reserved 1048576K
}
Event: 135.773 GC heap after
{Heap after GC invocations=15 (full 0):
 garbage-first heap   total 99328K, used 48398K [0x00000000c0000000, 0x0000000100000000)
  region size 1024K, 3 young (3072K), 3 survivors (3072K)
 Metaspace       used 51198K, committed 52992K, reserved 1114112K
  class space    used 7371K, committed 8256K, reserved 1048576K
}
Event: 158.455 GC heap before
{Heap before GC invocations=16 (full 0):
 garbage-first heap   total 99328K, used 96526K [0x00000000c0000000, 0x0000000100000000)
  region size 1024K, 44 young (45056K), 3 survivors (3072K)
 Metaspace       used 52911K, committed 54720K, reserved 1114112K
  class space    used 7599K, committed 8448K, reserved 1048576K
}
Event: 158.462 GC heap after
{Heap after GC invocations=17 (full 0):
 garbage-first heap   total 108544K, used 62021K [0x00000000c0000000, 0x0000000100000000)
  region size 1024K, 6 young (6144K), 6 survivors (6144K)
 Metaspace       used 52911K, committed 54720K, reserved 1114112K
  class space    used 7599K, committed 8448K, reserved 1048576K
}

Dll operation events (20 events):
Event: 0.392 Attempting to load shared library C:\Users\Ashwani\.vscode\extensions\redhat.java-1.56.0-win32-x64\jre\21.0.12.1-win32-x86_64\bin\nio.dll
Event: 0.393 Loaded shared library C:\Users\Ashwani\.vscode\extensions\redhat.java-1.56.0-win32-x64\jre\21.0.12.1-win32-x86_64\bin\nio.dll
Event: 0.415 Attempting to load shared library C:\Users\Ashwani\.vscode\extensions\redhat.java-1.56.0-win32-x64\jre\21.0.12.1-win32-x86_64\bin\zip.dll
Event: 0.415 Loaded shared library C:\Users\Ashwani\.vscode\extensions\redhat.java-1.56.0-win32-x64\jre\21.0.12.1-win32-x86_64\bin\zip.dll
Event: 0.985 Attempting to load shared library C:\Users\Ashwani\.vscode\extensions\redhat.java-1.56.0-win32-x64\jre\21.0.12.1-win32-x86_64\bin\jimage.dll
Event: 0.985 Loaded shared library C:\Users\Ashwani\.vscode\extensions\redhat.java-1.56.0-win32-x64\jre\21.0.12.1-win32-x86_64\bin\jimage.dll
Event: 1.550 Attempting to load shared library C:\Users\Ashwani\.vscode\extensions\redhat.java-1.56.0-win32-x64\jre\21.0.12.1-win32-x86_64\bin\verify.dll
Event: 1.552 Loaded shared library C:\Users\Ashwani\.vscode\extensions\redhat.java-1.56.0-win32-x64\jre\21.0.12.1-win32-x86_64\bin\verify.dll
Event: 1.819 Attempting to load shared library D:\GradleCache\native\1def1411415f61bf3af743bc5b6707747c0891f09f0c88961ee8f79bc544acac\windows-amd64\native-platform.dll
Event: 1.821 Loaded shared library D:\GradleCache\native\1def1411415f61bf3af743bc5b6707747c0891f09f0c88961ee8f79bc544acac\windows-amd64\native-platform.dll
Event: 1.836 Attempting to load shared library D:\GradleCache\native\0.2.7\x86_64-windows-gnu\gradle-fileevents.dll
Event: 1.837 Loaded shared library D:\GradleCache\native\0.2.7\x86_64-windows-gnu\gradle-fileevents.dll
Event: 3.898 Attempting to load shared library C:\Users\Ashwani\.vscode\extensions\redhat.java-1.56.0-win32-x64\jre\21.0.12.1-win32-x86_64\bin\management.dll
Event: 3.898 Loaded shared library C:\Users\Ashwani\.vscode\extensions\redhat.java-1.56.0-win32-x64\jre\21.0.12.1-win32-x86_64\bin\management.dll
Event: 3.904 Attempting to load shared library C:\Users\Ashwani\.vscode\extensions\redhat.java-1.56.0-win32-x64\jre\21.0.12.1-win32-x86_64\bin\management_ext.dll
Event: 3.906 Loaded shared library C:\Users\Ashwani\.vscode\extensions\redhat.java-1.56.0-win32-x64\jre\21.0.12.1-win32-x86_64\bin\management_ext.dll
Event: 5.480 Attempting to load shared library C:\Users\Ashwani\.vscode\extensions\redhat.java-1.56.0-win32-x64\jre\21.0.12.1-win32-x86_64\bin\extnet.dll
Event: 5.481 Loaded shared library C:\Users\Ashwani\.vscode\extensions\redhat.java-1.56.0-win32-x64\jre\21.0.12.1-win32-x86_64\bin\extnet.dll
Event: 6.928 Attempting to load shared library C:\Users\Ashwani\.vscode\extensions\redhat.java-1.56.0-win32-x64\jre\21.0.12.1-win32-x86_64\bin\sunmscapi.dll
Event: 6.934 Loaded shared library C:\Users\Ashwani\.vscode\extensions\redhat.java-1.56.0-win32-x64\jre\21.0.12.1-win32-x86_64\bin\sunmscapi.dll

Deoptimization events (20 events):
Event: 158.430 Thread 0x00000184ecbe6280 Uncommon trap: trap_request=0xffffff45 fr.pc=0x000001849ac7cf7c relative=0x0000000000006b9c
Event: 158.430 Thread 0x00000184ecbe6280 Uncommon trap: reason=unstable_if action=reinterpret pc=0x000001849ac7cf7c method=sun.reflect.annotation.AnnotationParser.parseAnnotations2([BLjdk/internal/reflect/ConstantPool;Ljava/lang/Class;[Ljava/lang/Class;)Ljava/util/Map; @ 71 c2
Event: 158.430 Thread 0x00000184ecbe6280 DEOPT PACKING pc=0x000001849ac7cf7c sp=0x0000006c14cf70f0
Event: 158.430 Thread 0x00000184ecbe6280 DEOPT UNPACKING pc=0x000001849a404422 sp=0x0000006c14cf70d0 mode 2
Event: 158.431 Thread 0x00000184ecbe6280 Uncommon trap: trap_request=0xffffffbe fr.pc=0x000001849aaab5f0 relative=0x0000000000000370
Event: 158.431 Thread 0x00000184ecbe6280 Uncommon trap: reason=profile_predicate action=maybe_recompile pc=0x000001849aaab5f0 method=sun.instrument.TransformerManager.transform(Ljava/lang/Module;Ljava/lang/ClassLoader;Ljava/lang/String;Ljava/lang/Class;Ljava/security/ProtectionDomain;[B)[B @ 21 
Event: 158.431 Thread 0x00000184ecbe6280 DEOPT PACKING pc=0x000001849aaab5f0 sp=0x0000006c14cf4990
Event: 158.431 Thread 0x00000184ecbe6280 DEOPT UNPACKING pc=0x000001849a404422 sp=0x0000006c14cf4860 mode 2
Event: 158.431 Thread 0x00000184ecbe6280 Uncommon trap: trap_request=0xffffffbe fr.pc=0x000001849aaab5f0 relative=0x0000000000000370
Event: 158.431 Thread 0x00000184ecbe6280 Uncommon trap: reason=profile_predicate action=maybe_recompile pc=0x000001849aaab5f0 method=sun.instrument.TransformerManager.transform(Ljava/lang/Module;Ljava/lang/ClassLoader;Ljava/lang/String;Ljava/lang/Class;Ljava/security/ProtectionDomain;[B)[B @ 21 
Event: 158.431 Thread 0x00000184ecbe6280 DEOPT PACKING pc=0x000001849aaab5f0 sp=0x0000006c14cf4a40
Event: 158.431 Thread 0x00000184ecbe6280 DEOPT UNPACKING pc=0x000001849a404422 sp=0x0000006c14cf4910 mode 2
Event: 158.432 Thread 0x00000184ecbe6280 Uncommon trap: trap_request=0xffffffbe fr.pc=0x000001849aaab5f0 relative=0x0000000000000370
Event: 158.432 Thread 0x00000184ecbe6280 Uncommon trap: reason=profile_predicate action=maybe_recompile pc=0x000001849aaab5f0 method=sun.instrument.TransformerManager.transform(Ljava/lang/Module;Ljava/lang/ClassLoader;Ljava/lang/String;Ljava/lang/Class;Ljava/security/ProtectionDomain;[B)[B @ 21 
Event: 158.432 Thread 0x00000184ecbe6280 DEOPT PACKING pc=0x000001849aaab5f0 sp=0x0000006c14cf4a40
Event: 158.432 Thread 0x00000184ecbe6280 DEOPT UNPACKING pc=0x000001849a404422 sp=0x0000006c14cf4910 mode 2
Event: 158.433 Thread 0x00000184ecbe6280 Uncommon trap: trap_request=0xffffffbe fr.pc=0x000001849aaaa7ec relative=0x000000000000030c
Event: 158.433 Thread 0x00000184ecbe6280 Uncommon trap: reason=profile_predicate action=maybe_recompile pc=0x000001849aaaa7ec method=sun.instrument.TransformerManager.transform(Ljava/lang/Module;Ljava/lang/ClassLoader;Ljava/lang/String;Ljava/lang/Class;Ljava/security/ProtectionDomain;[B)[B @ 21 
Event: 158.433 Thread 0x00000184ecbe6280 DEOPT PACKING pc=0x000001849aaaa7ec sp=0x0000006c14cf4f90
Event: 158.433 Thread 0x00000184ecbe6280 DEOPT UNPACKING pc=0x000001849a404422 sp=0x0000006c14cf4f48 mode 2

Classes loaded (20 events):
Event: 136.043 Loading class java/util/stream/ReduceOps$5
Event: 136.044 Loading class java/util/stream/ReduceOps$5 done
Event: 136.044 Loading class java/util/stream/ReduceOps$CountingSink$OfRef
Event: 136.044 Loading class java/util/stream/ReduceOps$CountingSink
Event: 136.044 Loading class java/util/stream/ReduceOps$CountingSink done
Event: 136.044 Loading class java/util/stream/ReduceOps$CountingSink$OfRef done
Event: 136.090 Loading class java/util/AbstractList$RandomAccessSubList
Event: 136.090 Loading class java/util/AbstractList$SubList
Event: 136.090 Loading class java/util/AbstractList$SubList done
Event: 136.090 Loading class java/util/AbstractList$RandomAccessSubList done
Event: 136.091 Loading class java/util/AbstractList$SubList$1
Event: 136.091 Loading class java/util/AbstractList$SubList$1 done
Event: 136.091 Loading class java/util/AbstractList$ListItr
Event: 136.091 Loading class java/util/AbstractList$ListItr done
Event: 136.130 Loading class sun/reflect/generics/tree/LongSignature
Event: 136.130 Loading class sun/reflect/generics/tree/LongSignature done
Event: 158.434 Loading class java/lang/foreign/MemorySegment
Event: 158.434 Loading class java/lang/foreign/MemorySegment done
Event: 158.557 Loading class java/util/ArrayList$SubList$1
Event: 158.557 Loading class java/util/ArrayList$SubList$1 done

Classes unloaded (0 events):
No events

Classes redefined (0 events):
No events

Internal exceptions (20 events):
Event: 136.058 Thread 0x00000184ecbe6280 Exception <a 'java/lang/ClassNotFoundException'{0x00000000c8b6bc18}: org/gradle/api/DefaultTaskBeanInfo> (0x00000000c8b6bc18) 
thrown [s\src\hotspot\share\classfile\systemDictionary.cpp, line 313]
Event: 136.059 Thread 0x00000184ecbe6280 Exception <a 'java/lang/ClassNotFoundException'{0x00000000c8b7eb48}: org/gradle/api/internal/AbstractTaskBeanInfo> (0x00000000c8b7eb48) 
thrown [s\src\hotspot\share\classfile\systemDictionary.cpp, line 313]
Event: 136.060 Thread 0x00000184ecbe6280 Exception <a 'java/lang/ClassNotFoundException'{0x00000000c8b91ad8}: org/gradle/api/internal/AbstractTaskCustomizer> (0x00000000c8b91ad8) 
thrown [s\src\hotspot\share\classfile\systemDictionary.cpp, line 313]
Event: 136.066 Thread 0x00000184ecbe6280 Exception <a 'java/lang/ClassNotFoundException'{0x00000000c8bf9de0}: org/gradle/api/DefaultTaskCustomizer> (0x00000000c8bf9de0) 
thrown [s\src\hotspot\share\classfile\systemDictionary.cpp, line 313]
Event: 136.070 Thread 0x00000184ecbe6280 Exception <a 'java/lang/ClassNotFoundException'{0x00000000c4d6a318}: org/gradle/api/internal/ConventionTaskCustomizer> (0x00000000c4d6a318) 
thrown [s\src\hotspot\share\classfile\systemDictionary.cpp, line 313]
Event: 136.075 Thread 0x00000184ecbe6280 Exception <a 'java/lang/ClassNotFoundException'{0x00000000c4d8c5f8}: org/gradle/api/tasks/DeleteCustomizer> (0x00000000c4d8c5f8) 
thrown [s\src\hotspot\share\classfile\systemDictionary.cpp, line 313]
Event: 136.077 Thread 0x00000184ecbe6280 Exception <a 'java/lang/ClassNotFoundException'{0x00000000c4db3d88}: org/gradle/api/tasks/Delete_DecoratedCustomizer> (0x00000000c4db3d88) 
thrown [s\src\hotspot\share\classfile\systemDictionary.cpp, line 313]
Event: 136.089 Thread 0x00000184ecbe6280 Exception <a 'java/lang/NoSuchMethodError'{0x00000000c4c4eb58}: 'void java.lang.invoke.DirectMethodHandle$Holder.invokeInterface(java.lang.Object, java.lang.Object, java.lang.Object, java.lang.Object)'> (0x00000000c4c4eb58) 
thrown [s\src\hotspot\share\interpreter\linkResolver.cpp, line 773]
Event: 136.098 Thread 0x00000184ecbe6280 Exception <a 'java/lang/ClassNotFoundException'{0x00000000c4c7dbc0}: groovy/lang/ReferenceBeanInfo> (0x00000000c4c7dbc0) 
thrown [s\src\hotspot\share\classfile\systemDictionary.cpp, line 313]
Event: 136.099 Thread 0x00000184ecbe6280 Exception <a 'java/lang/ClassNotFoundException'{0x00000000c4c875f8}: groovy/lang/ReferenceCustomizer> (0x00000000c4c875f8) 
thrown [s\src\hotspot\share\classfile\systemDictionary.cpp, line 313]
Event: 136.113 Thread 0x00000184ecbe6280 Exception <a 'java/lang/ClassNotFoundException'{0x00000000c49f65a0}: org/gradle/api/internal/tasks/DefaultTaskContainer_DecoratedBeanInfo> (0x00000000c49f65a0) 
thrown [s\src\hotspot\share\classfile\systemDictionary.cpp, line 313]
Event: 136.113 Thread 0x00000184ecbe6280 Exception <a 'java/lang/ClassNotFoundException'{0x00000000c48007f8}: org/gradle/api/internal/tasks/DefaultTaskContainerBeanInfo> (0x00000000c48007f8) 
thrown [s\src\hotspot\share\classfile\systemDictionary.cpp, line 313]
Event: 136.114 Thread 0x00000184ecbe6280 Exception <a 'java/lang/ClassNotFoundException'{0x00000000c480b7e8}: org/gradle/api/internal/tasks/DefaultTaskCollectionBeanInfo> (0x00000000c480b7e8) 
thrown [s\src\hotspot\share\classfile\systemDictionary.cpp, line 313]
Event: 136.114 Thread 0x00000184ecbe6280 Exception <a 'java/lang/ClassNotFoundException'{0x00000000c48167c8}: org/gradle/api/internal/DefaultNamedDomainObjectSetBeanInfo> (0x00000000c48167c8) 
thrown [s\src\hotspot\share\classfile\systemDictionary.cpp, line 313]
Event: 136.115 Thread 0x00000184ecbe6280 Exception <a 'java/lang/ClassNotFoundException'{0x00000000c4821a30}: org/gradle/api/internal/DefaultNamedDomainObjectSetCustomizer> (0x00000000c4821a30) 
thrown [s\src\hotspot\share\classfile\systemDictionary.cpp, line 313]
Event: 136.118 Thread 0x00000184ecbe6280 Exception <a 'java/lang/ClassNotFoundException'{0x00000000c48a5d28}: org/gradle/api/internal/tasks/DefaultTaskCollectionCustomizer> (0x00000000c48a5d28) 
thrown [s\src\hotspot\share\classfile\systemDictionary.cpp, line 313]
Event: 136.128 Thread 0x00000184ecbe6280 Exception <a 'java/lang/ClassNotFoundException'{0x00000000c47519c8}: org/gradle/api/internal/tasks/DefaultTaskContainerCustomizer> (0x00000000c47519c8) 
thrown [s\src\hotspot\share\classfile\systemDictionary.cpp, line 313]
Event: 136.137 Thread 0x00000184ecbe6280 Exception <a 'java/lang/ClassNotFoundException'{0x00000000c4522610}: org/gradle/api/internal/tasks/DefaultTaskContainer_DecoratedCustomizer> (0x00000000c4522610) 
thrown [s\src\hotspot\share\classfile\systemDictionary.cpp, line 313]
Event: 158.168 Thread 0x00000184ecbe6280 Exception <a 'java/lang/ClassNotFoundException'{0x00000000c40d81a0}: build_1wz0arrbffmm9x88n5iafw4seBeanInfo> (0x00000000c40d81a0) 
thrown [s\src\hotspot\share\classfile\systemDictionary.cpp, line 313]
Event: 158.169 Thread 0x00000184ecbe6280 Exception <a 'java/lang/ClassNotFoundException'{0x00000000c40def08}: build_1wz0arrbffmm9x88n5iafw4seCustomizer> (0x00000000c40def08) 
thrown [s\src\hotspot\share\classfile\systemDictionary.cpp, line 313]

ZGC Phase Switch (0 events):
No events

VM Operations (20 events):
Event: 135.769 Executing safepoint VM operation: G1TryInitiateConcMark (G1 Humongous Allocation)
Event: 135.774 Executing safepoint VM operation: G1TryInitiateConcMark (G1 Humongous Allocation) done
Event: 135.806 Executing safepoint VM operation: G1PauseRemark
Event: 135.814 Executing safepoint VM operation: G1PauseRemark done
Event: 135.823 Executing non-safepoint VM operation: HandshakeAllThreads (Deoptimize)
Event: 135.823 Executing non-safepoint VM operation: HandshakeAllThreads (Deoptimize) done
Event: 135.824 Executing safepoint VM operation: G1PauseCleanup
Event: 135.824 Executing safepoint VM operation: G1PauseCleanup done
Event: 136.093 Executing non-safepoint VM operation: HandshakeAllThreads (Deoptimize)
Event: 136.093 Executing non-safepoint VM operation: HandshakeAllThreads (Deoptimize) done
Event: 137.101 Executing safepoint VM operation: Cleanup
Event: 137.101 Executing safepoint VM operation: Cleanup done
Event: 140.122 Executing safepoint VM operation: Cleanup
Event: 140.122 Executing safepoint VM operation: Cleanup done
Event: 157.284 Executing safepoint VM operation: Cleanup
Event: 157.284 Executing safepoint VM operation: Cleanup done
Event: 158.291 Executing safepoint VM operation: Cleanup
Event: 158.291 Executing safepoint VM operation: Cleanup done
Event: 158.455 Executing safepoint VM operation: G1CollectForAllocation (G1 Evacuation Pause)
Event: 158.462 Executing safepoint VM operation: G1CollectForAllocation (G1 Evacuation Pause) done

Memory protections (0 events):
No events

Nmethod flushes (20 events):
Event: 135.812 Thread 0x00000184a64675e0 flushing  nmethod 0x00000184933c6810
Event: 135.812 Thread 0x00000184a64675e0 flushing  nmethod 0x00000184933e4090
Event: 135.812 Thread 0x00000184a64675e0 flushing  nmethod 0x00000184933f9e10
Event: 135.812 Thread 0x00000184a64675e0 flushing  nmethod 0x0000018493687610
Event: 135.812 Thread 0x00000184a64675e0 flushing  nmethod 0x0000018493687a10
Event: 135.812 Thread 0x00000184a64675e0 flushing  nmethod 0x0000018493688b90
Event: 135.812 Thread 0x00000184a64675e0 flushing  nmethod 0x0000018493689990
Event: 135.812 Thread 0x00000184a64675e0 flushing  nmethod 0x000001849368a090
Event: 135.812 Thread 0x00000184a64675e0 flushing  nmethod 0x00000184936a9090
Event: 135.812 Thread 0x00000184a64675e0 flushing  nmethod 0x00000184936a9b10
Event: 135.812 Thread 0x00000184a64675e0 flushing  nmethod 0x00000184936aa510
Event: 135.812 Thread 0x00000184a64675e0 flushing  nmethod 0x00000184936aab10
Event: 135.812 Thread 0x00000184a64675e0 flushing  nmethod 0x00000184936aae90
Event: 135.812 Thread 0x00000184a64675e0 flushing  nmethod 0x00000184936ab410
Event: 135.812 Thread 0x00000184a64675e0 flushing  nmethod 0x00000184936ab990
Event: 135.812 Thread 0x00000184a64675e0 flushing  nmethod 0x00000184936abd10
Event: 135.812 Thread 0x00000184a64675e0 flushing  nmethod 0x00000184936ac890
Event: 135.812 Thread 0x00000184a64675e0 flushing  nmethod 0x00000184936acb90
Event: 135.812 Thread 0x00000184a64675e0 flushing  nmethod 0x00000184936ae110
Event: 135.812 Thread 0x00000184a64675e0 flushing  nmethod 0x00000184936f1590

Events (20 events):
Event: 101.242 Thread 0x00000184ecbe6280 Thread added: 0x00000184f03fc5e0
Event: 101.247 Thread 0x00000184ecbe6280 Thread added: 0x00000184f03fa510
Event: 101.253 Thread 0x00000184ecbe6280 Thread added: 0x00000184f03fbf50
Event: 101.256 Thread 0x00000184ecbe6280 Thread added: 0x00000184f03fb8c0
Event: 106.495 Thread 0x00000184ecbe6280 Thread added: 0x00000184eef46cb0
Event: 106.502 Thread 0x00000184ecbe6280 Thread added: 0x00000184eef47340
Event: 106.502 Thread 0x00000184ecbe6280 Thread added: 0x00000184eef479d0
Event: 106.503 Thread 0x00000184ecbe6280 Thread added: 0x00000184eef48060
Event: 106.503 Thread 0x00000184ecbe6280 Thread added: 0x00000184eef45270
Event: 106.504 Thread 0x00000184ecbe6280 Thread added: 0x00000184eef45900
Event: 106.504 Thread 0x00000184ecbe6280 Thread added: 0x00000184eef486f0
Event: 106.504 Thread 0x00000184ecbe6280 Thread added: 0x00000184eef48d80
Event: 106.504 Thread 0x00000184ecbe6280 Thread added: 0x00000184eef49410
Event: 106.504 Thread 0x00000184ecbe6280 Thread added: 0x00000184eef45f90
Event: 106.505 Thread 0x00000184ecbe6280 Thread added: 0x00000184eef4b4e0
Event: 117.735 Thread 0x00000184ecbe6280 Thread added: 0x00000184eef4a130
Event: 127.442 Thread 0x00000184ecbe6280 Thread added: 0x00000184eef4ae50
Event: 134.807 Thread 0x00000184ecbe6280 Thread added: 0x00000184eef49aa0
Event: 138.793 Thread 0x00000184ecbe6280 Thread added: 0x00000184eef4c200
Event: 156.589 Thread 0x00000184ecbe6280 Thread added: 0x00000184eef4c890


Dynamic libraries:
0x00007ff7872b0000 - 0x00007ff7872be000 	C:\Users\Ashwani\.vscode\extensions\redhat.java-1.56.0-win32-x64\jre\21.0.12.1-win32-x86_64\bin\java.exe
0x00007ff81ad60000 - 0x00007ff81afc7000 	C:\WINDOWS\SYSTEM32\ntdll.dll
0x00007ff819bb0000 - 0x00007ff819c7b000 	C:\WINDOWS\System32\KERNEL32.DLL
0x00007ff818420000 - 0x00007ff818821000 	C:\WINDOWS\System32\KERNELBASE.dll
0x00007ff8182c0000 - 0x00007ff81840c000 	C:\WINDOWS\System32\ucrtbase.dll
0x00007fff4ab00000 - 0x00007fff4ab18000 	C:\Users\Ashwani\.vscode\extensions\redhat.java-1.56.0-win32-x64\jre\21.0.12.1-win32-x86_64\bin\jli.dll
0x00007ff819600000 - 0x00007ff8197d7000 	C:\WINDOWS\System32\USER32.dll
0x00007ff817f60000 - 0x00007ff817f87000 	C:\WINDOWS\System32\win32u.dll
0x00007ff819c80000 - 0x00007ff819cab000 	C:\WINDOWS\System32\GDI32.dll
0x00007ff818190000 - 0x00007ff8182b8000 	C:\WINDOWS\System32\gdi32full.dll
0x00007ff817f90000 - 0x00007ff818033000 	C:\WINDOWS\System32\msvcp_win.dll
0x00007fff61580000 - 0x00007fff6159e000 	C:\Users\Ashwani\.vscode\extensions\redhat.java-1.56.0-win32-x64\jre\21.0.12.1-win32-x86_64\bin\VCRUNTIME140.dll
0x00007ffff9530000 - 0x00007ffff97c0000 	C:\WINDOWS\WinSxS\amd64_microsoft.windows.common-controls_6595b64144ccf1df_6.0.26100.9549_none_3e0a0396e3330090\COMCTL32.dll
0x00007ff818b10000 - 0x00007ff818bb9000 	C:\WINDOWS\System32\msvcrt.dll
0x00007ff81a010000 - 0x00007ff81a041000 	C:\WINDOWS\System32\IMM32.DLL
0x00007fff61dc0000 - 0x00007fff61dcc000 	C:\Users\Ashwani\.vscode\extensions\redhat.java-1.56.0-win32-x64\jre\21.0.12.1-win32-x86_64\bin\vcruntime140_1.dll
0x00007fff437f0000 - 0x00007fff4387d000 	C:\Users\Ashwani\.vscode\extensions\redhat.java-1.56.0-win32-x64\jre\21.0.12.1-win32-x86_64\bin\msvcp140.dll
0x00007fff42a40000 - 0x00007fff437e2000 	C:\Users\Ashwani\.vscode\extensions\redhat.java-1.56.0-win32-x64\jre\21.0.12.1-win32-x86_64\bin\server\jvm.dll
0x00007ff81a560000 - 0x00007ff81a61b000 	C:\WINDOWS\System32\ADVAPI32.dll
0x00007ff819b00000 - 0x00007ff819ba8000 	C:\WINDOWS\System32\sechost.dll
0x00007ff818bc0000 - 0x00007ff818cd8000 	C:\WINDOWS\System32\RPCRT4.dll
0x00007ff819570000 - 0x00007ff8195f1000 	C:\WINDOWS\System32\WS2_32.dll
0x00007ff80e620000 - 0x00007ff80e657000 	C:\WINDOWS\SYSTEM32\WINMM.dll
0x00007ff817dd0000 - 0x00007ff817e2e000 	C:\WINDOWS\SYSTEM32\POWRPROF.dll
0x00007ff8156c0000 - 0x00007ff8156cb000 	C:\WINDOWS\SYSTEM32\VERSION.dll
0x00007ff817db0000 - 0x00007ff817dc5000 	C:\WINDOWS\SYSTEM32\UMPDC.dll
0x00007ff816be0000 - 0x00007ff816bfb000 	C:\WINDOWS\SYSTEM32\kernel.appcore.dll
0x00007fff61d50000 - 0x00007fff61d5a000 	C:\Users\Ashwani\.vscode\extensions\redhat.java-1.56.0-win32-x64\jre\21.0.12.1-win32-x86_64\bin\jimage.dll
0x00007ff80ad10000 - 0x00007ff80af5c000 	C:\WINDOWS\SYSTEM32\DBGHELP.DLL
0x00007ff81a1d0000 - 0x00007ff81a55a000 	C:\WINDOWS\System32\combase.dll
0x00007ff81a050000 - 0x00007ff81a129000 	C:\WINDOWS\System32\OLEAUT32.dll
0x00007ffff6880000 - 0x00007ffff68bb000 	C:\WINDOWS\SYSTEM32\dbgcore.DLL
0x00007ff818040000 - 0x00007ff8180ec000 	C:\WINDOWS\System32\bcryptPrimitives.dll
0x00007fff46410000 - 0x00007fff4641f000 	C:\Users\Ashwani\.vscode\extensions\redhat.java-1.56.0-win32-x64\jre\21.0.12.1-win32-x86_64\bin\instrument.dll
0x00007fff41c00000 - 0x00007fff41c20000 	C:\Users\Ashwani\.vscode\extensions\redhat.java-1.56.0-win32-x64\jre\21.0.12.1-win32-x86_64\bin\java.dll
0x00007ff818d30000 - 0x00007ff8194cc000 	C:\WINDOWS\System32\SHELL32.dll
0x00007ff815980000 - 0x00007ff81622d000 	C:\WINDOWS\SYSTEM32\windows.storage.dll
0x00007ff819d70000 - 0x00007ff819e69000 	C:\WINDOWS\System32\SHCORE.dll
0x00007ff81a130000 - 0x00007ff81a196000 	C:\WINDOWS\System32\shlwapi.dll
0x00007ff817e70000 - 0x00007ff817e99000 	C:\WINDOWS\SYSTEM32\profapi.dll
0x00007fff41af0000 - 0x00007fff41b08000 	C:\Users\Ashwani\.vscode\extensions\redhat.java-1.56.0-win32-x64\jre\21.0.12.1-win32-x86_64\bin\zip.dll
0x00007fff63b00000 - 0x00007fff63b10000 	C:\Users\Ashwani\.vscode\extensions\redhat.java-1.56.0-win32-x64\jre\21.0.12.1-win32-x86_64\bin\net.dll
0x00007ff810080000 - 0x00007ff8101aa000 	C:\WINDOWS\SYSTEM32\WINHTTP.dll
0x00007ff8171c0000 - 0x00007ff81722c000 	C:\WINDOWS\system32\mswsock.dll
0x00007fff62230000 - 0x00007fff62246000 	C:\Users\Ashwani\.vscode\extensions\redhat.java-1.56.0-win32-x64\jre\21.0.12.1-win32-x86_64\bin\nio.dll
0x00007fff416c0000 - 0x00007fff416d0000 	C:\Users\Ashwani\.vscode\extensions\redhat.java-1.56.0-win32-x64\jre\21.0.12.1-win32-x86_64\bin\verify.dll
0x00007fffc2ba0000 - 0x00007fffc2bc7000 	D:\GradleCache\native\1def1411415f61bf3af743bc5b6707747c0891f09f0c88961ee8f79bc544acac\windows-amd64\native-platform.dll
0x00007ff80edd0000 - 0x00007ff80ee48000 	D:\GradleCache\native\0.2.7\x86_64-windows-gnu\gradle-fileevents.dll
0x00007ff80eda0000 - 0x00007ff80edaa000 	C:\Users\Ashwani\.vscode\extensions\redhat.java-1.56.0-win32-x64\jre\21.0.12.1-win32-x86_64\bin\management.dll
0x00007ff80e870000 - 0x00007ff80e87c000 	C:\Users\Ashwani\.vscode\extensions\redhat.java-1.56.0-win32-x64\jre\21.0.12.1-win32-x86_64\bin\management_ext.dll
0x00007ff81ad10000 - 0x00007ff81ad18000 	C:\WINDOWS\System32\PSAPI.DLL
0x00007ff816570000 - 0x00007ff8165a3000 	C:\WINDOWS\SYSTEM32\IPHLPAPI.DLL
0x00007ff8197e0000 - 0x00007ff8197ea000 	C:\WINDOWS\System32\NSI.dll
0x00007ff812a50000 - 0x00007ff812a59000 	C:\Users\Ashwani\.vscode\extensions\redhat.java-1.56.0-win32-x64\jre\21.0.12.1-win32-x86_64\bin\extnet.dll
0x00007ff8174b0000 - 0x00007ff8174cb000 	C:\WINDOWS\SYSTEM32\CRYPTSP.dll
0x00007ff816b40000 - 0x00007ff816b79000 	C:\WINDOWS\system32\rsaenh.dll
0x00007ff817270000 - 0x00007ff8172a4000 	C:\WINDOWS\SYSTEM32\USERENV.dll
0x00007ff817e40000 - 0x00007ff817e6a000 	C:\WINDOWS\SYSTEM32\bcrypt.dll
0x00007ff8174d0000 - 0x00007ff8174dc000 	C:\WINDOWS\SYSTEM32\CRYPTBASE.dll
0x00007ff812ab0000 - 0x00007ff812abe000 	C:\Users\Ashwani\.vscode\extensions\redhat.java-1.56.0-win32-x64\jre\21.0.12.1-win32-x86_64\bin\sunmscapi.dll
0x00007ff8188f0000 - 0x00007ff818a6f000 	C:\WINDOWS\System32\CRYPT32.dll
0x00007ff817710000 - 0x00007ff817740000 	C:\WINDOWS\SYSTEM32\ncrypt.dll
0x00007ff8176c0000 - 0x00007ff8176ff000 	C:\WINDOWS\SYSTEM32\NTASN1.dll
0x00007ff80e880000 - 0x00007ff80e888000 	C:\WINDOWS\system32\wshunix.dll

JVMTI agents:
D:\GradleCache\wrapper\dists\gradle-8.14.3-all\10utluxaxniiv4wxiphsi49nj\gradle-8.14.3\lib\agents\gradle-instrumentation-agent-8.14.3.jar path:C:\Users\Ashwani\.vscode\extensions\redhat.java-1.56.0-win32-x64\jre\21.0.12.1-win32-x86_64\bin\instrument.dll, loaded, initialized, instrumentlib options:none

dbghelp: loaded successfully - version: 4.0.5 - missing functions: none
symbol engine: initialized successfully - sym options: 0x614 - pdb path: .;C:\Users\Ashwani\.vscode\extensions\redhat.java-1.56.0-win32-x64\jre\21.0.12.1-win32-x86_64\bin;C:\WINDOWS\SYSTEM32;C:\WINDOWS\WinSxS\amd64_microsoft.windows.common-controls_6595b64144ccf1df_6.0.26100.9549_none_3e0a0396e3330090;C:\Users\Ashwani\.vscode\extensions\redhat.java-1.56.0-win32-x64\jre\21.0.12.1-win32-x86_64\bin\server;D:\GradleCache\native\1def1411415f61bf3af743bc5b6707747c0891f09f0c88961ee8f79bc544acac\windows-amd64;D:\GradleCache\native\0.2.7\x86_64-windows-gnu

VM Arguments:
jvm_args: --add-opens=java.base/java.lang=ALL-UNNAMED --add-opens=java.base/java.lang.invoke=ALL-UNNAMED --add-opens=java.base/java.util=ALL-UNNAMED --add-opens=java.prefs/java.util.prefs=ALL-UNNAMED --add-exports=jdk.compiler/com.sun.tools.javac.api=ALL-UNNAMED --add-exports=jdk.compiler/com.sun.tools.javac.util=ALL-UNNAMED --add-opens=java.base/java.util=ALL-UNNAMED --add-opens=java.prefs/java.util.prefs=ALL-UNNAMED --add-opens=java.base/java.nio.charset=ALL-UNNAMED --add-opens=java.base/java.net=ALL-UNNAMED --add-opens=java.base/java.util.concurrent.atomic=ALL-UNNAMED --add-opens=java.xml/javax.xml.namespace=ALL-UNNAMED -Xmx1024m -Dfile.encoding=UTF-8 -Duser.country=US -Duser.language=en -Duser.variant -javaagent:D:\GradleCache\wrapper\dists\gradle-8.14.3-all\10utluxaxniiv4wxiphsi49nj\gradle-8.14.3\lib\agents\gradle-instrumentation-agent-8.14.3.jar 
java_command: org.gradle.launcher.daemon.bootstrap.GradleDaemon 8.14.3
java_class_path (initial): D:\GradleCache\wrapper\dists\gradle-8.14.3-all\10utluxaxniiv4wxiphsi49nj\gradle-8.14.3\lib\gradle-daemon-main-8.14.3.jar
Launcher Type: SUN_STANDARD

[Global flags]
     intx CICompilerCount                          = 4                                         {product} {ergonomic}
     uint ConcGCThreads                            = 3                                         {product} {ergonomic}
     uint G1ConcRefinementThreads                  = 10                                        {product} {ergonomic}
   size_t G1HeapRegionSize                         = 1048576                                   {product} {ergonomic}
    uintx GCDrainStackTargetSize                   = 64                                        {product} {ergonomic}
   size_t InitialHeapSize                          = 257949696                                 {product} {ergonomic}
   size_t MarkStackSize                            = 4194304                                   {product} {ergonomic}
   size_t MaxHeapSize                              = 1073741824                                {product} {command line}
   size_t MaxNewSize                               = 643825664                                 {product} {ergonomic}
   size_t MinHeapDeltaBytes                        = 1048576                                   {product} {ergonomic}
   size_t MinHeapSize                              = 8388608                                   {product} {ergonomic}
    uintx NonNMethodCodeHeapSize                   = 5839372                                {pd product} {ergonomic}
    uintx NonProfiledCodeHeapSize                  = 122909434                              {pd product} {ergonomic}
    uintx ProfiledCodeHeapSize                     = 122909434                              {pd product} {ergonomic}
    uintx ReservedCodeCacheSize                    = 251658240                              {pd product} {ergonomic}
     bool SegmentedCodeCache                       = true                                      {product} {ergonomic}
   size_t SoftMaxHeapSize                          = 1073741824                             {manageable} {ergonomic}
     bool UseCompressedOops                        = true                           {product lp64_product} {ergonomic}
     bool UseG1GC                                  = true                                      {product} {ergonomic}
     bool UseLargePagesIndividualAllocation        = false                                  {pd product} {ergonomic}

Logging:
Log output configuration:
 #0: stdout all=warning uptime,level,tags foldmultilines=false
 #1: stderr all=off uptime,level,tags foldmultilines=false

Release file:
JAVA_VERSION="21.0.12.1" 
MODULES="java.base java.compiler java.datatransfer java.xml java.prefs java.desktop java.instrument java.logging java.management java.security.sasl java.naming java.rmi java.management.rmi java.net.http java.scripting java.security.jgss java.transaction.xa java.sql java.sql.rowset java.xml.crypto java.se java.smartcardio jdk.accessibility jdk.internal.jvmstat jdk.attach jdk.charsets jdk.internal.opt jdk.zipfs jdk.compiler jdk.crypto.ec jdk.crypto.cryptoki jdk.crypto.mscapi jdk.dynalink jdk.internal.ed jdk.editpad jdk.hotspot.agent jdk.httpserver jdk.internal.le jdk.internal.vm.ci jdk.internal.vm.compiler jdk.internal.vm.compiler.management jdk.jartool jdk.javadoc jdk.jcmd jdk.management jdk.management.agent jdk.jconsole jdk.jdeps jdk.jdwp.agent jdk.jdi jdk.jfr jdk.jshell jdk.jsobject jdk.jstatd jdk.localedata jdk.management.jfr jdk.naming.dns jdk.naming.rmi jdk.net jdk.nio.mapmode jdk.random jdk.sctp jdk.security.auth jdk.security.jgss jdk.unsupported jdk.unsupported.desktop jdk.xml.dom" 

Environment Variables:
JAVA_HOME=C:\Program Files\Eclipse Adoptium\jdk-21.0.3.9-hotspot\
PATH=C:\Program Files (x86)\Microsoft SDKs\Azure\CLI2\wbin;C:\Program Files\Common Files\Oracle\Java\javapath;C:\Program Files (x86)\Common Files\Oracle\Java\java8path;C:\Program Files (x86)\Common Files\Oracle\Java\javapath;C:\Program Files\Eclipse Adoptium\jdk-21.0.3.9-hotspot\bin;C:\Program Files\NVIDIA GPU Computing Toolkit\CUDA\v12.0\bin;C:\Program Files\NVIDIA GPU Computing Toolkit\CUDA\v12.0\libnvvp;C:\Program Files (x86)\Common Files\Intel\Shared Libraries\redist\intel64\compiler;C:\windows\system32;C:\windows;C:\windows\System32\Wbem;C:\windows\System32\WindowsPowerShell\v1.0\;C:\windows\System32\OpenSSH\;C:\Program Files (x86)\NVIDIA Corporation\PhysX\Common;C:\WINDOWS\system32;C:\WINDOWS;C:\WINDOWS\System32\Wbem;C:\WINDOWS\System32\WindowsPowerShell\v1.0\;C:\WINDOWS\System32\OpenSSH\;C:\Program Files\NVIDIA Corporation\Nsight Compute 2022.4.1\;C:\MinGW\bin;D:\android studio 2\platform-tools;D:\android studio 2\emulator;C:\Program Files\NVIDIA Corporation\NVIDIA App\NvDLISR;C:\ProgramData\chocolatey\bin;C:\Program Files\dotnet\;D:\node js\;C:\Program Files\Docker\Docker\resources\bin;D:\Git\cmd;D:\Git\mingw64\bin;D:\Git\usr\bin;D:\Scripts\;C:\Users\Ashwani\AppData\Local\Programs\Python\Launcher\;C:\Users\Ashwani\AppData\Local\Programs\Python\Python311\Scripts\;C:\Users\Ashwani\AppData\Local\Programs\Python\Python311\;D:\python\Scripts\;C:\Program Files\MySQL\MySQL Shell 8.0\bin\;D:\;C:\Users\Ashwani\AppData\Local\Programs\Microsoft VS Code\bin;C:\Users\Ashwani\AppData\Local\Microsoft\WindowsApps;C:\Program Files\nodejs;C:\Users\Ashwani\AppData\Local\npm-cache\_logs\2025-02-14T21_18_58_255Z-debug-0.log;D:\android studio 2\platform-tools;C:\Users\Ashwani\AppData\Roaming\npm;D:\Antigravity\bin;D:\python\;C:\Users\Ashwani\AppData\Local\PowerToys\DSCModules\;C:\Users\Ashwani\AppData\Local\Programs\Antigravity IDE\bin;D:\Antigravity IDE\bin;D:\colmap-x64-windows-cuda
USERNAME=Ashwani
OS=Windows_NT
PROCESSOR_IDENTIFIER=AMD64 Family 25 Model 80 Stepping 0, AuthenticAMD
TMP=C:\Users\Ashwani\AppData\Local\Temp
TEMP=C:\Users\Ashwani\AppData\Local\Temp




Periodic native trim disabled

---------------  S Y S T E M  ---------------

OS:
 Windows 11 , 64 bit Build 26100 (10.0.26100.9549)
OS uptime: 0 days 0:07 hours
Hyper-V role detected

CPU: total 12 (initial active 12) (12 cores per cpu, 2 threads per core) family 25 model 80 stepping 0 microcode 0xa500014, cx8, cmov, fxsr, ht, mmx, 3dnowpref, sse, sse2, sse3, ssse3, sse4a, sse4.1, sse4.2, popcnt, lzcnt, tsc, tscinvbit, avx, avx2, aes, erms, clmul, bmi1, bmi2, adx, sha, fma, vzeroupper, clflush, clflushopt, hv, rdtscp, rdpid, fsrm, f16c, cet_ss
Processor Information for processor 0
  Max Mhz: 3301, Current Mhz: 2011, Mhz Limit: 3301
Processor Information for processor 1
  Max Mhz: 3301, Current Mhz: 3301, Mhz Limit: 3301
Processor Information for processor 2
  Max Mhz: 3301, Current Mhz: 2011, Mhz Limit: 3301
Processor Information for processor 3
  Max Mhz: 3301, Current Mhz: 3301, Mhz Limit: 3301
Processor Information for processor 4
  Max Mhz: 3301, Current Mhz: 3301, Mhz Limit: 3301
Processor Information for processor 5
  Max Mhz: 3301, Current Mhz: 2011, Mhz Limit: 3301
Processor Information for processor 6
  Max Mhz: 3301, Current Mhz: 2011, Mhz Limit: 3301
Processor Information for processor 7
  Max Mhz: 3301, Current Mhz: 2011, Mhz Limit: 3301
Processor Information for processor 8
  Max Mhz: 3301, Current Mhz: 2011, Mhz Limit: 3301
Processor Information for processor 9
  Max Mhz: 3301, Current Mhz: 3301, Mhz Limit: 3301
Processor Information for processor 10
  Max Mhz: 3301, Current Mhz: 3301, Mhz Limit: 3301
Processor Information for processor 11
  Max Mhz: 3301, Current Mhz: 2011, Mhz Limit: 3301

Memory: 4k page, system-wide physical 15713M (286M free)
TotalPageFile size 24306M (AvailPageFile size 366M)
current process WorkingSet (physical memory assigned to process): 290M, peak: 290M
current process commit charge ("private bytes"): 334M, peak: 414M

vm_info: OpenJDK 64-Bit Server VM (21.0.12.1+1-LTS) for windows-amd64 JRE (21.0.12.1+1-LTS), built on 2026-08-18T00:00:00Z by "admin" with MS VC++ 17.12 (VS2022)

END.
