#
# There is insufficient memory for the Java Runtime Environment to continue.
# Native memory allocation (mmap) failed to map 65536 bytes. Error detail: Failed to commit metaspace.
# Possible reasons:
#   The system is out of physical RAM or swap space
#   This process is running with CompressedOops enabled, and the Java Heap may be blocking the growth of the native heap
# Possible solutions:
#   Reduce memory load on the system
#   Increase physical memory or swap space
#   Check if swap backing store is full
#   Decrease Java heap size (-Xmx/-Xms)
#   Decrease number of Java threads
#   Decrease Java thread stack sizes (-Xss)
#   Set larger code cache with -XX:ReservedCodeCacheSize=
#   JVM is running with Unscaled Compressed Oops mode in which the Java heap is
#     placed in the first 4GB address space. The Java Heap base address is the
#     maximum limit for the native heap growth. Please use -XX:HeapBaseMinAddress
#     to set the Java Heap base and to place the Java Heap above 4GB virtual address.
# This output file may be truncated or incomplete.
#
#  Out of Memory Error (virtualSpaceNode.cpp:113), pid=15316, tid=18364
#
# JRE version: OpenJDK Runtime Environment Temurin-21.0.12.1+1 (21.0.12.1+1) (build 21.0.12.1+1-LTS)
# Java VM: OpenJDK 64-Bit Server VM Temurin-21.0.12.1+1 (21.0.12.1+1-LTS, mixed mode, sharing, tiered, compressed oops, compressed class ptrs, g1 gc, windows-amd64)
# No core dump will be written. Minidumps are not enabled by default on client versions of Windows
#

---------------  S U M M A R Y ------------

Command Line: --add-opens=java.base/java.lang=ALL-UNNAMED --add-opens=java.base/java.lang.invoke=ALL-UNNAMED --add-opens=java.base/java.util=ALL-UNNAMED --add-opens=java.prefs/java.util.prefs=ALL-UNNAMED --add-exports=jdk.compiler/com.sun.tools.javac.api=ALL-UNNAMED --add-exports=jdk.compiler/com.sun.tools.javac.util=ALL-UNNAMED --add-opens=java.base/java.util=ALL-UNNAMED --add-opens=java.prefs/java.util.prefs=ALL-UNNAMED --add-opens=java.base/java.nio.charset=ALL-UNNAMED --add-opens=java.base/java.net=ALL-UNNAMED --add-opens=java.base/java.util.concurrent.atomic=ALL-UNNAMED --add-opens=java.xml/javax.xml.namespace=ALL-UNNAMED -Xmx1024m -Dfile.encoding=UTF-8 -Duser.country=US -Duser.language=en -Duser.variant -javaagent:D:\GradleCache\wrapper\dists\gradle-8.14.3-all\10utluxaxniiv4wxiphsi49nj\gradle-8.14.3\lib\agents\gradle-instrumentation-agent-8.14.3.jar org.gradle.launcher.daemon.bootstrap.GradleDaemon 8.14.3

Host: AMD Ryzen 5 5600H with Radeon Graphics         , 12 cores, 15G,  Windows 11 , 64 bit Build 26100 (10.0.26100.9549)
Time: Fri Oct  2 02:12:49 2026 India Standard Time elapsed time: 119.283249 seconds (0d 0h 1m 59s)

---------------  T H R E A D  ---------------

Current thread (0x0000021275d472e0):  JavaThread "Daemon worker"        [_thread_in_vm, id=18364, stack(0x000000ff13e00000,0x000000ff13f00000) (1024K)]

Stack: [0x000000ff13e00000,0x000000ff13f00000]
Native frames: (J=compiled Java code, j=interpreted, Vv=VM code, C=native code)
V  [jvm.dll+0x6d83e9]
V  [jvm.dll+0x8b5736]
V  [jvm.dll+0x8b7cee]
V  [jvm.dll+0x8b83d3]
V  [jvm.dll+0x284596]
V  [jvm.dll+0x8b147e]
V  [jvm.dll+0x679ad4]
V  [jvm.dll+0x1e849b]
V  [jvm.dll+0x1e825e]
V  [jvm.dll+0x67c3d2]
V  [jvm.dll+0x67c202]
V  [jvm.dll+0x67a4ae]
V  [jvm.dll+0x26e440]
V  [jvm.dll+0x684715]
V  [jvm.dll+0x21973e]
V  [jvm.dll+0x219be5]
V  [jvm.dll+0x21a5d8]
V  [jvm.dll+0x20f80e]
V  [jvm.dll+0x5b6a7f]
V  [jvm.dll+0x82f606]
V  [jvm.dll+0x4792f8]
V  [jvm.dll+0x47f128]
C  [java.dll+0x17ec]

Java frames: (J=compiled Java code, j=interpreted, Vv=VM code)
J 830  java.lang.ClassLoader.defineClass1(Ljava/lang/ClassLoader;Ljava/lang/String;[BIILjava/security/ProtectionDomain;Ljava/lang/String;)Ljava/lang/Class; java.base@21.0.12.1 (0 bytes) @ 0x0000021269e80991 [0x0000021269e808c0+0x00000000000000d1]
J 5015 c2 java.security.SecureClassLoader.defineClass(Ljava/lang/String;[BIILjava/security/CodeSource;)Ljava/lang/Class; java.base@21.0.12.1 (16 bytes) @ 0x000002126a09bc98 [0x000002126a09afe0+0x0000000000000cb8]
J 4632 c2 java.net.URLClassLoader$1.run()Ljava/lang/Object; java.base@21.0.12.1 (5 bytes) @ 0x000002126a07af6c [0x000002126a079d20+0x000000000000124c]
J 4987 c2 java.lang.ClassLoader.loadClass(Ljava/lang/String;Z)Ljava/lang/Class; java.base@21.0.12.1 (121 bytes) @ 0x0000021269f29f98 [0x0000021269f29be0+0x00000000000003b8]
J 3652 c2 java.lang.ClassLoader.loadClass(Ljava/lang/String;)Ljava/lang/Class; java.base@21.0.12.1 (7 bytes) @ 0x000002126a02a56c [0x000002126a02a520+0x000000000000004c]
v  ~StubRoutines::call_stub 0x000002126989100d
J 830  java.lang.ClassLoader.defineClass1(Ljava/lang/ClassLoader;Ljava/lang/String;[BIILjava/security/ProtectionDomain;Ljava/lang/String;)Ljava/lang/Class; java.base@21.0.12.1 (0 bytes) @ 0x0000021269e80991 [0x0000021269e808c0+0x00000000000000d1]
J 5015 c2 java.security.SecureClassLoader.defineClass(Ljava/lang/String;[BIILjava/security/CodeSource;)Ljava/lang/Class; java.base@21.0.12.1 (16 bytes) @ 0x000002126a09bc98 [0x000002126a09afe0+0x0000000000000cb8]
J 4632 c2 java.net.URLClassLoader$1.run()Ljava/lang/Object; java.base@21.0.12.1 (5 bytes) @ 0x000002126a07af6c [0x000002126a079d20+0x000000000000124c]
J 4987 c2 java.lang.ClassLoader.loadClass(Ljava/lang/String;Z)Ljava/lang/Class; java.base@21.0.12.1 (121 bytes) @ 0x0000021269f29f98 [0x0000021269f29be0+0x00000000000003b8]
J 3652 c2 java.lang.ClassLoader.loadClass(Ljava/lang/String;)Ljava/lang/Class; java.base@21.0.12.1 (7 bytes) @ 0x000002126a02a56c [0x000002126a02a520+0x000000000000004c]
v  ~StubRoutines::call_stub 0x000002126989100d
J 830  java.lang.ClassLoader.defineClass1(Ljava/lang/ClassLoader;Ljava/lang/String;[BIILjava/security/ProtectionDomain;Ljava/lang/String;)Ljava/lang/Class; java.base@21.0.12.1 (0 bytes) @ 0x0000021269e80991 [0x0000021269e808c0+0x00000000000000d1]
J 5015 c2 java.security.SecureClassLoader.defineClass(Ljava/lang/String;[BIILjava/security/CodeSource;)Ljava/lang/Class; java.base@21.0.12.1 (16 bytes) @ 0x000002126a09bc98 [0x000002126a09afe0+0x0000000000000cb8]
J 4632 c2 java.net.URLClassLoader$1.run()Ljava/lang/Object; java.base@21.0.12.1 (5 bytes) @ 0x000002126a07af6c [0x000002126a079d20+0x000000000000124c]
J 4987 c2 java.lang.ClassLoader.loadClass(Ljava/lang/String;Z)Ljava/lang/Class; java.base@21.0.12.1 (121 bytes) @ 0x0000021269f29f98 [0x0000021269f29be0+0x00000000000003b8]
J 3652 c2 java.lang.ClassLoader.loadClass(Ljava/lang/String;)Ljava/lang/Class; java.base@21.0.12.1 (7 bytes) @ 0x000002126a02a56c [0x000002126a02a520+0x000000000000004c]
v  ~StubRoutines::call_stub 0x000002126989100d
j  org.gradle.api.internal.tasks.DefaultTaskContainer.withType(Ljava/lang/Class;)Lorg/gradle/api/tasks/TaskCollection;+6
j  org.gradle.api.plugins.HelpTasksPlugin.apply(Lorg/gradle/api/Project;)V+106
j  org.gradle.api.plugins.HelpTasksPlugin.apply(Ljava/lang/Object;)V+5
j  org.gradle.api.internal.plugins.ImperativeOnlyPluginTarget.applyImperative(Ljava/lang/String;Lorg/gradle/api/Plugin;)V+13
j  org.gradle.api.internal.plugins.RuleBasedPluginTarget.applyImperative(Ljava/lang/String;Lorg/gradle/api/Plugin;)V+6
j  org.gradle.api.internal.plugins.DefaultPluginManager.addPlugin(Ljava/lang/Runnable;Lorg/gradle/api/internal/plugins/PluginImplementation;Ljava/lang/String;Ljava/lang/Class;)V+54
j  org.gradle.api.internal.plugins.DefaultPluginManager.access$100(Lorg/gradle/api/internal/plugins/DefaultPluginManager;Ljava/lang/Runnable;Lorg/gradle/api/internal/plugins/PluginImplementation;Ljava/lang/String;Ljava/lang/Class;)V+6
j  org.gradle.api.internal.plugins.DefaultPluginManager$AddPluginBuildOperation.run(Lorg/gradle/internal/operations/BuildOperationContext;)V+20
j  org.gradle.internal.operations.DefaultBuildOperationRunner$1.execute(Lorg/gradle/internal/operations/RunnableBuildOperation;Lorg/gradle/internal/operations/BuildOperationContext;)V+2
j  org.gradle.internal.operations.DefaultBuildOperationRunner$1.execute(Lorg/gradle/internal/operations/BuildOperation;Lorg/gradle/internal/operations/BuildOperationContext;)V+6
j  org.gradle.internal.operations.DefaultBuildOperationRunner$2.execute(Lorg/gradle/internal/operations/BuildOperationDescriptor;Lorg/gradle/internal/operations/BuildOperationState;Lorg/gradle/internal/operations/BuildOperationState;Lorg/gradle/internal/operations/DefaultBuildOperationRunner$ReadableBuildOperationContext;Lorg/gradle/internal/operations/DefaultBuildOperationRunner$BuildOperationExecutionListener;)Lorg/gradle/internal/operations/BuildOperation;+22
j  org.gradle.internal.operations.DefaultBuildOperationRunner$2.execute(Lorg/gradle/internal/operations/BuildOperationDescriptor;Lorg/gradle/internal/operations/BuildOperationState;Lorg/gradle/internal/operations/BuildOperationState;Lorg/gradle/internal/operations/DefaultBuildOperationRunner$ReadableBuildOperationContext;Lorg/gradle/internal/operations/DefaultBuildOperationRunner$BuildOperationExecutionListener;)Ljava/lang/Object;+8
j  org.gradle.internal.operations.DefaultBuildOperationRunner.execute(Lorg/gradle/internal/operations/BuildOperationDescriptor$Builder;Lorg/gradle/internal/operations/BuildOperationState;Lorg/gradle/internal/operations/DefaultBuildOperationRunner$BuildOperationExecution;)Ljava/lang/Object;+141
j  org.gradle.internal.operations.DefaultBuildOperationRunner.execute(Lorg/gradle/internal/operations/BuildOperation;Lorg/gradle/internal/operations/BuildOperationWorker;Lorg/gradle/internal/operations/BuildOperationState;)V+18
j  org.gradle.internal.operations.DefaultBuildOperationRunner.run(Lorg/gradle/internal/operations/RunnableBuildOperation;)V+9
j  org.gradle.api.internal.plugins.DefaultPluginManager.lambda$doApply$0(Ljava/lang/Runnable;Lorg/gradle/api/internal/plugins/PluginImplementation;Ljava/lang/String;Ljava/lang/Class;Lorg/gradle/internal/code/UserCodeApplicationId;)V+20
j  org.gradle.api.internal.plugins.DefaultPluginManager$$Lambda+0x000002120168e718.execute(Ljava/lang/Object;)V+24
j  org.gradle.internal.code.DefaultUserCodeApplicationContext.apply(Lorg/gradle/internal/code/UserCodeSource;Lorg/gradle/api/Action;)V+37
j  org.gradle.api.internal.plugins.DefaultPluginManager.doApply(Lorg/gradle/api/internal/plugins/PluginImplementation;)V+144
j  org.gradle.api.internal.plugins.DefaultPluginManager.apply(Ljava/lang/String;)V+52
j  org.gradle.api.plugins.internal.HelpTasksAutoApplyAction.execute(Lorg/gradle/api/internal/project/ProjectInternal;)V+8
j  org.gradle.api.plugins.internal.HelpTasksAutoApplyAction.execute(Ljava/lang/Object;)V+5
j  org.gradle.configuration.project.PluginsProjectConfigureActions.execute(Lorg/gradle/api/internal/project/ProjectInternal;)V+31
j  org.gradle.configuration.project.PluginsProjectConfigureActions.execute(Ljava/lang/Object;)V+5
j  org.gradle.configuration.project.ConfigureActionsProjectEvaluator.evaluate(Lorg/gradle/api/internal/project/ProjectInternal;Lorg/gradle/api/internal/project/ProjectStateInternal;)V+33
j  org.gradle.configuration.project.LifecycleProjectEvaluator$EvaluateProject.lambda$run$0(Lorg/gradle/internal/operations/BuildOperationContext;Lorg/gradle/api/internal/project/ProjectInternal;)V+67
j  org.gradle.configuration.project.LifecycleProjectEvaluator$EvaluateProject$$Lambda+0x0000021201673210.accept(Ljava/lang/Object;)V+12
j  org.gradle.api.internal.project.DefaultProjectStateRegistry$ProjectStateImpl.lambda$applyToMutableState$1(Ljava/util/function/Consumer;Lorg/gradle/api/internal/project/ProjectInternal;)Ljava/lang/Object;+2
j  org.gradle.api.internal.project.DefaultProjectStateRegistry$ProjectStateImpl$$Lambda+0x000002120166ad00.apply(Ljava/lang/Object;)Ljava/lang/Object;+8
j  org.gradle.api.internal.project.DefaultProjectStateRegistry$ProjectStateImpl.lambda$fromMutableState$2(Ljava/util/function/Function;)Ljava/lang/Object;+5
j  org.gradle.api.internal.project.DefaultProjectStateRegistry$ProjectStateImpl$$Lambda+0x000002120166af48.create()Ljava/lang/Object;+8
j  org.gradle.internal.work.DefaultWorkerLeaseService.withReplacedLocks(Ljava/util/Collection;Lorg/gradle/internal/resources/ResourceLock;Lorg/gradle/internal/Factory;)Ljava/lang/Object;+40
j  org.gradle.api.internal.project.DefaultProjectStateRegistry$ProjectStateImpl.fromMutableState(Ljava/util/function/Function;)Ljava/lang/Object;+133
j  org.gradle.api.internal.project.DefaultProjectStateRegistry$ProjectStateImpl.applyToMutableState(Ljava/util/function/Consumer;)V+7
j  org.gradle.configuration.project.LifecycleProjectEvaluator$EvaluateProject.run(Lorg/gradle/internal/operations/BuildOperationContext;)V+16
j  org.gradle.internal.operations.DefaultBuildOperationRunner$1.execute(Lorg/gradle/internal/operations/RunnableBuildOperation;Lorg/gradle/internal/operations/BuildOperationContext;)V+2
j  org.gradle.internal.operations.DefaultBuildOperationRunner$1.execute(Lorg/gradle/internal/operations/BuildOperation;Lorg/gradle/internal/operations/BuildOperationContext;)V+6
j  org.gradle.internal.operations.DefaultBuildOperationRunner$2.execute(Lorg/gradle/internal/operations/BuildOperationDescriptor;Lorg/gradle/internal/operations/BuildOperationState;Lorg/gradle/internal/operations/BuildOperationState;Lorg/gradle/internal/operations/DefaultBuildOperationRunner$ReadableBuildOperationContext;Lorg/gradle/internal/operations/DefaultBuildOperationRunner$BuildOperationExecutionListener;)Lorg/gradle/internal/operations/BuildOperation;+22
j  org.gradle.internal.operations.DefaultBuildOperationRunner$2.execute(Lorg/gradle/internal/operations/BuildOperationDescriptor;Lorg/gradle/internal/operations/BuildOperationState;Lorg/gradle/internal/operations/BuildOperationState;Lorg/gradle/internal/operations/DefaultBuildOperationRunner$ReadableBuildOperationContext;Lorg/gradle/internal/operations/DefaultBuildOperationRunner$BuildOperationExecutionListener;)Ljava/lang/Object;+8
j  org.gradle.internal.operations.DefaultBuildOperationRunner.execute(Lorg/gradle/internal/operations/BuildOperationDescriptor$Builder;Lorg/gradle/internal/operations/BuildOperationState;Lorg/gradle/internal/operations/DefaultBuildOperationRunner$BuildOperationExecution;)Ljava/lang/Object;+141
j  org.gradle.internal.operations.DefaultBuildOperationRunner.execute(Lorg/gradle/internal/operations/BuildOperation;Lorg/gradle/internal/operations/BuildOperationWorker;Lorg/gradle/internal/operations/BuildOperationState;)V+18
j  org.gradle.internal.operations.DefaultBuildOperationRunner.run(Lorg/gradle/internal/operations/RunnableBuildOperation;)V+9
j  org.gradle.configuration.project.LifecycleProjectEvaluator.evaluate(Lorg/gradle/api/internal/project/ProjectInternal;Lorg/gradle/api/internal/project/ProjectStateInternal;)V+42
j  org.gradle.api.internal.project.DefaultProject.evaluateUnchecked()Lorg/gradle/api/internal/project/ProjectInternal;+20
j  org.gradle.api.internal.project.ProjectLifecycleController.lambda$ensureSelfConfigured$2()V+4
j  org.gradle.api.internal.project.ProjectLifecycleController$$Lambda+0x00000212016717a0.run()V+4
j  org.gradle.internal.model.StateTransitionController.lambda$doTransition$14(Ljava/lang/Runnable;)Lorg/gradle/internal/build/ExecutionResult;+1
j  org.gradle.internal.model.StateTransitionController$$Lambda+0x00000212013f2b28.get()Ljava/lang/Object;+4
j  org.gradle.internal.model.StateTransitionController.doTransition(Lorg/gradle/internal/model/StateTransitionController$State;Lorg/gradle/internal/model/StateTransitionController$State;Ljava/util/function/Supplier;)Lorg/gradle/internal/build/ExecutionResult;+24
j  org.gradle.internal.model.StateTransitionController.doTransition(Lorg/gradle/internal/model/StateTransitionController$State;Lorg/gradle/internal/model/StateTransitionController$State;Ljava/lang/Runnable;)V+9
j  org.gradle.internal.model.StateTransitionController.lambda$maybeTransitionIfNotCurrentlyTransitioning$10(Lorg/gradle/internal/model/StateTransitionController$State;Lorg/gradle/internal/model/StateTransitionController$State;Ljava/lang/Runnable;)V+16
j  org.gradle.internal.model.StateTransitionController$$Lambda+0x00000212016719c8.run()V+16
j  org.gradle.internal.work.DefaultSynchronizer.withLock(Ljava/lang/Runnable;)V+6
j  org.gradle.internal.model.StateTransitionController.maybeTransitionIfNotCurrentlyTransitioning(Lorg/gradle/internal/model/StateTransitionController$State;Lorg/gradle/internal/model/StateTransitionController$State;Ljava/lang/Runnable;)V+13
j  org.gradle.api.internal.project.ProjectLifecycleController.ensureSelfConfigured()V+16
j  org.gradle.api.internal.project.DefaultProjectStateRegistry$ProjectStateImpl.ensureConfigured()V+19
j  org.gradle.execution.TaskPathProjectEvaluator.configure(Lorg/gradle/api/internal/project/ProjectInternal;)V+6
j  org.gradle.execution.TaskPathProjectEvaluator.configureHierarchy(Lorg/gradle/api/internal/project/ProjectInternal;)V+2
j  org.gradle.configuration.DefaultProjectsPreparer.prepareProjects(Lorg/gradle/api/internal/GradleInternal;)V+52
j  org.gradle.configuration.BuildTreePreparingProjectsPreparer.prepareProjects(Lorg/gradle/api/internal/GradleInternal;)V+114
j  org.gradle.configuration.BuildOperationFiringProjectsPreparer$ConfigureBuild.run(Lorg/gradle/internal/operations/BuildOperationContext;)V+11
j  org.gradle.internal.operations.DefaultBuildOperationRunner$1.execute(Lorg/gradle/internal/operations/RunnableBuildOperation;Lorg/gradle/internal/operations/BuildOperationContext;)V+2
j  org.gradle.internal.operations.DefaultBuildOperationRunner$1.execute(Lorg/gradle/internal/operations/BuildOperation;Lorg/gradle/internal/operations/BuildOperationContext;)V+6
j  org.gradle.internal.operations.DefaultBuildOperationRunner$2.execute(Lorg/gradle/internal/operations/BuildOperationDescriptor;Lorg/gradle/internal/operations/BuildOperationState;Lorg/gradle/internal/operations/BuildOperationState;Lorg/gradle/internal/operations/DefaultBuildOperationRunner$ReadableBuildOperationContext;Lorg/gradle/internal/operations/DefaultBuildOperationRunner$BuildOperationExecutionListener;)Lorg/gradle/internal/operations/BuildOperation;+22
j  org.gradle.internal.operations.DefaultBuildOperationRunner$2.execute(Lorg/gradle/internal/operations/BuildOperationDescriptor;Lorg/gradle/internal/operations/BuildOperationState;Lorg/gradle/internal/operations/BuildOperationState;Lorg/gradle/internal/operations/DefaultBuildOperationRunner$ReadableBuildOperationContext;Lorg/gradle/internal/operations/DefaultBuildOperationRunner$BuildOperationExecutionListener;)Ljava/lang/Object;+8
j  org.gradle.internal.operations.DefaultBuildOperationRunner.execute(Lorg/gradle/internal/operations/BuildOperationDescriptor$Builder;Lorg/gradle/internal/operations/BuildOperationState;Lorg/gradle/internal/operations/DefaultBuildOperationRunner$BuildOperationExecution;)Ljava/lang/Object;+141
j  org.gradle.internal.operations.DefaultBuildOperationRunner.execute(Lorg/gradle/internal/operations/BuildOperation;Lorg/gradle/internal/operations/BuildOperationWorker;Lorg/gradle/internal/operations/BuildOperationState;)V+18
j  org.gradle.internal.operations.DefaultBuildOperationRunner.run(Lorg/gradle/internal/operations/RunnableBuildOperation;)V+9
j  org.gradle.configuration.BuildOperationFiringProjectsPreparer.prepareProjects(Lorg/gradle/api/internal/GradleInternal;)V+13
j  org.gradle.initialization.VintageBuildModelController.lambda$prepareProjects$2()V+8
j  org.gradle.initialization.VintageBuildModelController$$Lambda+0x000002120163a898.run()V+4
j  org.gradle.internal.model.StateTransitionController.lambda$doTransition$14(Ljava/lang/Runnable;)Lorg/gradle/internal/build/ExecutionResult;+1
j  org.gradle.internal.model.StateTransitionController$$Lambda+0x00000212013f2b28.get()Ljava/lang/Object;+4
j  org.gradle.internal.model.StateTransitionController.doTransition(Lorg/gradle/internal/model/StateTransitionController$State;Lorg/gradle/internal/model/StateTransitionController$State;Ljava/util/function/Supplier;)Lorg/gradle/internal/build/ExecutionResult;+24
j  org.gradle.internal.model.StateTransitionController.doTransition(Lorg/gradle/internal/model/StateTransitionController$State;Lorg/gradle/internal/model/StateTransitionController$State;Ljava/lang/Runnable;)V+9
j  org.gradle.internal.model.StateTransitionController.lambda$transitionIfNotPreviously$11(Lorg/gradle/internal/model/StateTransitionController$State;Lorg/gradle/internal/model/StateTransitionController$State;Ljava/lang/Runnable;)V+16
j  org.gradle.internal.model.StateTransitionController$$Lambda+0x00000212013f2f78.run()V+16
j  org.gradle.internal.work.DefaultSynchronizer.withLock(Ljava/lang/Runnable;)V+6
j  org.gradle.internal.model.StateTransitionController.transitionIfNotPreviously(Lorg/gradle/internal/model/StateTransitionController$State;Lorg/gradle/internal/model/StateTransitionController$State;Ljava/lang/Runnable;)V+13
j  org.gradle.initialization.VintageBuildModelController.prepareProjects()V+16
j  org.gradle.initialization.VintageBuildModelController.prepareToScheduleTasks()V+5
j  org.gradle.internal.build.DefaultBuildLifecycleController.lambda$prepareToScheduleTasks$6()V+9
j  org.gradle.internal.build.DefaultBuildLifecycleController$$Lambda+0x00000212013f26d8.run()V+4
j  org.gradle.internal.model.StateTransitionController.lambda$doTransition$14(Ljava/lang/Runnable;)Lorg/gradle/internal/build/ExecutionResult;+1
j  org.gradle.internal.model.StateTransitionController$$Lambda+0x00000212013f2b28.get()Ljava/lang/Object;+4
j  org.gradle.internal.model.StateTransitionController.doTransition(Lorg/gradle/internal/model/StateTransitionController$State;Lorg/gradle/internal/model/StateTransitionController$State;Ljava/util/function/Supplier;)Lorg/gradle/internal/build/ExecutionResult;+24
j  org.gradle.internal.model.StateTransitionController.doTransition(Lorg/gradle/internal/model/StateTransitionController$State;Lorg/gradle/internal/model/StateTransitionController$State;Ljava/lang/Runnable;)V+9
j  org.gradle.internal.model.StateTransitionController.lambda$maybeTransition$9(Lorg/gradle/internal/model/StateTransitionController$State;Lorg/gradle/internal/model/StateTransitionController$State;Ljava/lang/Runnable;)V+16
j  org.gradle.internal.model.StateTransitionController$$Lambda+0x00000212013f2900.run()V+16
j  org.gradle.internal.work.DefaultSynchronizer.withLock(Ljava/lang/Runnable;)V+6
j  org.gradle.internal.model.StateTransitionController.maybeTransition(Lorg/gradle/internal/model/StateTransitionController$State;Lorg/gradle/internal/model/StateTransitionController$State;Ljava/lang/Runnable;)V+13
j  org.gradle.internal.build.DefaultBuildLifecycleController.prepareToScheduleTasks()V+16
j  org.gradle.internal.buildtree.DefaultBuildTreeWorkPreparer.scheduleRequestedTasks(Lorg/gradle/internal/buildtree/BuildTreeWorkGraph;Lorg/gradle/execution/EntryTaskSelector;)Lorg/gradle/internal/buildtree/BuildTreeWorkGraph$FinalizedGraph;+4
j  org.gradle.internal.cc.impl.VintageBuildTreeWorkController$scheduleAndRunRequestedTasks$1.apply(Lorg/gradle/internal/buildtree/BuildTreeWorkGraph;)Lorg/gradle/internal/build/ExecutionResult;+18
j  org.gradle.internal.cc.impl.VintageBuildTreeWorkController$scheduleAndRunRequestedTasks$1.apply(Ljava/lang/Object;)Ljava/lang/Object;+5
j  org.gradle.composite.internal.DefaultIncludedBuildTaskGraph.withNewWorkGraph(Ljava/util/function/Function;)Ljava/lang/Object;+30
j  org.gradle.internal.cc.impl.VintageBuildTreeWorkController.scheduleAndRunRequestedTasks(Lorg/gradle/execution/EntryTaskSelector;)Lorg/gradle/internal/build/ExecutionResult;+16
j  org.gradle.internal.buildtree.DefaultBuildTreeLifecycleController.lambda$scheduleAndRunTasks$1(Lorg/gradle/execution/EntryTaskSelector;)Lorg/gradle/internal/build/ExecutionResult;+5
j  org.gradle.internal.buildtree.DefaultBuildTreeLifecycleController$$Lambda+0x00000212013f1838.get()Ljava/lang/Object;+8
j  org.gradle.internal.buildtree.DefaultBuildTreeLifecycleController.lambda$runBuild$4(Ljava/util/function/Supplier;)Ljava/lang/Object;+1
j  org.gradle.internal.buildtree.DefaultBuildTreeLifecycleController$$Lambda+0x00000212013f1a60.get()Ljava/lang/Object;+8
j  org.gradle.internal.model.StateTransitionController.lambda$transition$6(Ljava/util/function/Supplier;)Lorg/gradle/internal/build/ExecutionResult;+1
j  org.gradle.internal.model.StateTransitionController$$Lambda+0x00000212013f1eb0.get()Ljava/lang/Object;+4
j  org.gradle.internal.model.StateTransitionController.doTransition(Lorg/gradle/internal/model/StateTransitionController$State;Lorg/gradle/internal/model/StateTransitionController$State;Ljava/util/function/Supplier;)Lorg/gradle/internal/build/ExecutionResult;+24
j  org.gradle.internal.model.StateTransitionController.lambda$transition$7(Lorg/gradle/internal/model/StateTransitionController$State;Lorg/gradle/internal/model/StateTransitionController$State;Ljava/util/function/Supplier;)Ljava/lang/Object;+9
j  org.gradle.internal.model.StateTransitionController$$Lambda+0x00000212013f1c88.create()Ljava/lang/Object;+16
j  org.gradle.internal.work.DefaultSynchronizer.withLock(Lorg/gradle/internal/Factory;)Ljava/lang/Object;+6
j  org.gradle.internal.model.StateTransitionController.transition(Lorg/gradle/internal/model/StateTransitionController$State;Lorg/gradle/internal/model/StateTransitionController$State;Ljava/util/function/Supplier;)Ljava/lang/Object;+13
j  org.gradle.internal.buildtree.DefaultBuildTreeLifecycleController.runBuild(Ljava/util/function/Supplier;)Ljava/lang/Object;+17
j  org.gradle.internal.buildtree.DefaultBuildTreeLifecycleController.scheduleAndRunTasks(Lorg/gradle/execution/EntryTaskSelector;)V+8
j  org.gradle.internal.buildtree.DefaultBuildTreeLifecycleController.scheduleAndRunTasks()V+2
j  org.gradle.tooling.internal.provider.runner.BuildModelActionRunner.run(Lorg/gradle/internal/invocation/BuildAction;Lorg/gradle/internal/buildtree/BuildTreeLifecycleController;)Lorg/gradle/internal/buildtree/BuildActionRunner$Result;+65
j  org.gradle.launcher.exec.ChainingBuildActionRunner.run(Lorg/gradle/internal/invocation/BuildAction;Lorg/gradle/internal/buildtree/BuildTreeLifecycleController;)Lorg/gradle/internal/buildtree/BuildActionRunner$Result;+34
j  org.gradle.internal.buildtree.ProblemReportingBuildActionRunner.run(Lorg/gradle/internal/invocation/BuildAction;Lorg/gradle/internal/buildtree/BuildTreeLifecycleController;)Lorg/gradle/internal/buildtree/BuildActionRunner$Result;+12
j  org.gradle.launcher.exec.BuildOutcomeReportingBuildActionRunner.run(Lorg/gradle/internal/invocation/BuildAction;Lorg/gradle/internal/buildtree/BuildTreeLifecycleController;)Lorg/gradle/internal/buildtree/BuildActionRunner$Result;+69
j  org.gradle.tooling.internal.provider.FileSystemWatchingBuildActionRunner.run(Lorg/gradle/internal/invocation/BuildAction;Lorg/gradle/internal/buildtree/BuildTreeLifecycleController;)Lorg/gradle/internal/buildtree/BuildActionRunner$Result;+317
j  org.gradle.launcher.exec.BuildCompletionNotifyingBuildActionRunner.run(Lorg/gradle/internal/invocation/BuildAction;Lorg/gradle/internal/buildtree/BuildTreeLifecycleController;)Lorg/gradle/internal/buildtree/BuildActionRunner$Result;+6
j  org.gradle.launcher.exec.RootBuildLifecycleBuildActionExecutor.lambda$execute$0(Lorg/gradle/internal/invocation/BuildAction;Lorg/gradle/internal/buildtree/BuildTreeLifecycleController;)Lorg/gradle/internal/buildtree/BuildActionRunner$Result;+6
j  org.gradle.launcher.exec.RootBuildLifecycleBuildActionExecutor$$Lambda+0x00000212013dcb48.apply(Ljava/lang/Object;)Ljava/lang/Object;+12
j  org.gradle.composite.internal.DefaultRootBuildState.run(Ljava/util/function/Function;)Ljava/lang/Object;+87
j  org.gradle.launcher.exec.RootBuildLifecycleBuildActionExecutor.execute(Lorg/gradle/internal/invocation/BuildAction;Lorg/gradle/internal/buildtree/BuildTreeContext;)Lorg/gradle/internal/buildtree/BuildActionRunner$Result;+75
j  org.gradle.internal.buildtree.InitDeprecationLoggingActionExecutor.execute(Lorg/gradle/internal/invocation/BuildAction;Lorg/gradle/internal/buildtree/BuildTreeContext;)Lorg/gradle/internal/buildtree/BuildActionRunner$Result;+83
j  org.gradle.internal.buildtree.InitProblems.execute(Lorg/gradle/internal/invocation/BuildAction;Lorg/gradle/internal/buildtree/BuildTreeContext;)Lorg/gradle/internal/buildtree/BuildActionRunner$Result;+13
j  org.gradle.internal.buildtree.DefaultBuildTreeContext.execute(Lorg/gradle/internal/invocation/BuildAction;)Lorg/gradle/internal/buildtree/BuildActionRunner$Result;+64
j  org.gradle.launcher.exec.BuildTreeLifecycleBuildActionExecutor.lambda$execute$0(Lorg/gradle/internal/invocation/BuildAction;Lorg/gradle/internal/buildtree/BuildTreeContext;)Lorg/gradle/internal/buildtree/BuildActionRunner$Result;+2
j  org.gradle.launcher.exec.BuildTreeLifecycleBuildActionExecutor$$Lambda+0x00000212012b20e0.apply(Ljava/lang/Object;)Ljava/lang/Object;+8
j  org.gradle.internal.buildtree.BuildTreeState.run(Ljava/util/function/Function;)Ljava/lang/Object;+47
j  org.gradle.launcher.exec.BuildTreeLifecycleBuildActionExecutor.execute(Lorg/gradle/internal/invocation/BuildAction;Lorg/gradle/internal/session/BuildSessionContext;)Lorg/gradle/internal/buildtree/BuildActionRunner$Result;+74
j  org.gradle.launcher.exec.RunAsBuildOperationBuildActionExecutor$2.call(Lorg/gradle/internal/operations/BuildOperationContext;)Lorg/gradle/internal/buildtree/BuildActionRunner$Result;+25
j  org.gradle.launcher.exec.RunAsBuildOperationBuildActionExecutor$2.call(Lorg/gradle/internal/operations/BuildOperationContext;)Ljava/lang/Object;+2
j  org.gradle.internal.operations.DefaultBuildOperationRunner$CallableBuildOperationWorker.execute(Lorg/gradle/internal/operations/CallableBuildOperation;Lorg/gradle/internal/operations/BuildOperationContext;)V+3
j  org.gradle.internal.operations.DefaultBuildOperationRunner$CallableBuildOperationWorker.execute(Lorg/gradle/internal/operations/BuildOperation;Lorg/gradle/internal/operations/BuildOperationContext;)V+6
j  org.gradle.internal.operations.DefaultBuildOperationRunner$2.execute(Lorg/gradle/internal/operations/BuildOperationDescriptor;Lorg/gradle/internal/operations/BuildOperationState;Lorg/gradle/internal/operations/BuildOperationState;Lorg/gradle/internal/operations/DefaultBuildOperationRunner$ReadableBuildOperationContext;Lorg/gradle/internal/operations/DefaultBuildOperationRunner$BuildOperationExecutionListener;)Lorg/gradle/internal/operations/BuildOperation;+22
j  org.gradle.internal.operations.DefaultBuildOperationRunner$2.execute(Lorg/gradle/internal/operations/BuildOperationDescriptor;Lorg/gradle/internal/operations/BuildOperationState;Lorg/gradle/internal/operations/BuildOperationState;Lorg/gradle/internal/operations/DefaultBuildOperationRunner$ReadableBuildOperationContext;Lorg/gradle/internal/operations/DefaultBuildOperationRunner$BuildOperationExecutionListener;)Ljava/lang/Object;+8
j  org.gradle.internal.operations.DefaultBuildOperationRunner.execute(Lorg/gradle/internal/operations/BuildOperationDescriptor$Builder;Lorg/gradle/internal/operations/BuildOperationState;Lorg/gradle/internal/operations/DefaultBuildOperationRunner$BuildOperationExecution;)Ljava/lang/Object;+141
j  org.gradle.internal.operations.DefaultBuildOperationRunner.execute(Lorg/gradle/internal/operations/BuildOperation;Lorg/gradle/internal/operations/BuildOperationWorker;Lorg/gradle/internal/operations/BuildOperationState;)V+18
j  org.gradle.internal.operations.DefaultBuildOperationRunner.call(Lorg/gradle/internal/operations/CallableBuildOperation;)Ljava/lang/Object;+16
j  org.gradle.launcher.exec.RunAsBuildOperationBuildActionExecutor.execute(Lorg/gradle/internal/invocation/BuildAction;Lorg/gradle/internal/session/BuildSessionContext;)Lorg/gradle/internal/buildtree/BuildActionRunner$Result;+23
j  org.gradle.launcher.exec.RunAsWorkerThreadBuildActionExecutor.lambda$execute$0(Lorg/gradle/internal/invocation/BuildAction;Lorg/gradle/internal/session/BuildSessionContext;)Lorg/gradle/internal/buildtree/BuildActionRunner$Result;+6
j  org.gradle.launcher.exec.RunAsWorkerThreadBuildActionExecutor$$Lambda+0x0000021201285df0.create()Ljava/lang/Object;+12
j  org.gradle.internal.work.DefaultWorkerLeaseService.withLocks(Ljava/util/Collection;Lorg/gradle/internal/Factory;)Ljava/lang/Object;+28
j  org.gradle.internal.work.DefaultWorkerLeaseService.runAsWorkerThread(Lorg/gradle/internal/Factory;)Ljava/lang/Object;+33
j  org.gradle.launcher.exec.RunAsWorkerThreadBuildActionExecutor.execute(Lorg/gradle/internal/invocation/BuildAction;Lorg/gradle/internal/session/BuildSessionContext;)Lorg/gradle/internal/buildtree/BuildActionRunner$Result;+12
j  org.gradle.tooling.internal.provider.continuous.ContinuousBuildActionExecutor.execute(Lorg/gradle/internal/invocation/BuildAction;Lorg/gradle/internal/session/BuildSessionContext;)Lorg/gradle/internal/buildtree/BuildActionRunner$Result;+58
j  org.gradle.tooling.internal.provider.SubscribableBuildActionExecutor.execute(Lorg/gradle/internal/invocation/BuildAction;Lorg/gradle/internal/session/BuildSessionContext;)Lorg/gradle/internal/buildtree/BuildActionRunner$Result;+30
j  org.gradle.internal.session.DefaultBuildSessionContext.execute(Lorg/gradle/internal/invocation/BuildAction;)Lorg/gradle/internal/buildtree/BuildActionRunner$Result;+64
j  org.gradle.internal.buildprocess.execution.BuildSessionLifecycleBuildActionExecutor$ActionImpl.apply(Lorg/gradle/internal/session/BuildSessionContext;)Lorg/gradle/launcher/exec/BuildActionResult;+6
j  org.gradle.internal.buildprocess.execution.BuildSessionLifecycleBuildActionExecutor$ActionImpl.apply(Ljava/lang/Object;)Ljava/lang/Object;+5
j  org.gradle.internal.session.BuildSessionState.run(Ljava/util/function/Function;)Ljava/lang/Object;+5
j  org.gradle.internal.buildprocess.execution.BuildSessionLifecycleBuildActionExecutor.execute(Lorg/gradle/internal/invocation/BuildAction;Lorg/gradle/launcher/exec/BuildActionParameters;Lorg/gradle/initialization/BuildRequestContext;)Lorg/gradle/launcher/exec/BuildActionResult;+95
j  org.gradle.internal.buildprocess.execution.BuildSessionLifecycleBuildActionExecutor.execute(Lorg/gradle/internal/invocation/BuildAction;Ljava/lang/Object;Ljava/lang/Object;)Lorg/gradle/launcher/exec/BuildActionResult;+10
j  org.gradle.internal.buildprocess.execution.StartParamsValidatingActionExecutor.execute(Lorg/gradle/internal/invocation/BuildAction;Lorg/gradle/launcher/exec/BuildActionParameters;Lorg/gradle/initialization/BuildRequestContext;)Lorg/gradle/launcher/exec/BuildActionResult;+203
j  org.gradle.internal.buildprocess.execution.StartParamsValidatingActionExecutor.execute(Lorg/gradle/internal/invocation/BuildAction;Ljava/lang/Object;Ljava/lang/Object;)Lorg/gradle/launcher/exec/BuildActionResult;+10
j  org.gradle.internal.buildprocess.execution.SessionFailureReportingActionExecutor.execute(Lorg/gradle/internal/invocation/BuildAction;Lorg/gradle/launcher/exec/BuildActionParameters;Lorg/gradle/initialization/BuildRequestContext;)Lorg/gradle/launcher/exec/BuildActionResult;+7
j  org.gradle.internal.buildprocess.execution.SessionFailureReportingActionExecutor.execute(Lorg/gradle/internal/invocation/BuildAction;Ljava/lang/Object;Ljava/lang/Object;)Lorg/gradle/launcher/exec/BuildActionResult;+10
j  org.gradle.internal.buildprocess.execution.SetupLoggingActionExecutor.execute(Lorg/gradle/internal/invocation/BuildAction;Lorg/gradle/launcher/exec/BuildActionParameters;Lorg/gradle/initialization/BuildRequestContext;)Lorg/gradle/launcher/exec/BuildActionResult;+50
j  org.gradle.internal.buildprocess.execution.SetupLoggingActionExecutor.execute(Lorg/gradle/internal/invocation/BuildAction;Ljava/lang/Object;Ljava/lang/Object;)Lorg/gradle/launcher/exec/BuildActionResult;+10
j  org.gradle.launcher.daemon.server.exec.ExecuteBuild.doBuild(Lorg/gradle/launcher/daemon/server/api/DaemonCommandExecution;Lorg/gradle/launcher/daemon/protocol/Build;)V+147
j  org.gradle.launcher.daemon.server.exec.BuildCommandOnly.execute(Lorg/gradle/launcher/daemon/server/api/DaemonCommandExecution;)V+49
j  org.gradle.launcher.daemon.server.api.DaemonCommandExecution.proceed()Z+23
j  org.gradle.launcher.daemon.server.exec.WatchForDisconnection.execute(Lorg/gradle/launcher/daemon/server/api/DaemonCommandExecution;)V+19
j  org.gradle.launcher.daemon.server.api.DaemonCommandExecution.proceed()Z+23
j  org.gradle.launcher.daemon.server.exec.ResetDeprecationLogger.execute(Lorg/gradle/launcher/daemon/server/api/DaemonCommandExecution;)V+7
j  org.gradle.launcher.daemon.server.api.DaemonCommandExecution.proceed()Z+23
j  org.gradle.launcher.daemon.server.exec.RequestStopIfSingleUsedDaemon.execute(Lorg/gradle/launcher/daemon/server/api/DaemonCommandExecution;)V+33
j  org.gradle.launcher.daemon.server.api.DaemonCommandExecution.proceed()Z+23
j  org.gradle.launcher.daemon.server.exec.ForwardClientInput.lambda$execute$0(Lorg/gradle/launcher/daemon/server/api/DaemonCommandExecution;Lorg/gradle/internal/daemon/clientinput/StdinHandler;)Ljava/lang/Object;+11
j  org.gradle.launcher.daemon.server.exec.ForwardClientInput$$Lambda+0x000002120118e230.apply(Ljava/lang/Object;)Ljava/lang/Object;+8
j  org.gradle.internal.daemon.clientinput.ClientInputForwarder.forwardInput(Ljava/util/function/Function;)Ljava/lang/Object;+46
j  org.gradle.launcher.daemon.server.exec.ForwardClientInput.execute(Lorg/gradle/launcher/daemon/server/api/DaemonCommandExecution;)V+10
j  org.gradle.launcher.daemon.server.api.DaemonCommandExecution.proceed()Z+23
j  org.gradle.launcher.daemon.server.exec.LogAndCheckHealth.execute(Lorg/gradle/launcher/daemon/server/api/DaemonCommandExecution;)V+51
j  org.gradle.launcher.daemon.server.api.DaemonCommandExecution.proceed()Z+23
j  org.gradle.launcher.daemon.server.exec.LogToClient.doBuild(Lorg/gradle/launcher/daemon/server/api/DaemonCommandExecution;Lorg/gradle/launcher/daemon/protocol/Build;)V+87
j  org.gradle.launcher.daemon.server.exec.BuildCommandOnly.execute(Lorg/gradle/launcher/daemon/server/api/DaemonCommandExecution;)V+49
j  org.gradle.launcher.daemon.server.api.DaemonCommandExecution.proceed()Z+23
j  org.gradle.launcher.daemon.server.exec.EstablishBuildEnvironment.doBuild(Lorg/gradle/launcher/daemon/server/api/DaemonCommandExecution;Lorg/gradle/launcher/daemon/protocol/Build;)V+356
j  org.gradle.launcher.daemon.server.exec.BuildCommandOnly.execute(Lorg/gradle/launcher/daemon/server/api/DaemonCommandExecution;)V+49
j  org.gradle.launcher.daemon.server.api.DaemonCommandExecution.proceed()Z+23
j  org.gradle.launcher.daemon.server.exec.StartBuildOrRespondWithBusy$1.run()V+44
j  org.gradle.launcher.daemon.server.DaemonStateCoordinator.lambda$runCommand$0(Ljava/lang/Runnable;)V+1
j  org.gradle.launcher.daemon.server.DaemonStateCoordinator$$Lambda+0x000002120118ada0.run()V+8
j  org.gradle.internal.concurrent.ExecutorPolicy$CatchAndRecordFailures.onExecute(Ljava/lang/Runnable;)V+1
j  org.gradle.internal.concurrent.AbstractManagedExecutor$1.run()V+25
j  java.util.concurrent.ThreadPoolExecutor.runWorker(Ljava/util/concurrent/ThreadPoolExecutor$Worker;)V+92 java.base@21.0.12.1
j  java.util.concurrent.ThreadPoolExecutor$Worker.run()V+5 java.base@21.0.12.1
j  java.lang.Thread.runWith(Ljava/lang/Object;Ljava/lang/Runnable;)V+5 java.base@21.0.12.1
j  java.lang.Thread.run()V+19 java.base@21.0.12.1
v  ~StubRoutines::call_stub 0x000002126989100d

Compiled method (n/a) 119398  830     n 0       java.lang.ClassLoader::defineClass1 (native)
 total in heap  [0x0000021269e80710,0x0000021269e80ca8] = 1432
 relocation     [0x0000021269e80870,0x0000021269e808a8] = 56
 main code      [0x0000021269e808c0,0x0000021269e80ca1] = 993
 stub code      [0x0000021269e80ca1,0x0000021269e80ca8] = 7

[Constant Pool (empty)]

[MachCode]
[Entry Point]
  # {method} {0x0000021200434c38} 'defineClass1' '(Ljava/lang/ClassLoader;Ljava/lang/String;[BIILjava/security/ProtectionDomain;Ljava/lang/String;)Ljava/lang/Class;' in 'java/lang/ClassLoader'
  # parm0:    rdx:rdx   = 'java/lang/ClassLoader'
  # parm1:    r8:r8     = 'java/lang/String'
  # parm2:    r9:r9     = '[B'
  # parm3:    rdi       = int
  # parm4:    rsi       = int
  # parm5:    rcx:rcx   = 'java/security/ProtectionDomain'
  # parm6:    [sp+0xa0]   = 'java/lang/String'  (sp of caller)
  0x0000021269e808c0: 448b 5208 | 49bb 0000 | 0000 1202 | 0000 4d03 | d349 3bc2 | 0f84 0600 

  0x0000021269e808d8: ;   {runtime_call ic_miss_stub}
  0x0000021269e808d8: 0000 e9a1 | dea5 ff90 
[Verified Entry Point]
  0x0000021269e808e0: 8984 2400 | 80ff ff55 | 488b ec48 | 81ec 9000 | 0000 6690 | 4181 7f20 | 0500 0000 

  0x0000021269e808fc: ;   {runtime_call StubRoutines (final stubs)}
  0x0000021269e808fc: 7405 e89d | 5ba4 ff48 | 837d 1000 | 488d 4510 | 480f 4445 | 1048 8944 | 2440 4889 | 4c24 7048 
  0x0000021269e8091c: 83f9 0048 | 8d44 2470 | 480f 4444 | 2470 4889 | 4424 3848 | 8974 2430 | 4889 7c24 | 284c 894c 
  0x0000021269e8093c: 2458 4983 | f900 488d | 4424 5848 | 0f44 4424 | 5848 8944 | 2420 4c89 | 4424 5049 | 83f8 004c 
  0x0000021269e8095c: 8d4c 2450 | 4c0f 444c | 2450 4889 | 5424 4848 | 83fa 004c | 8d44 2448 | 4c0f 4444 

  0x0000021269e80978: ;   {oop(a 'java/lang/Class'{0x00000000c06609d8} = 'java/lang/ClassLoader')}
  0x0000021269e80978: 2448 49be | d809 66c0 | 0000 0000 | 4c89 7424 | 784c 8d74 | 2478 498b | d6c5 f877 

  0x0000021269e80994: ;   {internal_word}
  0x0000021269e80994: 49ba 9109 | e869 1202 | 0000 4d89 | 97a8 0300 | 0049 89a7 | a003 0000 

  0x0000021269e809ac: ;   {external_word}
  0x0000021269e809ac: 49ba 066d | 6e43 ff7f | 0000 4180 | 3a00 0f84 | 4e00 0000 | 5241 5041 

  0x0000021269e809c4: ;   {metadata({method} {0x0000021200434c38} 'defineClass1' '(Ljava/lang/ClassLoader;Ljava/lang/String;[BIILjava/security/ProtectionDomain;Ljava/lang/String;)Ljava/lang/Class;' in 'java/lang/ClassLoader')}
  0x0000021269e809c4: 5148 ba30 | 4c43 0012 | 0200 0049 | 8bcf 4883 | ec20 40f6 | c40f 0f84 | 1900 0000 | 4883 ec08 
  0x0000021269e809e4: ;   {runtime_call}
  0x0000021269e809e4: 48b8 e0ea | 1743 ff7f | 0000 ffd0 | 4883 c408 | e90c 0000 

  0x0000021269e809f8: ;   {runtime_call}
  0x0000021269e809f8: 0048 b8e0 | ea17 43ff | 7f00 00ff | d048 83c4 | 2041 5941 | 585a 498d | 8fc0 0300 | 0041 c787 
  0x0000021269e80a18: 4c04 0000 | 0400 0000 

  0x0000021269e80a20: ;   {runtime_call}
  0x0000021269e80a20: 48b8 ac16 | c041 ff7f | 0000 ffd0 | c5f8 7741 | c787 4c04 | 0000 0500 | 0000 f083 | 4424 c000 
  0x0000021269e80a40: 493b af50 | 0400 000f | 870e 0000 | 0041 83bf | 4804 0000 | 000f 842b | 0000 00c5 | f877 4889 
  0x0000021269e80a60: 45f8 498b | cf4c 8be4 | 4883 ec20 | 4883 e4f0 

  0x0000021269e80a70: ;   {runtime_call}
  0x0000021269e80a70: 48b8 0058 | e342 ff7f | 0000 ffd0 | 498b e44d | 33e4 488b | 45f8 41c7 | 874c 0400 | 0008 0000 
  0x0000021269e80a90: 0041 83bf | c804 0000 | 020f 84d5 

  0x0000021269e80a9c: ;   {external_word}
  0x0000021269e80a9c: 0100 0049 | ba06 6d6e | 43ff 7f00 | 0041 803a | 000f 844c | 0000 0048 

  0x0000021269e80ab4: ;   {metadata({method} {0x0000021200434c38} 'defineClass1' '(Ljava/lang/ClassLoader;Ljava/lang/String;[BIILjava/security/ProtectionDomain;Ljava/lang/String;)Ljava/lang/Class;' in 'java/lang/ClassLoader')}
  0x0000021269e80ab4: 8945 f848 | ba30 4c43 | 0012 0200 | 0049 8bcf | 4883 ec20 | 40f6 c40f | 0f84 1900 | 0000 4883 
  0x0000021269e80ad4: ;   {runtime_call}
  0x0000021269e80ad4: ec08 48b8 | e0ea 1743 | ff7f 0000 | ffd0 4883 | c408 e90c 

  0x0000021269e80ae8: ;   {runtime_call}
  0x0000021269e80ae8: 0000 0048 | b8e0 ea17 | 43ff 7f00 | 00ff d048 | 83c4 2048 | 8b45 f849 | c787 a003 | 0000 0000 
  0x0000021269e80b08: 0000 49c7 | 87a8 0300 | 0000 0000 | 00c5 f877 | 4885 c00f | 8430 0100 | 00a8 030f | 8508 0000 
  0x0000021269e80b28: 0048 8b00 | e920 0100 | 00a8 010f | 8509 0000 | 0048 8b40 | fee9 0f01 | 0000 488b | 40ff 4180 
  0x0000021269e80b48: 7f40 000f | 8400 0100 | 0048 83f8 | 000f 84f6 | 0000 0049 | 8b4f 2848 | 83f9 000f | 8414 0000 
  0x0000021269e80b68: 0048 83e9 | 0849 894f | 2849 034f | 3848 8901 | e9d4 0000 | 0048 83ec | 7048 8904 | 2448 894c 
  0x0000021269e80b88: 2408 4889 | 5424 104c | 8944 2418 | 4c89 4c24 | 204c 8954 | 2428 4c89 | 5c24 30c5 | fb11 4424 
  0x0000021269e80ba8: 40c5 fb11 | 4c24 48c5 | fb11 5424 | 50c5 fb11 | 5c24 58c5 | fb11 6424 | 60c5 fb11 | 6c24 6849 
  0x0000021269e80bc8: 8bd7 488b | c848 83ec | 2040 f6c4 | 0f0f 8419 | 0000 0048 

  0x0000021269e80bdc: ;   {runtime_call}
  0x0000021269e80bdc: 83ec 0848 | b820 a4d6 | 42ff 7f00 | 00ff d048 | 83c4 08e9 | 0c00 0000 

  0x0000021269e80bf4: ;   {runtime_call}
  0x0000021269e80bf4: 48b8 20a4 | d642 ff7f | 0000 ffd0 | 4883 c420 | c5fb 106c | 2468 c5fb | 1064 2460 | c5fb 105c 
  0x0000021269e80c14: 2458 c5fb | 1054 2450 | c5fb 104c | 2448 c5fb | 1044 2440 | 4c8b 5c24 | 304c 8b54 | 2428 4c8b 
  0x0000021269e80c34: 4c24 204c | 8b44 2418 | 488b 5424 | 1048 8b4c | 2408 488b | 0424 4883 | c470 c5f8 | 7749 8b8f 
  0x0000021269e80c54: 3004 0000 | c781 0001 | 0000 0000 | 0000 c949 | 837f 0800 | 0f85 0100 

  0x0000021269e80c6c: ;   {runtime_call StubRoutines (initial stubs)}
  0x0000021269e80c6c: 0000 c3e9 | 8c02 a1ff | c5f8 7748 | 8945 f84c | 8be4 4883 | ec20 4883 

  0x0000021269e80c84: ;   {runtime_call}
  0x0000021269e80c84: e4f0 48b8 | 3022 1843 | ff7f 0000 | ffd0 498b | e44d 33e4 | 488b 45f8 | e9fe fdff | fff4 f4f4 
  0x0000021269e80ca4: f4f4 f4f4 
[/MachCode]


Compiled method (c2) 119411 5015       4       java.security.SecureClassLoader::defineClass (16 bytes)
 total in heap  [0x000002126a09aa10,0x000002126a0a1a88] = 28792
 relocation     [0x000002126a09ab70,0x000002126a09afd0] = 1120
 main code      [0x000002126a09afe0,0x000002126a09f028] = 16456
 stub code      [0x000002126a09f028,0x000002126a09f188] = 352
 oops           [0x000002126a09f188,0x000002126a09f1b0] = 40
 metadata       [0x000002126a09f1b0,0x000002126a09f3b0] = 512
 scopes data    [0x000002126a09f3b0,0x000002126a0a0b58] = 6056
 scopes pcs     [0x000002126a0a0b58,0x000002126a0a14d8] = 2432
 dependencies   [0x000002126a0a14d8,0x000002126a0a14f0] = 24
 handler table  [0x000002126a0a14f0,0x000002126a0a1988] = 1176
 nul chk table  [0x000002126a0a1988,0x000002126a0a1a88] = 256

[Constant Pool (empty)]

[MachCode]
[Entry Point]
  # {method} {0x000002120004e0e8} 'defineClass' '(Ljava/lang/String;[BIILjava/security/CodeSource;)Ljava/lang/Class;' in 'java/security/SecureClassLoader'
  # this:     rdx:rdx   = 'java/security/SecureClassLoader'
  # parm0:    r8:r8     = 'java/lang/String'
  # parm1:    r9:r9     = '[B'
  # parm2:    rdi       = int
  # parm3:    rsi       = int
  # parm4:    rcx:rcx   = 'java/security/CodeSource'
  #           [sp+0xc0]  (sp of caller)
  0x000002126a09afe0: 448b 5208 | 49bb 0000 | 0000 1202 | 0000 4d03 | d349 3bc2 

  0x000002126a09aff4: ;   {runtime_call ic_miss_stub}
  0x000002126a09aff4: 0f85 8637 | 84ff 6690 | 0f1f 4000 
[Verified Entry Point]
  0x000002126a09b000: 8984 2400 | 80ff ff55 | 4881 ecb0 | 0000 0090 | 4181 7f20 | 0500 0000 | 0f85 fc3f | 0000 8974 
  0x000002126a09b020: 2444 897c | 2440 4c89 | 4c24 384c | 8944 2430 | 4889 5424 | 2848 8be9 | 4885 c90f | 8493 3100 
  0x000002126a09b040: 004d 8b87 | b801 0000 | 4d8b d049 | 83c2 104d | 3b97 c801 | 0000 0f83 | 2524 0000 | 4d89 97b8 
  0x000002126a09b060: 0100 0041 | 0f18 8200 | 0100 0049 | c700 0100 

  0x000002126a09b070: ;   {metadata('java/security/SecureClassLoader$CodeSourceKey')}
  0x000002126a09b070: 0000 41c7 | 4008 b8b4 | 1100 4c8b | dd45 8958 | 0c4d 8b8f | b801 0000 | 4c8b 5424 | 2841 8b6a 
  0x000002126a09b090: 504d 8bd1 | 4983 c210 | 4d3b 97c8 | 0100 000f | 83ad 2300 | 004d 8997 | b801 0000 | 410f 1882 
  0x000002126a09b0b0: 0001 0000 | 49c7 0101 

  0x000002126a09b0b8: ;   {metadata('java/security/SecureClassLoader$1')}
  0x000002126a09b0b8: 0000 0041 | c741 0850 | ba11 004c | 8b54 2428 | 4d8b da45 | 8959 0c44 

  0x000002126a09b0d0: ;   {metadata('java/util/concurrent/ConcurrentHashMap')}
  0x000002126a09b0d0: 8b5d 0841 | 81fb 8027 | 0600 0f85 | 602a 0000 | 488b d590 

  0x000002126a09b0e4: ;   {optimized virtual_call}
  0x000002126a09b0e4: c5f8 77e8 

  0x000002126a09b0e8: ; ImmutableOopMap {[40]=Oop [48]=Oop [56]=Oop }
                      ;*invokeinterface computeIfAbsent {reexecute=0 rethrow=0 return_oop=1}
                      ; - java.security.SecureClassLoader::getProtectionDomain@28
                      ; - java.security.SecureClassLoader::defineClass@9
  0x000002126a09b0e8: 14c3 2df8 

  0x000002126a09b0ec: ;   {other}
  0x000002126a09b0ec: 0f1f 8400 | dc06 0000 

  0x000002126a09b0f4: ; implicit exception: dispatches to 0x000002126a09eb54
  0x000002126a09b0f4: 448b 5008 

  0x000002126a09b0f8: ;   {metadata('java/security/ProtectionDomain')}
  0x000002126a09b0f8: 4181 fae8 | 5800 000f | 85bb 3900 | 0048 8984 | 2490 0000 | 004c 8b54 | 2430 458b | 5214 458b 
  0x000002126a09b118: 5a0c 4585 | db0f 8669 | 2a00 004c | 8b44 2430 | 450f be48 | 1045 85c9 | 0f85 822e | 0000 c442 
  0x000002126a09b138: 32f7 cb45 | 3bcb 418b | f141 0f4f | f34d 8bc2 | c4c1 f96e | c04d 8d42 | 1085 f60f | 8ecf 0000 
  0x000002126a09b158: 0044 3bde | 0f82 362c | 0000 b82f | 0000 0049 | 8bf8 8bd6 | 488b df83 | fa10 0f8c | 7900 0000 
  0x000002126a09b178: 83fa 200f | 8c36 0000 | 00c5 f96e | d8c4 e27d | 78db c5ed | efd2 8bca | 83e1 e083 | e21f c5fe 
  0x000002126a09b198: 6f0b c5f5 | 74cb c4e2 | 7d17 d10f | 8369 0000 | 0048 83c3 | 2083 e920 | 75e4 e90d | 0000 00c5 
  0x000002126a09b1b8: f96e d8c5 | e9ef d2c4 | e261 00da | 83fa 100f | 8c24 0000 | 008b ca83 | e1f0 83e2 | 0fc5 fa6f 
  0x000002126a09b1d8: 0bc5 f174 | cbc4 e279 | 17d1 0f83 | 2a00 0000 | 4883 c310 | 83e9 1075 | e485 d20f 

  0x000002126a09b1f4: ;   {no_reloc}
  0x000002126a09b1f4: 8412 0000 | 000f b60b | 3bc1 741c | 4883 c301 | 83ea 0174 | 02eb eebb | ffff ffff | eb0d c5fd 
  0x000002126a09b214: d7c9 0fbc | c148 03d8 | 482b df83 | fbff 0f85 | 582f 0000 | 410f b628 | 83fd 5b0f | 84d3 2f00 
  0x000002126a09b234: 0041 8d49 | fb85 c97c | 5341 0fbe | 1883 fb6a | 754a 4183 | fb04 0f86 | 2836 0000 | 4180 7a11 
  0x000002126a09b254: 6175 3941 | 807a 1276 | 7532 4180 | 7a13 6175 | 2b41 807a | 142e 7524 

  0x000002126a09b26c: ;   {oop(a 'jdk/internal/loader/ClassLoaders$PlatformClassLoader'{0x00000000c0606ba8})}
  0x000002126a09b26c: 48b9 a86b | 60c0 0000 | 0000 488b | 5c24 2848 | 3bd9 0f85 | 1838 0000 

  0x000002126a09b284: ;   {oop(a 'jdk/internal/loader/ClassLoaders$PlatformClassLoader'{0x00000000c0606ba8})}
  0x000002126a09b284: 48bb a86b | 60c0 0000 | 0000 eb05 | 488b 5c24 | 2848 8b8c | 2490 0000 | 0044 8b71 | 1041 8d79 
  0x000002126a09b2a4: ff41 8d4b | ff3b f90f | 4ff9 85ff | 0f8c d218 | 0000 413b | fb0f 8359 | 2800 0085 | ff0f 8ea9 
  0x000002126a09b2c4: 2a00 008d | 57ff 33f6 | c4c1 f96e | c845 0fbe | 443a 1041 | 83f8 2e0f | 84e7 1600 | 00ff cf3b 
  0x000002126a09b2e4: fa7f ea83 | ff02 0f8e | 8700 0000 | 8d4f fe83 | ff02 0f4c | ce81 f9a0 | 0f00 0041 | b8a0 0f00 
  0x000002126a09b304: 0041 0f47 | c88b c72b | c166 6690 | 4863 cf45 | 0fbe 440a | 1041 83f8 | 2e0f 8483 | 0000 0041 
  0x000002126a09b324: 0fbe 4c0a | 0f83 f92e | 747c 8d4f | fe41 0fbe | 540a 1083 | fa2e 7471 | 8d4f fd45 | 0fbe 440a 
  0x000002126a09b344: 1041 83f8 | 2e74 6283 | c7fc 3bf8 | 7fbe 498b | af58 0400 | 004c 8b44 | 2428 488b | 4c24 3048 
  0x000002126a09b364: 8b94 2490 

  0x000002126a09b368: ; ImmutableOopMap {r10=NarrowOop r8=Oop rcx=Oop rbx=Oop rdx=Oop r14=NarrowOop xmm0=Oop xmm1=Derived_oop_xmm0 [40]=Oop [48]=Oop [56]=Oop [144]=Oop }
                      ;*goto {reexecute=1 rethrow=0 return_oop=0}
                      ; - (reexecute) java.lang.StringLatin1::lastIndexOf@35
                      ; - java.lang.String::lastIndexOf@13
                      ; - java.lang.String::lastIndexOf@8
                      ; - java.lang.ClassLoader::checkCerts@3
                      ; - java.lang.ClassLoader::preDefineClass@113
                      ; - java.lang.ClassLoader::defineClass@4
                      ; - java.security.SecureClassLoader::defineClass@12
                      ;   {poll}
  0x000002126a09b368: 0000 0085 | 4500 83ff | 020f 8f79 | ffff ff83 | ffff 7e20 | 410f be4c | 3a10 83f9 | 2e0f 8499 
  0x000002126a09b388: 2b00 00ff | cf83 ffff | 7fea c4c1 | f97e c8e9 | ee17 0000 | c4c1 f97e | c8e9 e417 | 0000 8bcf 
  0x000002126a09b3a8: eb03 8d4f | ffc4 c1f9 | 7ec8 83f9 | ff0f 84de | 1b00 0085 | c90f 8c91 | 2d00 0041 | 3bc9 0f8f 
  0x000002126a09b3c8: a831 0000 | 413b c90f | 84c0 1100 | 0085 c90f | 844f 1c00 | 004d 8baf | b801 0000 | 4d8b cd49 
  0x000002126a09b3e8: 83c1 184d | 3b8f c801 | 0000 0f83 | 6f22 0000 | 4d89 8fb8 | 0100 0041 | 0f18 8100 | 0100 0049 
  0x000002126a09b408: c745 0001 

  0x000002126a09b40c: ;   {metadata('java/lang/String')}
  0x000002126a09b40c: 0000 0041 | c745 0878 | e800 0045 | 8965 0c4d | 8965 1041 | 3bcb 0f85 | cc00 0000 | 4963 eb41 
  0x000002126a09b42c: 81fb 0000 | 1000 0f87 | 9525 0000 | 4c89 4424 | 5049 8bbf | b801 0000 | 4c8d 4517 | 4983 e0f8 
  0x000002126a09b44c: 4c8b cf4d | 03c8 4d3b | 8fc8 0100 | 000f 8369 | 2500 004d | 898f b801 | 0000 410f | 1881 0001 
  0x000002126a09b46c: 0000 48c7 | 0701 0000 | 0041 0f18 | 8140 0100 

  0x000002126a09b47c: ;   {metadata({type array byte})}
  0x000002126a09b47c: 00c7 4708 | 1823 0000 | 4489 5f0c | 410f 1881 | 8001 0000 | 8974 2420 | 4889 5c24 | 5844 8974 
  0x000002126a09b49c: 2424 4c89 | 6c24 6048 | 896c 2468 | 488b d748 | 83c2 104c | 8b44 2468 | 4983 c007 | 49c1 e803 
  0x000002126a09b4bc: 488b 4c24 | 50c5 f877 | 49ba 604b | 8c69 1202 | 0000 41ff 

  0x000002126a09b4d0: ;   {other}
  0x000002126a09b4d0: d20f 1f84 | 0000 0000 | 008b 7424 | 2048 8b5c | 2458 448b | 7424 244c | 8b6c 2460 | 4c8b d7e9 
  0x000002126a09b4f0: d300 0000 | 81f9 0000 | 1000 0f87 | 8429 0000 | 4c63 c949 | 8bf8 443b | d941 8beb | 0f4f e944 
  0x000002126a09b510: 3bdd 0f82 | e029 0000 | 3bcd 0f82 | d829 0000 | 4983 c117 | 4d8b c149 | 83e0 f881 | f900 0010 
  0x000002126a09b530: 000f 8765 | 2200 004d | 8b97 b801 | 0000 4d8b | da4d 03d8 | 4d3b 9fc8 | 0100 000f | 834b 2200 
  0x000002126a09b550: 004d 899f | b801 0000 | 410f 1883 | 0001 0000 | 49c7 0201 | 0000 0041 | 0f18 8340 

  0x000002126a09b56c: ;   {metadata({type array byte})}
  0x000002126a09b56c: 0100 0041 | c742 0818 | 2300 0041 | 894a 0c41 | 0f18 8380 | 0100 0049 | 8bd2 4883 | c210 49c1 
  0x000002126a09b58c: e903 85ed | 0f84 f628 | 0000 3be9 | 0f8c a018 | 0000 498b | ea49 83c0 | f049 c1e8 | 0348 8bcf 
  0x000002126a09b5ac: c5f8 7749 | ba60 4b8c | 6912 0200 | 0041 ffd2 

  0x000002126a09b5bc: ;   {other}
  0x000002126a09b5bc: 0f1f 8400 | 0000 0000 | 4c8b d541 | 807f 4000 | 0f85 4a17 | 0000 4d8b | dd4d 8bc2 | 4589 4514 
  0x000002126a09b5dc: 4d33 d349 | c1ea 144d | 85d2 741a | 49c1 eb09 | 48b9 0000 | 4b71 1202 | 0000 4903 | cb80 3902 
  0x000002126a09b5fc: 0f85 4d17 | 0000 4588 | 6510 418b | 6e14 85ed | 0f85 0e2c | 0000 418b | 6e10 85ed | 0f85 322c 
  0x000002126a09b61c: 0000 448b | 532c 4585 | d20f 8449 | 2400 0048 | 895c 2448 | 8974 2420 | 498b d2bf | 0100 0000 
  0x000002126a09b63c: ;   {oop(a 'java/security/cert/Certificate'[0] {0x00000000c06097c0})}
  0x000002126a09b63c: 49b9 c097 | 60c0 0000 | 0000 4d8b | c566 6690 

  0x000002126a09b64c: ;   {optimized virtual_call}
  0x000002126a09b64c: c5f8 77e8 

  0x000002126a09b650: ; ImmutableOopMap {[40]=Oop [48]=Oop [56]=Oop [72]=Oop [144]=Oop }
                      ;*invokevirtual putVal {reexecute=0 rethrow=0 return_oop=1}
                      ; - java.util.concurrent.ConcurrentHashMap::putIfAbsent@4
                      ; - java.lang.ClassLoader::checkCerts@62
                      ; - java.lang.ClassLoader::preDefineClass@113
                      ; - java.lang.ClassLoader::defineClass@4
                      ; - java.security.SecureClassLoader::defineClass@12
  0x000002126a09b650: 4c12 ecff 

  0x000002126a09b654: ;   {other}
  0x000002126a09b654: 0f1f 8400 | 440c 0002 | 4885 c074 | 1c44 8b50 

  0x000002126a09b664: ;   {metadata('java/security/cert/Certificate'[])}
  0x000002126a09b664: 0841 81fa | 2029 1000 | 0f85 8234 | 0000 8b68 | 0c85 ed0f | 872b 2f00 | 004c 8bac | 2490 0000 
  0x000002126a09b684: 0045 8b55 | 1041 8b5a | 0c85 db0f | 84eb 2b00 | 0044 3b63 | 380f 84ed | 2300 0049 | 8b87 b801 
  0x000002126a09b6a4: 0000 4c8b | d049 83c2 | 1848 8bfb | 4d3b 97c8 | 0100 000f | 83e7 1d00 | 004d 8997 | b801 0000 
  0x000002126a09b6c4: 410f 1882 | 0001 0000 | 48c7 0001 

  0x000002126a09b6d0: ;   {metadata('java/lang/StringBuilder')}
  0x000002126a09b6d0: 0000 00c7 | 4008 4080 | 0000 4489 | 600c 4c89 | 6010 488b | f049 8b87 | b801 0000 | 4c8b d049 
  0x000002126a09b6f0: 83c2 204d | 3b97 c801 | 0000 0f83 | de1d 0000 | 4d89 97b8 | 0100 0041 | 0f18 8200 | 0100 0048 
  0x000002126a09b710: c700 0100 | 0000 410f | 1882 4001 

  0x000002126a09b71c: ;   {metadata({type array byte})}
  0x000002126a09b71c: 0000 c740 | 0818 2300 | 0041 0f18 | 8280 0100 | 00c7 400c | 1000 0000 | 4c89 6010 | 4c89 6018 
  0x000002126a09b73c: 4c8b de4c | 8bd0 4489 | 5614 4c8b | c04d 33c3 | 49c1 e814 | 4d85 c00f | 84c1 1400 | 0049 c1eb 
  0x000002126a09b75c: 0948 b900 | 004b 7112 | 0200 0049 | 03cb 8039 | 020f 85e2 | 1400 0045 | 33c0 448b | 5b14 4488 
  0x000002126a09b77c: 6610 4585 | db0f 8490 | 1c00 0045 | 8b4b 1441 | 8b49 0c41 | 8b52 0c45 | 0fbe 4b10 | c462 32f7 
  0x000002126a09b79c: c945 03c1 | 418b c82b | ca85 c90f | 8f15 1100 | 0044 0fbe | 5610 410f | be43 1044 | 8b46 0c44 
  0x000002126a09b7bc: 3bd0 0f85 | 442d 0000 | 8b4e 1441 | 3bc2 0f85 | 1829 0000 | 418b 4314 

  0x000002126a09b7d4: ; implicit exception: dispatches to 0x000002126a09ed18
  0x000002126a09b7d4: 448b 580c | c4c2 29f7 | e844 8b51 | 0c85 ed0f | 8c1f 2500 | 0045 8d04 | 2b45 3bd0 | 0f82 1225 
  0x000002126a09b7f4: 0000 4585 | db76 3045 | 8bf1 4c8b | d148 8d54 | 2910 4d63 | c34c 8bd0 | 488d 4810 | c5f8 7749 
  0x000002126a09b814: baa0 458c | 6912 0200 

  0x000002126a09b81c: ;   {no_reloc}
  0x000002126a09b81c: 0041 ffd2 

  0x000002126a09b820: ;   {other}
  0x000002126a09b820: 0f1f 8400 | 0000 0000 | 458b ce44 | 014e 0c44 | 8b4e 1445 | 8b59 0c44 | 8b46 0c0f | be4e 10c4 
  0x000002126a09b840: 4272 f7d3 | 418b c841 | 2bca ffc1 | 85c9 0f8f | 4b0d 0000 | 807e 1000 | 0f85 3613 | 0000 8b6e 
  0x000002126a09b860: 0c44 8d55 | 0144 8956 | 0c45 8b51 | 0c41 3bea | 0f83 4622 | 0000 41c6 | 4429 103a | 8b6b 2485 
  0x000002126a09b880: ed0f 8599 | 1200 008b | 6e14 448b | 5d0c 448b | 460c 440f | be4e 10c4 | 4232 f7d3 | 458b c845 
  0x000002126a09b8a0: 2bca 4585 | c90f 8fa1 | 0d00 0044 | 0fbe 5e10 | 448b 560c | 4585 db0f | 85ff 2900 | 008b 6e14 
  0x000002126a09b8c0: ; implicit exception: dispatches to 0x000002126a09ebc0
  0x000002126a09b8c0: 448b 5d0c | 4585 d20f | 8cdb 2200 | 0045 3bda | 0f82 d222 | 0000 448b | 4b28 458b | 5914 458b 
  0x000002126a09b8e0: 530c 448b | 4614 458b | 580c 4489 | 4424 6448 | 897c 2450 | 895c 2424 | 4c89 6c24 | 4841 0fbe 
  0x000002126a09b900: 4910 4489 | 4c24 608b | 560c c442 | 72f7 c244 | 8944 2468 | 0fbe 7e10 | 4889 7424 

  0x000002126a09b91c: ;   {no_reloc}
  0x000002126a09b91c: 5844 03c2 | c442 42f7 | db45 8bd0 | 452b d345 | 85d2 0f8f | c40d 0000 | 488b de8b | c28b f73b 
  0x000002126a09b93c: f10f 85d9 | 2900 008b | 7b14 3bce | 0f85 9a26 | 0000 418b | 4914 448b | 410c c4e2 | 49f7 e844 
  0x000002126a09b95c: 8b57 0c85 | ed0f 8c9d | 2200 0045 | 8d1c 2845 | 3bd3 0f82 | 9022 0000 | 4585 c076 | 2a4d 63c0 
  0x000002126a09b97c: 4c8b d148 | 8d49 104c | 8bd7 488d | 542f 10c5 | f877 49ba | a045 8c69 | 1202 0000 

  0x000002126a09b998: ;   {other}
  0x000002126a09b998: 41ff d20f | 1f84 0000 | 0000 0044 | 8b44 2468 | 4403 430c | 4489 430c | 8b7c 2424 | 8b6f 2085 
  0x000002126a09b9b8: ed0f 85d1 | 2900 008b | 6b14 448b | 5d0c 440f | be53 10c4 | 422a f7db | 458b d045 | 2bd3 4585 
  0x000002126a09b9d8: d20f 8fba | 0d00 0044 | 0fbe 4310 | 448b 530c | 4585 c00f | 85fb 2900 | 008b 6b14 

  0x000002126a09b9f4: ; implicit exception: dispatches to 0x000002126a09ec58
  0x000002126a09b9f4: 448b 450c | 4585 d20f | 8c4b 2200 | 0045 3bc2 | 0f82 4222 | 0000 8b6f | 3085 ed0f | 853b 2a00 
  0x000002126a09ba14: 008b 4b14 

  0x000002126a09ba18: ; implicit exception: dispatches to 0x000002126a09ec70
  0x000002126a09ba18: 448b 590c | 0fbe 6b10 | 448b 430c | c442 52f7 | d345 8bc8 | 452b ca45 | 85c9 0f8f | f60d 0000 
  0x000002126a09ba38: 85ed 0f85 | 682a 0000 | 8b6b 1444 | 8b5d 0c45 | 85c0 0f8c | 5c22 0000 | 453b d80f | 8253 2200 
  0x000002126a09ba58: 0049 8b87 | b801 0000 | 4c8b d049 | 83c2 184d | 3b97 c801 | 0000 0f83 | b21a 0000 | 4d89 97b8 
  0x000002126a09ba78: 0100 0041 | 0f18 8200 | 0100 0048 | c700 0100 

  0x000002126a09ba88: ;   {metadata('java/lang/String')}
  0x000002126a09ba88: 0000 c740 | 0878 e800 | 0044 8960 | 0c4c 8960 | 1048 8bf0 | 440f be53 | 1044 8b43 | 148b 4b0c 
  0x000002126a09baa8: 4585 d20f | 85a7 2500 | 0041 8b78 | 0c4d 8bd0 | 4c89 5424 | 784d 8d48 | 103b cf0f | 8593 0000 
  0x000002126a09bac8: 0048 63c7 | 81ff 0000 | 1000 0f87 | a71e 0000 | 498b 9fb8 | 0100 004c | 8d50 1749 | 83e2 f84c 
  0x000002126a09bae8: 8bdb 4d03 | da4d 3b9f | c801 0000 | 0f83 851e | 0000 4d89 | 9fb8 0100 | 0041 0f18 | 8300 0100 
  0x000002126a09bb08: 0048 c703 | 0100 0000 | 410f 1883 | 4001 0000 

  0x000002126a09bb18: ;   {metadata({type array byte})}
  0x000002126a09bb18: c743 0818 | 2300 0089 | 7b0c 410f | 1883 8001 | 0000 488b | d348 83c2 | 1048 83c0 | 0748 c1e8 
  0x000002126a09bb38: 0349 8bc9 | 4c8b c0c5 | f877 49ba | 604b 8c69 | 1202 0000 

  0x000002126a09bb4c: ;   {other}
  0x000002126a09bb4c: 41ff d20f | 1f84 0000 | 0000 00e9 | d000 0000 | 85c9 0f8c | 882b 0000 | 81f9 0000 | 1000 0f87 
  0x000002126a09bb6c: 4422 0000 | 4c63 d93b | f98b ef0f | 4fe9 3bfd | 0f82 a622 | 0000 3bcd | 0f82 9e22 | 0000 4983 
  0x000002126a09bb8c: c317 4d8b | c349 83e0 | f881 f900 | 0010 000f | 8764 1b00 | 0049 8b9f | b801 0000 | 4c8b d34d 
  0x000002126a09bbac: 03d0 4d3b | 97c8 0100 | 000f 834a | 1b00 004d | 8997 b801 | 0000 410f | 1882 0001 | 0000 48c7 
  0x000002126a09bbcc: 0301 0000 | 0041 0f18 | 8240 0100 

  0x000002126a09bbd8: ;   {metadata({type array byte})}
  0x000002126a09bbd8: 00c7 4308 | 1823 0000 | 894b 0c41 | 0f18 8280 | 0100 004c | 8bd3 4983 | c210 49c1 | eb03 85ed 
  0x000002126a09bbf8: 0f84 be21 | 0000 3be9 | 0f8c 9a11 | 0000 4983 | c0f0 49c1 | e803 498b | c949 8bd2 | c5f8 7749 
  0x000002126a09bc18: ba60 4b8c | 6912 0200 | 0041 ffd2 

  0x000002126a09bc24: ;   {other}
  0x000002126a09bc24: 0f1f 8400 | 0000 0000 | 4180 7f40 | 000f 85eb | 0f00 004c | 8bd6 4c8b | db44 895e | 144c 8bdb 
  0x000002126a09bc44: 4d33 da49 | c1eb 144d | 85db 741a | 49c1 ea09 | 48b9 0000 | 4b71 1202 | 0000 4903 | ca80 3902 
  0x000002126a09bc64: 0f85 3d10 | 0000 4c8b | d648 8b54 | 2428 4c8b | 4424 304c | 8b4c 2438 | 8b7c 2440 | 8b74 2444 
  0x000002126a09bc84: 488b 4c24 | 484c 8914 | 2466 6690 

  0x000002126a09bc90: ;   {static_call}
  0x000002126a09bc90: c5f8 77e8 

  0x000002126a09bc94: ; ImmutableOopMap {[40]=Oop [72]=Oop }
                      ;*invokestatic defineClass1 {reexecute=0 rethrow=0 return_oop=1}
                      ; - java.lang.ClassLoader::defineClass@27
                      ; - java.security.SecureClassLoader::defineClass@12
  0x000002126a09bc94: 484c deff 

  0x000002126a09bc98: ;   {other}
  0x000002126a09bc98: 0f1f 8400 | 8812 0003 | 4889 4424 | 3044 8b50 | 3c45 85d2 | 7417 498b | da49 ba00 | 004b 7112 
  0x000002126a09bcb8: 0200 004c | 8954 2468 | e9ec 0300 | 004c 8b50 | 1045 8b5a | 0845 85db | 0f8c 8222 | 0000 448b 
  0x000002126a09bcd8: 502c 4585 | d20f 84a9 | 0c00 0049 | 8bc2 448b | 4814 418b | 790c 440f | be58 10c4 | e222 f7cf 
  0x000002126a09bcf8: 448d 51ff | 4585 db0f | 854f 2a00 | 004d 8bd9 | 4c89 9c24 | 8800 0000 | 448d 47ff | 453b c245 
  0x000002126a09bd18: 0f4f c245 | 85c0 0f8c | d40f 0000 | 85ff 0f86 | ff21 0000 | 443b c70f | 83f6 2100 | 0045 85c0 
  0x000002126a09bd38: 0f8e 3622 | 0000 458d 

  0x000002126a09bd40: ;   {oop(""{0x00000000c0607a90})}
  0x000002126a09bd40: 50ff 48bb | 907a 60c0 | 0000 0000 | 49bb 0000 | 4b71 1202 | 0000 4c89 | 5c24 6847 | 0fbe 5c01 
  0x000002126a09bd60: 1041 83fb | 2e0f 84ad | 0d00 0041 | ffc8 453b | c27f e841 | 83f8 020f | 8e7a 0000 | 0041 8d70 
  0x000002126a09bd80: fe41 83f8 | 020f 4c74 | 2420 81fe | a00f 0000 | 41bb a00f | 0000 410f | 47f3 458b | d044 2bd6 
  0x000002126a09bda0: 4d63 d843 | 0fbe 5419 | 1083 fa2e | 7474 470f | be5c 190f | 4183 fb2e | 746d 458d | 58fe 430f 
  0x000002126a09bdc0: be54 1910 | 83fa 2e74 | 6245 8d58 | fd43 0fbe | 7419 1083 | fe2e 7453 | 4183 c0fc | 453b c27f 
  0x000002126a09bde0: bf4d 8baf | 5804 0000 | 4c8b 5424 

  0x000002126a09bdec: ; ImmutableOopMap {r10=Oop r9=NarrowOop rbx=Oop rax=Oop [40]=Oop [48]=Oop [72]=Oop [136]=Oop }
                      ;*goto {reexecute=1 rethrow=0 return_oop=0}
                      ; - (reexecute) java.lang.StringLatin1::lastIndexOf@35
                      ; - java.lang.String::lastIndexOf@13
                      ; - java.lang.String::lastIndexOf@8
                      ; - java.lang.Class::getPackageName@47
                      ; - java.lang.ClassLoader::postDefineClass@2
                      ; - java.lang.ClassLoader::defineClass@37
                      ; - java.security.SecureClassLoader::defineClass@12
                      ;   {poll}
  0x000002126a09bdec: 3041 8545 | 0041 83f8 | 027f 8641 | 83f8 ff0f | 8e10 0f00 | 0066 6690 | 470f be5c | 0110 4183 
  0x000002126a09be0c: fb2e 0f84 | 3829 0000 | 41ff c841 | 83f8 ff7f | e7e9 ef0e | 0000 458b | d8eb 0445 | 8d58 ff41 
  0x000002126a09be2c: 83fb ff0f | 8432 0200 | 0045 85db | 0f8c 7629 | 0000 443b | d90f 8fa1 | 2900 0044 | 3bd9 0f84 
  0x000002126a09be4c: 700b 0000 | 4585 db0f | 8484 1200 | 0049 8b9f | b801 0000 | 4c8b d349 | 83c2 184d | 3b97 c801 
  0x000002126a09be6c: 0000 0f83 | db19 0000 | 4d89 97b8 | 0100 0041 | 0f18 8200 | 0100 0048 | c703 0100 

  0x000002126a09be88: ;   {metadata('java/lang/String')}
  0x000002126a09be88: 0000 c743 | 0878 e800 | 0044 8963 | 0c4c 8963 | 104d 8d51 | 1044 3bdf | 0f85 8d00 | 0000 4c63 
  0x000002126a09bea8: c781 ff00 | 0010 000f | 8763 1b00 | 0049 8bb7 | b801 0000 | 4d8d 5817 | 4983 e3f8 | 488b ce49 
  0x000002126a09bec8: 03cb 493b | 8fc8 0100 | 000f 8341 | 1b00 0049 | 898f b801 | 0000 0f18 | 8100 0100 | 0048 c706 
  0x000002126a09bee8: 0100 0000 | 0f18 8140 

  0x000002126a09bef0: ;   {metadata({type array byte})}
  0x000002126a09bef0: 0100 00c7 | 4608 1823 | 0000 897e | 0c0f 1881 | 8001 0000 | 488b d648 | 83c2 1049 | 83c0 0749 
  0x000002126a09bf10: c1e8 0349 | 8bca c5f8 | 7749 ba60 | 4b8c 6912 | 0200 0041 

  0x000002126a09bf24: ;   {other}
  0x000002126a09bf24: ffd2 0f1f | 8400 0000 | 0000 e9d2 | 0000 0041 | 81fb 0000 | 1000 0f87 | 0c27 0000 | 4963 cb41 
  0x000002126a09bf44: 3bfb 8bef | 410f 4feb | 3bfd 0f82 | 6927 0000 | 443b dd0f | 8260 2700 | 0048 83c1 | 1748 8bf9 
  0x000002126a09bf64: 4883 e7f8 | 4181 fb00 | 0010 000f | 879c 1900 | 0049 8bb7 | b801 0000 | 4c8b c64c | 03c7 4d3b 
  0x000002126a09bf84: 87c8 0100 | 000f 8382 | 1900 004d | 8987 b801 | 0000 410f | 1880 0001 | 0000 48c7 | 0601 0000 
  0x000002126a09bfa4: 0041 0f18 | 8040 0100 

  0x000002126a09bfac: ;   {metadata({type array byte})}
  0x000002126a09bfac: 00c7 4608 | 1823 0000 | 4489 5e0c | 410f 1880 | 8001 0000 | 4c8b ce49 | 83c1 1048 | c1e9 0385 
  0x000002126a09bfcc: ed0f 8481 | 2600 0041 | 3beb 0f8c | 5f10 0000 | 4883 c7f0 | 48c1 ef03 | 498b ca49 | 8bd1 4c8b 
  0x000002126a09bfec: c7c5 f877 | 49ba 604b | 8c69 1202 | 0000 41ff 

  0x000002126a09bffc: ;   {other}
  0x000002126a09bffc: d20f 1f84 | 0000 0000 | 0041 807f | 4000 0f85 | 980f 0000 | 4c8b d34c | 8bde 4489 | 5b14 4c8b 
  0x000002126a09c01c: de4d 33da | 49c1 eb14 | 4d85 db74 | 1a49 c1ea | 0948 b900 | 004b 7112 | 0200 0049 | 03ca 8039 
  0x000002126a09c03c: 020f 8598 | 0f00 0044 | 8863 1048 | 8bd3 4c8b | 5424 304c | 8954 2420 

  0x000002126a09c054: ;   {optimized virtual_call}
  0x000002126a09c054: c5f8 77e8 

  0x000002126a09c058: ; ImmutableOopMap {[32]=Oop [40]=Oop [48]=Oop [72]=Oop }
                      ;*invokevirtual intern {reexecute=0 rethrow=0 return_oop=1}
                      ; - java.lang.Class::getPackageName@65
                      ; - java.lang.ClassLoader::postDefineClass@2
                      ; - java.lang.ClassLoader::defineClass@37
                      ; - java.security.SecureClassLoader::defineClass@12
  0x000002126a09c058: 04ba daff 

  0x000002126a09c05c: ;   {other}
  0x000002126a09c05c: 0f1f 8400 | 4c16 0005 | 488b d841 | 807f 4000 | 0f85 9e0e | 0000 4c8b | 5424 304c | 8bdb 4c8b 
  0x000002126a09c07c: 4424 3045 | 8958 3c4c | 8bdb 4d33 | da49 c1eb | 144d 85db | 741f 4885 | db74 1a49 | c1ea 0948 
  0x000002126a09c09c: b900 004b | 7112 0200 | 0049 03ca | 8039 020f | 8597 0e00 | 004c 8b54 | 2428 458b | 4238 4585 
  0x000002126a09c0bc: c00f 84e1 | 1900 004c | 8beb 8b43 | 0c4c 8b54 | 2430 458b | 4a30 85c0 | 755d 440f | b65b 1145 
  0x000002126a09c0dc: 85db 0f85 | f20f 0000 | 448b 5b14 | 498b e849 | 8bd3 807b | 1000 0f85 | 6416 0000 | 4489 4c24 
  0x000002126a09c0fc: 3c44 8944 | 2438 4889 | 5c24 2090 

  0x000002126a09c108: ;   {static_call}
  0x000002126a09c108: c5f8 77e8 

  0x000002126a09c10c: ; ImmutableOopMap {rbp=Oop [32]=Oop [40]=Oop [48]=Oop [56]=NarrowOop [60]=NarrowOop [72]=Oop }
                      ;*invokestatic hashCode {reexecute=0 rethrow=0 return_oop=0}
                      ; - java.lang.String::hashCode@27
                      ; - java.util.concurrent.ConcurrentHashMap::get@1
                      ; - java.lang.ClassLoader::getNamedPackage@5
                      ; - java.lang.ClassLoader::postDefineClass@9
                      ; - java.lang.ClassLoader::defineClass@37
                      ; - java.security.SecureClassLoader::defineClass@12
  0x000002126a09c10c: 702f 84ff 

  0x000002126a09c110: ;   {other}
  0x000002126a09c110: 0f1f 8400 | 0017 0006 | 85c0 0f84 | 6116 0000 | 4c8b 6c24 | 2041 8945 | 0c44 8b44 | 2438 448b 
  0x000002126a09c130: 4c24 3c45 | 8b58 2845 | 85db 0f84 | 7302 0000 | 458b 430c | 4585 c00f | 8653 2000 | 0044 8bd0 
  0x000002126a09c150: 41c1 ea10 | 4433 d041 | ffc8 4181 | e2ff ffff | 7f45 23c2 | 4d63 c047 | 8b44 8310 | 4585 c00f 
  0x000002126a09c170: 843e 0200 | 0041 8b68 | 0c41 3bea | 0f84 0501 | 0000 85ed | 0f8c 4a27 | 0000 458b | 5818 4585 
  0x000002126a09c190: db0f 841c | 0200 0049 | 8bcb 8b59 | 0c49 8bbf 

  0x000002126a09c1a0: ; ImmutableOopMap {r9=NarrowOop rcx=Oop r13=Oop [40]=Oop [48]=Oop [72]=Oop }
                      ;*if_icmpne {reexecute=1 rethrow=0 return_oop=0}
                      ; - (reexecute) java.util.concurrent.ConcurrentHashMap::get@127
                      ; - java.lang.ClassLoader::getNamedPackage@5
                      ; - java.lang.ClassLoader::postDefineClass@9
                      ; - java.lang.ClassLoader::defineClass@37
                      ; - java.security.SecureClassLoader::defineClass@12
  0x000002126a09c1a0: 5804 0000 

  0x000002126a09c1a4: ;   {poll}
  0x000002126a09c1a4: 8507 413b | da74 1244 | 8b41 1845 | 85c0 0f84 | fb01 0000 | 498b c8eb | dd8b 6910 | 4c8b dd4d 
  0x000002126a09c1c4: 3bdd 744d | 85ed 0f84 | 3827 0000 | 4889 4c24 | 4044 8954 | 243c 4489 | 4c24 384c | 896c 2420 
  0x000002126a09c1e4: 4c8b c549 | 8bd5 498b | ed66 6690 

  0x000002126a09c1f0: ;   {optimized virtual_call}
  0x000002126a09c1f0: c5f8 77e8 

  0x000002126a09c1f4: ; ImmutableOopMap {rbp=Oop [32]=Oop [40]=Oop [48]=Oop [56]=NarrowOop [64]=Oop [72]=Oop }
                      ;*invokevirtual equals {reexecute=0 rethrow=0 return_oop=0}
                      ; - java.util.concurrent.ConcurrentHashMap::get@149
                      ; - java.lang.ClassLoader::getNamedPackage@5
                      ; - java.lang.ClassLoader::postDefineClass@9
                      ; - java.lang.ClassLoader::defineClass@37
                      ; - java.security.SecureClassLoader::defineClass@12
  0x000002126a09c1f4: 48e7 f9ff 

  0x000002126a09c1f8: ;   {other}
  0x000002126a09c1f8: 0f1f 8400 | e817 0008 | 85c0 0f84 | 3427 0000 | 4c8b ed44 | 8b4c 2438 | 488b 4c24 | 408b 6914 
  0x000002126a09c218: 85ed 0f84 | 9301 0000 | 448b 5d08 | 49ba 0000 | 0000 1202 | 0000 4d03 | d34d 8b52 

  0x000002126a09c234: ;   {metadata('java/lang/NamedPackage')}
  0x000002126a09c234: 3849 bbe8 | c001 0012 | 0200 004d | 3bd3 0f85 | 581d 0000 | 4c8b 5424 | 4845 8b5a | 1041 8b6b 
  0x000002126a09c254: 1485 ed0f | 85c3 2500 | 0041 8b6b | 1085 ed0f | 85d3 2500 | 0048 8b44 | 2430 c5f8 | 7748 81c4 
  0x000002126a09c274: b000 0000 

  0x000002126a09c278: ;   {poll_return}
  0x000002126a09c278: 5d49 3ba7 | 5004 0000 | 0f87 7e2d | 0000 c341 | 8b68 104c | 8bdd 4d3b | dd0f 8410 | 0100 0044 
  0x000002126a09c298: 8b5d 0848 | 8bdd 4c3b | eb0f 8400 

  0x000002126a09c2a4: ;   {metadata('java/lang/String')}
  0x000002126a09c2a4: 0100 0041 | 81fb 78e8 | 0000 0f85 | d6fe ffff | 410f be4d | 100f be6b | 103b cd0f | 85d7 2500 
  0x000002126a09c2c4: 008b 7b14 | 458b 5d14 | 8b5f 0c41 | 8b4b 0c3b | cb0f 85af | feff ff48 | 8bdf 488d | 7710 498b 
  0x000002126a09c2e4: db49 8d7b | 1085 c90f | 849d 0000 | 008b c183 | e01f 83e1 | e00f 844b | 0000 0048 | 8d3c 0f48 
  0x000002126a09c304: 8d34 0e48 | f7d9 c5fe | 6f0c 0fc5 | fe6f 040e | c5f5 efc8 | c4e2 7d17 | c90f 8572 | 0000 0048 
  0x000002126a09c324: 83c1 2075 | e185 c00f | 845d 0000 | 00c5 fe6f | 4c07 e0c5 | fe6f 4406 | e0c5 f5ef | c8c4 e27d 
  0x000002126a09c344: 17c9 754d | eb44 8bc8 | 83e1 fc74 | 1948 8d3c | 0f48 8d34 | 0e48 f7d9 | 8b1c 0f3b | 1c0e 7531 
  0x000002126a09c364: 4883 c104 | 75f2 a802 | 7412 0fb7 | 1f0f b70e | 3bd9 751d | 488d 7f02 | 488d 7602 | a801 740a 
  0x000002126a09c384: 0fb6 1f0f | b60e 3bd9 | 7507 b801 | 0000 00eb | 0233 c0c5 | f5ef c9c5 | fdef c085 | c00f 84e3 
  0x000002126a09c3a4: ;   {no_reloc}
  0x000002126a09c3a4: fdff ff41 | 8b68 1485 | ed0f 856d | feff ff49 | 8b87 b801 | 0000 4c8b | d049 83c2 | 184d 3b97 
  0x000002126a09c3c4: c801 0000 | 0f83 cc14 | 0000 4d89 | 97b8 0100 | 0041 0f18 | 8200 0100 | 0048 c700 | 0100 0000 
  0x000002126a09c3e4: ;   {metadata('java/lang/NamedPackage')}
  0x000002126a09c3e4: c740 08e8 | c001 0044 | 8960 0c4c | 8960 104c | 896c 2420 | 4489 4c24 | 3848 8944 | 2440 488b 
  0x000002126a09c404: 5424 2090 

  0x000002126a09c408: ;   {optimized virtual_call}
  0x000002126a09c408: c5f8 77e8 

  0x000002126a09c40c: ; ImmutableOopMap {[32]=Oop [40]=Oop [48]=Oop [56]=NarrowOop [64]=Oop [72]=Oop }
                      ;*invokevirtual isEmpty {reexecute=0 rethrow=0 return_oop=0}
                      ; - java.lang.NamedPackage::<init>@5
                      ; - java.lang.ClassLoader::getNamedPackage@22
                      ; - java.lang.ClassLoader::postDefineClass@9
                      ; - java.lang.ClassLoader::defineClass@37
                      ; - java.security.SecureClassLoader::defineClass@12
  0x000002126a09c40c: 301a e3ff 

  0x000002126a09c410: ;   {other}
  0x000002126a09c410: 0f1f 8400 | 001a 0009 | 85c0 0f84 | af05 0000 | 448b 5c24 | 3845 85db | 0f84 9a21 | 0000 4d8b 
  0x000002126a09c430: d34c 8954 | 2450 498b | d266 6690 

  0x000002126a09c43c: ;   {optimized virtual_call}
  0x000002126a09c43c: c5f8 77e8 

  0x000002126a09c440: ; ImmutableOopMap {[32]=Oop [40]=Oop [48]=Oop [56]=NarrowOop [64]=Oop [72]=Oop [80]=Oop }
                      ;*invokevirtual isNamed {reexecute=0 rethrow=0 return_oop=0}
                      ; - java.lang.NamedPackage::<init>@12
                      ; - java.lang.ClassLoader::getNamedPackage@22
                      ; - java.lang.ClassLoader::postDefineClass@9
                      ; - java.lang.ClassLoader::defineClass@37
                      ; - java.security.SecureClassLoader::defineClass@12
  0x000002126a09c440: 7c60 45f8 

  0x000002126a09c444: ;   {other}
  0x000002126a09c444: 0f1f 8400 | 341a 000a | 85c0 0f84 | 7b05 0000 | 498b 87b8 | 0100 004c | 8bd0 4983 | c228 4d3b 
  0x000002126a09c464: 97c8 0100 | 000f 835a | 1400 004d | 8997 b801 | 0000 410f | 1882 0001 | 0000 48c7 | 0001 0000 
  0x000002126a09c484: ;   {metadata('java/lang/InternalError')}
  0x000002126a09c484: 00c7 4008 | 3807 0100 | 4489 600c | 4c89 6010 | 4c89 6018 | 4c89 6020 | 4889 4424 | 6849 8b87 
  0x000002126a09c4a4: b801 0000 | 4c8b d049 | 83c2 184d | 3b97 c801 | 0000 0f83 | 3114 0000 | 4d89 97b8 | 0100 0041 
  0x000002126a09c4c4: 0f18 8200 | 0100 0048 | c700 0100 

  0x000002126a09c4d0: ;   {metadata('java/lang/StringBuilder')}
  0x000002126a09c4d0: 0000 c740 | 0840 8000 | 0044 8960 | 0c4c 8960 | 1048 8be8 | 488b d590 

  0x000002126a09c4e8: ;   {optimized virtual_call}
  0x000002126a09c4e8: c5f8 77e8 

  0x000002126a09c4ec: ; ImmutableOopMap {rbp=Oop [32]=Oop [40]=Oop [48]=Oop [56]=NarrowOop [64]=Oop [72]=Oop [80]=Oop [104]=Oop }
                      ;*invokespecial <init> {reexecute=0 rethrow=0 return_oop=0}
                      ; - java.lang.NamedPackage::<init>@26
                      ; - java.lang.ClassLoader::getNamedPackage@22
                      ; - java.lang.ClassLoader::postDefineClass@9
                      ; - java.lang.ClassLoader::defineClass@37
                      ; - java.security.SecureClassLoader::defineClass@12
  0x000002126a09c4ec: 9025 84ff 

  0x000002126a09c4f0: ;   {other}
  0x000002126a09c4f0: 0f1f 8400 | e01a 000b 

  0x000002126a09c4f8: ;   {oop("unnamed package in  "{0x00000000c090d848})}
  0x000002126a09c4f8: 49b8 48d8 | 90c0 0000 | 0000 488b | d54c 8b54 | 2468 4c89 | 5424 6090 

  0x000002126a09c510: ;   {optimized virtual_call}
  0x000002126a09c510: c5f8 77e8 

  0x000002126a09c514: ; ImmutableOopMap {[32]=Oop [40]=Oop [48]=Oop [56]=NarrowOop [64]=Oop [72]=Oop [80]=Oop [96]=Oop [104]=Oop }
                      ;*invokevirtual append {reexecute=0 rethrow=0 return_oop=1}
                      ; - java.lang.NamedPackage::<init>@31
                      ; - java.lang.ClassLoader::getNamedPackage@22
                      ; - java.lang.ClassLoader::postDefineClass@9
                      ; - java.lang.ClassLoader::defineClass@37
                      ; - java.security.SecureClassLoader::defineClass@12
  0x000002126a09c514: 6825 84ff 

  0x000002126a09c518: ;   {other}
  0x000002126a09c518: 0f1f 8400 | 081b 000c | 4885 c00f | 84f5 2000 | 0048 8bd0 | 4c8b 4424 | 504c 8b54 | 2460 4c89 
  0x000002126a09c538: 5424 5090 

  0x000002126a09c53c: ;   {optimized virtual_call}
  0x000002126a09c53c: c5f8 77e8 

  0x000002126a09c540: ; ImmutableOopMap {[32]=Oop [40]=Oop [48]=Oop [56]=NarrowOop [64]=Oop [72]=Oop [80]=Oop [96]=Oop }
                      ;*invokevirtual append {reexecute=0 rethrow=0 return_oop=1}
                      ; - java.lang.NamedPackage::<init>@35
                      ; - java.lang.ClassLoader::getNamedPackage@22
                      ; - java.lang.ClassLoader::postDefineClass@9
                      ; - java.lang.ClassLoader::defineClass@37
                      ; - java.security.SecureClassLoader::defineClass@12
  0x000002126a09c540: 3c25 84ff 

  0x000002126a09c544: ;   {other}
  0x000002126a09c544: 0f1f 8400 | 341b 000d | 4885 c00f | 84df 2000 | 0048 8bd0 

  0x000002126a09c558: ;   {optimized virtual_call}
  0x000002126a09c558: c5f8 77e8 

  0x000002126a09c55c: ; ImmutableOopMap {[32]=Oop [40]=Oop [48]=Oop [56]=NarrowOop [64]=Oop [72]=Oop [80]=Oop }
                      ;*invokevirtual toString {reexecute=0 rethrow=0 return_oop=1}
                      ; - java.lang.NamedPackage::<init>@38
                      ; - java.lang.ClassLoader::getNamedPackage@22
                      ; - java.lang.ClassLoader::postDefineClass@9
                      ; - java.lang.ClassLoader::defineClass@37
                      ; - java.security.SecureClassLoader::defineClass@12
  0x000002126a09c55c: 2025 84ff 

  0x000002126a09c560: ;   {other}
  0x000002126a09c560: 0f1f 8400 | 501b 000e | 488b 5424 | 504c 8bc0 

  0x000002126a09c570: ;   {optimized virtual_call}
  0x000002126a09c570: c5f8 77e8 

  0x000002126a09c574: ; ImmutableOopMap {[32]=Oop [40]=Oop [48]=Oop [56]=NarrowOop [64]=Oop [72]=Oop [80]=Oop }
                      ;*invokespecial <init> {reexecute=0 rethrow=0 return_oop=0}
                      ; - java.lang.NamedPackage::<init>@41
                      ; - java.lang.ClassLoader::getNamedPackage@22
                      ; - java.lang.ClassLoader::postDefineClass@9
                      ; - java.lang.ClassLoader::defineClass@37
                      ; - java.security.SecureClassLoader::defineClass@12
  0x000002126a09c574: 0825 84ff 

  0x000002126a09c578: ;   {other}
  0x000002126a09c578: 0f1f 8400 | 681b 000f | 488b 5424 | 50c5 f877 | 4881 c4b0 | 0000 005d 

  0x000002126a09c590: ;   {runtime_call _rethrow_Java}
  0x000002126a09c590: e9eb 8e91 | ff4c 8b6c | 2430 e967 | f0ff ff44 | 894c 2458 | 488b ee48 | 897c 2450 | 895c 2424 
  0x000002126a09c5b0: 4c89 6c24 | 4841 ffc0 | 488b d690 

  0x000002126a09c5bc: ;   {optimized virtual_call}
  0x000002126a09c5bc: c5f8 77e8 

  0x000002126a09c5c0: ; ImmutableOopMap {rbp=Oop [36]=NarrowOop [40]=Oop [48]=Oop [56]=Oop [72]=Oop [80]=Oop [88]=NarrowOop }
                      ;*invokevirtual newCapacity {reexecute=0 rethrow=0 return_oop=0}
                      ; - java.lang.AbstractStringBuilder::ensureCapacityInternal@24
                      ; - java.lang.AbstractStringBuilder::append@7
                      ; - java.lang.StringBuilder::append@2
                      ; - java.net.URLStreamHandler::toExternalForm@16
                      ; - java.net.URL::toExternalForm@5
                      ; - java.net.URL::toString@1
                      ; - java.lang.ClassLoader::defineClassSourceLocation@22
                      ; - java.lang.ClassLoader::defineClass@12
                      ; - java.security.SecureClassLoader::defineClass@12
  0x000002126a09c5c0: bc24 84ff 

  0x000002126a09c5c4: ;   {other}
  0x000002126a09c5c4: 0f1f 8400 | b41b 0010 | 440f be5d | 10c4 6221 | f7c0 448b | 5c24 5849 | 8bd3 6690 

  0x000002126a09c5e0: ;   {static_call}
  0x000002126a09c5e0: c5f8 77e8 

  0x000002126a09c5e4: ; ImmutableOopMap {rbp=Oop [36]=NarrowOop [40]=Oop [48]=Oop [56]=Oop [72]=Oop [80]=Oop }
                      ;*invokestatic copyOf {reexecute=0 rethrow=0 return_oop=1}
                      ; - java.lang.AbstractStringBuilder::ensureCapacityInternal@32
                      ; - java.lang.AbstractStringBuilder::append@7
                      ; - java.lang.StringBuilder::append@2
                      ; - java.net.URLStreamHandler::toExternalForm@16
                      ; - java.net.URL::toExternalForm@5
                      ; - java.net.URL::toString@1
                      ; - java.lang.ClassLoader::defineClassSourceLocation@22
                      ; - java.lang.ClassLoader::defineClass@12
                      ; - java.security.SecureClassLoader::defineClass@12
  0x000002126a09c5e4: 982a 84ff 

  0x000002126a09c5e8: ;   {other}
  0x000002126a09c5e8: 0f1f 8400 | d81b 0011 | 488b d841 | 807f 4000 | 0f85 ee0a | 0000 488b | f54c 8bcb | 4489 4e14 
  0x000002126a09c608: 4c8b d64c | 8bdb 4d33 | da49 c1eb | 144d 85db | 741f 4885 | db74 1a49 | c1ea 0948 | b900 004b 
  0x000002126a09c628: 7112 0200 | 0049 03ca | 8039 020f | 85fb 0b00 | 004c 8b6c | 2448 8b5c | 2424 488b | 7c24 50e9 
  0x000002126a09c648: 08f2 ffff | 4889 7424 | 5848 897c | 2450 895c | 2424 4c89 | 6c24 4848 | 8bd6 6690 

  0x000002126a09c664: ;   {optimized virtual_call}
  0x000002126a09c664: c5f8 77e8 

  0x000002126a09c668: ; ImmutableOopMap {rbp=NarrowOop [36]=NarrowOop [40]=Oop [48]=Oop [56]=Oop [72]=Oop [80]=Oop [88]=Oop }
                      ;*invokevirtual newCapacity {reexecute=0 rethrow=0 return_oop=0}
                      ; - java.lang.AbstractStringBuilder::ensureCapacityInternal@24
                      ; - java.lang.AbstractStringBuilder::append@21
                      ; - java.lang.StringBuilder::append@2
                      ; - java.net.URLStreamHandler::toExternalForm@59
                      ; - java.net.URL::toExternalForm@5
                      ; - java.net.URL::toString@1
                      ; - java.lang.ClassLoader::defineClassSourceLocation@22
                      ; - java.lang.ClassLoader::defineClass@12
                      ; - java.security.SecureClassLoader::defineClass@12
  0x000002126a09c668: 1424 84ff 

  0x000002126a09c66c: ;   {other}
  0x000002126a09c66c: 0f1f 8400 | 5c1c 0012 | 4c8b 5424 | 5845 0fbe | 5a10 c462 | 21f7 c048 | 8bd5 498b | ea66 6690 
  0x000002126a09c68c: ;   {static_call}
  0x000002126a09c68c: c5f8 77e8 

  0x000002126a09c690: ; ImmutableOopMap {rbp=Oop [36]=NarrowOop [40]=Oop [48]=Oop [56]=Oop [72]=Oop [80]=Oop }
                      ;*invokestatic copyOf {reexecute=0 rethrow=0 return_oop=1}
                      ; - java.lang.AbstractStringBuilder::ensureCapacityInternal@32
                      ; - java.lang.AbstractStringBuilder::append@21
                      ; - java.lang.StringBuilder::append@2
                      ; - java.net.URLStreamHandler::toExternalForm@59
                      ; - java.net.URL::toExternalForm@5
                      ; - java.net.URL::toString@1
                      ; - java.lang.ClassLoader::defineClassSourceLocation@22
                      ; - java.lang.ClassLoader::defineClass@12
                      ; - java.security.SecureClassLoader::defineClass@12
  0x000002126a09c690: ec29 84ff 

  0x000002126a09c694: ;   {other}
  0x000002126a09c694: 0f1f 8400 | 841c 0013 | 488b d841 | 807f 4000 | 0f85 780a | 0000 488b | f54c 8bd3 | 4489 5614 
  0x000002126a09c6b4: 4c8b d64c | 8bdb 4d33 | da49 c1eb | 144d 85db | 741f 4885 | db74 1a49 | c1ea 0948 | b900 004b 
  0x000002126a09c6d4: 7112 0200 | 0049 03ca | 8039 020f | 859d 0b00 | 004c 8b6c | 2448 8b5c | 2424 488b | 7c24 50e9 
  0x000002126a09c6f4: b3f1 ffff | 498b e948 | 8bd6 6690 

  0x000002126a09c700: ;   {optimized virtual_call}
  0x000002126a09c700: c5f8 77e8 

  0x000002126a09c704: ; ImmutableOopMap {rbp=Oop [36]=NarrowOop [40]=Oop [48]=Oop [56]=Oop [72]=Oop [80]=Oop [88]=Oop [96]=NarrowOop [100]=NarrowOop }
                      ;*invokevirtual newCapacity {reexecute=0 rethrow=0 return_oop=0}
                      ; - java.lang.AbstractStringBuilder::ensureCapacityInternal@24
                      ; - java.lang.AbstractStringBuilder::append@21
                      ; - java.lang.StringBuilder::append@2
                      ; - java.net.URLStreamHandler::toExternalForm@77
                      ; - java.net.URL::toExternalForm@5
                      ; - java.net.URL::toString@1
                      ; - java.lang.ClassLoader::defineClassSourceLocation@22
                      ; - java.lang.ClassLoader::defineClass@12
                      ; - java.security.SecureClassLoader::defineClass@12
  0x000002126a09c704: 38a4 dfff 

  0x000002126a09c708: ;   {other}
  0x000002126a09c708: 0f1f 8400 | f81c 0014 | 4c8b 5424 | 5845 0fbe | 5a10 c462 | 21f7 c044 | 8b54 2464 | 498b d290 
  0x000002126a09c728: ;   {static_call}
  0x000002126a09c728: c5f8 77e8 

  0x000002126a09c72c: ; ImmutableOopMap {rbp=Oop [36]=NarrowOop [40]=Oop [48]=Oop [56]=Oop [72]=Oop [80]=Oop [88]=Oop [96]=NarrowOop }
                      ;*invokestatic copyOf {reexecute=0 rethrow=0 return_oop=1}
                      ; - java.lang.AbstractStringBuilder::ensureCapacityInternal@32
                      ; - java.lang.AbstractStringBuilder::append@21
                      ; - java.lang.StringBuilder::append@2
                      ; - java.net.URLStreamHandler::toExternalForm@77
                      ; - java.net.URL::toExternalForm@5
                      ; - java.net.URL::toString@1
                      ; - java.lang.ClassLoader::defineClassSourceLocation@22
                      ; - java.lang.ClassLoader::defineClass@12
                      ; - java.security.SecureClassLoader::defineClass@12
  0x000002126a09c72c: 1077 ecff 

  0x000002126a09c730: ;   {other}
  0x000002126a09c730: 0f1f 8400 | 201d 0015 | 488b f841 | 807f 4000 | 0f85 120a | 0000 488b | 5c24 584c | 8bdf 4489 
  0x000002126a09c750: 5b14 4c8b | d34c 8bdf | 4d33 da49 | c1eb 144d | 85db 741f | 4885 ff74 | 1a49 c1ea | 0948 b900 
  0x000002126a09c770: 004b 7112 | 0200 0049 | 03ca 8039 | 020f 8550 | 0b00 000f | be73 1044 | 8b4c 2460 | 410f be49 
  0x000002126a09c790: 108b 430c | e9a2 f1ff | ff48 895c | 2458 488b | d366 6690 

  0x000002126a09c7a4: ;   {optimized virtual_call}
  0x000002126a09c7a4: c5f8 77e8 

  0x000002126a09c7a8: ; ImmutableOopMap {rbp=NarrowOop [36]=NarrowOop [40]=Oop [48]=Oop [56]=Oop [72]=Oop [80]=Oop [88]=Oop }
                      ;*invokevirtual newCapacity {reexecute=0 rethrow=0 return_oop=0}
                      ; - java.lang.AbstractStringBuilder::ensureCapacityInternal@24
                      ; - java.lang.AbstractStringBuilder::append@21
                      ; - java.lang.StringBuilder::append@2
                      ; - java.net.URLStreamHandler::toExternalForm@113
                      ; - java.net.URL::toExternalForm@5
                      ; - java.net.URL::toString@1
                      ; - java.lang.ClassLoader::defineClassSourceLocation@22
                      ; - java.lang.ClassLoader::defineClass@12
                      ; - java.security.SecureClassLoader::defineClass@12
  0x000002126a09c7a8: d422 84ff 

  0x000002126a09c7ac: ;   {other}
  0x000002126a09c7ac: 0f1f 8400 | 9c1d 0016 | 4c8b 5424 | 5845 0fbe | 5210 c462 | 29f7 c048 | 8bd5 488b | 6c24 5890 
  0x000002126a09c7cc: ;   {static_call}
  0x000002126a09c7cc: c5f8 77e8 

  0x000002126a09c7d0: ; ImmutableOopMap {rbp=Oop [36]=NarrowOop [40]=Oop [48]=Oop [56]=Oop [72]=Oop [80]=Oop }
                      ;*invokestatic copyOf {reexecute=0 rethrow=0 return_oop=1}
                      ; - java.lang.AbstractStringBuilder::ensureCapacityInternal@32
                      ; - java.lang.AbstractStringBuilder::append@21
                      ; - java.lang.StringBuilder::append@2
                      ; - java.net.URLStreamHandler::toExternalForm@113
                      ; - java.net.URL::toExternalForm@5
                      ; - java.net.URL::toString@1
                      ; - java.lang.ClassLoader::defineClassSourceLocation@22
                      ; - java.lang.ClassLoader::defineClass@12
                      ; - java.security.SecureClassLoader::defineClass@12
  0x000002126a09c7d0: ac28 84ff 

  0x000002126a09c7d4: ;   {other}
  0x000002126a09c7d4: 0f1f 8400 | c41d 0017 | 488b f841 | 807f 4000 | 0f85 a609 | 0000 488b | dd4c 8bdf | 4489 5b14 
  0x000002126a09c7f4: 4c8b d34c | 8bdf 4d33 | da49 c1eb | 144d 85db | 741f 4885 | ff74 1a49 | c1ea 0948 | b900 004b 
  0x000002126a09c814: 7112 0200 | 0049 03ca | 8039 020f | 85ff 0a00 | 008b 7c24 | 24e9 b1f1 | ffff 894c | 2424 488b 
  0x000002126a09c834: eb48 8bd3 

  0x000002126a09c838: ;   {optimized virtual_call}
  0x000002126a09c838: c5f8 77e8 

  0x000002126a09c83c: ; ImmutableOopMap {rbp=Oop [36]=NarrowOop [40]=Oop [48]=Oop [56]=Oop [72]=Oop }
                      ;*invokevirtual newCapacity {reexecute=0 rethrow=0 return_oop=0}
                      ; - java.lang.AbstractStringBuilder::ensureCapacityInternal@24
                      ; - java.lang.AbstractStringBuilder::append@21
                      ; - java.lang.StringBuilder::append@2
                      ; - java.net.URLStreamHandler::toExternalForm@149
                      ; - java.net.URL::toExternalForm@5
                      ; - java.net.URL::toString@1
                      ; - java.lang.ClassLoader::defineClassSourceLocation@22
                      ; - java.lang.ClassLoader::defineClass@12
                      ; - java.security.SecureClassLoader::defineClass@12
  0x000002126a09c83c: 4022 84ff 

  0x000002126a09c840: ;   {other}
  0x000002126a09c840: 0f1f 8400 | 301e 0018 | 440f be5d | 10c4 6221 | f7c0 448b | 5424 2449 | 8bd2 6690 

  0x000002126a09c85c: ;   {static_call}
  0x000002126a09c85c: c5f8 77e8 

  0x000002126a09c860: ; ImmutableOopMap {rbp=Oop [40]=Oop [48]=Oop [56]=Oop [72]=Oop }
                      ;*invokestatic copyOf {reexecute=0 rethrow=0 return_oop=1}
                      ; - java.lang.AbstractStringBuilder::ensureCapacityInternal@32
                      ; - java.lang.AbstractStringBuilder::append@21
                      ; - java.lang.StringBuilder::append@2
                      ; - java.net.URLStreamHandler::toExternalForm@149
                      ; - java.net.URL::toExternalForm@5
                      ; - java.net.URL::toString@1
                      ; - java.lang.ClassLoader::defineClassSourceLocation@22
                      ; - java.lang.ClassLoader::defineClass@12
                      ; - java.security.SecureClassLoader::defineClass@12
  0x000002126a09c860: 1c28 84ff 

  0x000002126a09c864: ;   {other}
  0x000002126a09c864: 0f1f 8400 | 541e 0019 | 488b f841 | 807f 4000 | 0f85 4c09 | 0000 488b | dd4c 8bdf | 4489 5b14 
  0x000002126a09c884: 4c8b d34c | 8bdf 4d33 | da49 c1eb | 144d 85db | 741f 4885 | ff74 1a49 | c1ea 0948 | b900 004b 
  0x000002126a09c8a4: 7112 0200 | 0049 03ca | 8039 020f | 85c0 0a00 | 000f be6b | 1044 8b43 | 0ce9 76f1 | ffff 4489 
  0x000002126a09c8c4: 4c24 6844 | 8954 2460 | 4889 7424 | 5848 897c | 2450 895c | 2424 4c89 | 6c24 4849 | 8beb 4489 
  0x000002126a09c8e4: 5c24 6448 | 8bd6 6690 

  0x000002126a09c8ec: ;   {optimized virtual_call}
  0x000002126a09c8ec: c5f8 77e8 

  0x000002126a09c8f0: ; ImmutableOopMap {rbp=Oop [36]=NarrowOop [40]=Oop [48]=Oop [56]=Oop [72]=Oop [80]=Oop [88]=Oop [96]=NarrowOop [100]=NarrowOop }
                      ;*invokevirtual newCapacity {reexecute=0 rethrow=0 return_oop=0}
                      ; - java.lang.AbstractStringBuilder::ensureCapacityInternal@24
                      ; - java.lang.AbstractStringBuilder::append@21
                      ; - java.lang.StringBuilder::append@2
                      ; - java.net.URLStreamHandler::toExternalForm@11
                      ; - java.net.URL::toExternalForm@5
                      ; - java.net.URL::toString@1
                      ; - java.lang.ClassLoader::defineClassSourceLocation@22
                      ; - java.lang.ClassLoader::defineClass@12
                      ; - java.security.SecureClassLoader::defineClass@12
  0x000002126a09c8f0: 8c21 84ff 

  0x000002126a09c8f4: ;   {other}
  0x000002126a09c8f4: 0f1f 8400 | e41e 001a | 4c8b 5424 | 5845 0fbe | 5a10 c462 | 21f7 c044 | 8b5c 2460 | 498b d390 
  0x000002126a09c914: ;   {static_call}
  0x000002126a09c914: c5f8 77e8 

  0x000002126a09c918: ; ImmutableOopMap {rbp=Oop [36]=NarrowOop [40]=Oop [48]=Oop [56]=Oop [72]=Oop [80]=Oop [88]=Oop [100]=NarrowOop }
                      ;*invokestatic copyOf {reexecute=0 rethrow=0 return_oop=1}
                      ; - java.lang.AbstractStringBuilder::ensureCapacityInternal@32
                      ; - java.lang.AbstractStringBuilder::append@21
                      ; - java.lang.StringBuilder::append@2
                      ; - java.net.URLStreamHandler::toExternalForm@11
                      ; - java.net.URL::toExternalForm@5
                      ; - java.net.URL::toString@1
                      ; - java.lang.ClassLoader::defineClassSourceLocation@22
                      ; - java.lang.ClassLoader::defineClass@12
                      ; - java.security.SecureClassLoader::defineClass@12
  0x000002126a09c918: 6427 84ff 

  0x000002126a09c91c: ;   {other}
  0x000002126a09c91c: 0f1f 8400 | 0c1f 001b | 488b d841 | 807f 4000 | 0f85 ca08 | 0000 488b | 7424 584c | 8bdb 4489 
  0x000002126a09c93c: 5e14 4c8b | d64c 8bdb | 4d33 da49 | c1eb 144d | 85db 741f | 4885 db74 | 1a49 c1ea | 0948 b900 
  0x000002126a09c95c: 004b 7112 | 0200 0049 | 03ca 8039 | 020f 8557 | 0a00 004c | 8b6c 2448 | 8b5c 2424 | 488b 7c24 
  0x000002126a09c97c: 5044 8b5c | 2464 448b | 4c24 68e9 | 21ee ffff | 488b d090 

  0x000002126a09c990: ;   {optimized virtual_call}
  0x000002126a09c990: c5f8 77e8 

  0x000002126a09c994: ; ImmutableOopMap {[40]=Oop [48]=Oop [72]=Oop }
                      ;*invokevirtual initClassName {reexecute=0 rethrow=0 return_oop=1}
                      ; - java.lang.Class::getName@14
                      ; - java.lang.Class::getPackageName@40
                      ; - java.lang.ClassLoader::postDefineClass@2
                      ; - java.lang.ClassLoader::defineClass@37
                      ; - java.security.SecureClassLoader::defineClass@12
  0x000002126a09c994: c87c dcff 

  0x000002126a09c998: ;   {other}
  0x000002126a09c998: 0f1f 8400 | 881f 001c | 4885 c00f | 853d f3ff | ffba f6ff | ffff 6690 

  0x000002126a09c9b0: ;   {runtime_call UncommonTrapBlob}
  0x000002126a09c9b0: c5f8 77e8 

  0x000002126a09c9b4: ; ImmutableOopMap {}
                      ;*invokevirtual lastIndexOf {reexecute=0 rethrow=0 return_oop=0}
                      ; - java.lang.Class::getPackageName@47
                      ; - java.lang.ClassLoader::postDefineClass@2
                      ; - java.lang.ClassLoader::defineClass@37
                      ; - java.security.SecureClassLoader::defineClass@12
  0x000002126a09c9b4: c879 84ff 

  0x000002126a09c9b8: ;   {other}
  0x000002126a09c9b8: 0f1f 8400 | a81f 001d | 488b d8e9 | 7ff6 ffff | 8bcf e9de | e9ff ff44 | 8b5c 2438 | 498b eb48 
  0x000002126a09c9d8: 8b54 2420 

  0x000002126a09c9dc: ;   {optimized virtual_call}
  0x000002126a09c9dc: c5f8 77e8 

  0x000002126a09c9e0: ; ImmutableOopMap {rbp=Oop [32]=Oop [40]=Oop [48]=Oop [56]=NarrowOop [64]=Oop [72]=Oop }
                      ;*invokevirtual intern {reexecute=0 rethrow=0 return_oop=1}
                      ; - java.lang.NamedPackage::<init>@47
                      ; - java.lang.ClassLoader::getNamedPackage@22
                      ; - java.lang.ClassLoader::postDefineClass@9
                      ; - java.lang.ClassLoader::defineClass@37
                      ; - java.security.SecureClassLoader::defineClass@12
  0x000002126a09c9e0: 7cb0 daff 

  0x000002126a09c9e4: ;   {other}
  0x000002126a09c9e4: 0f1f 8400 | d41f 001e | 488b d841 | 807f 4000 | 0f85 520b | 0000 4c8b | 5424 404c | 8954 2458 
  0x000002126a09ca04: 4c8b c34d | 8bd0 4c8b | 5c24 5845 | 8953 0c4d | 8bd3 4d8b | d84d 33da | 49c1 eb14 | 4d85 db74 
  0x000002126a09ca24: 1f4d 85c0 | 741a 49c1 | ea09 48b9 | 0000 4b71 | 1202 0000 | 4903 ca80 | 3902 0f85 | 7d0b 0000 
  0x000002126a09ca44: 4180 7f40 | 000f 853a | 0b00 0044 | 8b5c 2438 | 4489 5c24 | 504c 8b54 | 2458 4589 | 5a10 4c8b 
  0x000002126a09ca64: d54c 8b5c | 2458 4d33 | d349 c1ea | 144d 85d2 | 7420 448b | 5424 3845 | 85d2 7416 | 49c1 eb09 
  0x000002126a09ca84: 4c8b 4424 | 684d 03c3 | 4180 3802 | 0f85 7c0b | 0000 4c8b | 5424 2845 | 8b52 3845 | 85d2 0f84 
  0x000002126a09caa4: b41e 0000 | 498b d24c | 8b44 2420 | 4c8b 4c24 | 5848 8b6c | 2430 6690 

  0x000002126a09cabc: ;   {optimized virtual_call}
  0x000002126a09cabc: c5f8 77e8 

  0x000002126a09cac0: ; ImmutableOopMap {rbp=Oop [40]=Oop [48]=Oop [72]=Oop [80]=NarrowOop [88]=Oop }
                      ;*invokevirtual putIfAbsent {reexecute=0 rethrow=0 return_oop=1}
                      ; - java.lang.ClassLoader::getNamedPackage@32
                      ; - java.lang.ClassLoader::postDefineClass@9
                      ; - java.lang.ClassLoader::defineClass@37
                      ; - java.security.SecureClassLoader::defineClass@12
  0x000002126a09cac0: fc61 e5ff 

  0x000002126a09cac4: ;   {other}
  0x000002126a09cac4: 0f1f 8400 | b420 001f | 4885 c00f | 8473 f7ff | ff44 8b50 | 0849 bb00 | 0000 0012 | 0200 004d 
  0x000002126a09cae4: 03da 4d8b 

  0x000002126a09cae8: ;   {metadata('java/lang/NamedPackage')}
  0x000002126a09cae8: 5338 49bb | e8c0 0100 | 1202 0000 | 4d3b d30f | 847b 1e00 | 00ba deff | ffff 488b | e866 6690 
  0x000002126a09cb08: ;   {runtime_call UncommonTrapBlob}
  0x000002126a09cb08: c5f8 77e8 

  0x000002126a09cb0c: ; ImmutableOopMap {rbp=Oop }
                      ;*checkcast {reexecute=0 rethrow=0 return_oop=0}
                      ; - java.lang.ClassLoader::getNamedPackage@35
                      ; - java.lang.ClassLoader::postDefineClass@9
                      ; - java.lang.ClassLoader::defineClass@37
                      ; - java.security.SecureClassLoader::defineClass@12
  0x000002126a09cb0c: 7078 84ff 

  0x000002126a09cb10: ;   {other}
  0x000002126a09cb10: 0f1f 8400 | 0021 0020 | 458b d8e9 | 0bf3 ffff | 448b 5514 

  0x000002126a09cb24: ; implicit exception: dispatches to 0x000002126a09ef18
  0x000002126a09cb24: 458b 5a0c | 4585 db0f | 8656 edff | ffba 45ff | ffff 4c8b | 5424 284c | 8954 2420 | 4c8b 5424 
  0x000002126a09cb44: 304c 8954 | 2428 4c8b | 5424 384c | 8954 2430 | 448b 5424 | 4044 8954 | 2438 448b | 5c24 4444 
  0x000002126a09cb64: 895c 243c | 4c89 6c24 | 4089 5c24 | 4848 8974 | 2450 6690 

  0x000002126a09cb78: ;   {runtime_call UncommonTrapBlob}
  0x000002126a09cb78: c5f8 77e8 

  0x000002126a09cb7c: ; ImmutableOopMap {rbp=NarrowOop [32]=Oop [40]=Oop [48]=Oop [64]=Oop [72]=NarrowOop [80]=Oop }
                      ;*ifne {reexecute=1 rethrow=0 return_oop=0}
                      ; - (reexecute) java.net.URLStreamHandler::toExternalForm@32
                      ; - java.net.URL::toExternalForm@5
                      ; - java.net.URL::toString@1
                      ; - java.lang.ClassLoader::defineClassSourceLocation@22
                      ; - java.lang.ClassLoader::defineClass@12
                      ; - java.security.SecureClassLoader::defineClass@12
  0x000002126a09cb7c: 0078 84ff 

  0x000002126a09cb80: ;   {other}
  0x000002126a09cb80: 0f1f 8400 | 7021 0021 | 33f6 b9ff | ffff ffe9 | 1ee8 ffff | 4889 7424 | 5048 897c | 2448 895c 
  0x000002126a09cba0: 2424 498b | ed48 8bd6 

  0x000002126a09cba8: ;   {optimized virtual_call}
  0x000002126a09cba8: c5f8 77e8 

  0x000002126a09cbac: ; ImmutableOopMap {rbp=Oop [36]=NarrowOop [40]=Oop [48]=Oop [56]=Oop [72]=Oop [80]=Oop }
                      ;*invokevirtual isLatin1 {reexecute=0 rethrow=0 return_oop=0}
                      ; - java.lang.AbstractStringBuilder::append@46
                      ; - java.lang.StringBuilder::append@2
                      ; - java.net.URLStreamHandler::toExternalForm@16
                      ; - java.net.URL::toExternalForm@5
                      ; - java.net.URL::toString@1
                      ; - java.lang.ClassLoader::defineClassSourceLocation@22
                      ; - java.lang.ClassLoader::defineClass@12
                      ; - java.security.SecureClassLoader::defineClass@12
  0x000002126a09cbac: d01e 84ff 

  0x000002126a09cbb0: ;   {other}
  0x000002126a09cbb0: 0f1f 8400 | a021 0022 | 85c0 7418 | 488b 5424 | 5066 6690 

  0x000002126a09cbc4: ;   {optimized virtual_call}
  0x000002126a09cbc4: c5f8 77e8 

  0x000002126a09cbc8: ; ImmutableOopMap {rbp=Oop [36]=NarrowOop [40]=Oop [48]=Oop [56]=Oop [72]=Oop [80]=Oop }
                      ;*invokevirtual inflate {reexecute=0 rethrow=0 return_oop=0}
                      ; - java.lang.AbstractStringBuilder::append@53
                      ; - java.lang.StringBuilder::append@2
                      ; - java.net.URLStreamHandler::toExternalForm@16
                      ; - java.net.URL::toExternalForm@5
                      ; - java.net.URL::toString@1
                      ; - java.lang.ClassLoader::defineClassSourceLocation@22
                      ; - java.lang.ClassLoader::defineClass@12
                      ; - java.security.SecureClassLoader::defineClass@12
  0x000002126a09cbc8: b41e 84ff 

  0x000002126a09cbcc: ;   {other}
  0x000002126a09cbcc: 0f1f 8400 | bc21 0023 | 4c8b 5424 | 5045 8b5a | 1445 8b42 | 0c49 8bd3 | 458d 5801 | 4589 5a0c 
  0x000002126a09cbec: 41b9 3a00 | 0000 6690 

  0x000002126a09cbf4: ;   {static_call}
  0x000002126a09cbf4: c5f8 77e8 

  0x000002126a09cbf8: ; ImmutableOopMap {rbp=Oop [36]=NarrowOop [40]=Oop [48]=Oop [56]=Oop [72]=Oop [80]=Oop }
                      ;*invokestatic putCharSB {reexecute=0 rethrow=0 return_oop=0}
                      ; - java.lang.AbstractStringBuilder::append@72
                      ; - java.lang.StringBuilder::append@2
                      ; - java.net.URLStreamHandler::toExternalForm@16
                      ; - java.net.URL::toExternalForm@5
                      ; - java.net.URL::toString@1
                      ; - java.lang.ClassLoader::defineClassSourceLocation@22
                      ; - java.lang.ClassLoader::defineClass@12
                      ; - java.security.SecureClassLoader::defineClass@12
  0x000002126a09cbf8: 8424 84ff 

  0x000002126a09cbfc: ;   {other}
  0x000002126a09cbfc: 0f1f 8400 | ec21 0024 | 4c8b ed8b | 5c24 2448 | 8b7c 2448 | 488b 7424 | 50e9 62ec | ffff 4533 
  0x000002126a09cc1c: c0e9 54eb | ffff 448b | 5e14 4585 | db0f 8408 | f0ff ff4d | 8b57 2849 | 8bcb 4d85 | d20f 8489 
  0x000002126a09cc3c: 1400 004d | 8b5f 384b | 894c 13f8 | 4983 c2f8 | 4d89 5728 | e9e2 efff | ff4d 8b57 | 484d 8b5f 
  0x000002126a09cc5c: 58f0 8344 | 24c0 0080 | 3900 7432 | 4488 214d | 85d2 740f | 4b89 4c13 | f849 83c2 | f84d 8957 
  0x000002126a09cc7c: 48eb 1b49 | 8bd7 c5f8 | 7749 ba00 | a4d6 42ff | 7f00 0041 

  0x000002126a09cc90: ;   {other}
  0x000002126a09cc90: ffd2 0f1f | 8400 0000 | 0000 448b | 460c 448b | 5614 e9cf | eaff ff4d | 8b57 484d | 8b5f 58f0 
  0x000002126a09ccb0: 8344 24c0 | 0080 3900 | 0f84 acef | ffff 4488 | 214d 85d2 | 7520 498b | d7c5 f877 | 49ba 00a4 
  0x000002126a09ccd0: d642 ff7f | 0000 41ff 

  0x000002126a09ccd8: ;   {other}
  0x000002126a09ccd8: d20f 1f84 | 0000 0000 | 00e9 84ef | ffff 4b89 | 4c13 f849 | 83c2 f84d | 8957 48e9 | 72ef ffff 
  0x000002126a09ccf8: ;   {oop(""{0x00000000c0607a90})}
  0x000002126a09ccf8: 48bb 907a | 60c0 0000 | 0000 49ba | 0000 4b71 | 1202 0000 | 4c89 5424 | 6841 bbff | ffff ffe9 
  0x000002126a09cd18: 0ff1 ffff | 458b 4514 | 4585 c00f | 84a9 e8ff | ff4d 8b5f | 2849 8bc8 | 4d85 db0f | 84a7 1800 
  0x000002126a09cd38: 004d 8b47 | 384b 894c | 18f8 4983 | c3f8 4d89 | 5f28 e983 | e8ff ff4d | 8b57 484d | 8b5f 58f0 
  0x000002126a09cd58: 8344 24c0 | 0080 3900 | 0f84 9ce8 | ffff 4488 | 214d 85d2 | 7520 498b | d7c5 f877 | 49ba 00a4 
  0x000002126a09cd78: d642 ff7f | 0000 41ff 

  0x000002126a09cd80: ;   {other}
  0x000002126a09cd80: d20f 1f84 | 0000 0000 | 00e9 74e8 | ffff 4b89 | 4c13 f849 | 83c2 f84d | 8957 48e9 | 62e8 ffff 
  0x000002126a09cda0: 4c63 c549 | 8d48 1048 | 8bd1 4883 | e2f8 488b | fb48 03fa | 48c1 e903 | 4c2b d949 | 8bcb 4833 
  0x000002126a09cdc0: c048 83f9 | 087f 1048 | ffc9 784f | 4889 04cf | 48ff c97d | f7eb 44c5 | fdef c0e9 | 0d00 0000 
  0x000002126a09cde0: c5fe 7f07 | c5fe 7f47 | 2048 83c7 | 4048 83e9 | 087d ed48 | 83c1 047c | 0cc5 fe7f | 0748 83c7 
  0x000002126a09ce00: 2048 83e9 | 0448 83c1 | 047e 1048 | ffc9 c5f9 | d607 4883 | c708 48ff | c97d f349 | 8bc9 498b 
  0x000002126a09ce20: d2c5 f877 | 49ba c044 | 8c69 1202 | 0000 41ff 

  0x000002126a09ce30: ;   {other}
  0x000002126a09ce30: d20f 1f84 | 0000 0000 | 00e9 eeed | ffff c4e1 | f96e c24c | 896c 2450 | 4489 7424 | 4848 895c 
  0x000002126a09ce50: 2420 4c8b | df44 8bf6 | 4c63 c549 | 8d48 1048 | 8bd1 4883 | e2f8 498b | fa48 03fa | 498b ea48 
  0x000002126a09ce70: c1e9 034c | 2bc9 498b | c948 33c0 | 4883 f908 | 7f10 48ff | c978 4f48 | 8904 cf48 | ffc9 7df7 
  0x000002126a09ce90: eb44 c5f5 | efc9 e90d | 0000 00c5 | fe7f 0fc5 | fe7f 4f20 | 4883 c740 | 4883 e908 | 7ded 4883 
  0x000002126a09ceb0: c104 7c0c | c5fe 7f0f | 4883 c720 | 4883 e904 | 4883 c104 | 7e10 48ff | c9c5 f9d6 | 0f48 83c7 
  0x000002126a09ced0: 0848 ffc9 | 7df3 498b | cbc4 e1f9 | 7ec2 c5f8 | 7749 bac0 | 448c 6912 | 0200 0041 

  0x000002126a09ceec: ;   {other}
  0x000002126a09ceec: ffd2 0f1f | 8400 0000 | 0000 418b | f648 8b5c | 2420 448b | 7424 484c | 8b6c 2450 | 4c8b d5e9 
  0x000002126a09cf0c: b7e6 ffff | 4c8b 5424 | 3045 8b5a | 3c45 85db | 0f84 50f1 | ffff 4d8b | 5728 498b | cb4d 85d2 
  0x000002126a09cf2c: 0f84 6218 | 0000 4d8b | 5f38 4b89 | 4c13 f849 | 83c2 f84d | 8957 28e9 | 2af1 ffff | 4d8b 5748 
  0x000002126a09cf4c: 4d8b 5f58 | f083 4424 | c000 8039 | 000f 8452 | f1ff ff44 | 8821 4d85 | d275 2049 | 8bd7 c5f8 
  0x000002126a09cf6c: 7749 ba00 | a4d6 42ff | 7f00 0041 

  0x000002126a09cf78: ;   {other}
  0x000002126a09cf78: ffd2 0f1f | 8400 0000 | 0000 e92a | f1ff ff4b | 894c 13f8 | 4983 c2f8 | 4d89 5748 | e918 f1ff 
  0x000002126a09cf98: ;   {oop(""{0x00000000c0607a90})}
  0x000002126a09cf98: ff49 bd90 | 7a60 c000 | 0000 00e9 | 5ee6 ffff | 448b 5b14 | 4585 db0f | 845b f0ff | ff4d 8b57 
  0x000002126a09cfb8: 2849 8bcb | 4d85 d20f | 8493 1800 | 004d 8b5f | 384b 894c | 13f8 4983 | c2f8 4d89 | 5728 e935 
  0x000002126a09cfd8: f0ff ff4d | 8b57 484d | 8b5f 58f0 | 8344 24c0 | 0080 3900 | 0f84 51f0 | ffff 4488 | 214d 85d2 
  0x000002126a09cff8: 7520 498b | d7c5 f877 | 49ba 00a4 | d642 ff7f | 0000 41ff 

  0x000002126a09d00c: ;   {other}
  0x000002126a09d00c: d20f 1f84 | 0000 0000 | 00e9 29f0 | ffff 4b89 | 4c13 f849 | 83c2 f84d | 8957 48e9 | 17f0 ffff 
  0x000002126a09d02c: ;   {oop(""{0x00000000c0607a90})}
  0x000002126a09d02c: 49bd 907a | 60c0 0000 | 0000 e9cb | e5ff ff4c | 63c5 4d8d | 5810 498b | d348 83e2 | f848 8bfe 
  0x000002126a09d04c: 4803 fa49 | c1eb 0349 | 2bcb 4833 | c048 83f9 | 087f 1048 | ffc9 784f | 4889 04cf | 48ff c97d 
  0x000002126a09d06c: f7eb 44c5 | fdef c0e9 | 0d00 0000 | c5fe 7f07 | c5fe 7f47 | 2048 83c7 | 4048 83e9 | 087d ed48 
  0x000002126a09d08c: 83c1 047c | 0cc5 fe7f | 0748 83c7 | 2048 83e9 | 0448 83c1 | 047e 1048 | ffc9 c5f9 | d607 4883 
  0x000002126a09d0ac: c708 48ff | c97d f349 | 8bca 498b | d1c5 f877 | 49ba c044 | 8c69 1202 | 0000 41ff 

  0x000002126a09d0c8: ;   {other}
  0x000002126a09d0c8: d20f 1f84 | 0000 0000 | 00e9 2fef | ffff 33c0 | e956 f0ff 

  0x000002126a09d0dc: ;   {oop(""{0x00000000c0607a90})}
  0x000002126a09d0dc: ff48 bb90 | 7a60 c000 | 0000 00e9 | 5bef ffff | 488b f544 | 8b56 1445 | 85d2 0f84 | 05f5 ffff 
  0x000002126a09d0fc: 4d8b 5f28 | 498b ca4d | 85db 0f84 | 9018 0000 | 4d8b 5738 | 4b89 4c1a | f849 83c3 | f84d 895f 
  0x000002126a09d11c: 28e9 dff4 | ffff 488b | f544 8b5e | 1445 85db | 0f84 7bf5 | ffff 4d8b | 5728 498b | cb4d 85d2 
  0x000002126a09d13c: 0f84 7a18 | 0000 4d8b | 5f38 4b89 | 4c13 f849 | 83c2 f84d | 8957 28e9 | 55f5 ffff | 488b 5c24 
  0x000002126a09d15c: 5844 8b53 | 1445 85d2 | 0f84 e1f5 | ffff 4d8b | 5f28 498b | ca4d 85db | 0f84 6218 | 0000 4d8b 
  0x000002126a09d17c: 5738 4b89 | 4c1a f849 | 83c3 f84d | 895f 28e9 | bbf5 ffff | 488b dd44 | 8b53 1445 | 85d2 0f84 
  0x000002126a09d19c: 4df6 ffff | 4d8b 5f28 | 498b ca4d | 85db 0f84 | 4c18 0000 | 4d8b 5738 | 4b89 4c1a | f849 83c3 
  0x000002126a09d1bc: f84d 895f | 28e9 27f6 | ffff 488b | dd44 8b53 | 1445 85d2 | 0f84 a7f6 | ffff 4d8b | 5f28 498b 
  0x000002126a09d1dc: ;   {no_reloc}
  0x000002126a09d1dc: ca4d 85db | 0f84 3618 | 0000 4d8b | 5738 4b89 | 4c1a f849 | 83c3 f84d | 895f 28e9 | 81f6 ffff 
  0x000002126a09d1fc: 488b 7424 | 5844 8b56 | 1445 85d2 | 0f84 29f7 | ffff 4d8b | 5f28 498b | ca4d 85db | 0f84 1e18 
  0x000002126a09d21c: 0000 4d8b | 5738 4b89 | 4c1a f849 | 83c3 f84d | 895f 28e9 | 03f7 ffff | 4d8b 5758 | 4d8b 5f48 
  0x000002126a09d23c: f083 4424 | c000 8039 | 0074 3244 | 8821 4d85 | db74 0f4b | 894c 1af8 | 4983 c3f8 | 4d89 5f48 
  0x000002126a09d25c: eb1b 498b | d7c5 f877 | 49ba 00a4 | d642 ff7f | 0000 41ff 

  0x000002126a09d270: ;   {other}
  0x000002126a09d270: d20f 1f84 | 0000 0000 | 0044 8b4e | 14e9 b7f3 | ffff 4d8b | 5758 4d8b | 5f48 f083 | 4424 c000 
  0x000002126a09d290: 8039 000f | 844c f4ff | ff44 8821 | 4d85 db75 | 2049 8bd7 | c5f8 7749 | ba00 a4d6 | 42ff 7f00 
  0x000002126a09d2b0: 0041 ffd2 

  0x000002126a09d2b4: ;   {other}
  0x000002126a09d2b4: 0f1f 8400 | 0000 0000 | e924 f4ff | ff4b 894c | 1af8 4983 | c3f8 4d89 | 5f48 e912 | f4ff ff4d 
  0x000002126a09d2d4: 8b57 584d | 8b5f 48f0 | 8344 24c0 | 0080 3900 | 0f84 99f4 | ffff 4488 | 214d 85db | 7520 498b 
  0x000002126a09d2f4: d7c5 f877 | 49ba 00a4 | d642 ff7f | 0000 41ff 

  0x000002126a09d304: ;   {other}
  0x000002126a09d304: d20f 1f84 | 0000 0000 | 00e9 71f4 | ffff 4b89 | 4c1a f849 | 83c3 f84d | 895f 48e9 | 5ff4 ffff 
  0x000002126a09d324: 4d8b 5758 | 4d8b 5f48 | f083 4424 | c000 8039 | 000f 84ea | f4ff ff44 | 8821 4d85 | db75 2049 
  0x000002126a09d344: 8bd7 c5f8 | 7749 ba00 | a4d6 42ff | 7f00 0041 

  0x000002126a09d354: ;   {other}
  0x000002126a09d354: ffd2 0f1f | 8400 0000 | 0000 e9c2 | f4ff ff4b | 894c 1af8 | 4983 c3f8 | 4d89 5f48 | e9b0 f4ff 
  0x000002126a09d374: ff4d 8b57 | 584d 8b5f | 48f0 8344 | 24c0 0080 | 3900 0f84 | 29f5 ffff | 4488 214d | 85db 7520 
  0x000002126a09d394: 498b d7c5 | f877 49ba | 00a4 d642 | ff7f 0000 

  0x000002126a09d3a4: ;   {other}
  0x000002126a09d3a4: 41ff d20f | 1f84 0000 | 0000 00e9 | 01f5 ffff | 4b89 4c1a | f849 83c3 | f84d 895f | 48e9 eff4 
  0x000002126a09d3c4: ffff 4d8b | 5758 4d8b | 5f48 f083 | 4424 c000 | 8039 000f | 8492 f5ff | ff44 8821 | 4d85 db75 
  0x000002126a09d3e4: 2049 8bd7 | c5f8 7749 | ba00 a4d6 | 42ff 7f00 | 0041 ffd2 

  0x000002126a09d3f8: ;   {other}
  0x000002126a09d3f8: 0f1f 8400 | 0000 0000 | e96a f5ff | ff4b 894c | 1af8 4983 | c3f8 4d89 | 5f48 e958 | f5ff ff48 
  0x000002126a09d418: 8974 2450 | 4889 7c24 | 4889 5c24 | 2449 8bed | 488b d690 

  0x000002126a09d42c: ;   {optimized virtual_call}
  0x000002126a09d42c: c5f8 77e8 

  0x000002126a09d430: ; ImmutableOopMap {rbp=Oop [36]=NarrowOop [40]=Oop [48]=Oop [56]=Oop [72]=Oop [80]=Oop }
                      ;*invokevirtual appendNull {reexecute=0 rethrow=0 return_oop=1}
                      ; - java.lang.AbstractStringBuilder::append@5
                      ; - java.lang.StringBuilder::append@2
                      ; - java.net.URLStreamHandler::toExternalForm@11
                      ; - java.net.URL::toExternalForm@5
                      ; - java.net.URL::toString@1
                      ; - java.lang.ClassLoader::defineClassSourceLocation@22
                      ; - java.lang.ClassLoader::defineClass@12
                      ; - java.security.SecureClassLoader::defineClass@12
  0x000002126a09d430: 4c16 84ff 

  0x000002126a09d434: ;   {other}
  0x000002126a09d434: 0f1f 8400 | 242a 0025 | 4c8b ed8b | 5c24 2448 | 8b7c 2448 | 488b 7424 | 50e9 dde3 

  0x000002126a09d450: ;   {metadata('java/security/SecureClassLoader$1')}
  0x000002126a09d450: ffff 48ba | 50ba 1100 | 1202 0000 | 4c89 4424 | 5066 6690 

  0x000002126a09d464: ;   {runtime_call _new_instance_Java}
  0x000002126a09d464: c5f8 77e8 

  0x000002126a09d468: ; ImmutableOopMap {rbp=NarrowOop [40]=Oop [48]=Oop [56]=Oop [80]=Oop }
                      ;*new {reexecute=0 rethrow=0 return_oop=1}
                      ; - java.security.SecureClassLoader::getProtectionDomain@20
                      ; - java.security.SecureClassLoader::defineClass@9
  0x000002126a09d468: 944c 91ff 

  0x000002126a09d46c: ;   {other}
  0x000002126a09d46c: 0f1f 8400 | 5c2a 0026 | 4c8b c84c | 8b44 2450 | e942 dcff 

  0x000002126a09d480: ;   {metadata('java/security/SecureClassLoader$CodeSourceKey')}
  0x000002126a09d480: ff48 bab8 | b411 0012 | 0200 0090 

  0x000002126a09d48c: ;   {runtime_call _new_instance_Java}
  0x000002126a09d48c: c5f8 77e8 

  0x000002126a09d490: ; ImmutableOopMap {rbp=Oop [40]=Oop [48]=Oop [56]=Oop }
                      ;*new {reexecute=0 rethrow=0 return_oop=1}
                      ; - java.security.SecureClassLoader::getProtectionDomain@6
                      ; - java.security.SecureClassLoader::defineClass@9
  0x000002126a09d490: 6c4c 91ff 

  0x000002126a09d494: ;   {other}
  0x000002126a09d494: 0f1f 8400 | 842a 0027 | 4c8b c0e9 | d6db ffff | 4889 7c24 | 4889 5c24 

  0x000002126a09d4ac: ;   {metadata('java/lang/StringBuilder')}
  0x000002126a09d4ac: 2448 ba40 | 8000 0012 | 0200 0090 

  0x000002126a09d4b8: ;   {runtime_call _new_instance_Java}
  0x000002126a09d4b8: c5f8 77e8 

  0x000002126a09d4bc: ; ImmutableOopMap {[36]=NarrowOop [40]=Oop [48]=Oop [56]=Oop [72]=Oop [144]=Oop }
                      ;*new {reexecute=0 rethrow=0 return_oop=1}
                      ; - java.net.URLStreamHandler::toExternalForm@0
                      ; - java.net.URL::toExternalForm@5
                      ; - java.net.URL::toString@1
                      ; - java.lang.ClassLoader::defineClassSourceLocation@22
                      ; - java.lang.ClassLoader::defineClass@12
                      ; - java.security.SecureClassLoader::defineClass@12
  0x000002126a09d4bc: 404c 91ff 

  0x000002126a09d4c0: ;   {other}
  0x000002126a09d4c0: 0f1f 8400 | b02a 0028 | 4c8b ac24 | 9000 0000 | 8b5c 2424 | 488b 7c24 | 48e9 04e2 | ffff 4889 
  0x000002126a09d4e0: 7424 5048 | 897c 2448 | 895c 2424 | 498b ed41 | b810 0000 

  0x000002126a09d4f4: ;   {metadata({type array byte})}
  0x000002126a09d4f4: 0048 ba18 | 2300 0012 | 0200 0090 

  0x000002126a09d500: ;   {runtime_call _new_array_Java}
  0x000002126a09d500: c5f8 77e8 

  0x000002126a09d504: ; ImmutableOopMap {rbp=Oop [36]=NarrowOop [40]=Oop [48]=Oop [56]=Oop [72]=Oop [80]=Oop }
                      ;*newarray {reexecute=0 rethrow=0 return_oop=1}
                      ; - java.lang.AbstractStringBuilder::<init>@12
                      ; - java.lang.StringBuilder::<init>@3
                      ; - java.net.URLStreamHandler::toExternalForm@4
                      ; - java.net.URL::toExternalForm@5
                      ; - java.net.URL::toString@1
                      ; - java.lang.ClassLoader::defineClassSourceLocation@22
                      ; - java.lang.ClassLoader::defineClass@12
                      ; - java.security.SecureClassLoader::defineClass@12
  0x000002126a09d504: f84e 91ff 

  0x000002126a09d508: ;   {other}
  0x000002126a09d508: 0f1f 8400 | f82a 0029 | 4c8b ed8b | 5c24 2448 | 8b7c 2448 | 488b 7424 | 50e9 16e2 | ffff 488b 
  0x000002126a09d528: ;   {metadata('java/lang/String')}
  0x000002126a09d528: eb48 ba78 | e800 0012 | 0200 0090 

  0x000002126a09d534: ;   {runtime_call _new_instance_Java}
  0x000002126a09d534: c5f8 77e8 

  0x000002126a09d538: ; ImmutableOopMap {rbp=Oop [40]=Oop [48]=Oop [56]=Oop [72]=Oop }
                      ;*new {reexecute=0 rethrow=0 return_oop=1}
                      ; - java.lang.StringBuilder::toString@0
                      ; - java.net.URLStreamHandler::toExternalForm@152
                      ; - java.net.URL::toExternalForm@5
                      ; - java.net.URL::toString@1
                      ; - java.lang.ClassLoader::defineClassSourceLocation@22
                      ; - java.lang.ClassLoader::defineClass@12
                      ; - java.security.SecureClassLoader::defineClass@12
  0x000002126a09d538: c44b 91ff 

  0x000002126a09d53c: ;   {other}
  0x000002126a09d53c: 0f1f 8400 | 2c2b 002a | 488b dde9 | 4de5 ffff | 4c8b 5424 | 404c 8954 | 2458 458b | 5a0c 4585 
  0x000002126a09d55c: db0f 84a1 | f4ff ff4d | 8b57 2849 | 8bcb 4d85 | d20f 8409 | 1500 004d | 8b5f 384b | 894c 13f8 
  0x000002126a09d57c: 4983 c2f8 | 4d89 5728 | e97b f4ff | ff4c 8b54 | 2458 458b | 5210 4585 | d20f 84b4 | f4ff ff4d 
  0x000002126a09d59c: 8b5f 2849 | 8bca 4d85 | db0f 84b1 | 1400 004d | 8b57 384b | 894c 1af8 | 4983 c3f8 | 4d89 5f28 
  0x000002126a09d5bc: e98e f4ff | ff4d 8b57 | 584d 8b5f | 48f0 8344 | 24c0 0080 | 3900 0f84 | 6cf4 ffff | 4488 214d 
  0x000002126a09d5dc: 85db 7520 | 498b d7c5 | f877 49ba | 00a4 d642 | ff7f 0000 

  0x000002126a09d5f0: ;   {other}
  0x000002126a09d5f0: 41ff d20f | 1f84 0000 | 0000 00e9 | 44f4 ffff | 4b89 4c1a | f849 83c3 | f84d 895f | 48e9 32f4 
  0x000002126a09d610: ffff 4d8b | 5748 4d8b | 5f58 f083 | 4424 c000 | 4180 3800 | 0f84 6cf4 | ffff 4588 | 204d 85d2 
  0x000002126a09d630: 7523 498b | c849 8bd7 | c5f8 7749 | ba00 a4d6 | 42ff 7f00 | 0041 ffd2 

  0x000002126a09d648: ;   {other}
  0x000002126a09d648: 0f1f 8400 | 0000 0000 | e941 f4ff | ff4f 8944 | 13f8 4983 | c2f8 4d89 | 5748 e92f | f4ff ff89 
  0x000002126a09d668: 4c24 7844 | 8974 245c | 4889 5c24 | 704c 8944 | 2468 c5fb | 1144 2460 | 8974 2458 | 4489 5c24 
  0x000002126a09d688: 5444 8954 | 2450 4c8b | 9424 9000 | 0000 4c89 | 5424 484c | 8b54 2430 | 4c89 5424 | 2048 8b6c 
  0x000002126a09d6a8: ;   {metadata('java/lang/String')}
  0x000002126a09d6a8: 2428 48ba | 78e8 0000 | 1202 0000 

  0x000002126a09d6b4: ;   {runtime_call _new_instance_Java}
  0x000002126a09d6b4: c5f8 77e8 

  0x000002126a09d6b8: ; ImmutableOopMap {rbp=Oop [32]=Oop [56]=Oop [72]=Oop [80]=NarrowOop [92]=NarrowOop [96]=Oop [104]=Derived_oop_[96] [112]=Oop [144]=Oop }
                      ;*new {reexecute=0 rethrow=0 return_oop=1}
                      ; - java.lang.StringLatin1::newString@7
                      ; - java.lang.String::substring@41
                      ; - java.lang.ClassLoader::checkCerts@21
                      ; - java.lang.ClassLoader::preDefineClass@113
                      ; - java.lang.ClassLoader::defineClass@4
                      ; - java.security.SecureClassLoader::defineClass@12
  0x000002126a09d6b8: 444a 91ff 

  0x000002126a09d6bc: ;   {other}
  0x000002126a09d6bc: 0f1f 8400 | ac2c 002b | 4889 6c24 | 284c 8b54 | 2420 4c89 | 5424 3044 | 8b54 2450 | 448b 5c24 
  0x000002126a09d6dc: 548b 7424 | 58c5 fb10 | 4424 604c | 8b4c 2468 | 488b 5c24 | 7044 8b74 | 245c 8b4c | 2478 4c8b 
  0x000002126a09d6fc: e84d 8bc1 | e91a ddff | ff4c 8944 | 2468 4c89 | 5c24 604c | 894c 2458 | 894c 2424 | 4889 7424 
  0x000002126a09d71c: ;   {metadata({type array byte})}
  0x000002126a09d71c: 5048 ba18 | 2300 0012 | 0200 0044 | 8bc1 6690 

  0x000002126a09d72c: ;   {runtime_call _new_array_nozero_Java}
  0x000002126a09d72c: c5f8 77e8 

  0x000002126a09d730: ; ImmutableOopMap {[40]=Oop [48]=Oop [56]=Oop [72]=Oop [80]=Oop [120]=Oop [88]=Derived_oop_[120] }
                      ;*newarray {reexecute=0 rethrow=0 return_oop=1}
                      ; - java.util.Arrays::copyOfRangeByte@10
                      ; - java.util.Arrays::copyOfRange@13
                      ; - java.lang.String::<init>@32
                      ; - java.lang.String::<init>@3
                      ; - java.lang.StringBuilder::toString@5
                      ; - java.net.URLStreamHandler::toExternalForm@152
                      ; - java.net.URL::toExternalForm@5
                      ; - java.net.URL::toString@1
                      ; - java.lang.ClassLoader::defineClassSourceLocation@22
                      ; - java.lang.ClassLoader::defineClass@12
                      ; - java.security.SecureClassLoader::defineClass@12
  0x000002126a09d730: cc4f 91ff 

  0x000002126a09d734: ;   {other}
  0x000002126a09d734: 0f1f 8400 | 242d 002c | 488b 7424 | 508b 4c24 | 244c 8b4c | 2458 4c8b | 5c24 604c | 8b44 2468 
  0x000002126a09d754: 488b d8e9 | 8fe4 ffff | 4489 4c24 | 3c44 8944 | 2438 4889 | 5c24 2090 

  0x000002126a09d76c: ;   {static_call}
  0x000002126a09d76c: c5f8 77e8 

  0x000002126a09d770: ; ImmutableOopMap {rbp=Oop [32]=Oop [40]=Oop [48]=Oop [56]=NarrowOop [60]=NarrowOop [72]=Oop }
                      ;*invokestatic hashCode {reexecute=0 rethrow=0 return_oop=0}
                      ; - java.lang.String::hashCode@37
                      ; - java.util.concurrent.ConcurrentHashMap::get@1
                      ; - java.lang.ClassLoader::getNamedPackage@5
                      ; - java.lang.ClassLoader::postDefineClass@9
                      ; - java.lang.ClassLoader::defineClass@37
                      ; - java.security.SecureClassLoader::defineClass@12
  0x000002126a09d770: 0c19 84ff 

  0x000002126a09d774: ;   {other}
  0x000002126a09d774: 0f1f 8400 | 642d 002d | e997 e9ff | ff4c 8b6c | 2420 41c6 | 4511 0133 | c044 8b44 | 2438 448b 
  0x000002126a09d794: 4c24 3ce9 | 97e9 ffff | 4c89 8424 | 8800 0000 | 4c89 8c24 | 8000 0000 | 4c89 6c24 | 7889 4c24 
  0x000002126a09d7b4: 7044 8974 | 2454 4889 | 5c24 6848 | 897c 2460 | c5fb 1144 | 2458 8974 | 2450 4c8b | 9424 9000 
  0x000002126a09d7d4: 0000 4c89 | 5424 484c | 8b54 2428 | 4c89 5424 

  0x000002126a09d7e4: ;   {metadata({type array byte})}
  0x000002126a09d7e4: 2048 ba18 | 2300 0012 | 0200 0044 | 8bc1 6690 

  0x000002126a09d7f4: ;   {runtime_call _new_array_nozero_Java}
  0x000002126a09d7f4: c5f8 77e8 

  0x000002126a09d7f8: ; ImmutableOopMap {[32]=Oop [48]=Oop [56]=Oop [72]=Oop [84]=NarrowOop [88]=Oop [96]=Derived_oop_[88] [104]=Oop [120]=Oop }
                      ;*newarray {reexecute=0 rethrow=0 return_oop=1}
                      ; - java.util.Arrays::copyOfRangeByte@10
                      ; - java.util.Arrays::copyOfRange@13
                      ; - java.lang.StringLatin1::newString@16
                      ; - java.lang.String::substring@41
                      ; - java.lang.ClassLoader::checkCerts@21
                      ; - java.lang.ClassLoader::preDefineClass@113
                      ; - java.lang.ClassLoader::defineClass@4
                      ; - java.security.SecureClassLoader::defineClass@12
  0x000002126a09d7f8: 044f 91ff 

  0x000002126a09d7fc: ;   {other}
  0x000002126a09d7fc: 0f1f 8400 | ec2d 002e | 4c8b 5c24 | 204c 895c | 2428 4c8b | 5c24 484c | 899c 2490 | 0000 008b 
  0x000002126a09d81c: 7424 5048 | 8b7c 2460 | 488b 5c24 | 6844 8b74 | 2454 8b4c | 2470 4c8b | 6c24 784c | 8b8c 2480 
  0x000002126a09d83c: 0000 004c | 8b84 2488 | 0000 004c | 8bd0 e934 | ddff ff44 | 895c 2440 | 897c 243c | 4489 4c24 
  0x000002126a09d85c: 384c 8b54 | 2430 4c89 

  0x000002126a09d864: ;   {metadata('java/lang/String')}
  0x000002126a09d864: 5424 2048 | ba78 e800 | 0012 0200 | 0066 6690 

  0x000002126a09d874: ;   {runtime_call _new_instance_Java}
  0x000002126a09d874: c5f8 77e8 

  0x000002126a09d878: ; ImmutableOopMap {[32]=Oop [40]=Oop [48]=Oop [56]=NarrowOop [72]=Oop [136]=Oop }
                      ;*new {reexecute=0 rethrow=0 return_oop=1}
                      ; - java.lang.StringLatin1::newString@7
                      ; - java.lang.String::substring@41
                      ; - java.lang.Class::getPackageName@62
                      ; - java.lang.ClassLoader::postDefineClass@2
                      ; - java.lang.ClassLoader::defineClass@37
                      ; - java.security.SecureClassLoader::defineClass@12
  0x000002126a09d878: 8448 91ff 

  0x000002126a09d87c: ;   {other}
  0x000002126a09d87c: 0f1f 8400 | 6c2e 002f | 448b 4c24 | 388b 7c24 | 3c44 8b5c | 2440 488b | d8e9 ffe5 | ffff 4489 
  0x000002126a09d89c: 4c24 384c | 896c 2420 

  0x000002126a09d8a4: ;   {metadata('java/lang/NamedPackage')}
  0x000002126a09d8a4: 48ba e8c0 | 0100 1202 | 0000 488b | 6c24 3090 

  0x000002126a09d8b4: ;   {runtime_call _new_instance_Java}
  0x000002126a09d8b4: c5f8 77e8 

  0x000002126a09d8b8: ; ImmutableOopMap {rbp=Oop [32]=Oop [40]=Oop [48]=Oop [56]=NarrowOop [72]=Oop }
                      ;*new {reexecute=0 rethrow=0 return_oop=1}
                      ; - java.lang.ClassLoader::getNamedPackage@16
                      ; - java.lang.ClassLoader::postDefineClass@9
                      ; - java.lang.ClassLoader::defineClass@37
                      ; - java.security.SecureClassLoader::defineClass@12
  0x000002126a09d8b8: 4448 91ff 

  0x000002126a09d8bc: ;   {other}
  0x000002126a09d8bc: 0f1f 8400 | ac2e 0030 | e934 ebff 

  0x000002126a09d8c8: ;   {metadata('java/lang/InternalError')}
  0x000002126a09d8c8: ff48 ba38 | 0701 0012 | 0200 0048 | 8b6c 2430 

  0x000002126a09d8d8: ;   {runtime_call _new_instance_Java}
  0x000002126a09d8d8: c5f8 77e8 

  0x000002126a09d8dc: ; ImmutableOopMap {rbp=Oop [32]=Oop [40]=Oop [48]=Oop [56]=NarrowOop [64]=Oop [72]=Oop [80]=Oop }
                      ;*new {reexecute=0 rethrow=0 return_oop=1}
                      ; - java.lang.NamedPackage::<init>@18
                      ; - java.lang.ClassLoader::getNamedPackage@22
                      ; - java.lang.ClassLoader::postDefineClass@9
                      ; - java.lang.ClassLoader::defineClass@37
                      ; - java.security.SecureClassLoader::defineClass@12
  0x000002126a09d8dc: 2048 91ff 

  0x000002126a09d8e0: ;   {other}
  0x000002126a09d8e0: 0f1f 8400 | d02e 0031 | e9af ebff 

  0x000002126a09d8ec: ;   {metadata('java/lang/StringBuilder')}
  0x000002126a09d8ec: ff48 ba40 | 8000 0012 | 0200 0048 | 8b6c 2430 

  0x000002126a09d8fc: ;   {runtime_call _new_instance_Java}
  0x000002126a09d8fc: c5f8 77e8 

  0x000002126a09d900: ; ImmutableOopMap {rbp=Oop [32]=Oop [40]=Oop [48]=Oop [56]=NarrowOop [64]=Oop [72]=Oop [80]=Oop [104]=Oop }
                      ;*new {reexecute=0 rethrow=0 return_oop=1}
                      ; - java.lang.NamedPackage::<init>@22
                      ; - java.lang.ClassLoader::getNamedPackage@22
                      ; - java.lang.ClassLoader::postDefineClass@9
                      ; - java.lang.ClassLoader::defineClass@37
                      ; - java.security.SecureClassLoader::defineClass@12
  0x000002126a09d900: fc47 91ff 

  0x000002126a09d904: ;   {other}
  0x000002126a09d904: 0f1f 8400 | f42e 0032 | e9d0 ebff | ff48 897c | 2460 4889 | 4c24 584c | 8954 2450 | 4889 5c24 
  0x000002126a09d924: 4044 895c | 2438 4c8b | 5424 684c | 8954 2420 

  0x000002126a09d934: ;   {metadata({type array byte})}
  0x000002126a09d934: 48ba 1823 | 0000 1202 | 0000 458b | c366 6690 

  0x000002126a09d944: ;   {runtime_call _new_array_nozero_Java}
  0x000002126a09d944: c5f8 77e8 

  0x000002126a09d948: ; ImmutableOopMap {[40]=Oop [48]=Oop [64]=Oop [72]=Oop [136]=Oop [80]=Derived_oop_[136] }
                      ;*newarray {reexecute=0 rethrow=0 return_oop=1}
                      ; - java.util.Arrays::copyOfRangeByte@10
                      ; - java.util.Arrays::copyOfRange@13
                      ; - java.lang.StringLatin1::newString@16
                      ; - java.lang.String::substring@41
                      ; - java.lang.Class::getPackageName@62
                      ; - java.lang.ClassLoader::postDefineClass@2
                      ; - java.lang.ClassLoader::defineClass@37
                      ; - java.security.SecureClassLoader::defineClass@12
  0x000002126a09d948: b44d 91ff 

  0x000002126a09d94c: ;   {other}
  0x000002126a09d94c: 0f1f 8400 | 3c2f 0033 | 4c8b 5424 | 204c 8954 | 2468 448b | 5c24 3848 | 8b5c 2440 | 4c8b 5424 
  0x000002126a09d96c: 5048 8b4c | 2458 488b | 7c24 6048 | 8bf0 e941 | e6ff ff48 | 8944 2458 | 4c89 4c24 | 5044 8944 
  0x000002126a09d98c: 2424 488b 

  0x000002126a09d990: ;   {metadata({type array byte})}
  0x000002126a09d990: ee48 ba18 | 2300 0012 | 0200 0044 | 8bc7 6690 

  0x000002126a09d9a0: ;   {runtime_call _new_array_nozero_Java}
  0x000002126a09d9a0: c5f8 77e8 

  0x000002126a09d9a4: ; ImmutableOopMap {rbp=Oop [36]=NarrowOop [40]=Oop [48]=Oop [56]=Oop [72]=Oop [120]=Oop [80]=Derived_oop_[120] }
                      ;*invokevirtual clone {reexecute=1 rethrow=0 return_oop=1}
                      ; - (reexecute) java.util.Arrays::copyOfRange@18
                      ; - java.lang.String::<init>@32
                      ; - java.lang.String::<init>@3
                      ; - java.lang.StringBuilder::toString@5
                      ; - java.net.URLStreamHandler::toExternalForm@152
                      ; - java.net.URL::toExternalForm@5
                      ; - java.net.URL::toString@1
                      ; - java.lang.ClassLoader::defineClassSourceLocation@22
                      ; - java.lang.ClassLoader::defineClass@12
                      ; - java.security.SecureClassLoader::defineClass@12
  0x000002126a09d9a4: 584d 91ff 

  0x000002126a09d9a8: ;   {other}
  0x000002126a09d9a8: 0f1f 8400 | 982f 0034 | 4c8b d048 | 8bf5 4c8b | 4c24 5048 | 8b44 2458 | 498b dae9 | 62e1 ffff 
  0x000002126a09d9c8: 4c8b 4424 | 5048 896c | 2468 4c89 | 6c24 6044 | 8974 2424 | 4889 5c24 | 584c 8944 | 2450 c5fb 
  0x000002126a09d9e8: 1144 2448 | 8974 2420 

  0x000002126a09d9f0: ;   {metadata({type array byte})}
  0x000002126a09d9f0: 418b ea48 | ba18 2300 | 0012 0200 | 0045 8bc3 

  0x000002126a09da00: ;   {runtime_call _new_array_nozero_Java}
  0x000002126a09da00: c5f8 77e8 

  0x000002126a09da04: ; ImmutableOopMap {rbp=NarrowOop [36]=NarrowOop [40]=Oop [48]=Oop [56]=Oop [72]=Oop [80]=Derived_oop_[72] [88]=Oop [96]=Oop [144]=Oop }
                      ;*invokevirtual clone {reexecute=1 rethrow=0 return_oop=1}
                      ; - (reexecute) java.util.Arrays::copyOfRange@18
                      ; - java.lang.StringLatin1::newString@16
                      ; - java.lang.String::substring@41
                      ; - java.lang.ClassLoader::checkCerts@21
                      ; - java.lang.ClassLoader::preDefineClass@113
                      ; - java.lang.ClassLoader::defineClass@4
                      ; - java.security.SecureClassLoader::defineClass@12
  0x000002126a09da04: f84c 91ff 

  0x000002126a09da08: ;   {other}
  0x000002126a09da08: 0f1f 8400 | f82f 0035 | 488b f8e9 | 90da ffff | 4c89 4424 | 584c 8954 | 2450 4889 | 5c24 4044 
  0x000002126a09da28: 894c 2438 | 4c8b 5c24 | 304c 895c | 2420 488b 

  0x000002126a09da38: ;   {metadata({type array byte})}
  0x000002126a09da38: 6c24 6848 | ba18 2300 | 0012 0200 | 0044 8bc7 

  0x000002126a09da48: ;   {runtime_call _new_array_nozero_Java}
  0x000002126a09da48: c5f8 77e8 

  0x000002126a09da4c: ; ImmutableOopMap {[32]=Oop [40]=Oop [48]=Oop [56]=NarrowOop [64]=Oop [72]=Oop [136]=Oop [80]=Derived_oop_[136] }
                      ;*invokevirtual clone {reexecute=1 rethrow=0 return_oop=1}
                      ; - (reexecute) java.util.Arrays::copyOfRange@18
                      ; - java.lang.StringLatin1::newString@16
                      ; - java.lang.String::substring@41
                      ; - java.lang.Class::getPackageName@62
                      ; - java.lang.ClassLoader::postDefineClass@2
                      ; - java.lang.ClassLoader::defineClass@37
                      ; - java.security.SecureClassLoader::defineClass@12
  0x000002126a09da4c: b04c 91ff 

  0x000002126a09da50: ;   {other}
  0x000002126a09da50: 0f1f 8400 | 4030 0036 | 4889 6c24 | 6848 8b5c | 2440 4c8b | 5424 504c | 8b44 2458 | 488b f0e9 
  0x000002126a09da70: 90e4 ffff | baf6 ffff | ff49 8bed 

  0x000002126a09da7c: ;   {runtime_call UncommonTrapBlob}
  0x000002126a09da7c: c5f8 77e8 

  0x000002126a09da80: ; ImmutableOopMap {rbp=Oop }
                      ;*invokevirtual putIfAbsent {reexecute=0 rethrow=0 return_oop=0}
                      ; - java.lang.ClassLoader::checkCerts@62
                      ; - java.lang.ClassLoader::preDefineClass@113
                      ; - java.lang.ClassLoader::defineClass@4
                      ; - java.security.SecureClassLoader::defineClass@12
  0x000002126a09da80: fc68 84ff 

  0x000002126a09da84: ;   {other}
  0x000002126a09da84: 0f1f 8400 | 7430 0037 | baf6 ffff | ff8b eb90 

  0x000002126a09da94: ;   {runtime_call UncommonTrapBlob}
  0x000002126a09da94: c5f8 77e8 

  0x000002126a09da98: ; ImmutableOopMap {rbp=NarrowOop }
                      ;*invokevirtual toExternalForm {reexecute=0 rethrow=0 return_oop=0}
                      ; - java.net.URL::toExternalForm@5
                      ; - java.net.URL::toString@1
                      ; - java.lang.ClassLoader::defineClassSourceLocation@22
                      ; - java.lang.ClassLoader::defineClass@12
                      ; - java.security.SecureClassLoader::defineClass@12
  0x000002126a09da98: e468 84ff 

  0x000002126a09da9c: ;   {other}
  0x000002126a09da9c: 0f1f 8400 | 8c30 0038 | baf6 ffff | ff48 8beb 

  0x000002126a09daac: ;   {runtime_call UncommonTrapBlob}
  0x000002126a09daac: c5f8 77e8 

  0x000002126a09dab0: ; ImmutableOopMap {rbp=Oop }
                      ;*invokevirtual get {reexecute=0 rethrow=0 return_oop=0}
                      ; - java.lang.ClassLoader::getNamedPackage@5
                      ; - java.lang.ClassLoader::postDefineClass@9
                      ; - java.lang.ClassLoader::defineClass@37
                      ; - java.security.SecureClassLoader::defineClass@12
  0x000002126a09dab0: cc68 84ff 

  0x000002126a09dab4: ;   {other}
  0x000002126a09dab4: 0f1f 8400 | a430 0039 | bae4 ffff | ff4c 8b54 | 2428 4c89 | 5424 204c | 8b54 2430 | 4c89 5424 
  0x000002126a09dad4: 284c 8b54 | 2438 4c89 | 5424 3044 | 8b54 2440 | 4489 5424 | 3844 8b54 | 2444 4489 | 5424 3c4c 
  0x000002126a09daf4: 896c 2440 | 895c 2448 | 4889 7424 | 5844 894c | 244c 6690 

  0x000002126a09db08: ;   {runtime_call UncommonTrapBlob}
  0x000002126a09db08: c5f8 77e8 

  0x000002126a09db0c: ; ImmutableOopMap {[32]=Oop [40]=Oop [48]=Oop [64]=Oop [72]=NarrowOop [76]=NarrowOop [88]=Oop }
                      ;*bastore {reexecute=0 rethrow=0 return_oop=0}
                      ; - java.lang.AbstractStringBuilder::append@41
                      ; - java.lang.StringBuilder::append@2
                      ; - java.net.URLStreamHandler::toExternalForm@16
                      ; - java.net.URL::toExternalForm@5
                      ; - java.net.URL::toString@1
                      ; - java.lang.ClassLoader::defineClassSourceLocation@22
                      ; - java.lang.ClassLoader::defineClass@12
                      ; - java.security.SecureClassLoader::defineClass@12
  0x000002126a09db0c: 7068 84ff 

  0x000002126a09db10: ;   {other}
  0x000002126a09db10: 0f1f 8400 | 0031 003a | ba76 ffff | ff41 8bea | 897c 2424 | 4889 5c24 | 5044 8974 | 2460 6690 
  0x000002126a09db30: ;   {runtime_call UncommonTrapBlob}
  0x000002126a09db30: c5f8 77e8 

  0x000002126a09db34: ; ImmutableOopMap {rbp=NarrowOop [40]=Oop [48]=Oop [56]=Oop [80]=Oop [96]=NarrowOop [144]=Oop }
                      ;*iflt {reexecute=1 rethrow=0 return_oop=0}
                      ; - (reexecute) java.lang.StringLatin1::lastIndexOf@19
                      ; - java.lang.String::lastIndexOf@13
                      ; - java.lang.String::lastIndexOf@8
                      ; - java.lang.ClassLoader::checkCerts@3
                      ; - java.lang.ClassLoader::preDefineClass@113
                      ; - java.lang.ClassLoader::defineClass@4
                      ; - java.security.SecureClassLoader::defineClass@12
  0x000002126a09db34: 4868 84ff 

  0x000002126a09db38: ;   {other}
  0x000002126a09db38: 0f1f 8400 | 2831 003b | bade ffff | ff4c 8954 | 2420 4c8b | 5424 304c | 8954 2428 | 4c8b 5424 
  0x000002126a09db58: 384c 8954 | 2430 448b | 5424 4044 | 8954 2438 | 448b 5424 | 4444 8954 | 243c 4c89 | 4424 404c 
  0x000002126a09db78: 894c 2448 

  0x000002126a09db7c: ;   {runtime_call UncommonTrapBlob}
  0x000002126a09db7c: c5f8 77e8 

  0x000002126a09db80: ; ImmutableOopMap {rbp=NarrowOop [32]=Oop [40]=Oop [48]=Oop [64]=Oop [72]=Oop }
                      ;*invokeinterface computeIfAbsent {reexecute=0 rethrow=0 return_oop=0}
                      ; - java.security.SecureClassLoader::getProtectionDomain@28
                      ; - java.security.SecureClassLoader::defineClass@9
  0x000002126a09db80: fc67 84ff 

  0x000002126a09db84: ;   {other}
  0x000002126a09db84: 0f1f 8400 | 7431 003c | ba45 ffff | ff48 8b6c | 2428 6690 

  0x000002126a09db98: ;   {runtime_call UncommonTrapBlob}
  0x000002126a09db98: c5f8 77e8 

  0x000002126a09db9c: ; ImmutableOopMap {rbp=Oop [48]=Oop [56]=Oop [144]=Oop }
                      ;*ifeq {reexecute=1 rethrow=0 return_oop=0}
                      ; - (reexecute) java.lang.ClassLoader::checkName@8
                      ; - java.lang.ClassLoader::preDefineClass@1
                      ; - java.lang.ClassLoader::defineClass@4
                      ; - java.security.SecureClassLoader::defineClass@12
  0x000002126a09db9c: e067 84ff 

  0x000002126a09dba0: ;   {other}
  0x000002126a09dba0: 0f1f 8400 | 9031 003d | bacc ffff | ff4c 8b5c | 2428 4c89 | 5c24 204c | 8b5c 2430 | 4c89 5c24 
  0x000002126a09dbc0: 284c 8b5c | 2438 4c89 | 5c24 3044 | 8b44 2440 | 4489 4424 | 3844 8b5c | 2444 4489 | 5c24 3c4c 
  0x000002126a09dbe0: 896c 2440 | 895c 2448 | 4889 7424 | 5844 8954 | 244c 6690 

  0x000002126a09dbf4: ;   {runtime_call UncommonTrapBlob}
  0x000002126a09dbf4: c5f8 77e8 

  0x000002126a09dbf8: ; ImmutableOopMap {rbp=NarrowOop [32]=Oop [40]=Oop [48]=Oop [64]=Oop [72]=NarrowOop [88]=Oop }
                      ;*invokestatic arraycopy {reexecute=0 rethrow=0 return_oop=0}
                      ; - java.lang.String::getBytes@22
                      ; - java.lang.AbstractStringBuilder::putStringAt@15
                      ; - java.lang.AbstractStringBuilder::append@30
                      ; - java.lang.StringBuilder::append@2
                      ; - java.net.URLStreamHandler::toExternalForm@59
                      ; - java.net.URL::toExternalForm@5
                      ; - java.net.URL::toString@1
                      ; - java.lang.ClassLoader::defineClassSourceLocation@22
                      ; - java.lang.ClassLoader::defineClass@12
                      ; - java.security.SecureClassLoader::defineClass@12
  0x000002126a09dbf8: 8467 84ff 

  0x000002126a09dbfc: ;   {other}
  0x000002126a09dbfc: 0f1f 8400 | ec31 003e | bacc ffff | ff44 8b54 | 2440 4489 | 5424 2044 | 8b5c 2444 | 4489 5c24 
  0x000002126a09dc1c: 4048 895c | 2458 448b | 5424 6844 | 8954 2444 | 894c 2460 | 897c 2464 | 4489 4424 | 6866 6690 
  0x000002126a09dc3c: ;   {runtime_call UncommonTrapBlob}
  0x000002126a09dc3c: c5f8 77e8 

  0x000002126a09dc40: ; ImmutableOopMap {[36]=NarrowOop [40]=Oop [48]=Oop [56]=Oop [72]=Oop [88]=Oop [96]=NarrowOop [100]=NarrowOop }
                      ;*invokestatic arraycopy {reexecute=0 rethrow=0 return_oop=0}
                      ; - java.lang.String::getBytes@22
                      ; - java.lang.AbstractStringBuilder::putStringAt@15
                      ; - java.lang.AbstractStringBuilder::append@30
                      ; - java.lang.StringBuilder::append@2
                      ; - java.net.URLStreamHandler::toExternalForm@77
                      ; - java.net.URL::toExternalForm@5
                      ; - java.net.URL::toString@1
                      ; - java.lang.ClassLoader::defineClassSourceLocation@22
                      ; - java.lang.ClassLoader::defineClass@12
                      ; - java.security.SecureClassLoader::defineClass@12
  0x000002126a09dc40: 3c67 84ff 

  0x000002126a09dc44: ;   {other}
  0x000002126a09dc44: 0f1f 8400 | 3432 003f | bacc ffff | ff4c 8b5c | 2428 4c89 | 5c24 204c | 8b5c 2430 | 4c89 5c24 
  0x000002126a09dc64: 284c 8b5c | 2438 4c89 | 5c24 3044 | 8b5c 2440 | 4489 5c24 | 3844 8b5c | 2444 4489 | 5c24 3c4c 
  0x000002126a09dc84: 8b5c 2448 | 4c89 5c24 | 4089 7c24 | 4848 895c | 2458 4489 | 5424 4c90 

  0x000002126a09dc9c: ;   {runtime_call UncommonTrapBlob}
  0x000002126a09dc9c: c5f8 77e8 

  0x000002126a09dca0: ; ImmutableOopMap {rbp=NarrowOop [32]=Oop [40]=Oop [48]=Oop [64]=Oop [72]=NarrowOop [88]=Oop }
                      ;*invokestatic arraycopy {reexecute=0 rethrow=0 return_oop=0}
                      ; - java.lang.String::getBytes@22
                      ; - java.lang.AbstractStringBuilder::putStringAt@15
                      ; - java.lang.AbstractStringBuilder::append@30
                      ; - java.lang.StringBuilder::append@2
                      ; - java.net.URLStreamHandler::toExternalForm@113
                      ; - java.net.URL::toExternalForm@5
                      ; - java.net.URL::toString@1
                      ; - java.lang.ClassLoader::defineClassSourceLocation@22
                      ; - java.lang.ClassLoader::defineClass@12
                      ; - java.security.SecureClassLoader::defineClass@12
  0x000002126a09dca0: dc66 84ff 

  0x000002126a09dca4: ;   {other}
  0x000002126a09dca4: 0f1f 8400 | 9432 0040 | bacc ffff | ff4c 8b54 | 2428 4c89 | 5424 204c | 8b54 2430 | 4c89 5424 
  0x000002126a09dcc4: 284c 8b54 | 2438 4c89 | 5424 3044 | 8b54 2440 | 4489 5424 | 3844 8b5c | 2444 4489 | 5c24 3c4c 
  0x000002126a09dce4: 8b54 2448 | 4c89 5424 | 4048 895c | 2450 4489 | 4424 5890 

  0x000002126a09dcf8: ;   {runtime_call UncommonTrapBlob}
  0x000002126a09dcf8: c5f8 77e8 

  0x000002126a09dcfc: ; ImmutableOopMap {rbp=NarrowOop [32]=Oop [40]=Oop [48]=Oop [64]=Oop [80]=Oop }
                      ;*invokestatic arraycopy {reexecute=0 rethrow=0 return_oop=0}
                      ; - java.lang.String::getBytes@22
                      ; - java.lang.AbstractStringBuilder::putStringAt@15
                      ; - java.lang.AbstractStringBuilder::append@30
                      ; - java.lang.StringBuilder::append@2
                      ; - java.net.URLStreamHandler::toExternalForm@149
                      ; - java.net.URL::toExternalForm@5
                      ; - java.net.URL::toString@1
                      ; - java.lang.ClassLoader::defineClassSourceLocation@22
                      ; - java.lang.ClassLoader::defineClass@12
                      ; - java.security.SecureClassLoader::defineClass@12
  0x000002126a09dcfc: 8066 84ff 

  0x000002126a09dd00: ;   {other}
  0x000002126a09dd00: 0f1f 8400 | f032 0041 | bacc ffff | ff4c 8b54 | 2428 4c89 | 5424 204c | 8b54 2430 | 4c89 5424 
  0x000002126a09dd20: 284c 8b54 | 2438 4c89 | 5424 3044 | 8b54 2440 | 4489 5424 | 3844 8b44 | 2444 4489 | 4424 3c4c 
  0x000002126a09dd40: 896c 2440 | 895c 2448 | 4889 7424 | 5844 894c | 244c 8944 | 2460 894c | 2464 4489 | 5c24 6890 
  0x000002126a09dd60: ;   {runtime_call UncommonTrapBlob}
  0x000002126a09dd60: c5f8 77e8 

  0x000002126a09dd64: ; ImmutableOopMap {[32]=Oop [40]=Oop [48]=Oop [64]=Oop [72]=NarrowOop [88]=Oop [96]=NarrowOop [100]=NarrowOop }
                      ;*invokestatic arraycopy {reexecute=0 rethrow=0 return_oop=0}
                      ; - java.lang.String::getBytes@22
                      ; - java.lang.AbstractStringBuilder::putStringAt@15
                      ; - java.lang.AbstractStringBuilder::append@30
                      ; - java.lang.StringBuilder::append@2
                      ; - java.net.URLStreamHandler::toExternalForm@11
                      ; - java.net.URL::toExternalForm@5
                      ; - java.net.URL::toString@1
                      ; - java.lang.ClassLoader::defineClassSourceLocation@22
                      ; - java.lang.ClassLoader::defineClass@12
                      ; - java.security.SecureClassLoader::defineClass@12
  0x000002126a09dd64: 1866 84ff 

  0x000002126a09dd68: ;   {other}
  0x000002126a09dd68: 0f1f 8400 | 5833 0042 | ba6e ffff | ff41 8bea | 897c 2424 | 4889 5c24 | 5044 8974 | 2460 6690 
  0x000002126a09dd88: ;   {runtime_call UncommonTrapBlob}
  0x000002126a09dd88: c5f8 77e8 

  0x000002126a09dd8c: ; ImmutableOopMap {rbp=NarrowOop [40]=Oop [48]=Oop [56]=Oop [80]=Oop [96]=NarrowOop [144]=Oop }
                      ;*iflt {reexecute=1 rethrow=0 return_oop=0}
                      ; - (reexecute) java.lang.StringLatin1::lastIndexOf@19
                      ; - java.lang.String::lastIndexOf@13
                      ; - java.lang.String::lastIndexOf@8
                      ; - java.lang.ClassLoader::checkCerts@3
                      ; - java.lang.ClassLoader::preDefineClass@113
                      ; - java.lang.ClassLoader::defineClass@4
                      ; - java.security.SecureClassLoader::defineClass@12
  0x000002126a09dd8c: f065 84ff 

  0x000002126a09dd90: ;   {other}
  0x000002126a09dd90: 0f1f 8400 | 8033 0043 | bace ffff | ff41 8bea | 8974 2460 

  0x000002126a09dda4: ;   {runtime_call UncommonTrapBlob}
  0x000002126a09dda4: c5f8 77e8 

  0x000002126a09dda8: ; ImmutableOopMap {rbp=NarrowOop [40]=Oop [48]=Oop [56]=Oop [144]=Oop }
                      ;*invokestatic indexOfChar {reexecute=0 rethrow=0 return_oop=0}
                      ; - java.lang.StringLatin1::indexOf@33
                      ; - java.lang.String::indexOf@17
                      ; - java.lang.String::indexOf@3
                      ; - java.lang.ClassLoader::checkName@16
                      ; - java.lang.ClassLoader::preDefineClass@1
                      ; - java.lang.ClassLoader::defineClass@4
                      ; - java.security.SecureClassLoader::defineClass@12
  0x000002126a09dda8: d465 84ff 

  0x000002126a09ddac: ;   {other}
  0x000002126a09ddac: 0f1f 8400 | 9c33 0044 | 4c63 d9e9 | b7dd ffff | 4983 c3fe | 498b cb49 | 8bfa 4833 | c048 83f9 
  0x000002126a09ddcc: 087f 1048 | ffc9 784f | 4889 04cf | 48ff c97d | f7eb 44c5 | fdef c0e9 | 0d00 0000 | c5fe 7f07 
  0x000002126a09ddec: c5fe 7f47 | 2048 83c7 | 4048 83e9 | 087d ed48 | 83c1 047c | 0cc5 fe7f | 0748 83c7 | 2048 83e9 
  0x000002126a09de0c: 0448 83c1 | 047e 1048 | ffc9 c5f9 | d607 4883 | c708 48ff | c97d f3e9 | 04de ffff | bacc ffff 
  0x000002126a09de2c: ff48 8b6c | 2428 4c8b | 5424 304c | 8954 2420 | 4c8b 5424 | 384c 8954 | 2428 448b | 5424 4044 
  0x000002126a09de4c: 8954 2430 | 448b 5c24 | 4444 895c | 2434 4c8b | 5424 484c | 8954 2438 | 4889 7424 | 4844 8944 
  0x000002126a09de6c: 2450 894c | 2458 6690 

  0x000002126a09de74: ;   {runtime_call UncommonTrapBlob}
  0x000002126a09de74: c5f8 77e8 

  0x000002126a09de78: ; ImmutableOopMap {rbp=Oop [32]=Oop [40]=Oop [56]=Oop [72]=Oop [80]=NarrowOop }
                      ;*newarray {reexecute=1 rethrow=0 return_oop=0}
                      ; - (reexecute) java.util.Arrays::copyOfRangeByte@10
                      ; - java.util.Arrays::copyOfRange@13
                      ; - java.lang.String::<init>@32
                      ; - java.lang.String::<init>@3
                      ; - java.lang.StringBuilder::toString@5
                      ; - java.net.URLStreamHandler::toExternalForm@152
                      ; - java.net.URL::toExternalForm@5
                      ; - java.net.URL::toString@1
                      ; - java.lang.ClassLoader::defineClassSourceLocation@22
                      ; - java.lang.ClassLoader::defineClass@12
                      ; - java.security.SecureClassLoader::defineClass@12
  0x000002126a09de78: 0465 84ff 

  0x000002126a09de7c: ;   {other}
  0x000002126a09de7c: 0f1f 8400 | 6c34 0045 | 4c63 c9e9 | 77d6 ffff | 4983 c1fe | 498b c948 | 8bfa 4833 | c048 83f9 
  0x000002126a09de9c: 087f 1048 | ffc9 784f | 4889 04cf | 48ff c97d | f7eb 44c5 | fdef c0e9 | 0d00 0000 | c5fe 7f07 
  0x000002126a09debc: c5fe 7f47 | 2048 83c7 | 4048 83e9 | 087d ed48 | 83c1 047c | 0cc5 fe7f | 0748 83c7 | 2048 83e9 
  0x000002126a09dedc: 0448 83c1 | 047e 1048 | ffc9 c5f9 | d607 4883 | c708 48ff | c97d f3e9 | cfd6 ffff | bacc ffff 
  0x000002126a09defc: ff41 8bea | 894c 2424 | 4889 5c24 | 5044 8974 | 2460 4c89 | 6c24 7090 

  0x000002126a09df14: ;   {runtime_call UncommonTrapBlob}
  0x000002126a09df14: c5f8 77e8 

  0x000002126a09df18: ; ImmutableOopMap {rbp=NarrowOop [40]=Oop [48]=Oop [56]=Oop [80]=Oop [96]=NarrowOop [112]=Oop [144]=Oop }
                      ;*newarray {reexecute=1 rethrow=0 return_oop=0}
                      ; - (reexecute) java.util.Arrays::copyOfRangeByte@10
                      ; - java.util.Arrays::copyOfRange@13
                      ; - java.lang.StringLatin1::newString@16
                      ; - java.lang.String::substring@41
                      ; - java.lang.ClassLoader::checkCerts@21
                      ; - java.lang.ClassLoader::preDefineClass@113
                      ; - java.lang.ClassLoader::defineClass@4
                      ; - java.security.SecureClassLoader::defineClass@12
  0x000002126a09df18: 6464 84ff 

  0x000002126a09df1c: ;   {other}
  0x000002126a09df1c: 0f1f 8400 | 0c35 0046 | 8bcf e982 | d4ff ffba | 76ff ffff | 418b e944 | 8944 2424 | 4c8b 5424 
  0x000002126a09df3c: 484c 8954 | 2440 4889 | 4424 5890 

  0x000002126a09df48: ;   {runtime_call UncommonTrapBlob}
  0x000002126a09df48: c5f8 77e8 

  0x000002126a09df4c: ; ImmutableOopMap {rbp=NarrowOop [40]=Oop [48]=Oop [64]=Oop [88]=Oop }
                      ;*iflt {reexecute=1 rethrow=0 return_oop=0}
                      ; - (reexecute) java.lang.StringLatin1::lastIndexOf@19
                      ; - java.lang.String::lastIndexOf@13
                      ; - java.lang.String::lastIndexOf@8
                      ; - java.lang.Class::getPackageName@47
                      ; - java.lang.ClassLoader::postDefineClass@2
                      ; - java.lang.ClassLoader::defineClass@37
                      ; - java.security.SecureClassLoader::defineClass@12
  0x000002126a09df4c: 3064 84ff 

  0x000002126a09df50: ;   {other}
  0x000002126a09df50: 0f1f 8400 | 4035 0047 | ba45 ffff | ff48 8944 | 2440 6690 

  0x000002126a09df64: ;   {runtime_call UncommonTrapBlob}
  0x000002126a09df64: c5f8 77e8 

  0x000002126a09df68: ; ImmutableOopMap {[40]=Oop [48]=Oop [64]=Oop [72]=Oop }
                      ;*ifeq {reexecute=1 rethrow=0 return_oop=0}
                      ; - (reexecute) java.lang.Class::getPackageName@13
                      ; - java.lang.ClassLoader::postDefineClass@2
                      ; - java.lang.ClassLoader::defineClass@37
                      ; - java.security.SecureClassLoader::defineClass@12
  0x000002126a09df68: 1464 84ff 

  0x000002126a09df6c: ;   {other}
  0x000002126a09df6c: 0f1f 8400 | 5c35 0048 | ba6e ffff | ff41 8be9 | 4489 4424 | 244c 8b54 | 2448 4c89 | 5424 4048 
  0x000002126a09df8c: 8944 2458 

  0x000002126a09df90: ;   {runtime_call UncommonTrapBlob}
  0x000002126a09df90: c5f8 77e8 

  0x000002126a09df94: ; ImmutableOopMap {rbp=NarrowOop [40]=Oop [48]=Oop [64]=Oop [88]=Oop }
                      ;*iflt {reexecute=1 rethrow=0 return_oop=0}
                      ; - (reexecute) java.lang.StringLatin1::lastIndexOf@19
                      ; - java.lang.String::lastIndexOf@13
                      ; - java.lang.String::lastIndexOf@8
                      ; - java.lang.Class::getPackageName@47
                      ; - java.lang.ClassLoader::postDefineClass@2
                      ; - java.lang.ClassLoader::defineClass@37
                      ; - java.security.SecureClassLoader::defineClass@12
  0x000002126a09df94: e863 84ff 

  0x000002126a09df98: ;   {other}
  0x000002126a09df98: 0f1f 8400 | 8835 0049 | bade ffff | ff66 6690 

  0x000002126a09dfa8: ;   {runtime_call UncommonTrapBlob}
  0x000002126a09dfa8: c5f8 77e8 

  0x000002126a09dfac: ; ImmutableOopMap {rbp=NarrowOop }
                      ;*checkcast {reexecute=0 rethrow=0 return_oop=0}
                      ; - java.lang.ClassLoader::getNamedPackage@8
                      ; - java.lang.ClassLoader::postDefineClass@9
                      ; - java.lang.ClassLoader::defineClass@37
                      ; - java.security.SecureClassLoader::defineClass@12
  0x000002126a09dfac: d063 84ff 

  0x000002126a09dfb0: ;   {other}
  0x000002126a09dfb0: 0f1f 8400 | a035 004a | 4533 db45 | 85c9 410f | 94c3 ba45 | ffff ff48 | 8b6c 2428 | 4c89 4424 
  0x000002126a09dfd0: 2044 895c | 2460 6690 

  0x000002126a09dfd8: ;   {runtime_call UncommonTrapBlob}
  0x000002126a09dfd8: c5f8 77e8 

  0x000002126a09dfdc: ; ImmutableOopMap {rbp=Oop [32]=Oop [56]=Oop [144]=Oop }
                      ;*ifeq {reexecute=1 rethrow=0 return_oop=0}
                      ; - (reexecute) java.lang.String::indexOf@4
                      ; - java.lang.String::indexOf@3
                      ; - java.lang.ClassLoader::checkName@16
                      ; - java.lang.ClassLoader::preDefineClass@1
                      ; - java.lang.ClassLoader::defineClass@4
                      ; - java.security.SecureClassLoader::defineClass@12
  0x000002126a09dfdc: a063 84ff 

  0x000002126a09dfe0: ;   {other}
  0x000002126a09dfe0: 0f1f 8400 | d035 004b | ba45 ffff | ff48 8b6c | 2428 4c8b | 5424 304c | 8954 2428 | 4c8b 5424 
  0x000002126a09e000: 384c 8954 | 2430 448b | 5c24 4044 | 895c 2420 | 448b 5424 | 4444 8954 | 2438 4c8b | 5424 484c 
  0x000002126a09e020: 8954 2440 | 4889 5c24 | 5044 8b54 | 2468 4489 | 5424 3c44 | 894c 2458 | 897c 245c | 8944 2460 
  0x000002126a09e040: 894c 2464 | 8974 2468 

  0x000002126a09e048: ;   {runtime_call UncommonTrapBlob}
  0x000002126a09e048: c5f8 77e8 

  0x000002126a09e04c: ; ImmutableOopMap {rbp=Oop [36]=NarrowOop [40]=Oop [48]=Oop [64]=Oop [80]=Oop [88]=NarrowOop [92]=NarrowOop }
                      ;*if_icmpne {reexecute=1 rethrow=0 return_oop=0}
                      ; - (reexecute) java.lang.String::getBytes@5
                      ; - java.lang.AbstractStringBuilder::putStringAt@15
                      ; - java.lang.AbstractStringBuilder::append@30
                      ; - java.lang.StringBuilder::append@2
                      ; - java.net.URLStreamHandler::toExternalForm@77
                      ; - java.net.URL::toExternalForm@5
                      ; - java.net.URL::toString@1
                      ; - java.lang.ClassLoader::defineClassSourceLocation@22
                      ; - java.lang.ClassLoader::defineClass@12
                      ; - java.security.SecureClassLoader::defineClass@12
  0x000002126a09e04c: 3063 84ff 

  0x000002126a09e050: ;   {other}
  0x000002126a09e050: 0f1f 8400 | 4036 004c | 4585 d244 | 8b4c 2420 | 410f 94c1 | ba45 ffff | ff48 8b6c | 2428 4c8b 
  0x000002126a09e070: 5424 304c | 8954 2420 | 4c8b 5424 | 384c 8954 | 2428 448b | 5424 4044 | 8954 2430 | 448b 5424 
  0x000002126a09e090: 4444 8954 | 2434 4c8b | 5424 484c | 8954 2438 | 4889 7424 | 4848 895c | 2450 4489 | 4424 5889 
  0x000002126a09e0b0: 4c24 5c44 | 894c 2460 

  0x000002126a09e0b8: ;   {runtime_call UncommonTrapBlob}
  0x000002126a09e0b8: c5f8 77e8 

  0x000002126a09e0bc: ; ImmutableOopMap {rbp=Oop [32]=Oop [40]=Oop [56]=Oop [72]=Oop [80]=Oop [88]=NarrowOop }
                      ;*ifeq {reexecute=1 rethrow=0 return_oop=0}
                      ; - (reexecute) java.lang.String::<init>@19
                      ; - java.lang.String::<init>@3
                      ; - java.lang.StringBuilder::toString@5
                      ; - java.net.URLStreamHandler::toExternalForm@152
                      ; - java.net.URL::toExternalForm@5
                      ; - java.net.URL::toString@1
                      ; - java.lang.ClassLoader::defineClassSourceLocation@22
                      ; - java.lang.ClassLoader::defineClass@12
                      ; - java.security.SecureClassLoader::defineClass@12
  0x000002126a09e0bc: c062 84ff 

  0x000002126a09e0c0: ;   {other}
  0x000002126a09e0c0: 0f1f 8400 | b036 004d | 498b d7c5 | f877 49ba | 20a4 d642 | ff7f 0000 

  0x000002126a09e0d8: ;   {other}
  0x000002126a09e0d8: 41ff d20f | 1f84 0000 | 0000 00e9 | 4fdb ffff | ba45 ffff | ff48 8b7c | 2428 4889 | 7c24 2048 
  0x000002126a09e0f8: 8b7c 2430 | 4889 7c24 | 2848 8b7c | 2438 4889 | 7c24 308b | 7c24 4089 | 7c24 388b | 6c24 444c 
  0x000002126a09e118: 896c 2440 | 895c 243c | 4889 7424 | 5044 894c | 2458 4489 | 5c24 5c89 | 4c24 6044 | 8944 2464 
  0x000002126a09e138: 8944 2468 | 4489 5424 | 6c66 6690 

  0x000002126a09e144: ;   {runtime_call UncommonTrapBlob}
  0x000002126a09e144: c5f8 77e8 

  0x000002126a09e148: ; ImmutableOopMap {[32]=Oop [40]=Oop [48]=Oop [60]=NarrowOop [64]=Oop [80]=Oop [92]=NarrowOop [96]=NarrowOop }
                      ;*if_icmpne {reexecute=1 rethrow=0 return_oop=0}
                      ; - (reexecute) java.lang.String::getBytes@5
                      ; - java.lang.AbstractStringBuilder::putStringAt@15
                      ; - java.lang.AbstractStringBuilder::append@30
                      ; - java.lang.StringBuilder::append@2
                      ; - java.net.URLStreamHandler::toExternalForm@11
                      ; - java.net.URL::toExternalForm@5
                      ; - java.net.URL::toString@1
                      ; - java.lang.ClassLoader::defineClassSourceLocation@22
                      ; - java.lang.ClassLoader::defineClass@12
                      ; - java.security.SecureClassLoader::defineClass@12
  0x000002126a09e148: 3462 84ff 

  0x000002126a09e14c: ;   {other}
  0x000002126a09e14c: 0f1f 8400 | 3c37 004e | ba45 ffff | ff89 4c24 | 2089 4c24 | 2448 895c | 2450 4489 | 7424 6044 
  0x000002126a09e16c: 894c 2470 

  0x000002126a09e170: ;   {runtime_call UncommonTrapBlob}
  0x000002126a09e170: c5f8 77e8 

  0x000002126a09e174: ; ImmutableOopMap {[40]=Oop [48]=Oop [56]=Oop [80]=Oop [96]=NarrowOop [144]=Oop }
                      ;*if_icmpgt {reexecute=1 rethrow=0 return_oop=0}
                      ; - (reexecute) jdk.internal.util.Preconditions::checkFromToIndex@6
                      ; - java.lang.String::checkBoundsBeginEnd@6
                      ; - java.lang.String::substring@8
                      ; - java.lang.ClassLoader::checkCerts@21
                      ; - java.lang.ClassLoader::preDefineClass@113
                      ; - java.lang.ClassLoader::defineClass@4
                      ; - java.security.SecureClassLoader::defineClass@12
  0x000002126a09e174: 0862 84ff 

  0x000002126a09e178: ;   {other}
  0x000002126a09e178: 0f1f 8400 | 6837 004f | ba45 ffff | ff48 8b6c | 2428 895c | 2450 6690 

  0x000002126a09e190: ;   {runtime_call UncommonTrapBlob}
  0x000002126a09e190: c5f8 77e8 

  0x000002126a09e194: ; ImmutableOopMap {rbp=Oop [48]=Oop [56]=Oop [144]=Oop }
                      ;*if_icmpne {reexecute=1 rethrow=0 return_oop=0}
                      ; - (reexecute) java.lang.ClassLoader::checkName@20
                      ; - java.lang.ClassLoader::preDefineClass@1
                      ; - java.lang.ClassLoader::defineClass@4
                      ; - java.security.SecureClassLoader::defineClass@12
  0x000002126a09e194: e861 84ff 

  0x000002126a09e198: ;   {other}
  0x000002126a09e198: 0f1f 8400 | 8837 0050 | ba45 ffff | ff48 8b6c | 2430 4c8b | 5424 484c | 8954 2438 | 4c89 6c24 
  0x000002126a09e1b8: 4044 894c | 2448 4489 | 4424 4c90 

  0x000002126a09e1c4: ;   {runtime_call UncommonTrapBlob}
  0x000002126a09e1c4: c5f8 77e8 

  0x000002126a09e1c8: ; ImmutableOopMap {rbp=Oop [40]=Oop [56]=Oop [64]=Oop [72]=NarrowOop }
                      ;*ifle {reexecute=1 rethrow=0 return_oop=0}
                      ; - (reexecute) java.util.concurrent.ConcurrentHashMap::get@23
                      ; - java.lang.ClassLoader::getNamedPackage@5
                      ; - java.lang.ClassLoader::postDefineClass@9
                      ; - java.lang.ClassLoader::defineClass@37
                      ; - java.security.SecureClassLoader::defineClass@12
  0x000002126a09e1c8: b461 84ff 

  0x000002126a09e1cc: ;   {other}
  0x000002126a09e1cc: 0f1f 8400 | bc37 0051 | ba45 ffff | ff4c 8b54 | 2428 4c89 | 5424 204c | 8944 2428 | 4c89 4c24 
  0x000002126a09e1ec: 3089 7c24 | 3889 7424 | 3c66 6690 

  0x000002126a09e1f8: ;   {runtime_call UncommonTrapBlob}
  0x000002126a09e1f8: c5f8 77e8 

  0x000002126a09e1fc: ; ImmutableOopMap {rbp=Oop [32]=Oop [40]=Oop [48]=Oop }
                      ;*ifnonnull {reexecute=1 rethrow=0 return_oop=0}
                      ; - (reexecute) java.security.SecureClassLoader::getProtectionDomain@1
                      ; - java.security.SecureClassLoader::defineClass@9
  0x000002126a09e1fc: 8061 84ff 

  0x000002126a09e200: ;   {other}
  0x000002126a09e200: 0f1f 8400 | f037 0052 | ba45 ffff | ff66 6690 

  0x000002126a09e210: ;   {runtime_call UncommonTrapBlob}
  0x000002126a09e210: c5f8 77e8 

  0x000002126a09e214: ; ImmutableOopMap {[40]=Oop [48]=Oop [56]=Oop [144]=Oop }
                      ;*if_icmpne {reexecute=1 rethrow=0 return_oop=0}
                      ; - (reexecute) java.lang.ClassLoader::checkName@30
                      ; - java.lang.ClassLoader::preDefineClass@1
                      ; - java.lang.ClassLoader::defineClass@4
                      ; - java.security.SecureClassLoader::defineClass@12
  0x000002126a09e214: 6861 84ff 

  0x000002126a09e218: ;   {other}
  0x000002126a09e218: 0f1f 8400 | 0838 0053 | ba45 ffff | ff4c 8b54 | 2428 4c89 | 5424 2048 | 895c 2450 | 4c89 6c24 
  0x000002126a09e238: 5844 8974 | 2460 6690 

  0x000002126a09e240: ;   {runtime_call UncommonTrapBlob}
  0x000002126a09e240: c5f8 77e8 

  0x000002126a09e244: ; ImmutableOopMap {rbp=NarrowOop [32]=Oop [48]=Oop [56]=Oop [80]=Oop [88]=Oop [96]=NarrowOop [144]=Oop }
                      ;*ifnull {reexecute=1 rethrow=0 return_oop=0}
                      ; - (reexecute) java.security.CodeSource::getCertificates@4
                      ; - java.lang.ClassLoader::checkCerts@34
                      ; - java.lang.ClassLoader::preDefineClass@113
                      ; - java.lang.ClassLoader::defineClass@4
                      ; - java.security.SecureClassLoader::defineClass@12
  0x000002126a09e244: 3861 84ff 

  0x000002126a09e248: ;   {other}
  0x000002126a09e248: 0f1f 8400 | 3838 0054 | ba45 ffff | ff4c 8b54 | 2428 4c89 | 5424 2048 | 895c 2450 | 4c89 6c24 
  0x000002126a09e268: 5844 8974 | 2460 6690 

  0x000002126a09e270: ;   {runtime_call UncommonTrapBlob}
  0x000002126a09e270: c5f8 77e8 

  0x000002126a09e274: ; ImmutableOopMap {rbp=NarrowOop [32]=Oop [48]=Oop [56]=Oop [80]=Oop [88]=Oop [96]=NarrowOop [144]=Oop }
                      ;*ifnull {reexecute=1 rethrow=0 return_oop=0}
                      ; - (reexecute) java.security.CodeSource::getCertificates@22
                      ; - java.lang.ClassLoader::checkCerts@34
                      ; - java.lang.ClassLoader::preDefineClass@113
                      ; - java.lang.ClassLoader::defineClass@4
                      ; - java.security.SecureClassLoader::defineClass@12
  0x000002126a09e274: 0861 84ff 

  0x000002126a09e278: ;   {other}
  0x000002126a09e278: 0f1f 8400 | 6838 0055 | ba45 ffff | ff48 8b6c | 2428 4c8b | 5424 304c | 8954 2420 | 4c8b 5424 
  0x000002126a09e298: 384c 8954 | 2428 448b | 5c24 4044 | 895c 2430 | 895c 2440 

  0x000002126a09e2ac: ;   {runtime_call UncommonTrapBlob}
  0x000002126a09e2ac: c5f8 77e8 

  0x000002126a09e2b0: ; ImmutableOopMap {rbp=Oop [32]=Oop [40]=Oop [64]=NarrowOop [144]=Oop }
                      ;*ifnull {reexecute=1 rethrow=0 return_oop=0}
                      ; - (reexecute) java.lang.ClassLoader::defineClassSourceLocation@15
                      ; - java.lang.ClassLoader::defineClass@12
                      ; - java.security.SecureClassLoader::defineClass@12
  0x000002126a09e2b0: cc60 84ff 

  0x000002126a09e2b4: ;   {other}
  0x000002126a09e2b4: 0f1f 8400 | a438 0056 | ba45 ffff | ff48 8b6c | 2428 4c8b | 4424 304c | 8944 2420 | 4c8b 4424 
  0x000002126a09e2d4: 384c 8944 | 2428 448b | 4424 4044 | 8944 2430 | 448b 4c24 | 4444 894c | 2434 4c89 | 6c24 3889 
  0x000002126a09e2f4: 5c24 4048 | 8974 2450 | 4889 7424 | 5844 8954 | 2444 4489 | 5c24 6890 

  0x000002126a09e30c: ;   {runtime_call UncommonTrapBlob}
  0x000002126a09e30c: c5f8 77e8 

  0x000002126a09e310: ; ImmutableOopMap {rbp=Oop [32]=Oop [40]=Oop [56]=Oop [64]=NarrowOop [80]=Oop [88]=Oop }
                      ;*if_icmpeq {reexecute=1 rethrow=0 return_oop=0}
                      ; - (reexecute) java.lang.AbstractStringBuilder::inflateIfNeededFor@14
                      ; - java.lang.AbstractStringBuilder::putStringAt@2
                      ; - java.lang.AbstractStringBuilder::append@30
                      ; - java.lang.StringBuilder::append@2
                      ; - java.net.URLStreamHandler::toExternalForm@59
                      ; - java.net.URL::toExternalForm@5
                      ; - java.net.URL::toString@1
                      ; - java.lang.ClassLoader::defineClassSourceLocation@22
                      ; - java.lang.ClassLoader::defineClass@12
                      ; - java.security.SecureClassLoader::defineClass@12
  0x000002126a09e310: 6c60 84ff 

  0x000002126a09e314: ;   {other}
  0x000002126a09e314: 0f1f 8400 | 0439 0057 | ba45 ffff | ff48 8b6c | 2428 4c8b | 5424 304c | 8954 2428 | 4c8b 5424 
  0x000002126a09e334: 384c 8954 | 2430 448b | 5424 4044 | 8954 2420 | 448b 5c24 | 4444 895c | 2438 4c8b | 5424 484c 
  0x000002126a09e354: 8954 2440 | 4889 5c24 | 5044 8b5c | 2468 4489 | 5c24 3c48 | 895c 2458 | 8944 2460 | 4489 4c24 
  0x000002126a09e374: 6489 7424 | 7089 4c24 | 7466 6690 

  0x000002126a09e380: ;   {runtime_call UncommonTrapBlob}
  0x000002126a09e380: c5f8 77e8 

  0x000002126a09e384: ; ImmutableOopMap {rbp=Oop [36]=NarrowOop [40]=Oop [48]=Oop [64]=Oop [80]=Oop [88]=Oop [100]=NarrowOop }
                      ;*if_icmpeq {reexecute=1 rethrow=0 return_oop=0}
                      ; - (reexecute) java.lang.AbstractStringBuilder::inflateIfNeededFor@14
                      ; - java.lang.AbstractStringBuilder::putStringAt@2
                      ; - java.lang.AbstractStringBuilder::append@30
                      ; - java.lang.StringBuilder::append@2
                      ; - java.net.URLStreamHandler::toExternalForm@77
                      ; - java.net.URL::toExternalForm@5
                      ; - java.net.URL::toString@1
                      ; - java.lang.ClassLoader::defineClassSourceLocation@22
                      ; - java.lang.ClassLoader::defineClass@12
                      ; - java.security.SecureClassLoader::defineClass@12
  0x000002126a09e384: f85f 84ff 

  0x000002126a09e388: ;   {other}
  0x000002126a09e388: 0f1f 8400 | 7839 0058 | ba45 ffff | ff4c 8b54 | 2428 4c89 | 5424 204c | 8b54 2430 | 4c89 5424 
  0x000002126a09e3a8: 284c 8b54 | 2438 4c89 | 5424 3044 | 8b5c 2440 | 4489 5c24 | 3844 8b54 | 2444 4489 | 5424 3c4c 
  0x000002126a09e3c8: 8b54 2448 | 4c89 5424 | 4089 7c24 | 4848 895c | 2450 6690 

  0x000002126a09e3dc: ;   {runtime_call UncommonTrapBlob}
  0x000002126a09e3dc: c5f8 77e8 

  0x000002126a09e3e0: ; ImmutableOopMap {rbp=NarrowOop [32]=Oop [40]=Oop [48]=Oop [64]=Oop [72]=NarrowOop [80]=Oop }
                      ;*ifnull {reexecute=1 rethrow=0 return_oop=0}
                      ; - (reexecute) java.net.URLStreamHandler::toExternalForm@86
                      ; - java.net.URL::toExternalForm@5
                      ; - java.net.URL::toString@1
                      ; - java.lang.ClassLoader::defineClassSourceLocation@22
                      ; - java.lang.ClassLoader::defineClass@12
                      ; - java.security.SecureClassLoader::defineClass@12
  0x000002126a09e3e0: 9c5f 84ff 

  0x000002126a09e3e4: ;   {other}
  0x000002126a09e3e4: 0f1f 8400 | d439 0059 | ba45 ffff | ff48 8b6c | 2428 4c8b | 5c24 304c | 895c 2420 | 4c8b 5c24 
  0x000002126a09e404: 384c 895c | 2428 448b | 4c24 4044 | 894c 2430 | 448b 4c24 | 4444 894c | 2434 4c8b | 5c24 484c 
  0x000002126a09e424: 895c 2438 | 897c 2440 | 4889 5c24 | 5048 895c | 2458 4489 | 5424 4444 | 8944 2468 

  0x000002126a09e440: ;   {runtime_call UncommonTrapBlob}
  0x000002126a09e440: c5f8 77e8 

  0x000002126a09e444: ; ImmutableOopMap {rbp=Oop [32]=Oop [40]=Oop [56]=Oop [64]=NarrowOop [80]=Oop [88]=Oop }
                      ;*if_icmpeq {reexecute=1 rethrow=0 return_oop=0}
                      ; - (reexecute) java.lang.AbstractStringBuilder::inflateIfNeededFor@14
                      ; - java.lang.AbstractStringBuilder::putStringAt@2
                      ; - java.lang.AbstractStringBuilder::append@30
                      ; - java.lang.StringBuilder::append@2
                      ; - java.net.URLStreamHandler::toExternalForm@113
                      ; - java.net.URL::toExternalForm@5
                      ; - java.net.URL::toString@1
                      ; - java.lang.ClassLoader::defineClassSourceLocation@22
                      ; - java.lang.ClassLoader::defineClass@12
                      ; - java.security.SecureClassLoader::defineClass@12
  0x000002126a09e444: 385f 84ff 

  0x000002126a09e448: ;   {other}
  0x000002126a09e448: 0f1f 8400 | 383a 005a | ba45 ffff | ff4c 8b54 | 2428 4c89 | 5424 204c | 8b54 2430 | 4c89 5424 
  0x000002126a09e468: 284c 8b54 | 2438 4c89 | 5424 3044 | 8b54 2440 | 4489 5424 | 3844 8b5c | 2444 4489 | 5c24 3c4c 
  0x000002126a09e488: 8b54 2448 | 4c89 5424 | 4048 895c | 2448 6690 

  0x000002126a09e498: ;   {runtime_call UncommonTrapBlob}
  0x000002126a09e498: c5f8 77e8 

  0x000002126a09e49c: ; ImmutableOopMap {rbp=NarrowOop [32]=Oop [40]=Oop [48]=Oop [64]=Oop [72]=Oop }
                      ;*ifnull {reexecute=1 rethrow=0 return_oop=0}
                      ; - (reexecute) java.net.URLStreamHandler::toExternalForm@122
                      ; - java.net.URL::toExternalForm@5
                      ; - java.net.URL::toString@1
                      ; - java.lang.ClassLoader::defineClassSourceLocation@22
                      ; - java.lang.ClassLoader::defineClass@12
                      ; - java.security.SecureClassLoader::defineClass@12
  0x000002126a09e49c: e05e 84ff 

  0x000002126a09e4a0: ;   {other}
  0x000002126a09e4a0: 0f1f 8400 | 903a 005b | ba45 ffff | ff4c 8b54 | 2428 4c89 | 5424 204c | 8b54 2430 | 4c89 5424 
  0x000002126a09e4c0: 284c 8b54 | 2438 4c89 | 5424 3044 | 8b5c 2440 | 4489 5c24 | 3844 8b54 | 2444 4489 | 5424 3c4c 
  0x000002126a09e4e0: 8b54 2448 | 4c89 5424 | 4048 895c | 2450 4889 | 5c24 5844 | 8944 2460 

  0x000002126a09e4f8: ;   {runtime_call UncommonTrapBlob}
  0x000002126a09e4f8: c5f8 77e8 

  0x000002126a09e4fc: ; ImmutableOopMap {[32]=Oop [40]=Oop [48]=Oop [64]=Oop [80]=Oop [88]=Oop }
                      ;*if_icmpeq {reexecute=1 rethrow=0 return_oop=0}
                      ; - (reexecute) java.lang.AbstractStringBuilder::inflateIfNeededFor@14
                      ; - java.lang.AbstractStringBuilder::putStringAt@2
                      ; - java.lang.AbstractStringBuilder::append@30
                      ; - java.lang.StringBuilder::append@2
                      ; - java.net.URLStreamHandler::toExternalForm@149
                      ; - java.net.URL::toExternalForm@5
                      ; - java.net.URL::toString@1
                      ; - java.lang.ClassLoader::defineClassSourceLocation@22
                      ; - java.lang.ClassLoader::defineClass@12
                      ; - java.security.SecureClassLoader::defineClass@12
  0x000002126a09e4fc: 805e 84ff 

  0x000002126a09e500: ;   {other}
  0x000002126a09e500: 0f1f 8400 | f03a 005c | ba45 ffff | ff48 8b6c | 2428 488b | 4c24 3048 | 894c 2420 | 488b 4c24 
  0x000002126a09e520: 3848 894c | 2428 8b4c | 2440 894c | 2430 8b7c | 2444 897c | 2434 4c89 | 6c24 3889 | 5c24 4048 
  0x000002126a09e540: 8974 2450 | 4489 4c24 | 4448 8974 | 2458 4489 | 4424 6044 | 895c 2464 | 4489 5424 | 7089 4424 
  0x000002126a09e560: 7466 6690 

  0x000002126a09e564: ;   {runtime_call UncommonTrapBlob}
  0x000002126a09e564: c5f8 77e8 

  0x000002126a09e568: ; ImmutableOopMap {rbp=Oop [32]=Oop [40]=Oop [56]=Oop [64]=NarrowOop [80]=Oop [88]=Oop [100]=NarrowOop }
                      ;*if_icmpeq {reexecute=1 rethrow=0 return_oop=0}
                      ; - (reexecute) java.lang.AbstractStringBuilder::inflateIfNeededFor@14
                      ; - java.lang.AbstractStringBuilder::putStringAt@2
                      ; - java.lang.AbstractStringBuilder::append@30
                      ; - java.lang.StringBuilder::append@2
                      ; - java.net.URLStreamHandler::toExternalForm@11
                      ; - java.net.URL::toExternalForm@5
                      ; - java.net.URL::toString@1
                      ; - java.lang.ClassLoader::defineClassSourceLocation@22
                      ; - java.lang.ClassLoader::defineClass@12
                      ; - java.security.SecureClassLoader::defineClass@12
  0x000002126a09e568: 145e 84ff 

  0x000002126a09e56c: ;   {other}
  0x000002126a09e56c: 0f1f 8400 | 5c3b 005d | ba45 ffff | ff89 4c24 | 2089 4c24 | 2448 895c | 2450 4489 | 7424 6044 
  0x000002126a09e58c: 894c 2470 | 4489 4c24 | 7466 6690 

  0x000002126a09e598: ;   {runtime_call UncommonTrapBlob}
  0x000002126a09e598: c5f8 77e8 

  0x000002126a09e59c: ; ImmutableOopMap {[40]=Oop [48]=Oop [56]=Oop [80]=Oop [96]=NarrowOop [144]=Oop }
                      ;*if_icmple {reexecute=1 rethrow=0 return_oop=0}
                      ; - (reexecute) jdk.internal.util.Preconditions::checkFromToIndex@11
                      ; - java.lang.String::checkBoundsBeginEnd@6
                      ; - java.lang.String::substring@8
                      ; - java.lang.ClassLoader::checkCerts@21
                      ; - java.lang.ClassLoader::preDefineClass@113
                      ; - java.lang.ClassLoader::defineClass@4
                      ; - java.security.SecureClassLoader::defineClass@12
  0x000002126a09e59c: e05d 84ff 

  0x000002126a09e5a0: ;   {other}
  0x000002126a09e5a0: 0f1f 8400 | 903b 005e | ba45 ffff | ff4c 8b54 | 2428 4c89 | 5424 2090 

  0x000002126a09e5b8: ;   {runtime_call UncommonTrapBlob}
  0x000002126a09e5b8: c5f8 77e8 

  0x000002126a09e5bc: ; ImmutableOopMap {[32]=Oop [48]=Oop [56]=Oop [144]=Oop }
                      ;*ifne {reexecute=1 rethrow=0 return_oop=0}
                      ; - (reexecute) java.lang.ClassLoader::compareCerts@7
                      ; - java.lang.ClassLoader::checkCerts@80
                      ; - java.lang.ClassLoader::preDefineClass@113
                      ; - java.lang.ClassLoader::defineClass@4
                      ; - java.security.SecureClassLoader::defineClass@12
  0x000002126a09e5bc: c05d 84ff 

  0x000002126a09e5c0: ;   {other}
  0x000002126a09e5c0: 0f1f 8400 | b03b 005f | baf6 ffff | ff66 6690 

  0x000002126a09e5d0: ;   {runtime_call UncommonTrapBlob}
  0x000002126a09e5d0: c5f8 77e8 

  0x000002126a09e5d4: ; ImmutableOopMap {}
                      ;*invokevirtual isNamed {reexecute=0 rethrow=0 return_oop=0}
                      ; - java.lang.NamedPackage::<init>@12
                      ; - java.lang.ClassLoader::getNamedPackage@22
                      ; - java.lang.ClassLoader::postDefineClass@9
                      ; - java.lang.ClassLoader::defineClass@37
                      ; - java.security.SecureClassLoader::defineClass@12
  0x000002126a09e5d4: a85d 84ff 

  0x000002126a09e5d8: ;   {other}
  0x000002126a09e5d8: 0f1f 8400 | c83b 0060 | 4c89 5424 | 484c 896c | 2420 4c8b | eb8b ee49 | 8bd7 c5f8 | 7749 ba20 
  0x000002126a09e5f8: a4d6 42ff | 7f00 0041 

  0x000002126a09e600: ;   {other}
  0x000002126a09e600: ffd2 0f1f | 8400 0000 | 0000 8bf5 | 498b dd4c | 8b6c 2420 | 4c8b 5424 | 48e9 b4cf | ffff baf6 
  0x000002126a09e620: ffff ff90 

  0x000002126a09e624: ;   {runtime_call UncommonTrapBlob}
  0x000002126a09e624: c5f8 77e8 

  0x000002126a09e628: ; ImmutableOopMap {[56]=NarrowOop }
                      ;*invokevirtual append {reexecute=0 rethrow=0 return_oop=0}
                      ; - java.lang.NamedPackage::<init>@35
                      ; - java.lang.ClassLoader::getNamedPackage@22
                      ; - java.lang.ClassLoader::postDefineClass@9
                      ; - java.lang.ClassLoader::defineClass@37
                      ; - java.security.SecureClassLoader::defineClass@12
  0x000002126a09e628: 545d 84ff 

  0x000002126a09e62c: ;   {other}
  0x000002126a09e62c: 0f1f 8400 | 1c3c 0061 | baf6 ffff | ff66 6690 

  0x000002126a09e63c: ;   {runtime_call UncommonTrapBlob}
  0x000002126a09e63c: c5f8 77e8 

  0x000002126a09e640: ; ImmutableOopMap {}
                      ;*invokevirtual toString {reexecute=0 rethrow=0 return_oop=0}
                      ; - java.lang.NamedPackage::<init>@38
                      ; - java.lang.ClassLoader::getNamedPackage@22
                      ; - java.lang.ClassLoader::postDefineClass@9
                      ; - java.lang.ClassLoader::defineClass@37
                      ; - java.security.SecureClassLoader::defineClass@12
  0x000002126a09e640: 3c5d 84ff 

  0x000002126a09e644: ;   {other}
  0x000002126a09e644: 0f1f 8400 | 343c 0062 | 4963 cbe9 | efd8 ffff | 4883 c1fe | 498b f948 | 33c0 4883 | f908 7f10 
  0x000002126a09e664: 48ff c978 | 4f48 8904 | cf48 ffc9 | 7df7 eb44 | c5fd efc0 | e90d 0000 | 00c5 fe7f | 07c5 fe7f 
  0x000002126a09e684: 4720 4883 | c740 4883 | e908 7ded | 4883 c104 | 7c0c c5fe | 7f07 4883 | c720 4883 | e904 4883 
  0x000002126a09e6a4: c104 7e10 | 48ff c9c5 | f9d6 0748 | 83c7 0848 | ffc9 7df3 | e948 d9ff | ffba ccff | ffff 418b 
  0x000002126a09e6c4: e944 895c | 2424 4c8b | 5424 484c | 8954 2440 | 4889 5c24 | 6066 6690 

  0x000002126a09e6dc: ;   {runtime_call UncommonTrapBlob}
  0x000002126a09e6dc: c5f8 77e8 

  0x000002126a09e6e0: ; ImmutableOopMap {rbp=NarrowOop [40]=Oop [48]=Oop [64]=Oop [96]=Oop }
                      ;*newarray {reexecute=1 rethrow=0 return_oop=0}
                      ; - (reexecute) java.util.Arrays::copyOfRangeByte@10
                      ; - java.util.Arrays::copyOfRange@13
                      ; - java.lang.StringLatin1::newString@16
                      ; - java.lang.String::substring@41
                      ; - java.lang.Class::getPackageName@62
                      ; - java.lang.ClassLoader::postDefineClass@2
                      ; - java.lang.ClassLoader::defineClass@37
                      ; - java.security.SecureClassLoader::defineClass@12
  0x000002126a09e6e0: 9c5c 84ff 

  0x000002126a09e6e4: ;   {other}
  0x000002126a09e6e4: 0f1f 8400 | d43c 0063 | ba45 ffff | ff48 8b6c | 2428 4c8b | 5424 304c | 8954 2420 | 4c8b 5424 
  0x000002126a09e704: 384c 8954 | 2428 448b | 5424 4044 | 8954 2430 | 448b 5c24 | 4444 895c | 2434 4c8b | 5424 484c 
  0x000002126a09e724: 8954 2438 | 4889 7424 | 4844 8944 | 2450 894c | 2458 894c | 245c 6690 

  0x000002126a09e73c: ;   {runtime_call UncommonTrapBlob}
  0x000002126a09e73c: c5f8 77e8 

  0x000002126a09e740: ; ImmutableOopMap {rbp=Oop [32]=Oop [40]=Oop [56]=Oop [72]=Oop [80]=NarrowOop }
                      ;*if_icmpge {reexecute=1 rethrow=0 return_oop=0}
                      ; - (reexecute) java.util.Arrays::checkLength@2
                      ; - java.util.Arrays::copyOfRangeByte@2
                      ; - java.util.Arrays::copyOfRange@13
                      ; - java.lang.String::<init>@32
                      ; - java.lang.String::<init>@3
                      ; - java.lang.StringBuilder::toString@5
                      ; - java.net.URLStreamHandler::toExternalForm@152
                      ; - java.net.URL::toExternalForm@5
                      ; - java.net.URL::toString@1
                      ; - java.lang.ClassLoader::defineClassSourceLocation@22
                      ; - java.lang.ClassLoader::defineClass@12
                      ; - java.security.SecureClassLoader::defineClass@12
  0x000002126a09e740: 3c5c 84ff 

  0x000002126a09e744: ;   {other}
  0x000002126a09e744: 0f1f 8400 | 343d 0064 | 458b d8e9 | d7d6 ffff | 4585 db44 | 8b44 2420 | 410f 94c0 | ba45 ffff 
  0x000002126a09e764: ff48 8b6c | 2430 4c8b | 5c24 484c | 895c 2438 | 4889 4424 | 5044 8954 | 2458 4489 | 4424 5c90 
  0x000002126a09e784: ;   {runtime_call UncommonTrapBlob}
  0x000002126a09e784: c5f8 77e8 

  0x000002126a09e788: ; ImmutableOopMap {rbp=Oop [40]=Oop [56]=Oop [80]=Oop }
                      ;*ifeq {reexecute=1 rethrow=0 return_oop=0}
                      ; - (reexecute) java.lang.String::lastIndexOf@4
                      ; - java.lang.String::lastIndexOf@8
                      ; - java.lang.Class::getPackageName@47
                      ; - java.lang.ClassLoader::postDefineClass@2
                      ; - java.lang.ClassLoader::defineClass@37
                      ; - java.security.SecureClassLoader::defineClass@12
  0x000002126a09e788: f45b 84ff 

  0x000002126a09e78c: ;   {other}
  0x000002126a09e78c: 0f1f 8400 | 7c3d 0065 | 498b d7c5 | f877 49ba | 20a4 d642 | ff7f 0000 

  0x000002126a09e7a4: ;   {other}
  0x000002126a09e7a4: 41ff d20f | 1f84 0000 | 0000 00e9 | bed8 ffff | ba45 ffff | ff44 895c | 2420 4489 | 5c24 244c 
  0x000002126a09e7c4: 8b54 2448 | 4c89 5424 | 4048 8944 | 2458 894c | 2464 6690 

  0x000002126a09e7d8: ;   {runtime_call UncommonTrapBlob}
  0x000002126a09e7d8: c5f8 77e8 

  0x000002126a09e7dc: ; ImmutableOopMap {[40]=Oop [48]=Oop [64]=Oop [88]=Oop }
                      ;*if_icmpgt {reexecute=1 rethrow=0 return_oop=0}
                      ; - (reexecute) jdk.internal.util.Preconditions::checkFromToIndex@6
                      ; - java.lang.String::checkBoundsBeginEnd@6
                      ; - java.lang.String::substring@8
                      ; - java.lang.Class::getPackageName@62
                      ; - java.lang.ClassLoader::postDefineClass@2
                      ; - java.lang.ClassLoader::defineClass@37
                      ; - java.security.SecureClassLoader::defineClass@12
  0x000002126a09e7dc: a05b 84ff 

  0x000002126a09e7e0: ;   {other}
  0x000002126a09e7e0: 0f1f 8400 | d03d 0066 | ba45 ffff | ff44 895c | 2420 4489 | 5c24 244c | 8b54 2448 | 4c89 5424 
  0x000002126a09e800: 4048 8944 | 2458 894c | 2464 894c | 2468 6690 

  0x000002126a09e810: ;   {runtime_call UncommonTrapBlob}
  0x000002126a09e810: c5f8 77e8 

  0x000002126a09e814: ; ImmutableOopMap {[40]=Oop [48]=Oop [64]=Oop [88]=Oop }
                      ;*if_icmple {reexecute=1 rethrow=0 return_oop=0}
                      ; - (reexecute) jdk.internal.util.Preconditions::checkFromToIndex@11
                      ; - java.lang.String::checkBoundsBeginEnd@6
                      ; - java.lang.String::substring@8
                      ; - java.lang.Class::getPackageName@62
                      ; - java.lang.ClassLoader::postDefineClass@2
                      ; - java.lang.ClassLoader::defineClass@37
                      ; - java.security.SecureClassLoader::defineClass@12
  0x000002126a09e814: 685b 84ff 

  0x000002126a09e818: ;   {other}
  0x000002126a09e818: 0f1f 8400 | 083e 0067 | ba45 ffff | ff44 895c | 2438 6690 

  0x000002126a09e82c: ;   {runtime_call UncommonTrapBlob}
  0x000002126a09e82c: c5f8 77e8 

  0x000002126a09e830: ; ImmutableOopMap {rbp=NarrowOop [40]=Oop [48]=Oop [56]=NarrowOop }
                      ;*ifnull {reexecute=1 rethrow=0 return_oop=0}
                      ; - (reexecute) java.security.CodeSource::getCertificates@4
                      ; - java.lang.ClassLoader::postDefineClass@24
                      ; - java.lang.ClassLoader::defineClass@37
                      ; - java.security.SecureClassLoader::defineClass@12
  0x000002126a09e830: 4c5b 84ff 

  0x000002126a09e834: ;   {other}
  0x000002126a09e834: 0f1f 8400 | 243e 0068 | ba45 ffff | ff44 895c | 2438 6690 

  0x000002126a09e848: ;   {runtime_call UncommonTrapBlob}
  0x000002126a09e848: c5f8 77e8 

  0x000002126a09e84c: ; ImmutableOopMap {rbp=NarrowOop [40]=Oop [48]=Oop [56]=NarrowOop }
                      ;*ifnull {reexecute=1 rethrow=0 return_oop=0}
                      ; - (reexecute) java.security.CodeSource::getCertificates@22
                      ; - java.lang.ClassLoader::postDefineClass@24
                      ; - java.lang.ClassLoader::defineClass@37
                      ; - java.security.SecureClassLoader::defineClass@12
  0x000002126a09e84c: 305b 84ff 

  0x000002126a09e850: ;   {other}
  0x000002126a09e850: 0f1f 8400 | 403e 0069 | 498b d7c5 | f877 49ba | 20a4 d642 | ff7f 0000 

  0x000002126a09e868: ;   {other}
  0x000002126a09e868: 41ff d20f | 1f84 0000 | 0000 00e9 | 98d7 ffff | bae4 ffff | ff44 8954 | 2420 448b | 5424 4044 
  0x000002126a09e888: 8954 2424 

  0x000002126a09e88c: ;   {runtime_call UncommonTrapBlob}
  0x000002126a09e88c: c5f8 77e8 

  0x000002126a09e890: ; ImmutableOopMap {[32]=NarrowOop [40]=Oop [48]=Oop [56]=Oop [144]=Oop }
                      ;*baload {reexecute=0 rethrow=0 return_oop=0}
                      ; - jdk.internal.util.ArraysSupport::mismatch@82
                      ; - java.lang.String::startsWith@70
                      ; - java.lang.String::startsWith@3
                      ; - java.lang.ClassLoader::preDefineClass@43
                      ; - java.lang.ClassLoader::defineClass@4
                      ; - java.security.SecureClassLoader::defineClass@12
  0x000002126a09e890: ec5a 84ff 

  0x000002126a09e894: ;   {other}
  0x000002126a09e894: 0f1f 8400 | 843e 006a | ba45 ffff | ff4c 8b5c | 2448 4c89 | 5c24 3844 | 894c 2450 | 4c89 6c24 
  0x000002126a09e8b4: 5844 8944 | 2454 4489 | 5424 6089 | 4c24 6490 

  0x000002126a09e8c4: ;   {runtime_call UncommonTrapBlob}
  0x000002126a09e8c4: c5f8 77e8 

  0x000002126a09e8c8: ; ImmutableOopMap {[40]=Oop [48]=Oop [56]=Oop [80]=NarrowOop [84]=NarrowOop [88]=Oop }
                      ;*if_icmpne {reexecute=1 rethrow=0 return_oop=0}
                      ; - (reexecute) java.lang.String::equals@33
                      ; - java.util.concurrent.ConcurrentHashMap::get@73
                      ; - java.lang.ClassLoader::getNamedPackage@5
                      ; - java.lang.ClassLoader::postDefineClass@9
                      ; - java.lang.ClassLoader::defineClass@37
                      ; - java.security.SecureClassLoader::defineClass@12
  0x000002126a09e8c8: b45a 84ff 

  0x000002126a09e8cc: ;   {other}
  0x000002126a09e8cc: 0f1f 8400 | bc3e 006b | ba45 ffff | ff4c 8b5c | 2448 4c89 | 5c24 3844 | 894c 2450 | 4c89 6c24 
  0x000002126a09e8ec: 5844 8944 | 2454 4489 | 5424 6090 

  0x000002126a09e8f8: ;   {runtime_call UncommonTrapBlob}
  0x000002126a09e8f8: c5f8 77e8 

  0x000002126a09e8fc: ; ImmutableOopMap {[40]=Oop [48]=Oop [56]=Oop [80]=NarrowOop [84]=NarrowOop [88]=Oop }
                      ;*ifge {reexecute=1 rethrow=0 return_oop=0}
                      ; - (reexecute) java.util.concurrent.ConcurrentHashMap::get@86
                      ; - java.lang.ClassLoader::getNamedPackage@5
                      ; - java.lang.ClassLoader::postDefineClass@9
                      ; - java.lang.ClassLoader::defineClass@37
                      ; - java.security.SecureClassLoader::defineClass@12
  0x000002126a09e8fc: 805a 84ff 

  0x000002126a09e900: ;   {other}
  0x000002126a09e900: 0f1f 8400 | f03e 006c | ba45 ffff | ff4c 8b5c | 2448 4c89 | 5c24 3844 | 894c 2450 | 4c89 6c24 
  0x000002126a09e920: 5848 894c | 2460 4489 | 5424 5490 

  0x000002126a09e92c: ;   {runtime_call UncommonTrapBlob}
  0x000002126a09e92c: c5f8 77e8 

  0x000002126a09e930: ; ImmutableOopMap {rbp=NarrowOop [40]=Oop [48]=Oop [56]=Oop [80]=NarrowOop [88]=Oop [96]=Oop }
                      ;*ifnull {reexecute=1 rethrow=0 return_oop=0}
                      ; - (reexecute) java.util.concurrent.ConcurrentHashMap::get@143
                      ; - java.lang.ClassLoader::getNamedPackage@5
                      ; - java.lang.ClassLoader::postDefineClass@9
                      ; - java.lang.ClassLoader::defineClass@37
                      ; - java.security.SecureClassLoader::defineClass@12
  0x000002126a09e930: 4c5a 84ff 

  0x000002126a09e934: ;   {other}
  0x000002126a09e934: 0f1f 8400 | 243f 006d | ba45 ffff | ff48 8b6c | 2430 8944 | 2460 6690 

  0x000002126a09e94c: ;   {runtime_call UncommonTrapBlob}
  0x000002126a09e94c: c5f8 77e8 

  0x000002126a09e950: ; ImmutableOopMap {rbp=Oop [32]=Oop [40]=Oop [56]=NarrowOop [64]=Oop [72]=Oop }
                      ;*ifeq {reexecute=1 rethrow=0 return_oop=0}
                      ; - (reexecute) java.util.concurrent.ConcurrentHashMap::get@152
                      ; - java.lang.ClassLoader::getNamedPackage@5
                      ; - java.lang.ClassLoader::postDefineClass@9
                      ; - java.lang.ClassLoader::defineClass@37
                      ; - java.security.SecureClassLoader::defineClass@12
  0x000002126a09e950: 2c5a 84ff 

  0x000002126a09e954: ;   {other}
  0x000002126a09e954: 0f1f 8400 | 443f 006e | baf6 ffff | ff48 8b6c | 2420 6690 

  0x000002126a09e968: ;   {runtime_call UncommonTrapBlob}
  0x000002126a09e968: c5f8 77e8 

  0x000002126a09e96c: ; ImmutableOopMap {rbp=Oop [88]=Oop }
                      ;*invokevirtual putIfAbsent {reexecute=0 rethrow=0 return_oop=0}
                      ; - java.lang.ClassLoader::getNamedPackage@32
                      ; - java.lang.ClassLoader::postDefineClass@9
                      ; - java.lang.ClassLoader::defineClass@37
                      ; - java.security.SecureClassLoader::defineClass@12
  0x000002126a09e96c: 105a 84ff 

  0x000002126a09e970: ;   {other}
  0x000002126a09e970: 0f1f 8400 | 603f 006f | 488b e8ba | 54ff ffff | 4c8b 5424 | 484c 8954 | 2438 6690 

  0x000002126a09e98c: ;   {runtime_call UncommonTrapBlob}
  0x000002126a09e98c: c5f8 77e8 

  0x000002126a09e990: ; ImmutableOopMap {rbp=Oop [40]=Oop [48]=Oop [56]=Oop [80]=NarrowOop [88]=Oop }
                      ;*ifnull {reexecute=1 rethrow=0 return_oop=0}
                      ; - (reexecute) java.lang.ClassLoader::getNamedPackage@42
                      ; - java.lang.ClassLoader::postDefineClass@9
                      ; - java.lang.ClassLoader::defineClass@37
                      ; - java.security.SecureClassLoader::defineClass@12
  0x000002126a09e990: ec59 84ff 

  0x000002126a09e994: ;   {other}
  0x000002126a09e994: 0f1f 8400 | 843f 0070 | 498b d7c5 | f877 49ba | 20a4 d642 | ff7f 0000 

  0x000002126a09e9ac: ;   {other}
  0x000002126a09e9ac: 41ff d20f | 1f84 0000 | 0000 00e9 | 45dc ffff | 498b d7c5 | f877 49ba | 20a4 d642 | ff7f 0000 
  0x000002126a09e9cc: ;   {other}
  0x000002126a09e9cc: 41ff d20f | 1f84 0000 | 0000 00e9 | d1dc ffff | 498b d7c5 | f877 49ba | 20a4 d642 | ff7f 0000 
  0x000002126a09e9ec: ;   {other}
  0x000002126a09e9ec: 41ff d20f | 1f84 0000 | 0000 00e9 | 4fdd ffff | 498b d7c5 | f877 49ba | 20a4 d642 | ff7f 0000 
  0x000002126a09ea0c: ;   {other}
  0x000002126a09ea0c: 41ff d20f | 1f84 0000 | 0000 00e9 | d1dd ffff | 498b d7c5 | f877 49ba | 20a4 d642 | ff7f 0000 
  0x000002126a09ea2c: ;   {other}
  0x000002126a09ea2c: 41ff d20f | 1f84 0000 | 0000 00e9 | 41de ffff | 498b d7c5 | f877 49ba | 20a4 d642 | ff7f 0000 
  0x000002126a09ea4c: ;   {other}
  0x000002126a09ea4c: 41ff d20f | 1f84 0000 | 0000 00e9 | dbde ffff | 498b d7c5 | f877 49ba | 20a4 d642 | ff7f 0000 
  0x000002126a09ea6c: ;   {other}
  0x000002126a09ea6c: 41ff d20f | 1f84 0000 | 0000 00e9 | d3df ffff | 498b d7c5 | f877 49ba | 20a4 d642 | ff7f 0000 
  0x000002126a09ea8c: ;   {other}
  0x000002126a09ea8c: 41ff d20f | 1f84 0000 | 0000 00e9 | 68df ffff | ba37 0100 | 0048 8beb | 4c8b 5424 | 384c 8954 
  0x000002126a09eaac: 2428 6690 

  0x000002126a09eab0: ;   {runtime_call UncommonTrapBlob}
  0x000002126a09eab0: c5f8 77e8 

  0x000002126a09eab4: ; ImmutableOopMap {rbp=Oop [40]=Oop [48]=Oop }
                      ;*new {reexecute=0 rethrow=0 return_oop=0}
                      ; - java.lang.ClassLoader::preDefineClass@56
                      ; - java.lang.ClassLoader::defineClass@4
                      ; - java.security.SecureClassLoader::defineClass@12
  0x000002126a09eab4: c858 84ff 

  0x000002126a09eab8: ;   {other}
  0x000002126a09eab8: 0f1f 8400 | a840 0071 | bade ffff | ff48 8b6c | 2428 4c8b | 5424 304c | 8954 2420 | 4c8b 5424 
  0x000002126a09ead8: 384c 8954 | 2428 4889 | 4424 3890 

  0x000002126a09eae4: ;   {runtime_call UncommonTrapBlob}
  0x000002126a09eae4: c5f8 77e8 

  0x000002126a09eae8: ; ImmutableOopMap {rbp=Oop [32]=Oop [40]=Oop [56]=Oop }
                      ;*checkcast {reexecute=0 rethrow=0 return_oop=0}
                      ; - java.security.SecureClassLoader::getProtectionDomain@33
                      ; - java.security.SecureClassLoader::defineClass@9
  0x000002126a09eae8: 9458 84ff 

  0x000002126a09eaec: ;   {other}
  0x000002126a09eaec: 0f1f 8400 | dc40 0072 | bade ffff | ff48 8b6c | 2428 4c8b | 5424 384c | 8954 2428 | 448b 5424 
  0x000002126a09eb0c: 4044 8954 | 2438 448b | 5c24 4444 | 895c 243c | 4889 4424 | 5066 6690 

  0x000002126a09eb24: ;   {runtime_call UncommonTrapBlob}
  0x000002126a09eb24: c5f8 77e8 

  0x000002126a09eb28: ; ImmutableOopMap {rbp=Oop [40]=Oop [48]=Oop [72]=Oop [80]=Oop [144]=Oop }
                      ;*checkcast {reexecute=0 rethrow=0 return_oop=0}
                      ; - java.lang.ClassLoader::checkCerts@65
                      ; - java.lang.ClassLoader::preDefineClass@113
                      ; - java.lang.ClassLoader::defineClass@4
                      ; - java.security.SecureClassLoader::defineClass@12
  0x000002126a09eb28: 5458 84ff 

  0x000002126a09eb2c: ;   {other}
  0x000002126a09eb2c: 0f1f 8400 | 1c41 0073 | baf6 ffff | ff49 8be8 | 4c89 4c24 | 2066 6690 

  0x000002126a09eb44: ;   {runtime_call UncommonTrapBlob}
  0x000002126a09eb44: c5f8 77e8 

  0x000002126a09eb48: ; ImmutableOopMap {rbp=Oop [32]=Oop }
                      ;*invokeinterface computeIfAbsent {reexecute=0 rethrow=0 return_oop=0}
                      ; - java.security.SecureClassLoader::getProtectionDomain@28
                      ; - java.security.SecureClassLoader::defineClass@9
  0x000002126a09eb48: 3458 84ff 

  0x000002126a09eb4c: ;   {other}
  0x000002126a09eb4c: 0f1f 8400 | 3c41 0074 | baf4 ffff | ff48 8b6c | 2428 4c8b | 5424 304c | 8954 2420 

  0x000002126a09eb68: ;   {runtime_call UncommonTrapBlob}
  0x000002126a09eb68: c5f8 77e8 

  0x000002126a09eb6c: ; ImmutableOopMap {rbp=Oop [32]=Oop [56]=Oop }
                      ;*checkcast {reexecute=0 rethrow=0 return_oop=0}
                      ; - java.security.SecureClassLoader::getProtectionDomain@33
                      ; - java.security.SecureClassLoader::defineClass@9
  0x000002126a09eb6c: 1058 84ff 

  0x000002126a09eb70: ;   {other}
  0x000002126a09eb70: 0f1f 8400 | 6041 0075 | baf6 ffff | ff66 6690 

  0x000002126a09eb80: ;   {runtime_call UncommonTrapBlob}
  0x000002126a09eb80: c5f8 77e8 

  0x000002126a09eb84: ; ImmutableOopMap {}
                      ;*arraylength {reexecute=0 rethrow=0 return_oop=0}
                      ; - java.lang.String::isEmpty@4
                      ; - java.lang.ClassLoader::checkName@5
                      ; - java.lang.ClassLoader::preDefineClass@1
                      ; - java.lang.ClassLoader::defineClass@4
                      ; - java.security.SecureClassLoader::defineClass@12
  0x000002126a09eb84: f857 84ff 

  0x000002126a09eb88: ;   {other}
  0x000002126a09eb88: 0f1f 8400 | 7841 0076 | baf6 ffff | ff66 6690 

  0x000002126a09eb98: ;   {runtime_call UncommonTrapBlob}
  0x000002126a09eb98: c5f8 77e8 

  0x000002126a09eb9c: ; ImmutableOopMap {}
                      ;*arraylength {reexecute=0 rethrow=0 return_oop=0}
                      ; - java.lang.AbstractStringBuilder::ensureCapacityInternal@4
                      ; - java.lang.AbstractStringBuilder::append@7
                      ; - java.lang.StringBuilder::append@2
                      ; - java.net.URLStreamHandler::toExternalForm@16
                      ; - java.net.URL::toExternalForm@5
                      ; - java.net.URL::toString@1
                      ; - java.lang.ClassLoader::defineClassSourceLocation@22
                      ; - java.lang.ClassLoader::defineClass@12
                      ; - java.security.SecureClassLoader::defineClass@12
  0x000002126a09eb9c: e057 84ff 

  0x000002126a09eba0: ;   {other}
  0x000002126a09eba0: 0f1f 8400 | 9041 0077 | baf6 ffff | ff66 6690 

  0x000002126a09ebb0: ;   {runtime_call UncommonTrapBlob}
  0x000002126a09ebb0: c5f8 77e8 

  0x000002126a09ebb4: ; ImmutableOopMap {}
                      ;*arraylength {reexecute=0 rethrow=0 return_oop=0}
                      ; - java.lang.AbstractStringBuilder::ensureCapacityInternal@4
                      ; - java.lang.AbstractStringBuilder::append@21
                      ; - java.lang.StringBuilder::append@2
                      ; - java.net.URLStreamHandler::toExternalForm@59
                      ; - java.net.URL::toExternalForm@5
                      ; - java.net.URL::toString@1
                      ; - java.lang.ClassLoader::defineClassSourceLocation@22
                      ; - java.lang.ClassLoader::defineClass@12
                      ; - java.security.SecureClassLoader::defineClass@12
  0x000002126a09ebb4: c857 84ff 

  0x000002126a09ebb8: ;   {other}
  0x000002126a09ebb8: 0f1f 8400 | a841 0078 | baf6 ffff | ff41 8bea 

  0x000002126a09ebc8: ;   {runtime_call UncommonTrapBlob}
  0x000002126a09ebc8: c5f8 77e8 

  0x000002126a09ebcc: ; ImmutableOopMap {}
                      ;*invokestatic arraycopy {reexecute=0 rethrow=0 return_oop=0}
                      ; - java.lang.String::getBytes@22
                      ; - java.lang.AbstractStringBuilder::putStringAt@15
                      ; - java.lang.AbstractStringBuilder::append@30
                      ; - java.lang.StringBuilder::append@2
                      ; - java.net.URLStreamHandler::toExternalForm@59
                      ; - java.net.URL::toExternalForm@5
                      ; - java.net.URL::toString@1
                      ; - java.lang.ClassLoader::defineClassSourceLocation@22
                      ; - java.lang.ClassLoader::defineClass@12
                      ; - java.security.SecureClassLoader::defineClass@12
  0x000002126a09ebcc: b057 84ff 

  0x000002126a09ebd0: ;   {other}
  0x000002126a09ebd0: 0f1f 8400 | c041 0079 | baf6 ffff | ff66 6690 

  0x000002126a09ebe0: ;   {runtime_call UncommonTrapBlob}
  0x000002126a09ebe0: c5f8 77e8 

  0x000002126a09ebe4: ; ImmutableOopMap {}
                      ;*arraylength {reexecute=0 rethrow=0 return_oop=0}
                      ; - java.lang.String::length@4
                      ; - java.lang.AbstractStringBuilder::append@10
                      ; - java.lang.StringBuilder::append@2
                      ; - java.net.URLStreamHandler::toExternalForm@77
                      ; - java.net.URL::toExternalForm@5
                      ; - java.net.URL::toString@1
                      ; - java.lang.ClassLoader::defineClassSourceLocation@22
                      ; - java.lang.ClassLoader::defineClass@12
                      ; - java.security.SecureClassLoader::defineClass@12
  0x000002126a09ebe4: 9857 84ff 

  0x000002126a09ebe8: ;   {other}
  0x000002126a09ebe8: 0f1f 8400 | d841 007a | baf6 ffff | ff66 6690 

  0x000002126a09ebf8: ;   {runtime_call UncommonTrapBlob}
  0x000002126a09ebf8: c5f8 77e8 

  0x000002126a09ebfc: ; ImmutableOopMap {}
                      ;*arraylength {reexecute=0 rethrow=0 return_oop=0}
                      ; - java.lang.AbstractStringBuilder::ensureCapacityInternal@4
                      ; - java.lang.AbstractStringBuilder::append@21
                      ; - java.lang.StringBuilder::append@2
                      ; - java.net.URLStreamHandler::toExternalForm@77
                      ; - java.net.URL::toExternalForm@5
                      ; - java.net.URL::toString@1
                      ; - java.lang.ClassLoader::defineClassSourceLocation@22
                      ; - java.lang.ClassLoader::defineClass@12
                      ; - java.security.SecureClassLoader::defineClass@12
  0x000002126a09ebfc: 8057 84ff 

  0x000002126a09ec00: ;   {other}
  0x000002126a09ec00: 0f1f 8400 | f041 007b | baf6 ffff | ff66 6690 

  0x000002126a09ec10: ;   {runtime_call UncommonTrapBlob}
  0x000002126a09ec10: c5f8 77e8 

  0x000002126a09ec14: ; ImmutableOopMap {}
                      ;*arraylength {reexecute=0 rethrow=0 return_oop=0}
                      ; - java.lang.String::getBytes@21
                      ; - java.lang.AbstractStringBuilder::putStringAt@15
                      ; - java.lang.AbstractStringBuilder::append@30
                      ; - java.lang.StringBuilder::append@2
                      ; - java.net.URLStreamHandler::toExternalForm@77
                      ; - java.net.URL::toExternalForm@5
                      ; - java.net.URL::toString@1
                      ; - java.lang.ClassLoader::defineClassSourceLocation@22
                      ; - java.lang.ClassLoader::defineClass@12
                      ; - java.security.SecureClassLoader::defineClass@12
  0x000002126a09ec14: 6857 84ff 

  0x000002126a09ec18: ;   {other}
  0x000002126a09ec18: 0f1f 8400 | 0842 007c | baf6 ffff | ff89 4c24 | 2044 8944 | 2424 6690 

  0x000002126a09ec30: ;   {runtime_call UncommonTrapBlob}
  0x000002126a09ec30: c5f8 77e8 

  0x000002126a09ec34: ; ImmutableOopMap {[32]=NarrowOop }
                      ;*invokestatic arraycopy {reexecute=0 rethrow=0 return_oop=0}
                      ; - java.lang.String::getBytes@22
                      ; - java.lang.AbstractStringBuilder::putStringAt@15
                      ; - java.lang.AbstractStringBuilder::append@30
                      ; - java.lang.StringBuilder::append@2
                      ; - java.net.URLStreamHandler::toExternalForm@77
                      ; - java.net.URL::toExternalForm@5
                      ; - java.net.URL::toString@1
                      ; - java.lang.ClassLoader::defineClassSourceLocation@22
                      ; - java.lang.ClassLoader::defineClass@12
                      ; - java.security.SecureClassLoader::defineClass@12
  0x000002126a09ec34: 4857 84ff 

  0x000002126a09ec38: ;   {other}
  0x000002126a09ec38: 0f1f 8400 | 2842 007d | baf6 ffff | ff66 6690 

  0x000002126a09ec48: ;   {runtime_call UncommonTrapBlob}
  0x000002126a09ec48: c5f8 77e8 

  0x000002126a09ec4c: ; ImmutableOopMap {}
                      ;*arraylength {reexecute=0 rethrow=0 return_oop=0}
                      ; - java.lang.AbstractStringBuilder::ensureCapacityInternal@4
                      ; - java.lang.AbstractStringBuilder::append@21
                      ; - java.lang.StringBuilder::append@2
                      ; - java.net.URLStreamHandler::toExternalForm@113
                      ; - java.net.URL::toExternalForm@5
                      ; - java.net.URL::toString@1
                      ; - java.lang.ClassLoader::defineClassSourceLocation@22
                      ; - java.lang.ClassLoader::defineClass@12
                      ; - java.security.SecureClassLoader::defineClass@12
  0x000002126a09ec4c: 3057 84ff 

  0x000002126a09ec50: ;   {other}
  0x000002126a09ec50: 0f1f 8400 | 4042 007e | baf6 ffff | ff41 8bea 

  0x000002126a09ec60: ;   {runtime_call UncommonTrapBlob}
  0x000002126a09ec60: c5f8 77e8 

  0x000002126a09ec64: ; ImmutableOopMap {}
                      ;*invokestatic arraycopy {reexecute=0 rethrow=0 return_oop=0}
                      ; - java.lang.String::getBytes@22
                      ; - java.lang.AbstractStringBuilder::putStringAt@15
                      ; - java.lang.AbstractStringBuilder::append@30
                      ; - java.lang.StringBuilder::append@2
                      ; - java.net.URLStreamHandler::toExternalForm@113
                      ; - java.net.URL::toExternalForm@5
                      ; - java.net.URL::toString@1
                      ; - java.lang.ClassLoader::defineClassSourceLocation@22
                      ; - java.lang.ClassLoader::defineClass@12
                      ; - java.security.SecureClassLoader::defineClass@12
  0x000002126a09ec64: 1857 84ff 

  0x000002126a09ec68: ;   {other}
  0x000002126a09ec68: 0f1f 8400 | 5842 007f | baf6 ffff | ff66 6690 

  0x000002126a09ec78: ;   {runtime_call UncommonTrapBlob}
  0x000002126a09ec78: c5f8 77e8 

  0x000002126a09ec7c: ; ImmutableOopMap {}
                      ;*arraylength {reexecute=0 rethrow=0 return_oop=0}
                      ; - java.lang.AbstractStringBuilder::ensureCapacityInternal@4
                      ; - java.lang.AbstractStringBuilder::append@21
                      ; - java.lang.StringBuilder::append@2
                      ; - java.net.URLStreamHandler::toExternalForm@149
                      ; - java.net.URL::toExternalForm@5
                      ; - java.net.URL::toString@1
                      ; - java.lang.ClassLoader::defineClassSourceLocation@22
                      ; - java.lang.ClassLoader::defineClass@12
                      ; - java.security.SecureClassLoader::defineClass@12
  0x000002126a09ec7c: 0057 84ff 

  0x000002126a09ec80: ;   {other}
  0x000002126a09ec80: 0f1f 8400 | 7042 0080 | baf6 ffff | ff41 8be8 

  0x000002126a09ec90: ;   {runtime_call UncommonTrapBlob}
  0x000002126a09ec90: c5f8 77e8 

  0x000002126a09ec94: ; ImmutableOopMap {}
                      ;*invokestatic arraycopy {reexecute=0 rethrow=0 return_oop=0}
                      ; - java.lang.String::getBytes@22
                      ; - java.lang.AbstractStringBuilder::putStringAt@15
                      ; - java.lang.AbstractStringBuilder::append@30
                      ; - java.lang.StringBuilder::append@2
                      ; - java.net.URLStreamHandler::toExternalForm@149
                      ; - java.net.URL::toExternalForm@5
                      ; - java.net.URL::toString@1
                      ; - java.lang.ClassLoader::defineClassSourceLocation@22
                      ; - java.lang.ClassLoader::defineClass@12
                      ; - java.security.SecureClassLoader::defineClass@12
  0x000002126a09ec94: e856 84ff 

  0x000002126a09ec98: ;   {other}
  0x000002126a09ec98: 0f1f 8400 | 8842 0081 | baf6 ffff | ff66 6690 

  0x000002126a09eca8: ;   {runtime_call UncommonTrapBlob}
  0x000002126a09eca8: c5f8 77e8 

  0x000002126a09ecac: ; ImmutableOopMap {}
                      ;*arraylength {reexecute=0 rethrow=0 return_oop=0}
                      ; - java.util.Arrays::copyOfRange@6
                      ; - java.lang.String::<init>@32
                      ; - java.lang.String::<init>@3
                      ; - java.lang.StringBuilder::toString@5
                      ; - java.net.URLStreamHandler::toExternalForm@152
                      ; - java.net.URL::toExternalForm@5
                      ; - java.net.URL::toString@1
                      ; - java.lang.ClassLoader::defineClassSourceLocation@22
                      ; - java.lang.ClassLoader::defineClass@12
                      ; - java.security.SecureClassLoader::defineClass@12
  0x000002126a09ecac: d056 84ff 

  0x000002126a09ecb0: ;   {other}
  0x000002126a09ecb0: 0f1f 8400 | a042 0082 | baf6 ffff | ff66 6690 

  0x000002126a09ecc0: ;   {runtime_call UncommonTrapBlob}
  0x000002126a09ecc0: c5f8 77e8 

  0x000002126a09ecc4: ; ImmutableOopMap {}
                      ;*invokevirtual getPackageName {reexecute=0 rethrow=0 return_oop=0}
                      ; - java.lang.ClassLoader::postDefineClass@2
                      ; - java.lang.ClassLoader::defineClass@37
                      ; - java.security.SecureClassLoader::defineClass@12
  0x000002126a09ecc4: b856 84ff 

  0x000002126a09ecc8: ;   {other}
  0x000002126a09ecc8: 0f1f 8400 | b842 0083 | baf6 ffff | ff66 6690 

  0x000002126a09ecd8: ;   {runtime_call UncommonTrapBlob}
  0x000002126a09ecd8: c5f8 77e8 

  0x000002126a09ecdc: ; ImmutableOopMap {}
                      ;*invokevirtual hashCode {reexecute=0 rethrow=0 return_oop=0}
                      ; - java.util.concurrent.ConcurrentHashMap::get@1
                      ; - java.lang.ClassLoader::getNamedPackage@5
                      ; - java.lang.ClassLoader::postDefineClass@9
                      ; - java.lang.ClassLoader::defineClass@37
                      ; - java.security.SecureClassLoader::defineClass@12
  0x000002126a09ecdc: a056 84ff 

  0x000002126a09ece0: ;   {other}
  0x000002126a09ece0: 0f1f 8400 | d042 0084 | baf6 ffff | ff66 6690 

  0x000002126a09ecf0: ;   {runtime_call UncommonTrapBlob}
  0x000002126a09ecf0: c5f8 77e8 

  0x000002126a09ecf4: ; ImmutableOopMap {}
                      ;*arraylength {reexecute=0 rethrow=0 return_oop=0}
                      ; - java.lang.String::length@4
                      ; - java.lang.AbstractStringBuilder::append@10
                      ; - java.lang.StringBuilder::append@2
                      ; - java.net.URLStreamHandler::toExternalForm@11
                      ; - java.net.URL::toExternalForm@5
                      ; - java.net.URL::toString@1
                      ; - java.lang.ClassLoader::defineClassSourceLocation@22
                      ; - java.lang.ClassLoader::defineClass@12
                      ; - java.security.SecureClassLoader::defineClass@12
  0x000002126a09ecf4: 8856 84ff 

  0x000002126a09ecf8: ;   {other}
  0x000002126a09ecf8: 0f1f 8400 | e842 0085 | baf6 ffff | ff66 6690 

  0x000002126a09ed08: ;   {runtime_call UncommonTrapBlob}
  0x000002126a09ed08: c5f8 77e8 

  0x000002126a09ed0c: ; ImmutableOopMap {}
                      ;*arraylength {reexecute=0 rethrow=0 return_oop=0}
                      ; - java.lang.AbstractStringBuilder::ensureCapacityInternal@4
                      ; - java.lang.AbstractStringBuilder::append@21
                      ; - java.lang.StringBuilder::append@2
                      ; - java.net.URLStreamHandler::toExternalForm@11
                      ; - java.net.URL::toExternalForm@5
                      ; - java.net.URL::toString@1
                      ; - java.lang.ClassLoader::defineClassSourceLocation@22
                      ; - java.lang.ClassLoader::defineClass@12
                      ; - java.security.SecureClassLoader::defineClass@12
  0x000002126a09ed0c: 7056 84ff 

  0x000002126a09ed10: ;   {other}
  0x000002126a09ed10: 0f1f 8400 | 0043 0086 | baf6 ffff | ff66 6690 

  0x000002126a09ed20: ;   {runtime_call UncommonTrapBlob}
  0x000002126a09ed20: c5f8 77e8 

  0x000002126a09ed24: ; ImmutableOopMap {}
                      ;*arraylength {reexecute=0 rethrow=0 return_oop=0}
                      ; - java.lang.String::getBytes@21
                      ; - java.lang.AbstractStringBuilder::putStringAt@15
                      ; - java.lang.AbstractStringBuilder::append@30
                      ; - java.lang.StringBuilder::append@2
                      ; - java.net.URLStreamHandler::toExternalForm@11
                      ; - java.net.URL::toExternalForm@5
                      ; - java.net.URL::toString@1
                      ; - java.lang.ClassLoader::defineClassSourceLocation@22
                      ; - java.lang.ClassLoader::defineClass@12
                      ; - java.security.SecureClassLoader::defineClass@12
  0x000002126a09ed24: 5856 84ff 

  0x000002126a09ed28: ;   {other}
  0x000002126a09ed28: 0f1f 8400 | 1843 0087 | baf6 ffff | ff89 4424 | 2044 895c | 2424 6690 

  0x000002126a09ed40: ;   {runtime_call UncommonTrapBlob}
  0x000002126a09ed40: c5f8 77e8 

  0x000002126a09ed44: ; ImmutableOopMap {[32]=NarrowOop }
                      ;*invokestatic arraycopy {reexecute=0 rethrow=0 return_oop=0}
                      ; - java.lang.String::getBytes@22
                      ; - java.lang.AbstractStringBuilder::putStringAt@15
                      ; - java.lang.AbstractStringBuilder::append@30
                      ; - java.lang.StringBuilder::append@2
                      ; - java.net.URLStreamHandler::toExternalForm@11
                      ; - java.net.URL::toExternalForm@5
                      ; - java.net.URL::toString@1
                      ; - java.lang.ClassLoader::defineClassSourceLocation@22
                      ; - java.lang.ClassLoader::defineClass@12
                      ; - java.security.SecureClassLoader::defineClass@12
  0x000002126a09ed44: 3856 84ff 

  0x000002126a09ed48: ;   {other}
  0x000002126a09ed48: 0f1f 8400 | 3843 0088 | baf6 ffff | ff66 6690 

  0x000002126a09ed58: ;   {runtime_call UncommonTrapBlob}
  0x000002126a09ed58: c5f8 77e8 

  0x000002126a09ed5c: ; ImmutableOopMap {}
                      ;*bastore {reexecute=0 rethrow=0 return_oop=0}
                      ; - java.lang.AbstractStringBuilder::append@41
                      ; - java.lang.StringBuilder::append@2
                      ; - java.net.URLStreamHandler::toExternalForm@16
                      ; - java.net.URL::toExternalForm@5
                      ; - java.net.URL::toString@1
                      ; - java.lang.ClassLoader::defineClassSourceLocation@22
                      ; - java.lang.ClassLoader::defineClass@12
                      ; - java.security.SecureClassLoader::defineClass@12
  0x000002126a09ed5c: 2056 84ff 

  0x000002126a09ed60: ;   {other}
  0x000002126a09ed60: 0f1f 8400 | 5043 0089 | 4d85 d244 | 8b5c 2420 | 410f 94c3 | ba45 ffff | ff4c 8b54 | 2448 4c89 
  0x000002126a09ed80: 5424 3848 | 8944 2440 | 4489 5c24 | 4866 6690 

  0x000002126a09ed90: ;   {runtime_call UncommonTrapBlob}
  0x000002126a09ed90: c5f8 77e8 

  0x000002126a09ed94: ; ImmutableOopMap {[40]=Oop [48]=Oop [56]=Oop [64]=Oop }
                      ;*ifeq {reexecute=1 rethrow=0 return_oop=0}
                      ; - (reexecute) java.lang.Class::getPackageName@29
                      ; - java.lang.ClassLoader::postDefineClass@2
                      ; - java.lang.ClassLoader::defineClass@37
                      ; - java.security.SecureClassLoader::defineClass@12
  0x000002126a09ed94: e855 84ff 

  0x000002126a09ed98: ;   {other}
  0x000002126a09ed98: 0f1f 8400 | 8843 008a | baf6 ffff | ff66 6690 

  0x000002126a09eda8: ;   {runtime_call UncommonTrapBlob}
  0x000002126a09eda8: c5f8 77e8 

  0x000002126a09edac: ; ImmutableOopMap {}
                      ;*arraylength {reexecute=0 rethrow=0 return_oop=0}
                      ; - java.lang.String::length@4
                      ; - java.lang.String::lastIndexOf@3
                      ; - java.lang.Class::getPackageName@47
                      ; - java.lang.ClassLoader::postDefineClass@2
                      ; - java.lang.ClassLoader::defineClass@37
                      ; - java.security.SecureClassLoader::defineClass@12
  0x000002126a09edac: d055 84ff 

  0x000002126a09edb0: ;   {other}
  0x000002126a09edb0: 0f1f 8400 | a043 008b | ba45 ffff | ff48 8b6c | 2428 4c8b | 5424 304c | 8954 2420 

  0x000002126a09edcc: ;   {runtime_call UncommonTrapBlob}
  0x000002126a09edcc: c5f8 77e8 

  0x000002126a09edd0: ; ImmutableOopMap {rbp=Oop [32]=Oop [56]=Oop [144]=Oop }
                      ;*ifnull {reexecute=1 rethrow=0 return_oop=0}
                      ; - (reexecute) java.lang.ClassLoader::checkName@1
                      ; - java.lang.ClassLoader::preDefineClass@1
                      ; - java.lang.ClassLoader::defineClass@4
                      ; - java.security.SecureClassLoader::defineClass@12
  0x000002126a09edd0: ac55 84ff 

  0x000002126a09edd4: ;   {other}
  0x000002126a09edd4: 0f1f 8400 | c443 008c | ba45 ffff | ff48 8b6c | 2428 4c8b | 5424 384c | 8954 2428 | 448b 5c24 
  0x000002126a09edf4: 4044 895c | 2438 448b | 5424 4444 | 8954 243c | 4889 5c24 | 484c 896c | 2458 4489 | 7424 5490 
  0x000002126a09ee14: ;   {runtime_call UncommonTrapBlob}
  0x000002126a09ee14: c5f8 77e8 

  0x000002126a09ee18: ; ImmutableOopMap {rbp=Oop [40]=Oop [48]=Oop [72]=Oop [84]=NarrowOop [88]=Oop [144]=Oop }
                      ;*ifnull {reexecute=1 rethrow=0 return_oop=0}
                      ; - (reexecute) java.lang.ClassLoader::checkCerts@30
                      ; - java.lang.ClassLoader::preDefineClass@113
                      ; - java.lang.ClassLoader::defineClass@4
                      ; - java.security.SecureClassLoader::defineClass@12
  0x000002126a09ee18: 6455 84ff 

  0x000002126a09ee1c: ;   {other}
  0x000002126a09ee1c: 0f1f 8400 | 0c44 008d | ba45 ffff | ff48 8b6c | 2428 4c8b | 5c24 304c | 895c 2420 | 4c8b 5c24 
  0x000002126a09ee3c: 384c 895c | 2428 448b | 4424 4044 | 8944 2430 | 448b 5c24 | 4444 895c | 2434 4489 | 5424 4490 
  0x000002126a09ee5c: ;   {runtime_call UncommonTrapBlob}
  0x000002126a09ee5c: c5f8 77e8 

  0x000002126a09ee60: ; ImmutableOopMap {rbp=Oop [32]=Oop [40]=Oop [68]=NarrowOop [144]=Oop }
                      ;*ifnull {reexecute=1 rethrow=0 return_oop=0}
                      ; - (reexecute) java.lang.ClassLoader::defineClassSourceLocation@8
                      ; - java.lang.ClassLoader::defineClass@12
                      ; - java.security.SecureClassLoader::defineClass@12
  0x000002126a09ee60: 1c55 84ff 

  0x000002126a09ee64: ;   {other}
  0x000002126a09ee64: 0f1f 8400 | 5444 008e | ba45 ffff | ff48 8b6c | 2428 4c8b | 5424 304c | 8954 2420 | 4c8b 5424 
  0x000002126a09ee84: 384c 8954 | 2428 448b | 5c24 4044 | 895c 2430 | 448b 5424 | 4444 8954 | 2434 4c89 | 6c24 3889 
  0x000002126a09eea4: 5c24 4048 | 8974 2448 | 4489 4c24 | 5066 6690 

  0x000002126a09eeb4: ;   {runtime_call UncommonTrapBlob}
  0x000002126a09eeb4: c5f8 77e8 

  0x000002126a09eeb8: ; ImmutableOopMap {rbp=Oop [32]=Oop [40]=Oop [56]=Oop [64]=NarrowOop [72]=Oop [80]=NarrowOop }
                      ;*ifnull {reexecute=1 rethrow=0 return_oop=0}
                      ; - (reexecute) java.net.URLStreamHandler::toExternalForm@68
                      ; - java.net.URL::toExternalForm@5
                      ; - java.net.URL::toString@1
                      ; - java.lang.ClassLoader::defineClassSourceLocation@22
                      ; - java.lang.ClassLoader::defineClass@12
                      ; - java.security.SecureClassLoader::defineClass@12
  0x000002126a09eeb8: c454 84ff 

  0x000002126a09eebc: ;   {other}
  0x000002126a09eebc: 0f1f 8400 | ac44 008f | ba45 ffff | ff48 8b6c | 2430 4489 | 5c24 2090 

  0x000002126a09eed4: ;   {runtime_call UncommonTrapBlob}
  0x000002126a09eed4: c5f8 77e8 

  0x000002126a09eed8: ; ImmutableOopMap {rbp=Oop [32]=NarrowOop }
                      ;*ifnull {reexecute=1 rethrow=0 return_oop=0}
                      ; - (reexecute) java.lang.ClassLoader::postDefineClass@17
                      ; - java.lang.ClassLoader::defineClass@37
                      ; - java.security.SecureClassLoader::defineClass@12
  0x000002126a09eed8: a454 84ff 

  0x000002126a09eedc: ;   {other}
  0x000002126a09eedc: 0f1f 8400 | cc44 0090 | ba45 ffff | ff4c 8b5c | 2448 4c89 | 5c24 3844 | 894c 2450 | 4c89 6c24 
  0x000002126a09eefc: 5844 8944 | 2454 4489 | 5424 6090 

  0x000002126a09ef08: ;   {runtime_call UncommonTrapBlob}
  0x000002126a09ef08: c5f8 77e8 

  0x000002126a09ef0c: ; ImmutableOopMap {rbp=NarrowOop [40]=Oop [48]=Oop [56]=Oop [80]=NarrowOop [84]=NarrowOop [88]=Oop }
                      ;*ifnull {reexecute=1 rethrow=0 return_oop=0}
                      ; - (reexecute) java.util.concurrent.ConcurrentHashMap::get@67
                      ; - java.lang.ClassLoader::getNamedPackage@5
                      ; - java.lang.ClassLoader::postDefineClass@9
                      ; - java.lang.ClassLoader::defineClass@37
                      ; - java.security.SecureClassLoader::defineClass@12
  0x000002126a09ef0c: 7054 84ff 

  0x000002126a09ef10: ;   {other}
  0x000002126a09ef10: 0f1f 8400 | 0045 0091 | baf6 ffff | ff66 6690 

  0x000002126a09ef20: ;   {runtime_call UncommonTrapBlob}
  0x000002126a09ef20: c5f8 77e8 

  0x000002126a09ef24: ; ImmutableOopMap {}
                      ;*arraylength {reexecute=0 rethrow=0 return_oop=0}
                      ; - java.lang.String::isEmpty@4
                      ; - java.net.URLStreamHandler::toExternalForm@29
                      ; - java.net.URL::toExternalForm@5
                      ; - java.net.URL::toString@1
                      ; - java.lang.ClassLoader::defineClassSourceLocation@22
                      ; - java.lang.ClassLoader::defineClass@12
                      ; - java.security.SecureClassLoader::defineClass@12
  0x000002126a09ef24: 5854 84ff 

  0x000002126a09ef28: ;   {other}
  0x000002126a09ef28: 0f1f 8400 | 1845 0092 | eb58 eb56 | eb54 eb52 | eb50 eb4e | eb4c eb4a | eb48 eb46 | eb44 eb42 
  0x000002126a09ef48: eb40 eb3e | eb3c eb3a | eb38 eb36 | eb34 eb32 | eb30 eb2e | eb2c eb2a | eb28 eb26 | eb24 eb22 
  0x000002126a09ef68: eb20 eb1e | eb1c eb1a | eb18 eb16 | eb14 eb12 | eb10 eb0e | eb0c eb0a | eb08 eb06 | eb04 eb02 
  0x000002126a09ef88: eb00 488b | d0e9 f3d5 | ffff ba97 | ffff ff44 | 8b5c 2440 | 4489 5c24 | 2066 6690 

  0x000002126a09efa4: ;   {runtime_call UncommonTrapBlob}
  0x000002126a09efa4: c5f8 77e8 

  0x000002126a09efa8: ; ImmutableOopMap {rbp=Oop [36]=NarrowOop [40]=Oop [48]=Oop [56]=Oop [72]=Oop }
                      ;*invokevirtual clone {reexecute=1 rethrow=0 return_oop=0}
                      ; - (reexecute) java.util.Arrays::copyOfRange@18
                      ; - java.lang.String::<init>@32
                      ; - java.lang.String::<init>@3
                      ; - java.lang.StringBuilder::toString@5
                      ; - java.net.URLStreamHandler::toExternalForm@152
                      ; - java.net.URL::toExternalForm@5
                      ; - java.net.URL::toString@1
                      ; - java.lang.ClassLoader::defineClassSourceLocation@22
                      ; - java.lang.ClassLoader::defineClass@12
                      ; - java.security.SecureClassLoader::defineClass@12
  0x000002126a09efa8: d453 84ff 

  0x000002126a09efac: ;   {other}
  0x000002126a09efac: 0f1f 8400 | 9c45 0093 | ba97 ffff | ff44 8b54 | 2440 4489 | 5424 204c | 8b54 2458 | 4c89 5424 
  0x000002126a09efcc: 5066 6690 

  0x000002126a09efd0: ;   {runtime_call UncommonTrapBlob}
  0x000002126a09efd0: c5f8 77e8 

  0x000002126a09efd4: ; ImmutableOopMap {rbp=NarrowOop [36]=NarrowOop [40]=Oop [48]=Oop [56]=Oop [80]=Oop [96]=Oop [144]=Oop }
                      ;*invokevirtual clone {reexecute=1 rethrow=0 return_oop=0}
                      ; - (reexecute) java.util.Arrays::copyOfRange@18
                      ; - java.lang.StringLatin1::newString@16
                      ; - java.lang.String::substring@41
                      ; - java.lang.ClassLoader::checkCerts@21
                      ; - java.lang.ClassLoader::preDefineClass@113
                      ; - java.lang.ClassLoader::defineClass@4
                      ; - java.security.SecureClassLoader::defineClass@12
  0x000002126a09efd4: a853 84ff 

  0x000002126a09efd8: ;   {other}
  0x000002126a09efd8: 0f1f 8400 | c845 0094 | ba97 ffff | ff8b 6c24 | 384c 8b54 | 2448 4c89 | 5424 3890 

  0x000002126a09eff4: ;   {runtime_call UncommonTrapBlob}
  0x000002126a09eff4: c5f8 77e8 

  0x000002126a09eff8: ; ImmutableOopMap {rbp=NarrowOop [32]=Oop [40]=Oop [56]=Oop [64]=Oop }
                      ;*invokevirtual clone {reexecute=1 rethrow=0 return_oop=0}
                      ; - (reexecute) java.util.Arrays::copyOfRange@18
                      ; - java.lang.StringLatin1::newString@16
                      ; - java.lang.String::substring@41
                      ; - java.lang.Class::getPackageName@62
                      ; - java.lang.ClassLoader::postDefineClass@2
                      ; - java.lang.ClassLoader::defineClass@37
                      ; - java.security.SecureClassLoader::defineClass@12
  0x000002126a09eff8: 8453 84ff 

  0x000002126a09effc: ;   {other}
  0x000002126a09effc: 0f1f 8400 | ec45 0095 

  0x000002126a09f004: ;   {internal_word}
  0x000002126a09f004: 49ba 79c2 | 096a 1202 | 0000 4d89 | 9768 0400 

  0x000002126a09f014: ;   {runtime_call SafepointBlob}
  0x000002126a09f014: 00e9 6664 

  0x000002126a09f018: ;   {runtime_call StubRoutines (final stubs)}
  0x000002126a09f018: 84ff e881 | 7482 ffe9 | fabf ffff | f4f4 f4f4 
[Stub Code]
  0x000002126a09f028: ;   {no_reloc}
  0x000002126a09f028: 48bb 0000 | 0000 0000 

  0x000002126a09f030: ;   {runtime_call nmethod}
  0x000002126a09f030: 0000 e9fb 

  0x000002126a09f034: ;   {static_stub}
  0x000002126a09f034: ffff ff48 | bb00 0000 | 0000 0000 

  0x000002126a09f040: ;   {runtime_call nmethod}
  0x000002126a09f040: 00e9 fbff 

  0x000002126a09f044: ;   {static_stub}
  0x000002126a09f044: ffff 48bb | 0000 0000 | 0000 0000 

  0x000002126a09f050: ;   {runtime_call nmethod}
  0x000002126a09f050: e9fb ffff 

  0x000002126a09f054: ;   {static_stub}
  0x000002126a09f054: ff48 bb00 | 0000 0000 

  0x000002126a09f05c: ;   {runtime_call nmethod}
  0x000002126a09f05c: 0000 00e9 | fbff ffff 

  0x000002126a09f064: ;   {static_stub}
  0x000002126a09f064: 48bb 0000 | 0000 0000 

  0x000002126a09f06c: ;   {runtime_call nmethod}
  0x000002126a09f06c: 0000 e9fb 

  0x000002126a09f070: ;   {static_stub}
  0x000002126a09f070: ffff ff48 | bb00 0000 | 0000 0000 

  0x000002126a09f07c: ;   {runtime_call nmethod}
  0x000002126a09f07c: 00e9 fbff 

  0x000002126a09f080: ;   {static_stub}
  0x000002126a09f080: ffff 48bb | 0000 0000 | 0000 0000 

  0x000002126a09f08c: ;   {runtime_call nmethod}
  0x000002126a09f08c: e9fb ffff 

  0x000002126a09f090: ;   {static_stub}
  0x000002126a09f090: ff48 bb00 | 0000 0000 

  0x000002126a09f098: ;   {runtime_call nmethod}
  0x000002126a09f098: 0000 00e9 | fbff ffff 

  0x000002126a09f0a0: ;   {static_stub}
  0x000002126a09f0a0: 48bb 0000 | 0000 0000 

  0x000002126a09f0a8: ;   {runtime_call nmethod}
  0x000002126a09f0a8: 0000 e9fb 

  0x000002126a09f0ac: ;   {static_stub}
  0x000002126a09f0ac: ffff ff48 | bb00 0000 | 0000 0000 

  0x000002126a09f0b8: ;   {runtime_call nmethod}
  0x000002126a09f0b8: 00e9 fbff 

  0x000002126a09f0bc: ;   {static_stub}
  0x000002126a09f0bc: ffff 48bb | 0000 0000 | 0000 0000 

  0x000002126a09f0c8: ;   {runtime_call nmethod}
  0x000002126a09f0c8: e9fb ffff 

  0x000002126a09f0cc: ;   {static_stub}
  0x000002126a09f0cc: ff48 bb00 | 0000 0000 

  0x000002126a09f0d4: ;   {runtime_call nmethod}
  0x000002126a09f0d4: 0000 00e9 | fbff ffff 

  0x000002126a09f0dc: ;   {static_stub}
  0x000002126a09f0dc: 48bb 0000 | 0000 0000 

  0x000002126a09f0e4: ;   {runtime_call nmethod}
  0x000002126a09f0e4: 0000 e9fb 

  0x000002126a09f0e8: ;   {static_stub}
  0x000002126a09f0e8: ffff ff48 | bb00 0000 | 0000 0000 

  0x000002126a09f0f4: ;   {runtime_call nmethod}
  0x000002126a09f0f4: 00e9 fbff 

  0x000002126a09f0f8: ;   {static_stub}
  0x000002126a09f0f8: ffff 48bb | 0000 0000 | 0000 0000 

  0x000002126a09f104: ;   {runtime_call nmethod}
  0x000002126a09f104: e9fb ffff 

  0x000002126a09f108: ;   {static_stub}
  0x000002126a09f108: ff48 bb00 | 0000 0000 

  0x000002126a09f110: ;   {runtime_call nmethod}
  0x000002126a09f110: 0000 00e9 | fbff ffff 

  0x000002126a09f118: ;   {static_stub}
  0x000002126a09f118: 48bb 0000 | 0000 0000 

  0x000002126a09f120: ;   {runtime_call nmethod}
  0x000002126a09f120: 0000 e9fb 

  0x000002126a09f124: ;   {static_stub}
  0x000002126a09f124: ffff ff48 | bb00 0000 | 0000 0000 

  0x000002126a09f130: ;   {runtime_call nmethod}
  0x000002126a09f130: 00e9 fbff 

  0x000002126a09f134: ;   {static_stub}
  0x000002126a09f134: ffff 48bb | 0000 0000 | 0000 0000 

  0x000002126a09f140: ;   {runtime_call nmethod}
  0x000002126a09f140: e9fb ffff 

  0x000002126a09f144: ;   {static_stub}
  0x000002126a09f144: ff48 bb00 | 0000 0000 

  0x000002126a09f14c: ;   {runtime_call nmethod}
  0x000002126a09f14c: 0000 00e9 | fbff ffff 

  0x000002126a09f154: ;   {static_stub}
  0x000002126a09f154: 48bb 0000 | 0000 0000 

  0x000002126a09f15c: ;   {runtime_call nmethod}
  0x000002126a09f15c: 0000 e9fb 

  0x000002126a09f160: ;   {static_stub}
  0x000002126a09f160: ffff ff48 | bb00 0000 | 0000 0000 

  0x000002126a09f16c: ;   {runtime_call nmethod}
  0x000002126a09f16c: 00e9 fbff 

  0x000002126a09f170: ;   {runtime_call ExceptionBlob}
  0x000002126a09f170: ffff e989 | f690 ffe8 | 0000 0000 | 4883 2c24 

  0x000002126a09f180: ;   {runtime_call DeoptimizationBlob}
  0x000002126a09f180: 05e9 9a55 | 84ff f4f4 
[/MachCode]


Compiled method (c2) 119654 4632       4       java.net.URLClassLoader$1::run (5 bytes)
 total in heap  [0x000002126a079310,0x000002126a087c10] = 59648
 relocation     [0x000002126a079470,0x000002126a079cf8] = 2184
 constants      [0x000002126a079d00,0x000002126a079d20] = 32
 main code      [0x000002126a079d20,0x000002126a082a20] = 36096
 stub code      [0x000002126a082a20,0x000002126a082cc0] = 672
 oops           [0x000002126a082cc0,0x000002126a082d08] = 72
 metadata       [0x000002126a082d08,0x000002126a083178] = 1136
 scopes data    [0x000002126a083178,0x000002126a0860a0] = 12072
 scopes pcs     [0x000002126a0860a0,0x000002126a087070] = 4048
 dependencies   [0x000002126a087070,0x000002126a087108] = 152
 handler table  [0x000002126a087108,0x000002126a087b10] = 2568
 nul chk table  [0x000002126a087b10,0x000002126a087c10] = 256


[Constant Pool]
             Address          hex4                    hex8      
  0x000002126a079d00:   0x3f400000      0xf4f4f4f43f400000      
  0x000002126a079d04:   0xf4f4f4f4                              
  0x000002126a079d08:   0xf4f4f4f4      0xf4f4f4f4f4f4f4f4      
  0x000002126a079d0c:   0xf4f4f4f4                              
  0x000002126a079d10:   0xf4f4f4f4      0xf4f4f4f4f4f4f4f4      
  0x000002126a079d14:   0xf4f4f4f4                              
  0x000002126a079d18:   0xf4f4f4f4      0xf4f4f4f4f4f4f4f4      
  0x000002126a079d1c:   0xf4f4f4f4                              

[MachCode]
[Entry Point]
  # {method} {0x00000212760a1dd0} 'run' '()Ljava/lang/Object;' in 'java/net/URLClassLoader$1'
  #           [sp+0x110]  (sp of caller)
  0x000002126a079d20: ;   {no_reloc}
  0x000002126a079d20: 448b 5208 | 49bb 0000 | 0000 1202 | 0000 4d03 | d349 3bc2 

  0x000002126a079d34: ;   {runtime_call ic_miss_stub}
  0x000002126a079d34: 0f85 464a | 86ff 6690 | 0f1f 4000 
[Verified Entry Point]
  0x000002126a079d40: 8984 2400 | 80ff ff55 | 4881 ec00 | 0100 0090 | 4181 7f20 | 0500 0000 | 0f85 b88c | 0000 4889 
  0x000002126a079d60: 5424 588b | 5a0c 440f | be53 1045 | 85d2 0f85 | 6452 0000 | 8b4b 148b | 790c 488b | c34d 8b97 
  0x000002126a079d80: 8803 0000 | 4d8b 2a85 | ff0f 869d | 0300 0044 | 8d4f ff44 | 3bcf 0f83 | 284e 0000 | 8d57 fd48 
  0x000002126a079da0: 8bf1 8079 | 102e 0f84 | 1832 0000 | 83fa 010f | 8e53 0300 | 00bd 0100 | 0000 448b | d744 2bd5 
  0x000002126a079dc0: 4183 c2fd | 4533 c03b | d545 0f4c | d041 81fa | a00f 0000 | 41bb a00f | 0000 450f | 47d3 4403 
  0x000002126a079de0: d5eb 100f | 1f80 0000 | 0000 660f | 1f44 0000 | 418b e84c | 63c5 460f | be5c 0110 | 4183 fb2e 
  0x000002126a079e00: 7467 460f | be5c 0111 | 4183 fb2e | 7454 460f | be5c 0112 | 4183 fb2e | 744c 460f | be5c 0113 
  0x000002126a079e20: 4183 fb2e | 7439 448d | 4504 453b | c27c c14d 

  0x000002126a079e30: ;   {no_reloc}
  0x000002126a079e30: 8b97 5804 | 0000 83c5 

  0x000002126a079e38: ; ImmutableOopMap {rcx=NarrowOop rbx=NarrowOop rsi=Oop rax=Oop r13=Oop [88]=Oop }
                      ;*if_icmpne {reexecute=1 rethrow=0 return_oop=0}
                      ; - (reexecute) java.lang.StringLatin1::replace@28
                      ; - java.lang.String::replace@18
                      ; - java.net.URLClassLoader$1::run@8
                      ; - java.net.URLClassLoader$1::run@1
                      ;   {poll}
  0x000002126a079e38: 0341 8502 | 443b c20f | 8dc9 0200 | 0041 8be8 | e96d ffff | ff41 8bca | c4e1 f97e | c6c4 c1f9 
  0x000002126a079e58: 7ecb e998 | 0000 0083 | c502 ffc5 | eb03 83c5 | 023b ef0f | 8dbb 0200 | 0081 ff00 | 0010 000f 
  0x000002126a079e78: 87a8 3900 | 004d 8b9f | b801 0000 | 4c63 d749 | 83c2 1749 | 83e2 f84d | 8bc3 4d03 | c24d 3b87 
  0x000002126a079e98: c801 0000 | 0f83 8339 | 0000 4d89 | 87b8 0100 | 0041 0f18 | 8000 0100 | 0049 c703 | 0100 0000 
  0x000002126a079eb8: 410f 1880 | 4001 0000 

  0x000002126a079ec0: ;   {metadata({type array byte})}
  0x000002126a079ec0: 41c7 4308 | 1823 0000 | 4189 7b0c | 410f 1880 | 8001 0000 | 85ed 0f8e | 9200 0000 | 448d 55ff 
  0x000002126a079ee0: 443b d70f | 8313 5100 | 0085 ff0f | 860b 5100 | 0045 33c0 | 4d8b f544 | 8bed 452b | e845 33d2 
  0x000002126a079f00: 413b e845 | 0f4c ea41 | 81fd e803 | 0000 41ba | e803 0000 | 450f 47ea | 4503 e844 | 8bd1 c4e1 
  0x000002126a079f20: f96e c6c4 | c1f9 6ecb | 0f1f 8400 | 0000 0000 | 4963 c845 | 0fbe 5c0a | 10c4 e1f9 | 7ece 4488 
  0x000002126a079f40: 5c0e 1041 | ffc0 453b | c57c e54d | 8b9f 5804 

  0x000002126a079f50: ; ImmutableOopMap {r10=NarrowOop rbx=NarrowOop rsi=Oop rax=Oop r14=Oop xmm0=Oop xmm1=Oop [88]=Oop }
                      ;*goto {reexecute=1 rethrow=0 return_oop=0}
                      ; - (reexecute) java.lang.StringLatin1::replace@76
                      ; - java.lang.String::replace@18
                      ; - java.net.URLClassLoader$1::run@8
                      ; - java.net.URLClassLoader$1::run@1
                      ;   {poll}
  0x000002126a079f50: 0000 4185 | 0344 3bc5 | 0f8c effe | ffff 418b | cac4 e1f9 | 7ec6 c4c1 | f97e cb4d | 8bee 3bef 
  0x000002126a079f70: 0f8d 4801 | 0000 3bef | 0f83 c64c | 0000 443b | cf0f 83bd | 4c00 0044 | 8d45 014c | 63cd 460f 
  0x000002126a079f90: be54 0910 | 4183 fa2e | 0f84 911d | 0000 4788 | 540b 1044 | 8d55 0145 | 3bd0 7d05 | 418b eaeb 
  0x000002126a079fb0: da44 3bd2 | 0f8d dc00 | 0000 ffc5 | e986 0000 | 0041 ba2f | 0000 0066 | 0f1f 8400 | 0000 0000 
  0x000002126a079fd0: 4788 5403 | 1246 0fbe | 5401 1341 | 83fa 2e74 | 5047 8854 | 0313 83c5 | 0441 3be9 | 7d4b 4c63 
  0x000002126a079ff0: c546 0fbe | 5401 1041 | 83fa 2e74 | 2447 8854 | 0310 460f | be54 0111 | 4183 fa2e | 741b 4788 
  0x000002126a07a010: 5403 1146 | 0fbe 5401 | 1241 83fa | 2e75 b1eb | a041 ba2f | 0000 00eb | d441 ba2f | 0000 00eb 
  0x000002126a07a030: dd41 ba2f | 0000 00eb | a84d 8b87 

  0x000002126a07a03c: ; ImmutableOopMap {r11=Oop rcx=NarrowOop rsi=Oop rax=Oop r13=Oop [88]=Oop }
                      ;*goto {reexecute=1 rethrow=0 return_oop=0}
                      ; - (reexecute) java.lang.StringLatin1::replace@113
                      ; - java.lang.String::replace@18
                      ; - java.net.URLClassLoader$1::run@8
                      ; - java.net.URLClassLoader$1::run@1
  0x000002126a07a03c: 5804 0000 

  0x000002126a07a040: ;   {poll}
  0x000002126a07a040: 4185 003b | ea7d 5244 | 8bcf 442b | cd41 83c1 | fd45 33c0 | 3bd5 450f | 4cc8 4181 | f9a0 0f00 
  0x000002126a07a060: 0041 baa0 | 0f00 0045 | 0f47 ca44 | 03cd e97b | ffff ffc6 | 4413 102e | c644 1311 | 63c6 4413 
  0x000002126a07a080: 126c c644 | 1313 61c6 | 4413 1473 | c644 1315 | 73e9 8c01 | 0000 418b | ea3b ef7d | 2166 6690 
  0x000002126a07a0a0: 4c63 d546 | 0fbe 4411 | 1041 83f8 | 2e0f 8433 | 1f00 0047 | 8844 1310 | ffc5 3bef | 7ce2 4d8b 
  0x000002126a07a0c0: 97b8 0100 | 004d 8bc2 | 4983 c018 | 4d3b 87c8 | 0100 000f | 83be 3700 | 004d 8987 | b801 0000 
  0x000002126a07a0e0: 410f 1880 | 0001 0000 | 49c7 0201 

  0x000002126a07a0ec: ;   {metadata('java/lang/String')}
  0x000002126a07a0ec: 0000 0041 | c742 0878 | e800 0045 | 8962 0c4d | 8962 104d | 8bc3 4589 | 4214 eb2a | 41b8 0100 
  0x000002126a07a10c: 0000 443b | c77d 1990 | 460f be5c | 0110 4183 | fb2e 0f84 | 8847 0000 | 41ff c044 | 3bc7 7ce8 
  0x000002126a07a12c: 4c8b d94c | 8bd0 418b | 4b0c 85c9 | 0f86 4f0e | 0000 450f | be42 10c4 | 623a f7c9 | 4963 c141 
  0x000002126a07a14c: 83f8 010f | 842f 4f00 | 0045 85c9 | 0f8c c64e | 0000 488d | 7006 8bee | 85ed 0f8c | d84e 0000 
  0x000002126a07a16c: 488b de48 | c1fb 208b | dbc4 e261 | f7fd 85ff | 0f8c 264f | 0000 81ff | 0000 1000 | 0f87 5e4a 
  0x000002126a07a18c: 0000 4863 | d781 ff00 | 0010 000f | 8776 3500 | 0049 8b9f | b801 0000 | 4883 c217 | 4883 e2f8 
  0x000002126a07a1ac: 488b eb48 | 03ea 493b | afc8 0100 | 000f 8354 | 3500 0049 | 89af b801 | 0000 0f18 | 8500 0100 
  0x000002126a07a1cc: 0048 c703 | 0100 0000 | 0f18 8540 

  0x000002126a07a1d8: ;   {metadata({type array byte})}
  0x000002126a07a1d8: 0100 00c7 | 4308 1823 | 0000 897b | 0c0f 1885 | 8001 0000 | 418d 7106 | 3bfe 0f82 | fc49 0000 
  0x000002126a07a1f8: 4963 d145 | 85c9 0f8e | 6ffe ffff | c644 1315 | 73c6 4413 | 1473 c644 | 1313 61c6 | 4413 126c 
  0x000002126a07a218: c644 1311 | 63c6 4413 | 102e 4585 | c00f 8535 | 4e00 003b | f90f 82ed | 4900 0085 | c976 2949 
  0x000002126a07a238: 83c3 1048 | 8bd3 4883 | c210 4c63 | c149 8bcb | c5f8 7749 | bac0 448c | 6912 0200 | 0041 ffd2 
  0x000002126a07a258: ;   {other}
  0x000002126a07a258: 0f1f 8400 | 0000 0000 | 498b 87b8 | 0100 004c | 8bd0 4983 | c218 4d3b | 97c8 0100 | 000f 830f 
  0x000002126a07a278: 3500 004d | 8997 b801 | 0000 410f | 1882 0001 | 0000 48c7 | 0001 0000 

  0x000002126a07a290: ;   {metadata('java/lang/String')}
  0x000002126a07a290: 00c7 4008 | 78e8 0000 | 4489 600c | 4489 6010 | 4c8b d344 | 8950 144c | 8b54 2458 | 458b 5a10 
  0x000002126a07a2b0: ; implicit exception: dispatches to 0x000002126a081984
  0x000002126a07a2b0: 458b 5354 | 4585 d20f | 84eb 4800 | 004c 896c | 2430 498b | d24c 8bc0 | 4533 c990 

  0x000002126a07a2cc: ;   {optimized virtual_call}
  0x000002126a07a2cc: c5f8 77e8 

  0x000002126a07a2d0: ; ImmutableOopMap {[48]=Oop [88]=Oop }
                      ;*invokevirtual getResource {reexecute=0 rethrow=0 return_oop=1}
                      ; - java.net.URLClassLoader$1::run@26
                      ; - java.net.URLClassLoader$1::run@1
  0x000002126a07a2d0: 6c3a fcff 

  0x000002126a07a2d4: ;   {other}
  0x000002126a07a2d4: 0f1f 8400 | c40f 0003 | 488b f848 | 85c0 7507 | 33c0 e989 | 0c00 004c | 8b54 2458 | 458b 5a10 
  0x000002126a07a2f4: 4489 9c24 | 9400 0000 | 458b 520c | 4489 9424 | 9800 0000 | 4585 db0f | 842f 4a00 | 00c5 f877 
  0x000002126a07a314: 49ba d030 | 1143 ff7f | 0000 41ff 

  0x000002126a07a320: ;   {other}
  0x000002126a07a320: d20f 1f84 | 0000 0000 | 0048 8944 | 2440 448b | 9c24 9800 | 0000 418b | 5b14 8b53 | 0c45 8bd3 
  0x000002126a07a340: 450f be5a | 10c4 6222 | f7ca 458d | 51ff 4585 | db0f 8549 | 5200 0044 | 8d42 ff45 | 3bc2 450f 
  0x000002126a07a360: 4fc2 448b | 9c24 9800 | 0000 488b | f38b 8c24 | 9400 0000 | 4c8b e945 | 85c0 0f8c | f500 0000 
  0x000002126a07a380: 85d2 0f86 | 684a 0000 | 443b c20f | 835f 4a00 | 0045 85c0 | 0f8e 164c | 0000 458d | 50ff 420f 
  0x000002126a07a3a0: be6c 0310 | 83fd 2e0f | 84fb 2b00 | 0041 ffc8 | 453b c27f | e941 83f8 | 020f 8e96 | 0000 0041 
  0x000002126a07a3c0: 8d68 fe45 | 33d2 4183 | f802 410f | 4cea 81fd | a00f 0000 | 41ba a00f | 0000 410f | 47ea 418b 
  0x000002126a07a3e0: c82b cd0f | 1f80 0000 | 0000 660f | 1f44 0000 | 4963 c044 | 0fbe 5403 | 1041 83fa | 2e0f 84f1 
  0x000002126a07a400: 0b00 0044 | 0fbe 5403 | 0f41 83fa | 2e0f 84e6 | 0b00 0045 | 8d50 fe42 | 0fbe 6c13 | 1083 fd2e 
  0x000002126a07a420: ;   {no_reloc}
  0x000002126a07a420: 0f84 d70b | 0000 458d | 50fd 420f | be6c 1310 | 83fd 2e0f | 84c4 0b00 | 0041 83c0 | fc44 3bc1 
  0x000002126a07a440: 7fae 498b | 8758 0400 

  0x000002126a07a448: ; ImmutableOopMap {r11=Oop rbx=NarrowOop rdi=Oop rsi=Oop r13=Oop [48]=Oop [88]=Oop [148]=NarrowOop [152]=NarrowOop }
                      ;*goto {reexecute=1 rethrow=0 return_oop=0}
                      ; - (reexecute) java.lang.StringLatin1::lastIndexOf@35
                      ; - java.lang.String::lastIndexOf@13
                      ; - java.lang.String::lastIndexOf@8
                      ; - java.net.URLClassLoader::defineClass@7
                      ; - java.net.URLClassLoader$1::run@43
                      ; - java.net.URLClassLoader$1::run@1
                      ;   {poll}
  0x000002126a07a448: 0085 0041 | 83f8 020f | 8f6a ffff | ff41 83f8 | ff7e 1a90 | 460f be54 | 0310 4183 | fa2e 0f84 
  0x000002126a07a468: f04d 0000 | 41ff c841 | 83f8 ff7f | e741 baff | ffff ffe9 | 7d0b 0000 | 418b eb3b | ac24 9000 
  0x000002126a07a488: 0000 7d33 | 4c63 d544 | 8b84 2488 | 0000 0047 | 0fbe 5c10 | 1041 83fb | 2e0f 84d4 | 2b00 004c 
  0x000002126a07a4a8: 8b84 24b0 | 0000 0047 | 885c 1010 | ffc5 3bac | 2490 0000 | 007c cd49 | 8bbf b801 | 0000 4c8b 
  0x000002126a07a4c8: d749 83c2 | 184d 3b97 | c801 0000 | 0f83 7e40 | 0000 4d89 | 97b8 0100 | 0041 0f18 | 8200 0100 
  0x000002126a07a4e8: 0048 c707 | 0100 0000 

  0x000002126a07a4f0: ;   {metadata('java/lang/String')}
  0x000002126a07a4f0: c747 0878 | e800 0044 | 8967 0c4c | 8967 1048 | 8b94 24b0 | 0000 004c | 8bd2 4489 | 5714 488b 
  0x000002126a07a510: 4c24 784c | 8b4c 2470 | 488b 9c24 | 8000 0000 | 448b 9c24 | 9c00 0000 | 448b 5424 | 2848 8bb4 
  0x000002126a07a530: 24a0 0000 | 00eb 3848 | 8b4c 2478 | 4c8b 4c24 | 7048 8b9c | 2480 0000 | 0044 8b9c | 249c 0000 
  0x000002126a07a550: 0044 8b54 | 2428 448b | 8424 8800 | 0000 488b | b424 a000 | 0000 498b | f848 8bd7 | 488b f944 
  0x000002126a07a570: 8b42 0c45 | 85c0 0f86 | 4332 0000 | 4889 9424 | a800 0000 | 4889 b424 | a000 0000 | 4489 5424 
  0x000002126a07a590: 2844 899c | 2488 0000 | 0048 899c | 2480 0000 | 004c 894c | 2478 4889 | 4c24 7044 | 0fbe 5f10 
  0x000002126a07a5b0: 4889 bc24 | b000 0000 | 4489 8424 | 8c00 0000 | c442 22f7 | d044 8994 | 249c 0000 | 0044 899c 
  0x000002126a07a5d0: 2490 0000 | 004d 63d2 | 4c89 9424 | b800 0000 | 4183 fb01 | 0f84 0a57 | 0000 448b 

  0x000002126a07a5ec: ;   {no_reloc}
  0x000002126a07a5ec: 9c24 9c00 | 0000 4585 | db0f 8c05 | 5300 004c | 8b8c 24b8 | 0000 0049 | 83c1 0141 | 8be9 85ed 
  0x000002126a07a60c: 0f8c 4653 | 0000 4d8b | d149 c1fa | 2045 8bda | c4e2 21f7 | ed89 ac24 | c000 0000 | 85ed 0f8c 
  0x000002126a07a62c: 2857 0000 | 81fd 0000 | 1000 0f87 | 5c4c 0000 | 4c63 d581 | fd00 0010 | 000f 8742 | 3500 004d 
  0x000002126a07a64c: 8b87 b801 | 0000 4983 | c217 4983 | e2f8 4d8b | d84d 03da | 4d3b 9fc8 | 0100 000f | 8320 3500 
  0x000002126a07a66c: 004d 899f | b801 0000 | 410f 1883 | 0001 0000 | 49c7 0001 | 0000 0041 | 0f18 8340 

  0x000002126a07a688: ;   {metadata({type array byte})}
  0x000002126a07a688: 0100 0041 | c740 0818 | 2300 0041 | 8968 0c41 | 0f18 8380 | 0100 0044 | 8b94 249c | 0000 0041 
  0x000002126a07a6a8: ffc2 448b | 9c24 c000 | 0000 453b | da0f 82c9 | 4d00 0044 | 8b8c 249c | 0000 0043 | c644 0810 
  0x000002126a07a6c8: 2f44 8b8c | 2490 0000 | 0045 85c9 | 0f85 da52 | 0000 443b | 9c24 8c00 | 0000 0f82 | 304e 0000 
  0x000002126a07a6e8: 448b 9424 | 8c00 0000 | 4585 d276 | 3449 8bd8 | 488b 8c24 | a800 0000 | 4883 c110 | 498b d048 
  0x000002126a07a708: 83c2 104d | 63c2 c5f8 | 7749 bac0 | 448c 6912 | 0200 0041 

  0x000002126a07a71c: ;   {other}
  0x000002126a07a71c: ffd2 0f1f | 8400 0000 | 0000 4c8b | c349 8b87 | b801 0000 | 4c8b d049 | 83c2 184d | 3b97 c801 
  0x000002126a07a73c: 0000 0f83 | 7834 0000 | 4d89 97b8 | 0100 0041 | 0f18 8200 | 0100 0048 | c700 0100 

  0x000002126a07a758: ;   {metadata('java/lang/String')}
  0x000002126a07a758: 0000 c740 | 0878 e800 | 0044 8960 | 0c44 8960 | 104d 8bd0 | 4489 5014 | 488b 4c24 | 704c 8b4c 
  0x000002126a07a778: 2478 488b | 9c24 8000 | 0000 448b | 9c24 8800 | 0000 448b 

  0x000002126a07a78c: ;   {metadata('java/util/jar/JavaUtilJarAccessImpl')}
  0x000002126a07a78c: 5424 2841 | 81fa a05b | 3100 0f85 | cc4b 0000 | 418b 6910 

  0x000002126a07a7a0: ; implicit exception: dispatches to 0x000002126a081bf0
  0x000002126a07a7a0: 448b 5d08 

  0x000002126a07a7a4: ;   {metadata('java/util/HashMap')}
  0x000002126a07a7a4: 4181 fb68 | a908 000f | 8517 4c00 | 004c 8bd5 | 458b 4224 | 4585 c00f | 84b8 0200 | 0045 8b50 
  0x000002126a07a7c4: 0c45 85d2 | 0f86 be53 | 0000 488b | f08b 780c | 41ff ca85 | ff0f 8597 | 0000 0044 | 0fb6 5811 
  0x000002126a07a7e4: 4585 db0f | 85ef 3000 | 0044 8b58 | 1449 8be8 | 498b d380 | 7810 000f | 85ac 3d00 | 0044 8994 
  0x000002126a07a804: 2488 0000 | 0044 8944 | 246c 4889 | 8424 8000 | 0000 4889 | 5c24 784c | 894c 2470 | 4889 4c24 
  0x000002126a07a824: 2866 6690 

  0x000002126a07a828: ;   {static_call}
  0x000002126a07a828: c5f8 77e8 

  0x000002126a07a82c: ; ImmutableOopMap {rbp=Oop [32]=Oop [40]=Oop [48]=Oop [56]=Oop [72]=Oop [80]=Oop [88]=Oop [96]=Oop [104]=NarrowOop [108]=NarrowOop [112]=Oop [120]=Oop [128]=Oop [148]=NarrowOop [152]=NarrowOop }
                      ;*invokestatic hashCode {reexecute=0 rethrow=0 return_oop=0}
                      ; - java.lang.String::hashCode@27
                      ; - java.util.HashMap::hash@9
                      ; - java.util.HashMap::getNode@23
                      ; - java.util.HashMap::get@2
                      ; - java.util.jar.Manifest::getAttributes@5
                      ; - java.util.jar.Manifest::getTrustedAttributes@2
                      ; - java.util.jar.JavaUtilJarAccessImpl::getTrustedAttributes@2
                      ; - java.net.URLClassLoader::isSealed@18
                      ; - java.net.URLClassLoader::getAndVerifyPackage@68
                      ; - java.net.URLClassLoader::defineClass@46
                      ; - java.net.URLClassLoader$1::run@43
                      ; - java.net.URLClassLoader$1::run@1
  0x000002126a07a82c: 1040 deff 

  0x000002126a07a830: ;   {other}
  0x000002126a07a830: 0f1f 8400 | 2015 0005 | 85c0 0f84 | a93d 0000 | 488b b424 | 8000 0000 | 8946 0c44 | 8bd8 41c1 
  0x000002126a07a850: eb10 4433 | d844 8b94 | 2488 0000 | 0045 23d3 | 488b 4c24 | 284c 8b4c | 2470 488b | 5c24 7844 
  0x000002126a07a870: 8b44 246c | eb0d 448b | df41 c1eb | 1044 33df | 4523 d347 | 8b54 9010 | 4585 d20f | 84e8 0100 
  0x000002126a07a890: 0041 8b7a | 0c41 3bfb | 0f85 8e00 | 0000 418b | 7a10 498b | ea4c 8bc7 | 4c3b c60f | 8402 0100 
  0x000002126a07a8b0: 0044 8994 | 2488 0000 | 0044 895c | 246c 4889 | b424 8000 | 0000 4889 | 5c24 784c | 894c 2470 
  0x000002126a07a8d0: 4889 4c24 | 2848 8bd6 

  0x000002126a07a8d8: ;   {optimized virtual_call}
  0x000002126a07a8d8: c5f8 77e8 

  0x000002126a07a8dc: ; ImmutableOopMap {rbp=Oop [32]=Oop [40]=Oop [48]=Oop [56]=Oop [72]=Oop [80]=Oop [88]=Oop [96]=Oop [104]=NarrowOop [112]=Oop [120]=Oop [128]=Oop [136]=NarrowOop [148]=NarrowOop [152]=NarrowOop }
                      ;*invokevirtual equals {reexecute=0 rethrow=0 return_oop=0}
                      ; - java.util.HashMap::getNode@63
                      ; - java.util.HashMap::get@2
                      ; - java.util.jar.Manifest::getAttributes@5
                      ; - java.util.jar.Manifest::getTrustedAttributes@2
                      ; - java.util.jar.JavaUtilJarAccessImpl::getTrustedAttributes@2
                      ; - java.net.URLClassLoader::isSealed@18
                      ; - java.net.URLClassLoader::getAndVerifyPackage@68
                      ; - java.net.URLClassLoader::defineClass@46
                      ; - java.net.URLClassLoader$1::run@43
                      ; - java.net.URLClassLoader$1::run@1
  0x000002126a07a8dc: 6000 fcff 

  0x000002126a07a8e0: ;   {other}
  0x000002126a07a8e0: 0f1f 8400 | d015 0006 | 85c0 741c | 488b 4c24 | 284c 8b4c | 2470 488b | 5c24 7848 | 8bb4 2480 
  0x000002126a07a900: 0000 00e9 | ab00 0000 | 488b 4c24 | 284c 8b4c | 2470 488b | 5c24 7848 | 8bb4 2480 | 0000 0044 
  0x000002126a07a920: 8b5c 246c | 448b 9424 | 8800 0000 | 418b 7a18 | 85ff 0f84 | 4101 0000 | 418b 5208 

  0x000002126a07a93c: ;   {metadata('java/util/HashMap$TreeNode')}
  0x000002126a07a93c: 81fa 2001 | 1a00 0f84 | 905b 0000 | 488b ef44 | 8b45 0c45 | 3bc3 0f85 | 5227 0000 | 448b 5510 
  0x000002126a07a95c: 4d8b c24c | 3bc6 744f | 4489 5c24 | 6c48 89b4 | 2480 0000 | 0048 895c | 2478 4c89 | 4c24 7048 
  0x000002126a07a97c: 894c 2428 | 488b d690 

  0x000002126a07a984: ;   {optimized virtual_call}
  0x000002126a07a984: c5f8 77e8 

  0x000002126a07a988: ; ImmutableOopMap {rbp=Oop [32]=Oop [40]=Oop [48]=Oop [56]=Oop [72]=Oop [80]=Oop [88]=Oop [96]=Oop [104]=NarrowOop [112]=Oop [120]=Oop [128]=Oop [148]=NarrowOop [152]=NarrowOop }
                      ;*invokevirtual equals {reexecute=0 rethrow=0 return_oop=0}
                      ; - java.util.HashMap::getNode@128
                      ; - java.util.HashMap::get@2
                      ; - java.util.jar.Manifest::getAttributes@5
                      ; - java.util.jar.Manifest::getTrustedAttributes@2
                      ; - java.util.jar.JavaUtilJarAccessImpl::getTrustedAttributes@2
                      ; - java.net.URLClassLoader::isSealed@18
                      ; - java.net.URLClassLoader::getAndVerifyPackage@68
                      ; - java.net.URLClassLoader::defineClass@46
                      ; - java.net.URLClassLoader$1::run@43
                      ; - java.net.URLClassLoader$1::run@1
  0x000002126a07a988: f440 86ff 

  0x000002126a07a98c: ;   {other}
  0x000002126a07a98c: 0f1f 8400 | 7c16 0007 | 85c0 0f84 | f226 0000 | 488b 4c24 | 284c 8b4c | 2470 488b | 5c24 7848 
  0x000002126a07a9ac: 8bb4 2480 | 0000 008b | 6d14 85ed | 0f84 bb00 | 0000 448b 

  0x000002126a07a9c0: ;   {metadata('java/util/jar/Attributes')}
  0x000002126a07a9c0: 5508 4181 | fa40 8816 | 000f 8515 | 6e00 0045 | 8b59 1448 | 8bd5 4585 | db74 5648 | 8954 2428 
  0x000002126a07a9e0: 4889 b424 | 8800 0000 | 4889 9c24 | 8000 0000 | 4c89 4c24 | 7848 894c | 2470 498b | d34c 8bc6 
  0x000002126a07aa00: 498b e990 

  0x000002126a07aa04: ;   {optimized virtual_call}
  0x000002126a07aa04: c5f8 77e8 

  0x000002126a07aa08: ; ImmutableOopMap {rbp=Oop [32]=Oop [40]=Oop [48]=Oop [56]=Oop [72]=Oop [80]=Oop [88]=Oop [96]=Oop [104]=NarrowOop [112]=Oop [120]=Oop [128]=Oop [136]=Oop [148]=NarrowOop [152]=NarrowOop }
                      ;*invokevirtual isTrustedManifestEntry {reexecute=0 rethrow=0 return_oop=0}
                      ; - java.util.jar.Manifest::getTrustedAttributes@22
                      ; - java.util.jar.JavaUtilJarAccessImpl::getTrustedAttributes@2
                      ; - java.net.URLClassLoader::isSealed@18
                      ; - java.net.URLClassLoader::getAndVerifyPackage@68
                      ; - java.net.URLClassLoader::defineClass@46
                      ; - java.net.URLClassLoader$1::run@43
                      ; - java.net.URLClassLoader$1::run@1
  0x000002126a07aa08: 7440 86ff 

  0x000002126a07aa0c: ;   {other}
  0x000002126a07aa0c: 0f1f 8400 | fc16 0008 | 85c0 0f84 | a853 0000 | 488b 4c24 | 704c 8bcd | 488b 9c24 | 8000 0000 
  0x000002126a07aa2c: 488b 5424 | 2848 899c | 2480 0000 | 004c 894c | 2478 4889 

  0x000002126a07aa40: ;   {oop(a 'java/util/jar/Attributes$Name'{0x00000000c0bdb4c0})}
  0x000002126a07aa40: 4c24 7049 | b8c0 b4bd | c000 0000 | 0049 8be9 

  0x000002126a07aa50: ;   {optimized virtual_call}
  0x000002126a07aa50: c5f8 77e8 

  0x000002126a07aa54: ; ImmutableOopMap {rbp=Oop [32]=Oop [48]=Oop [56]=Oop [72]=Oop [80]=Oop [88]=Oop [96]=Oop [104]=NarrowOop [112]=Oop [120]=Oop [128]=Oop [148]=NarrowOop [152]=NarrowOop }
                      ;*invokevirtual getValue {reexecute=0 rethrow=0 return_oop=1}
                      ; - java.net.URLClassLoader::isSealed@35
                      ; - java.net.URLClassLoader::getAndVerifyPackage@68
                      ; - java.net.URLClassLoader::defineClass@46
                      ; - java.net.URLClassLoader$1::run@43
                      ; - java.net.URLClassLoader$1::run@1
  0x000002126a07aa54: 286f 44f8 

  0x000002126a07aa58: ;   {other}
  0x000002126a07aa58: 0f1f 8400 | 4817 0009 | 4885 c00f | 854c 5700 | 0048 8b4c | 2470 4c8b | cd48 8b9c | 2480 0000 
  0x000002126a07aa78: 0045 8b51 | 0c41 8b6a | 0c44 8b5d 

  0x000002126a07aa84: ;   {metadata('java/util/LinkedHashMap')}
  0x000002126a07aa84: 0841 81fb | e8a1 0f00 | 0f85 9a49 | 0000 488b | fd8b 7724 | 85f6 0f84 | 3802 0000 | 448b 460c 
  0x000002126a07aaa4: 4585 c00f | 863f 5100 

  0x000002126a07aaac: ;   {oop(a 'java/util/jar/Attributes$Name'{0x00000000c0bdb4c0})}
  0x000002126a07aaac: 0049 bac0 | b4bd c000 | 0000 0045 | 8b52 0c41 | ffc8 458b | da41 c1eb | 1045 33da | 4523 c342 
  0x000002126a07aacc: 8b6c 8610 | 85ed 0f84 | 0002 0000 | 448b 550c | 453b d30f | 8598 0000 | 0044 8b55 | 104c 8bc5 
  0x000002126a07aaec: ;   {oop(a 'java/util/jar/Attributes$Name'{0x00000000c0bdb4c0})}
  0x000002126a07aaec: 4181 fac0 | b4bd c00f | 8419 0100 | 004c 8984 | 2488 0000 | 0089 ac24 | 8000 0000 | 4489 5c24 
  0x000002126a07ab0c: 6c48 897c | 2478 4889 | 5c24 704c | 894c 2428 | 488b e94d 

  0x000002126a07ab20: ;   {oop(a 'java/util/jar/Attributes$Name'{0x00000000c0bdb4c0})}
  0x000002126a07ab20: 8bc2 48ba | c0b4 bdc0 | 0000 0000 

  0x000002126a07ab2c: ;   {optimized virtual_call}
  0x000002126a07ab2c: c5f8 77e8 

  0x000002126a07ab30: ; ImmutableOopMap {rbp=Oop [32]=Oop [40]=Oop [48]=Oop [56]=Oop [72]=Oop [80]=Oop [88]=Oop [96]=Oop [104]=NarrowOop [112]=Oop [120]=Oop [128]=NarrowOop [136]=Oop [148]=NarrowOop [152]=NarrowOop }
                      ;*invokevirtual equals {reexecute=0 rethrow=0 return_oop=0}
                      ; - java.util.HashMap::getNode@63
                      ; - java.util.LinkedHashMap::get@2
                      ; - java.util.jar.Attributes::get@5
                      ; - java.util.jar.Attributes::getValue@2
                      ; - java.net.URLClassLoader::isSealed@58
                      ; - java.net.URLClassLoader::getAndVerifyPackage@68
                      ; - java.net.URLClassLoader::defineClass@46
                      ; - java.net.URLClassLoader$1::run@43
                      ; - java.net.URLClassLoader$1::run@1
  0x000002126a07ab30: 4c3f 86ff 

  0x000002126a07ab34: ;   {other}
  0x000002126a07ab34: 0f1f 8400 | 2418 000a | 85c0 741f | 488b cd4c | 8b4c 2428 | 488b 5c24 | 7048 8b7c | 2478 4c8b 
  0x000002126a07ab54: 8424 8800 | 0000 e9b3 | 0000 0048 | 8bcd 4c8b | 4c24 2848 | 8b5c 2470 | 488b 7c24 | 7844 8b5c 
  0x000002126a07ab74: 246c 8bac | 2480 0000 | 0044 8b45 | 1845 85c0 | 0f84 4e01 | 0000 8b55 

  0x000002126a07ab8c: ;   {metadata('java/util/HashMap$TreeNode')}
  0x000002126a07ab8c: 0881 fa20 | 011a 000f | 84ab 5900 | 0045 8b50 | 0c45 3bd3 | 0f85 4125 | 0000 458b 

  0x000002126a07aba8: ;   {oop(a 'java/util/jar/Attributes$Name'{0x00000000c0bdb4c0})}
  0x000002126a07aba8: 5010 4181 | fac0 b4bd | c074 5f4c | 8984 2480 | 0000 0044 | 895c 246c | 4889 7c24 | 7848 895c 
  0x000002126a07abc8: 2470 4c89 | 4c24 2848 | 8be9 4d8b 

  0x000002126a07abd4: ;   {oop(a 'java/util/jar/Attributes$Name'{0x00000000c0bdb4c0})}
  0x000002126a07abd4: c248 bac0 | b4bd c000 | 0000 0090 

  0x000002126a07abe0: ;   {optimized virtual_call}
  0x000002126a07abe0: c5f8 77e8 

  0x000002126a07abe4: ; ImmutableOopMap {rbp=Oop [32]=Oop [40]=Oop [48]=Oop [56]=Oop [72]=Oop [80]=Oop [88]=Oop [96]=Oop [104]=NarrowOop [112]=Oop [120]=Oop [128]=Oop [148]=NarrowOop [152]=NarrowOop }
                      ;*invokevirtual equals {reexecute=0 rethrow=0 return_oop=0}
                      ; - java.util.HashMap::getNode@128
                      ; - java.util.LinkedHashMap::get@2
                      ; - java.util.jar.Attributes::get@5
                      ; - java.util.jar.Attributes::getValue@2
                      ; - java.net.URLClassLoader::isSealed@58
                      ; - java.net.URLClassLoader::getAndVerifyPackage@68
                      ; - java.net.URLClassLoader::defineClass@46
                      ; - java.net.URLClassLoader$1::run@43
                      ; - java.net.URLClassLoader$1::run@1
  0x000002126a07abe4: 983e 86ff 

  0x000002126a07abe8: ;   {other}
  0x000002126a07abe8: 0f1f 8400 | d818 000b | 85c0 0f84 | d024 0000 | 488b cd4c | 8b4c 2428 | 488b 5c24 | 7048 8b7c 
  0x000002126a07ac08: 2478 4c8b | 8424 8000 | 0000 0fb6 | 6f30 85ed | 0f85 ea55 | 0000 418b | 6814 85ed | 0f84 ae00 
  0x000002126a07ac28: 0000 448b 

  0x000002126a07ac2c: ;   {metadata('java/lang/String')}
  0x000002126a07ac2c: 5508 4181 | fa78 e800 | 000f 850d | 6c00 0048 

  0x000002126a07ac3c: ;   {oop("true"{0x00000000c0607b28})}
  0x000002126a07ac3c: 8bfd 48ba | 287b 60c0 | 0000 0000 | 483b fa74 | 5344 8b57 | 1445 8b5a | 0c44 0fbe | 5710 c442 
  0x000002126a07ac5c: 2af7 db41 | 83fb 0475 | 734c 894c | 2470 488b | e9b9 0400 | 0000 4889 | 5c24 2841 | b801 0000 
  0x000002126a07ac7c: 0045 33c9 | 33f6 6690 

  0x000002126a07ac84: ;   {optimized virtual_call}
  0x000002126a07ac84: c5f8 77e8 

  0x000002126a07ac88: ; ImmutableOopMap {rbp=Oop [32]=Oop [40]=Oop [48]=Oop [56]=Oop [72]=Oop [80]=Oop [88]=Oop [96]=Oop [104]=NarrowOop [112]=Oop [148]=NarrowOop [152]=NarrowOop }
                      ;*invokevirtual regionMatches {reexecute=0 rethrow=0 return_oop=0}
                      ; - java.lang.String::equalsIgnoreCase@33
                      ; - java.net.URLClassLoader::isSealed@68
                      ; - java.net.URLClassLoader::getAndVerifyPackage@68
                      ; - java.net.URLClassLoader::defineClass@46
                      ; - java.net.URLClassLoader$1::run@43
                      ; - java.net.URLClassLoader$1::run@1
  0x000002126a07ac88: f43d 86ff 

  0x000002126a07ac8c: ;   {other}
  0x000002126a07ac8c: 0f1f 8400 | 7c19 000c | 85c0 7440 | 488b cd4c | 8b4c 2470 | ba45 ffff | ff48 8b6c | 2458 4c8b 
  0x000002126a07acac: 5424 504c | 8954 2428 | 4c8b 5424 | 404c 8954 | 2430 4c89 | 4c24 4848 | 894c 2450 

  0x000002126a07acc8: ;   {runtime_call UncommonTrapBlob}
  0x000002126a07acc8: c5f8 77e8 

  0x000002126a07accc: ; ImmutableOopMap {rbp=Oop [40]=Oop [72]=Oop [80]=Oop [96]=Oop [104]=NarrowOop [148]=NarrowOop [152]=NarrowOop }
                      ;*ifeq {reexecute=1 rethrow=0 return_oop=0}
                      ; - (reexecute) java.net.URLClassLoader::getAndVerifyPackage@71
                      ; - java.net.URLClassLoader::defineClass@46
                      ; - java.net.URLClassLoader$1::run@43
                      ; - java.net.URLClassLoader$1::run@1
  0x000002126a07accc: b096 86ff 

  0x000002126a07acd0: ;   {other}
  0x000002126a07acd0: 0f1f 8400 | c019 000d | 488b 7c24 | 604c 8b5c | 2438 448b | 4424 68eb 

  0x000002126a07ace8: ;   {metadata('java/lang/IllegalArgumentException')}
  0x000002126a07ace8: 5648 bdc0 | 9a06 0012 | 0200 0048 | 85c9 0f84 | 8024 0000 | 4889 4c24 | 704c 896c | 2428 4489 
  0x000002126a07ad08: 8c24 9400 | 0000 488b | 5424 204d | 8bc5 4c8b | c948 8b7c | 2448 6690 

  0x000002126a07ad20: ;   {optimized virtual_call}
  0x000002126a07ad20: c5f8 77e8 

  0x000002126a07ad24: ; ImmutableOopMap {[32]=Oop [40]=Oop [48]=Oop [56]=Oop [72]=Oop [80]=Oop [88]=Oop [96]=Oop [104]=NarrowOop [112]=Oop [148]=NarrowOop [152]=NarrowOop }
                      ;*invokevirtual definePackage {reexecute=0 rethrow=0 return_oop=1}
                      ; - java.net.URLClassLoader::defineClass@64
                      ; - java.net.URLClassLoader$1::run@43
                      ; - java.net.URLClassLoader$1::run@1
  0x000002126a07ad24: f83e 62f8 

  0x000002126a07ad28: ;   {other}
  0x000002126a07ad28: 0f1f 8400 | 181a 000e | 488b 7c24 | 604c 8b5c | 2438 448b | 4424 6844 | 8944 2450 | 4c89 5c24 
  0x000002126a07ad48: 2848 897c | 2460 488b | d766 6690 

  0x000002126a07ad54: ;   {optimized virtual_call}
  0x000002126a07ad54: c5f8 77e8 

  0x000002126a07ad58: ; ImmutableOopMap {[40]=Oop [48]=Oop [72]=Oop [80]=NarrowOop [88]=Oop [96]=Oop [148]=NarrowOop [152]=NarrowOop }
                      ;*invokevirtual cachedInputStream {reexecute=0 rethrow=0 return_oop=1}
                      ; - jdk.internal.loader.Resource::getByteBuffer@1
                      ; - java.net.URLClassLoader::defineClass@132
                      ; - java.net.URLClassLoader$1::run@43
                      ; - java.net.URLClassLoader$1::run@1
  0x000002126a07ad58: e469 fcff 

  0x000002126a07ad5c: ;   {other}
  0x000002126a07ad5c: 0f1f 8400 | 4c1a 000f | 4c8b d044 

  0x000002126a07ad68: ;   {metadata('sun/nio/ByteBuffered')}
  0x000002126a07ad68: 8b40 0848 | b878 3336 | 0012 0200 | 0048 be00 | 0000 0012 | 0200 0049 | 03f0 4c8b | 5e20 4c3b 
  0x000002126a07ad88: d80f 84cd | 3f00 0048 | 33ff 4c8b | 9ea0 0000 | 0049 8bd3 | 48c1 e230 | 0f89 2100 | 0000 f348 
  0x000002126a07ada8: 0fb8 d248 | 8b5e 2848 | 3b04 d374 | 1549 0fba | e310 730b | 49c1 cb0f 

  0x000002126a07adc0: ;   {runtime_call StubRoutines (compiler stubs)}
  0x000002126a07adc0: e8d2 bb92 | ffeb 0348 | ffc7 4885 | ff0f 8489 | 3f00 004c | 8b5c 2460 | 458b 5308 

  0x000002126a07addc: ;   {metadata('jdk/internal/loader/URLClassPath$JarLoader$2')}
  0x000002126a07addc: 4181 fa30 | 2421 000f | 8547 2500 | 004c 895c | 2420 498b | d366 6690 

  0x000002126a07adf4: ;   {optimized virtual_call}
  0x000002126a07adf4: c5f8 77e8 

  0x000002126a07adf8: ; ImmutableOopMap {[32]=Oop [40]=Oop [72]=Oop [80]=NarrowOop [88]=Oop [96]=Oop [148]=NarrowOop [152]=NarrowOop }
                      ;*invokespecial getBytes {reexecute=0 rethrow=0 return_oop=1}
                      ; - jdk.internal.loader.URLClassPath$JarLoader$2::getBytes@1
                      ; - java.net.URLClassLoader::defineClass@179
                      ; - java.net.URLClassLoader$1::run@43
                      ; - java.net.URLClassLoader$1::run@1
  0x000002126a07adf8: c4d5 e0ff 

  0x000002126a07adfc: ;   {other}
  0x000002126a07adfc: 0f1f 8400 | ec1a 0010 | 4889 4424 | 6849 8b87 | b801 0000 | 4c8b d049 | 83c2 104d | 3b97 c801 
  0x000002126a07ae1c: 0000 0f83 | f12a 0000 | 4d89 97b8 | 0100 0041 | 0f18 8200 | 0100 0048 | c700 0100 

  0x000002126a07ae38: ;   {metadata('java/util/zip/CRC32')}
  0x000002126a07ae38: 0000 c740 | 08a0 7c07 | 0044 8960 | 0c48 8be8 | 488b d54c | 8b44 2468 

  0x000002126a07ae50: ;   {optimized virtual_call}
  0x000002126a07ae50: c5f8 77e8 

  0x000002126a07ae54: ; ImmutableOopMap {rbp=Oop [32]=Oop [40]=Oop [72]=Oop [80]=NarrowOop [88]=Oop [96]=Oop [104]=Oop [148]=NarrowOop [152]=NarrowOop }
                      ;*invokevirtual update {reexecute=0 rethrow=0 return_oop=0}
                      ; - jdk.internal.loader.URLClassPath$JarLoader$2::getBytes@15
                      ; - java.net.URLClassLoader::defineClass@179
                      ; - java.net.URLClassLoader$1::run@43
                      ; - java.net.URLClassLoader$1::run@1
  0x000002126a07ae54: 08a3 ebff 

  0x000002126a07ae58: ;   {other}
  0x000002126a07ae58: 0f1f 8400 | 481b 0011 | 488b d590 

  0x000002126a07ae64: ;   {optimized virtual_call}
  0x000002126a07ae64: c5f8 77e8 

  0x000002126a07ae68: ; ImmutableOopMap {[32]=Oop [40]=Oop [72]=Oop [80]=NarrowOop [88]=Oop [96]=Oop [104]=Oop [148]=NarrowOop [152]=NarrowOop }
                      ;*invokevirtual getValue {reexecute=0 rethrow=0 return_oop=0}
                      ; - jdk.internal.loader.URLClassPath$JarLoader$2::getBytes@19
                      ; - java.net.URLClassLoader::defineClass@179
                      ; - java.net.URLClassLoader$1::run@43
                      ; - java.net.URLClassLoader$1::run@1
  0x000002126a07ae68: 54eb ebff 

  0x000002126a07ae6c: ;   {other}
  0x000002126a07ae6c: 0f1f 8400 | 5c1b 0012 | 4c8b 5c24 | 2045 8b53 | 1c4d 8b52 | 1849 3bc2 | 0f85 9248 | 0000 488b 
  0x000002126a07ae8c: 5424 6044 

  0x000002126a07ae90: ;   {metadata('jdk/internal/loader/URLClassPath$JarLoader$2')}
  0x000002126a07ae90: 8b5a 0841 | 81fb 3024 | 2100 0f85 | 7327 0000 

  0x000002126a07aea0: ;   {optimized virtual_call}
  0x000002126a07aea0: c5f8 77e8 

  0x000002126a07aea4: ; ImmutableOopMap {[40]=Oop [72]=Oop [80]=NarrowOop [88]=Oop [96]=Oop [104]=Oop [148]=NarrowOop [152]=NarrowOop }
                      ;*invokevirtual getCodeSigners {reexecute=0 rethrow=0 return_oop=1}
                      ; - java.net.URLClassLoader::defineClass@185
                      ; - java.net.URLClassLoader$1::run@43
                      ; - java.net.URLClassLoader$1::run@1
  0x000002126a07aea4: 386e eaff 

  0x000002126a07aea8: ;   {other}
  0x000002126a07aea8: 0f1f 8400 | 981b 0013 | 4885 c00f | 855f 3f00 | 0049 8b87 | b801 0000 | 4c8b d049 | 83c2 284d 
  0x000002126a07aec8: 3b97 c801 | 0000 0f83 | 1b2a 0000 | 4d89 97b8 | 0100 0041 | 0f18 8200 | 0100 0048 | c700 0100 
  0x000002126a07aee8: ;   {metadata('java/security/CodeSource')}
  0x000002126a07aee8: 0000 c740 | 0828 5c00 | 0044 8960 | 0c4c 8960 | 104c 8960 | 184c 8960 | 2048 8944 | 2430 488b 
  0x000002126a07af08: d04c 8b44 | 2448 4533 | c966 6690 

  0x000002126a07af14: ;   {optimized virtual_call}
  0x000002126a07af14: c5f8 77e8 

  0x000002126a07af18: ; ImmutableOopMap {[40]=Oop [48]=Oop [88]=Oop [96]=Oop [104]=Oop [148]=NarrowOop [152]=NarrowOop }
                      ;*invokespecial <init> {reexecute=0 rethrow=0 return_oop=0}
                      ; - java.net.URLClassLoader::defineClass@198
                      ; - java.net.URLClassLoader$1::run@43
                      ; - java.net.URLClassLoader$1::run@1
  0x000002126a07af18: c408 e4ff 

  0x000002126a07af1c: ;   {other}
  0x000002126a07af1c: 0f1f 8400 | 0c1c 0014 

  0x000002126a07af24: ;   {oop(a 'jdk/internal/perf/PerfCounter'{0x00000000c0605498})}
  0x000002126a07af24: 48ba 9854 | 60c0 0000 | 0000 4c8b | 4424 4090 

  0x000002126a07af34: ;   {optimized virtual_call}
  0x000002126a07af34: c5f8 77e8 

  0x000002126a07af38: ; ImmutableOopMap {[40]=Oop [48]=Oop [88]=Oop [96]=Oop [104]=Oop [148]=NarrowOop [152]=NarrowOop }
                      ;*invokevirtual addElapsedTimeFrom {reexecute=0 rethrow=0 return_oop=0}
                      ; - java.net.URLClassLoader::defineClass@207
                      ; - java.net.URLClassLoader$1::run@43
                      ; - java.net.URLClassLoader$1::run@1
  0x000002126a07af38: 046d f1ff 

  0x000002126a07af3c: ;   {other}
  0x000002126a07af3c: 0f1f 8400 | 2c1c 0015 | 4c8b 4c24 | 6841 8b71 | 0c44 8b9c | 2494 0000 | 0049 8bd3 | 4c8b 4424 
  0x000002126a07af5c: 2833 ff48 | 8b4c 2430 

  0x000002126a07af64: ;   {optimized virtual_call}
  0x000002126a07af64: c5f8 77e8 

  0x000002126a07af68: ; ImmutableOopMap {[88]=Oop [96]=Oop }
                      ;*invokevirtual defineClass {reexecute=0 rethrow=0 return_oop=1}
                      ; - java.net.URLClassLoader::defineClass@220
                      ; - java.net.URLClassLoader$1::run@43
                      ; - java.net.URLClassLoader$1::run@1
  0x000002126a07af68: 9400 0200 

  0x000002126a07af6c: ;   {other}
  0x000002126a07af6c: 0f1f 8400 | 5c1c 0016 | c5f8 7748 | 81c4 0001 

  0x000002126a07af7c: ;   {poll_return}
  0x000002126a07af7c: 0000 5d49 | 3ba7 5004 | 0000 0f87 | 747a 0000 | c349 8b87 | b801 0000 | 4c8b d049 | 83c2 184d 
  0x000002126a07af9c: 3b97 c801 | 0000 0f83 | 4238 0000 | 4d89 97b8 | 0100 0041 | 0f18 8200 | 0100 0048 | c700 0100 
  0x000002126a07afbc: ;   {metadata('java/lang/String')}
  0x000002126a07afbc: 0000 c740 | 0878 e800 | 0044 8960 | 0c44 8960 

  0x000002126a07afcc: ;   {oop([B{0x00000000c0ca4890})}
  0x000002126a07afcc: 10c7 4014 | 9048 cac0 

  0x000002126a07afd4: ;   {oop(".class"{0x00000000c06054c8})}
  0x000002126a07afd4: 49ba c854 | 60c0 0000 | 0000 458b | 420c 4489 | 400c 450f | b652 1144 | 8850 11e9 | b3f2 ffff 
  0x000002126a07aff4: 458b d0eb | 0445 8d50 | ff8b 4f08 

  0x000002126a07b000: ;   {metadata('jdk/internal/loader/URLClassPath$JarLoader$2')}
  0x000002126a07b000: 81f9 3024 | 2100 0f85 | e722 0000 | 488b c78b | 4820 448b | 411c 498b | c841 83fa | ff0f 8412 
  0x000002126a07b020: 2600 0045 | 85d2 0f8c | b045 0000 | 453b d10f | 8f57 4600 | 0045 3bd1 | 0f84 fc0c | 0000 4585 
  0x000002126a07b040: d20f 84ff | 2500 004d | 8b8f b801 | 0000 498b | c148 83c0 | 1849 3b87 | c801 0000 | 0f83 d328 
  0x000002126a07b060: 0000 4989 | 87b8 0100 | 000f 1880 | 0001 0000 | 49c7 0101 

  0x000002126a07b074: ;   {metadata('java/lang/String')}
  0x000002126a07b074: 0000 0041 | c741 0878 | e800 0045 | 8961 0c4d | 8961 1048 | 8d43 1044 | 3bd2 0f85 | c500 0000 
  0x000002126a07b094: 4863 ea81 | fa00 0010 | 000f 8773 | 3700 0048 | 8944 2470 | 4c89 4c24 | 6848 894c | 2450 4489 
  0x000002126a07b0b4: 4424 4c4c | 896c 2438 | 4889 7424 | 284c 895c | 2420 c5f9 | 6ec2 895c | 2448 4889 | 7c24 6049 
  0x000002126a07b0d4: 8b9f b801 | 0000 4c8d | 5517 4983 | e2f8 4c8b | db4d 03da | 4d3b 9fc8 | 0100 000f | 8351 3700 
  0x000002126a07b0f4: 004d 899f | b801 0000 | 410f 1883 | 0001 0000 | 48c7 0301 | 0000 0041 | 0f18 8340 

  0x000002126a07b110: ;   {metadata({type array byte})}
  0x000002126a07b110: 0100 00c7 | 4308 1823 | 0000 8953 | 0c41 0f18 | 8380 0100 | 0048 8bd3 | 4883 c210 | 4c8d 4507 
  0x000002126a07b130: 49c1 e803 | 488b 4c24 | 70c5 f877 | 49ba 604b | 8c69 1202 | 0000 41ff 

  0x000002126a07b148: ;   {other}
  0x000002126a07b148: d20f 1f84 | 0000 0000 | 004c 8bc3 | e924 0100 | 0041 81fa | 0000 1000 | 0f87 4640 | 0000 4d63 
  0x000002126a07b168: f241 3bd2 | 8bea 410f | 4fea 3bd5 | 0f82 a640 | 0000 443b | d50f 829d | 4000 0049 | 83c6 1749 
  0x000002126a07b188: 8bde 4883 | e3f8 4181 | fa00 0010 | 000f 878a | 2900 0048 | 899c 2480 | 0000 004c | 8974 2478 
  0x000002126a07b1a8: 4889 4424 | 704c 894c | 2468 4889 | 4c24 5044 | 8944 244c | 4489 5424 | 484c 896c | 2438 4889 
  0x000002126a07b1c8: 7424 284c | 895c 2420 | 4889 7c24 | 604d 8b87 | b801 0000 | 4d8b d84c | 03db 4d3b | 9fc8 0100 
  0x000002126a07b1e8: 000f 8370 | 2900 004d | 899f b801 | 0000 410f | 1883 0001 | 0000 49c7 | 0001 0000 | 0041 0f18 
  0x000002126a07b208: 8340 0100 

  0x000002126a07b20c: ;   {metadata({type array byte})}
  0x000002126a07b20c: 0041 c740 | 0818 2300 | 0044 8b54 | 2448 4589 | 500c 410f | 1883 8001 | 0000 498b | d048 83c2 
  0x000002126a07b22c: 104c 8b5c | 2478 49c1 | eb03 85ed | 0f84 763f | 0000 413b | ea0f 8c03 | 2000 0049 | 8bd8 488b 
  0x000002126a07b24c: ac24 8000 | 0000 4883 | c5f0 48c1 | ed03 488b | 4c24 704c | 8bc5 c5f8 | 7749 ba60 | 4b8c 6912 
  0x000002126a07b26c: 0200 0041 

  0x000002126a07b270: ;   {other}
  0x000002126a07b270: ffd2 0f1f | 8400 0000 | 0000 4c8b | c341 807f | 4000 0f85 | 391f 0000 | 488b 6c24 | 684c 8bdd 
  0x000002126a07b290: 4d8b d044 | 8955 144d | 8bd0 4d33 | d349 c1ea | 144d 85d2 | 741a 49c1 | eb09 48b9 | 0000 4b71 
  0x000002126a07b2b0: 1202 0000 | 4903 cb80 | 3902 0f85 | 391f 0000 | 4488 6510 | 488b 7c24 | 604c 8b5c | 2420 4c8b 
  0x000002126a07b2d0: 6c24 3844 | 8b44 244c | 488b 4c24 | 5048 89ac | 24c0 0000 | 0044 8b57 

  0x000002126a07b2e8: ;   {metadata('jdk/internal/loader/URLClassPath$JarLoader$2')}
  0x000002126a07b2e8: 0841 81fa | 3024 2100 | 0f85 463b | 0000 4c8b 

  0x000002126a07b2f8: ;   {oop(a 'java/lang/Class'{0x00000000c06052d0} = 'jdk/internal/access/SharedSecrets')}
  0x000002126a07b2f8: d749 b9d0 | 5260 c000 | 0000 0041 | 8bb1 d400 | 0000 8b46 | 0841 8b6a | 2044 8b4d 

  0x000002126a07b314: ;   {metadata('java/util/jar/JavaUtilJarAccessImpl')}
  0x000002126a07b314: 1881 f8a0 | 5b31 000f | 854b 3b00 | 0045 85c9 | 0f84 623a | 0000 498b | d148 8d9c | 24f0 0000 
  0x000002126a07b334: 0048 8b02 | a802 0f85 | 2300 0000 | 4883 c801 | 4889 03f0 | 480f b11a | 0f84 3700 | 0000 482b 
  0x000002126a07b354: c448 2507 | f0ff ff48 | 8903 e924 | 0000 0048 | 8bf0 4833 | c0f0 4c0f | b17e 3e48 | c703 0300 
  0x000002126a07b374: 0000 7411 | 4c3b f875 | 1548 ff86 | 8600 0000 | 4833 c075 | 0949 ff87 | 5005 0000 | 33c0 0f85 
  0x000002126a07b394: 103b 0000 | 418b 6930 | 85ed 0f85 | 3843 0000 | 410f b659 | 1285 db0f | 851a 1c00 | 0048 8d84 
  0x000002126a07b3b4: 24f0 0000 | 0048 8338 | 000f 8479 | 0000 004c | 8b0a 41f6 | c102 0f84 | 6200 0000 | 4983 b986 
  0x000002126a07b3d4: 0000 0000 | 7409 49ff | 8986 0000 | 00eb 4b49 | 8b81 9600 | 0000 490b | 818e 0000 | 0075 0a49 
  0x000002126a07b3f4: c741 3e00 | 0000 00eb | 3d49 83b9 | 9e00 0000 | 0074 2248 | 33c0 49c7 | 413e 0000 | 0000 f083 
  0x000002126a07b414: ;   {no_reloc}
  0x000002126a07b414: 0424 0049 | 83b9 9e00 | 0000 0075 | 0df0 4d0f | b179 3e75 | 0583 c801 | eb0c a800 | eb08 4c8b 
  0x000002126a07b434: 08f0 4c0f | b10a 750a | 49ff 8f50 | 0500 0045 | 33c9 0f85 | de3a 0000 | 418b 5a20 

  0x000002126a07b450: ; implicit exception: dispatches to 0x000002126a081a54
  0x000002126a07b450: 8b6b 1844 

  0x000002126a07b454: ;   {metadata('java/util/jar/JarFile')}
  0x000002126a07b454: 8b4d 0841 | 81f9 0814 | 1900 0f85 | 1b3b 0000 | 4c8b cd41 | 8b59 2885 | db0f 847e | 0b00 008b 
  0x000002126a07b474: 6b0c 4180 | 7f40 000f | 858b 1c00 | 008b 4508 | 4c89 5424 | 5048 894c | 2448 4489 | 4424 684c 
  0x000002126a07b494: 896c 2420 | 4c89 5c24 | 3848 897c | 2460 4c8b 

  0x000002126a07b4a4: ;   {oop(a 'java/lang/Class'{0x00000000c090d8e8} = 'java/lang/ref/SoftReference')}
  0x000002126a07b4a4: 5320 49bb | e8d8 90c0 | 0000 0000 | 4d8b 5b70 | 4d3b d30f | 85fe 1a00 

  0x000002126a07b4bc: ;   {metadata('java/util/jar/Manifest')}
  0x000002126a07b4bc: 0081 f8a0 | e104 000f | 854b 6400 | 0048 8bcd | 448b 8c24 | 9400 0000 | 458b 4138 | 4585 c00f 
  0x000002126a07b4dc: 84db 3800 | 004c 8bac | 24c0 0000 | 0041 8b45 | 0c85 c00f | 857f 0000 | 0045 0fb6 | 5511 4585 
  0x000002126a07b4fc: d20f 85ef | 2100 0045 | 8b55 1449 | 8be8 498b | d241 807d | 1000 0f85 | ab25 0000 | 4489 4424 
  0x000002126a07b51c: 2c48 894c | 2478 48ff | b424 c000 | 0000 488f | 4424 7048 | 8944 24f8 | 8b84 2494 | 0000 0089 
  0x000002126a07b53c: 4424 2848 | 8b44 24f8 

  0x000002126a07b544: ;   {static_call}
  0x000002126a07b544: c5f8 77e8 

  0x000002126a07b548: ; ImmutableOopMap {rbp=Oop [32]=Oop [40]=NarrowOop [44]=NarrowOop [48]=Oop [56]=Oop [72]=Oop [80]=Oop [88]=Oop [96]=Oop [104]=NarrowOop [112]=Oop [120]=Oop [152]=NarrowOop [192]=Oop }
                      ;*invokestatic hashCode {reexecute=0 rethrow=0 return_oop=0}
                      ; - java.lang.String::hashCode@27
                      ; - java.util.concurrent.ConcurrentHashMap::get@1
                      ; - java.lang.ClassLoader::getDefinedPackage@13
                      ; - java.net.URLClassLoader::getAndVerifyPackage@2
                      ; - java.net.URLClassLoader::defineClass@46
                      ; - java.net.URLClassLoader$1::run@43
                      ; - java.net.URLClassLoader$1::run@1
  0x000002126a07b548: f432 deff 

  0x000002126a07b54c: ;   {other}
  0x000002126a07b54c: 0f1f 8400 | 3c22 0017 | 85c0 0f84 | a925 0000 | 4c8b 6c24 | 7041 8945 | 0c44 8b4c | 2428 488b 
  0x000002126a07b56c: 4c24 7844 | 8b44 242c | 458b 4028 | 4585 c00f | 8468 f7ff | ff41 8b58 | 0c85 db0f | 869f 4000 
  0x000002126a07b58c: 0044 8bd0 | 41c1 ea10 | 4433 d0ff | cb41 81e2 | ffff ff7f | 4123 da4c | 63db 478b | 7498 1045 
  0x000002126a07b5ac: 85f6 0f84 | 35f7 ffff | 418b 6e0c | 413b ea0f | 84c4 0500 | 0085 ed0f | 8c1f 4d00 | 0045 8b46 
  0x000002126a07b5cc: 1845 85c0 | 0f84 13f7 | ffff 498b | d844 8b43 | 0c49 8b87 

  0x000002126a07b5e0: ; ImmutableOopMap {r9=NarrowOop rcx=Oop rbx=Oop r13=Oop [32]=Oop [48]=Oop [56]=Oop [72]=Oop [80]=Oop [88]=Oop [96]=Oop [104]=NarrowOop [152]=NarrowOop }
                      ;*if_icmpne {reexecute=1 rethrow=0 return_oop=0}
                      ; - (reexecute) java.util.concurrent.ConcurrentHashMap::get@127
                      ; - java.lang.ClassLoader::getDefinedPackage@13
                      ; - java.net.URLClassLoader::getAndVerifyPackage@2
                      ; - java.net.URLClassLoader::defineClass@46
                      ; - java.net.URLClassLoader$1::run@43
                      ; - java.net.URLClassLoader$1::run@1
  0x000002126a07b5e0: 5804 0000 

  0x000002126a07b5e4: ;   {poll}
  0x000002126a07b5e4: 8500 453b | c274 1244 | 8b5b 1845 | 85db 0f84 | f1f6 ffff | 498b dbeb | dc8b 6b10 | 4c8b dd4d 
  0x000002126a07b604: 3bdd 7460 | 85ed 0f84 | f24d 0000 | 4889 9c24 | 8800 0000 | 4489 5424 | 7448 898c | 2480 0000 
  0x000002126a07b624: 004c 896c | 2478 4489 | 4c24 704c | 8bc5 498b | d549 8bed 

  0x000002126a07b638: ;   {optimized virtual_call}
  0x000002126a07b638: c5f8 77e8 

  0x000002126a07b63c: ; ImmutableOopMap {rbp=Oop [32]=Oop [48]=Oop [56]=Oop [72]=Oop [80]=Oop [88]=Oop [96]=Oop [104]=NarrowOop [112]=NarrowOop [120]=Oop [128]=Oop [136]=Oop [152]=NarrowOop }
                      ;*invokevirtual equals {reexecute=0 rethrow=0 return_oop=0}
                      ; - java.util.concurrent.ConcurrentHashMap::get@149
                      ; - java.lang.ClassLoader::getDefinedPackage@13
                      ; - java.net.URLClassLoader::getAndVerifyPackage@2
                      ; - java.net.URLClassLoader::defineClass@46
                      ; - java.net.URLClassLoader$1::run@43
                      ; - java.net.URLClassLoader$1::run@1
  0x000002126a07b63c: 00f3 fbff 

  0x000002126a07b640: ;   {other}
  0x000002126a07b640: 0f1f 8400 | 3023 0019 | 85c0 0f84 | 284e 0000 | 448b 4c24 | 704c 8bed | 488b 8c24 | 8000 0000 
  0x000002126a07b660: 488b 9c24 | 8800 0000 | 8b6b 1485 | ed0f 8476 | f6ff ff45 | 0fb6 5d11 | 418b 450c | eb18 498b 
  0x000002126a07b680: cb41 8b6e | 1485 ed0f | 845c f6ff | ff41 8b45 | 0c45 0fb6 | 5d11 448b 

  0x000002126a07b698: ;   {metadata('java/lang/Package')}
  0x000002126a07b698: 5508 4181 | fae8 bd01 | 000f 8570 | 6000 0048 | 894c 2470 | 4489 8c24 | 9400 0000 | 458b 4d14 
  0x000002126a07b6b8: ; implicit exception: dispatches to 0x000002126a081b3c
  0x000002126a07b6b8: 458b 510c | 4c8b c545 | 8b40 1044 | 8944 2478 | 4585 d20f | 8633 3c00 | 0044 8b94 | 2494 0000 
  0x000002126a07b6d8: 0045 8b42 | 3844 8944 | 2428 4585 | c00f 8479 | 3b00 0085 | c075 4b45 | 85db 0f85 | da21 0000 
  0x000002126a07b6f8: 498b d149 | 8be8 4180 | 7d10 000f | 8573 2e00 | 004c 89ac | 2480 0000 | 0066 6690 

  0x000002126a07b714: ;   {static_call}
  0x000002126a07b714: c5f8 77e8 

  0x000002126a07b718: ; ImmutableOopMap {rbp=Oop [32]=Oop [40]=NarrowOop [48]=Oop [56]=Oop [72]=Oop [80]=Oop [88]=Oop [96]=Oop [104]=NarrowOop [112]=Oop [120]=NarrowOop [128]=Oop [148]=NarrowOop [152]=NarrowOop }
                      ;*invokestatic hashCode {reexecute=0 rethrow=0 return_oop=0}
                      ; - java.lang.String::hashCode@27
                      ; - java.util.concurrent.ConcurrentHashMap::get@1
                      ; - java.lang.ClassLoader::definePackage@47
                      ; - java.lang.ClassLoader::getDefinedPackage@32
                      ; - java.net.URLClassLoader::getAndVerifyPackage@2
                      ; - java.net.URLClassLoader::defineClass@46
                      ; - java.net.URLClassLoader$1::run@43
                      ; - java.net.URLClassLoader$1::run@1
  0x000002126a07b718: 6439 86ff 

  0x000002126a07b71c: ;   {other}
  0x000002126a07b71c: 0f1f 8400 | 0c24 001a | 85c0 0f84 | 6d2e 0000 | 4c8b 8c24 | 8000 0000 | 4189 410c | eb03 4d8b 
  0x000002126a07b73c: cd44 8b5c | 2428 458b | 4328 4585 | c00f 841a | 0100 0045 | 8b50 0c45 | 85d2 0f86 | d042 0000 
  0x000002126a07b75c: 4c89 8c24 | 8000 0000 | 448b d841 | c1eb 1044 | 33d8 41ff | ca41 81e3 | ffff ff7f | 4489 5c24 
  0x000002126a07b77c: 7c45 23d3 | 4d63 d247 | 8b54 9010 | 4585 d20f | 84d8 0000 | 0041 8b6a | 0c41 3beb | 0f84 8802 
  0x000002126a07b79c: 0000 85ed | 0f8c 864e | 0000 458b | 5218 4585 | d20f 84ae | 0000 0045 | 8b5a 0c4c | 8994 2488 
  0x000002126a07b7bc: 0000 004d | 8b97 5804 

  0x000002126a07b7c4: ; ImmutableOopMap {[32]=Oop [48]=Oop [56]=Oop [72]=Oop [80]=Oop [88]=Oop [96]=Oop [104]=NarrowOop [112]=Oop [120]=NarrowOop [128]=Oop [136]=Oop [148]=NarrowOop [152]=NarrowOop }
                      ;*if_icmpne {reexecute=1 rethrow=0 return_oop=0}
                      ; - (reexecute) java.util.concurrent.ConcurrentHashMap::get@127
                      ; - java.lang.ClassLoader::definePackage@47
                      ; - java.lang.ClassLoader::getDefinedPackage@32
                      ; - java.net.URLClassLoader::getAndVerifyPackage@2
                      ; - java.net.URLClassLoader::defineClass@46
                      ; - java.net.URLClassLoader$1::run@43
                      ; - java.net.URLClassLoader$1::run@1
                      ;   {poll}
  0x000002126a07b7c4: 0000 4185 | 0244 3b5c | 247c 7420 | 4c8b 9424 | 8800 0000 | 458b 5a18 | 4585 db75 | 0a4c 8b8c 
  0x000002126a07b7e4: 2480 0000 | 00eb 7e4d | 8bd3 ebc3 | 4c8b 9424 | 8800 0000 | 418b 6a10 | 4c8b d54c | 8b9c 2480 
  0x000002126a07b804: 0000 004d | 3bd3 7428 | 85ed 0f84 | 944e 0000 | 4c8b c549 | 8bd3 6690 

  0x000002126a07b81c: ;   {optimized virtual_call}
  0x000002126a07b81c: c5f8 77e8 

  0x000002126a07b820: ; ImmutableOopMap {[32]=Oop [48]=Oop [56]=Oop [72]=Oop [80]=Oop [88]=Oop [96]=Oop [104]=NarrowOop [112]=Oop [120]=NarrowOop [128]=Oop [136]=Oop [148]=NarrowOop [152]=NarrowOop }
                      ;*invokevirtual equals {reexecute=0 rethrow=0 return_oop=0}
                      ; - java.util.concurrent.ConcurrentHashMap::get@149
                      ; - java.lang.ClassLoader::definePackage@47
                      ; - java.lang.ClassLoader::getDefinedPackage@32
                      ; - java.net.URLClassLoader::getAndVerifyPackage@2
                      ; - java.net.URLClassLoader::defineClass@46
                      ; - java.net.URLClassLoader$1::run@43
                      ; - java.net.URLClassLoader$1::run@1
  0x000002126a07b820: 1cf1 fbff 

  0x000002126a07b824: ;   {other}
  0x000002126a07b824: 0f1f 8400 | 1425 001c | 85c0 0f84 | dc4e 0000 | 4c8b 9424 | 8800 0000 | 418b 6a14 | 85ed 0f84 
  0x000002126a07b844: be1e 0000 | 448b 5508 

  0x000002126a07b84c: ;   {metadata('java/lang/Package')}
  0x000002126a07b84c: 4181 fae8 | bd01 000f | 8547 6000 | 0048 8bdd | e9ab 0000 | 004c 8b8c | 2480 0000 | 008b 8c24 
  0x000002126a07b86c: 9400 0000 | 8b69 384d | 8b97 b801 | 0000 4d8b | da49 83c3 | 184d 3b9f | c801 0000 | 0f83 e22f 
  0x000002126a07b88c: 0000 4d89 | 9fb8 0100 | 0041 0f18 | 8300 0100 | 0049 c702 | 0100 0000 

  0x000002126a07b8a4: ;   {metadata('java/lang/ClassLoader$$Lambda+0x0000021201065d68')}
  0x000002126a07b8a4: 41c7 4208 | 685d 0601 | 4589 620c | 4d89 6210 | 4189 4a0c | 448b 4424 | 7845 8942 | 1085 ed0f 
  0x000002126a07b8c4: 84d3 4100 | 004c 898c | 2480 0000 | 0089 8c24 | 9400 0000 | 488b d54d | 8bc1 4d8b | ca4c 8944 
  0x000002126a07b8e4: 2428 6690 

  0x000002126a07b8e8: ;   {optimized virtual_call}
  0x000002126a07b8e8: c5f8 77e8 

  0x000002126a07b8ec: ; ImmutableOopMap {[32]=Oop [40]=Oop [48]=Oop [56]=Oop [72]=Oop [80]=Oop [88]=Oop [96]=Oop [104]=NarrowOop [112]=Oop [128]=Oop [148]=NarrowOop [152]=NarrowOop }
                      ;*invokevirtual compute {reexecute=0 rethrow=0 return_oop=1}
                      ; - java.lang.ClassLoader::definePackage@78
                      ; - java.lang.ClassLoader::getDefinedPackage@32
                      ; - java.net.URLClassLoader::getAndVerifyPackage@2
                      ; - java.net.URLClassLoader::defineClass@46
                      ; - java.net.URLClassLoader$1::run@43
                      ; - java.net.URLClassLoader$1::run@1
  0x000002126a07b8ec: 9031 86ff 

  0x000002126a07b8f0: ;   {other}
  0x000002126a07b8f0: 0f1f 8400 | e025 001d 

  0x000002126a07b8f8: ; implicit exception: dispatches to 0x000002126a081cd0
  0x000002126a07b8f8: 448b 5008 

  0x000002126a07b8fc: ;   {metadata('java/lang/Package')}
  0x000002126a07b8fc: 4181 fae8 | bd01 000f | 856f 5e00 | 0048 8bd8 | 448b 5310 

  0x000002126a07b910: ; implicit exception: dispatches to 0x000002126a081b6c
  0x000002126a07b910: 458b 5a1c | 4585 db0f | 8507 3f00 | 0044 8b5b | 1441 8b6b | 2485 ed0f | 851b 4300 | 004c 8b4c 
  0x000002126a07b930: 2470 4d85 | c90f 8465 

  0x000002126a07b938: ;   {oop(a 'java/lang/Class'{0x00000000c06052d0} = 'jdk/internal/access/SharedSecrets')}
  0x000002126a07b938: 4300 0049 | bad0 5260 | c000 0000 | 0045 8b9a | d400 0000 

  0x000002126a07b94c: ; implicit exception: dispatches to 0x000002126a081d38
  0x000002126a07b94c: 458b 5308 | 488b 8c24 | 8000 0000 | 440f be41 | 1045 85c0 | 0f85 1e3f | 0000 448b | 4114 418b 
  0x000002126a07b96c: 780c 498b | f385 ff0f | 86ed ebff | ff48 89b4 | 24a0 0000 | 0089 bc24 | 9000 0000 | 4489 8424 
  0x000002126a07b98c: 8800 0000 | 4489 5424 | 2844 899c | 249c 0000 | 0048 899c | 2480 0000 | 0048 894c | 2478 448d 
  0x000002126a07b9ac: 5fff 4489 | 5c24 2c44 | 3bdf 0f83 | e438 0000 | 448d 57fd | 4489 5424 | 6c4d 8bd0 | 4c89 9424 
  0x000002126a07b9cc: a800 0000 | 4180 7810 | 2e0f 842a | 1700 0044 | 8b5c 246c | 4183 fb01 | 0f8e 6b1c | 0000 bd01 
  0x000002126a07b9ec: 0000 0044 | 8b8c 2490 | 0000 0044 | 2bcd 4183 | c1fd 448b | 5424 6c45 | 33c0 443b | d545 0f4c 
  0x000002126a07ba0c: c841 81f9 | a00f 0000 | 41bb a00f | 0000 450f | 47cb 4403 | cde9 9d02 | 0000 458b | ca41 8b6a 
  0x000002126a07ba2c: 104c 8bd5 | 4c8b 9c24 | 8000 0000 

  0x000002126a07ba38: ;   {no_reloc}
  0x000002126a07ba38: 4d3b d375 | 1c45 8bd1 | 418b 6a14 | 85ed 0f85 | fcfd ffff | 4c8b 8c24 | 8000 0000 | e910 feff 
  0x000002126a07ba58: ff44 8b5d | 084c 8bd5 | 4c8b 8424 | 8000 0000 | 4d3b c274 

  0x000002126a07ba6c: ;   {metadata('java/lang/String')}
  0x000002126a07ba6c: d041 81fb | 78e8 0000 | 0f85 0c16 | 0000 450f | be58 1041 | 8bcb 410f | be6a 1044 | 3bdd 0f85 
  0x000002126a07ba8c: 144b 0000 | 458b 5214 | 4c8b 9c24 | 8000 0000 | 458b 4314 | 458b 5a0c | 418b 480c | 413b cb0f 
  0x000002126a07baac: 8536 1e00 | 004d 8bda | 498d 7210 | 4d8b d049 | 8d78 1085 | c90f 849d | 0000 008b | c183 e01f 
  0x000002126a07bacc: 83e1 e00f | 844b 0000 | 0048 8d3c | 0f48 8d34 | 0e48 f7d9 | c5fe 6f0c | 0fc5 fe6f | 040e c5f5 
  0x000002126a07baec: efc8 c4e2 | 7d17 c90f | 8572 0000 | 0048 83c1 | 2075 e185 | c00f 845d | 0000 00c5 | fe6f 4c07 
  0x000002126a07bb0c: e0c5 fe6f | 4406 e0c5 | f5ef c8c4 | e27d 17c9 | 754d eb44 | 8bc8 83e1 | fc74 1948 | 8d3c 0f48 
  0x000002126a07bb2c: 8d34 0e48 | f7d9 8b1c | 0f3b 1c0e | 7531 4883 | c104 75f2 | a802 7412 | 0fb7 1f0f | b70e 3bd9 
  0x000002126a07bb4c: 751d 488d | 7f02 488d | 7602 a801 | 740a 0fb6 | 1f0f b60e | 3bd9 7507 | b801 0000 | 00eb 0233 
  0x000002126a07bb6c: ;   {no_reloc}
  0x000002126a07bb6c: c0c5 f5ef | c9c5 fdef | c085 c00f | 85c0 feff | ff45 8bd1 | e921 fcff | ff41 8b6e | 104c 8bdd 
  0x000002126a07bb8c: 4d3b dd0f | 84ec faff | ff44 8b45 | 0848 8bdd | 4c3b eb0f | 84dc faff 

  0x000002126a07bba4: ;   {metadata('java/lang/String')}
  0x000002126a07bba4: ff41 81f8 | 78e8 0000 | 0f85 17fa | ffff c4c1 | 796e c24c | 8bd9 450f | be45 100f | be6b 1044 
  0x000002126a07bbc4: 3bc5 0f85 | 9c46 0000 | 8b7b 1445 | 8b45 1444 | 8b57 0c41 | 8b48 0c41 | 3bca 0f85 | 151b 0000 
  0x000002126a07bbe4: 4c8b d748 | 8d77 104d | 8bd0 498d | 7810 85c9 | 0f84 9d00 | 0000 8bc1 | 83e0 1f83 | e1e0 0f84 
  0x000002126a07bc04: 4b00 0000 | 488d 3c0f | 488d 340e | 48f7 d9c5 | fe6f 0c0f | c5fe 6f14 | 0ec5 f5ef | cac4 e27d 
  0x000002126a07bc24: 17c9 0f85 | 7200 0000 | 4883 c120 | 75e1 85c0 | 0f84 5d00 | 0000 c5fe | 6f4c 07e0 | c5fe 6f54 
  0x000002126a07bc44: 06e0 c5f5 | efca c4e2 | 7d17 c975 | 4deb 448b | c883 e1fc | 7419 488d | 3c0f 488d | 340e 48f7 
  0x000002126a07bc64: d98b 1c0f | 3b1c 0e75 | 3148 83c1 | 0475 f2a8 | 0274 120f | b71f 0fb7 | 0e3b d975 | 1d48 8d7f 
  0x000002126a07bc84: 0248 8d76 | 02a8 0174 | 0a0f b61f | 0fb6 0e3b | d975 07b8 | 0100 0000 | eb02 33c0 | c5f5 efc9 
  0x000002126a07bca4: ;   {no_reloc}
  0x000002126a07bca4: c5ed efd2 | 85c0 0f85 | cef9 ffff | 498b cbc4 | c179 7ec2 | e90c f9ff | ff66 6690 | 418b eb4c 
  0x000002126a07bcc4: 63c5 448b | 9424 8800 | 0000 470f | be5c 0210 | 4183 fb2e | 7477 470f | be54 0211 | 4183 fa2e 
  0x000002126a07bce4: 7464 448b | 9424 8800 | 0000 470f | be5c 0212 | 4183 fb2e | 7454 470f | be44 0213 | 4183 f82e 
  0x000002126a07bd04: 7441 448d | 5d04 453b | d97c b14d | 8b97 5804 | 0000 83c5 

  0x000002126a07bd18: ; ImmutableOopMap {[32]=Oop [48]=Oop [56]=Oop [72]=Oop [80]=Oop [88]=Oop [96]=Oop [104]=NarrowOop [112]=Oop [120]=Oop [128]=Oop [136]=NarrowOop [148]=NarrowOop [152]=NarrowOop [156]=NarrowOop [160]=Oop [168]=Oop }
                      ;*if_icmpne {reexecute=1 rethrow=0 return_oop=0}
                      ; - (reexecute) java.lang.StringLatin1::replace@28
                      ; - java.lang.String::replace@18
                      ; - java.net.URLClassLoader::isSealed@9
                      ; - java.net.URLClassLoader::getAndVerifyPackage@68
                      ; - java.net.URLClassLoader::defineClass@46
                      ; - java.net.URLClassLoader$1::run@43
                      ; - java.net.URLClassLoader$1::run@1
                      ;   {poll}
  0x000002126a07bd18: 0341 8502 | 443b 5c24 | 6c0f 8d34 | 1900 0041 | 8beb e9c0 | fcff ff41 | ba2f 0000 | 00e9 64e2 
  0x000002126a07bd38: ffff 4c89 | 9c24 c000 | 0000 e99e | f5ff ff83 | c502 ffc5 | eb03 83c5 | 023b ac24 | 9000 0000 
  0x000002126a07bd58: 0f8d d9e7 | ffff 448b | 9c24 9000 | 0000 4181 | fb00 0010 | 000f 87bb | 2700 004d | 8b87 b801 
  0x000002126a07bd78: 0000 4d63 | d349 83c2 | 1749 83e2 | f84d 8bd8 | 4d03 da4d | 3b9f c801 | 0000 0f83 | 9627 0000 
  0x000002126a07bd98: 4d89 9fb8 | 0100 0041 | 0f18 8300 | 0100 0049 | c700 0100 | 0000 410f | 1883 4001 

  0x000002126a07bdb4: ;   {metadata({type array byte})}
  0x000002126a07bdb4: 0000 41c7 | 4008 1823 | 0000 448b | 9424 9000 | 0000 4589 | 500c 410f | 1883 8001 | 0000 4c89 
  0x000002126a07bdd4: 8424 b000 | 0000 85ed | 0f8e 8100 | 0000 448d | 5dff 443b | 9c24 9000 | 0000 0f83 | f03c 0000 
  0x000002126a07bdf4: 448b 9424 | 9000 0000 | 4585 d20f | 86df 3c00 | 0033 db44 | 8bdd 442b | db45 33c9 | 3beb 450f 
  0x000002126a07be14: 4cd9 4181 | fbe8 0300 | 0041 b8e8 | 0300 0045 | 0f47 d844 | 03db 660f | 1f44 0000 | 4c63 d344 
  0x000002126a07be34: 8b84 2488 | 0000 0047 | 0fbe 4410 | 104c 8b8c | 24b0 0000 | 0047 8844 | 1110 ffc3 | 413b db7c 
  0x000002126a07be54: db4d 8b97 

  0x000002126a07be58: ; ImmutableOopMap {r9=Oop [32]=Oop [48]=Oop [56]=Oop [72]=Oop [80]=Oop [88]=Oop [96]=Oop [104]=NarrowOop [112]=Oop [120]=Oop [128]=Oop [136]=NarrowOop [148]=NarrowOop [152]=NarrowOop [156]=NarrowOop [160]=Oop [168]=Oop [176]=Oop }
                      ;*goto {reexecute=1 rethrow=0 return_oop=0}
                      ; - (reexecute) java.lang.StringLatin1::replace@76
                      ; - java.lang.String::replace@18
                      ; - java.net.URLClassLoader::isSealed@9
                      ; - java.net.URLClassLoader::getAndVerifyPackage@68
                      ; - java.net.URLClassLoader::defineClass@46
                      ; - java.net.URLClassLoader$1::run@43
                      ; - java.net.URLClassLoader$1::run@1
  0x000002126a07be58: 5804 0000 

  0x000002126a07be5c: ;   {poll}
  0x000002126a07be5c: 4185 023b | dd7c a43b | ac24 9000 | 0000 0f8d | 4fe6 ffff | 3bac 2490 | 0000 000f | 8331 3900 
  0x000002126a07be7c: 0044 8b54 | 242c 443b | 9424 9000 | 0000 0f83 | 1e39 0000 | 448d 5501 | 4c63 dd44 | 8b8c 2488 
  0x000002126a07be9c: 0000 0047 | 0fbe 4419 | 1041 83f8 | 2e0f 8401 | 1100 004c | 8b8c 24b0 | 0000 0047 | 8844 1910 
  0x000002126a07bebc: 448d 5d01 | 453b da7d | 0541 8beb | ebca 443b | 5c24 6c0f | 8dab e5ff | ffff c5e9 | d300 0000 
  0x000002126a07bedc: 41bb 2f00 | 0000 0f1f | 8000 0000 | 000f 1f80 | 0000 0000 | 4c8b 9424 | b000 0000 | 4788 5c02 
  0x000002126a07befc: 1044 8b94 | 2488 0000 | 0047 0fbe | 5c02 1141 | 83fb 2e74 | 774c 8b94 | 24b0 0000 | 0047 885c 
  0x000002126a07bf1c: 0211 448b | 9c24 8800 | 0000 470f | be5c 0312 | 4183 fb2e | 7461 4788 | 5c02 1244 | 8b94 2488 
  0x000002126a07bf3c: 0000 0047 | 0fbe 5c02 | 1341 83fb | 2e74 354c | 8b94 24b0 | 0000 0047 | 885c 0213 

  0x000002126a07bf58: ;   {no_reloc}
  0x000002126a07bf58: 83c5 0441 | 3be9 7d3b | 4c63 c544 | 8b9c 2488 | 0000 0047 | 0fbe 5c03 | 1041 83fb | 2e0f 8575 
  0x000002126a07bf78: ffff ffe9 | 5cff ffff | 41bb 2f00 | 0000 ebc3 | 41bb 2f00 | 0000 e97e | ffff ff41 | bb2f 0000 
  0x000002126a07bf98: 00eb 974d | 8b97 5804 

  0x000002126a07bfa0: ; ImmutableOopMap {[32]=Oop [48]=Oop [56]=Oop [72]=Oop [80]=Oop [88]=Oop [96]=Oop [104]=NarrowOop [112]=Oop [120]=Oop [128]=Oop [136]=NarrowOop [148]=NarrowOop [152]=NarrowOop [156]=NarrowOop [160]=Oop [168]=Oop [176]=Oop }
                      ;*goto {reexecute=1 rethrow=0 return_oop=0}
                      ; - (reexecute) java.lang.StringLatin1::replace@113
                      ; - java.lang.String::replace@18
                      ; - java.net.URLClassLoader::isSealed@9
                      ; - java.net.URLClassLoader::getAndVerifyPackage@68
                      ; - java.net.URLClassLoader::defineClass@46
                      ; - java.net.URLClassLoader$1::run@43
                      ; - java.net.URLClassLoader$1::run@1
                      ;   {poll}
  0x000002126a07bfa0: 0000 4185 | 023b 6c24 | 6c0f 8dd4 | e4ff ff44 | 8b8c 2490 | 0000 0044 | 2bcd 4183 | c1fd 448b 
  0x000002126a07bfc0: 5424 6c45 | 33c0 443b | d545 0f4c | c841 81f9 | a00f 0000 | 41bb a00f | 0000 450f | 47cb 4403 
  0x000002126a07bfe0: cde9 7aff | ffff 41b8 | 2f00 0000 | e9c2 e0ff | ff4c 894c | 2428 4c89 | 5424 5048 | 894c 2448 
  0x000002126a07c000: 4489 4424 | 684c 896c | 2420 4c89 | 5c24 3848 | 897c 2460 | 498b d190 

  0x000002126a07c018: ;   {optimized virtual_call}
  0x000002126a07c018: c5f8 77e8 

  0x000002126a07c01c: ; ImmutableOopMap {[32]=Oop [40]=Oop [48]=Oop [56]=Oop [72]=Oop [80]=Oop [88]=Oop [96]=Oop [104]=NarrowOop [148]=NarrowOop [152]=NarrowOop [192]=Oop }
                      ;*invokevirtual getManEntry {reexecute=0 rethrow=0 return_oop=1}
                      ; - java.util.jar.JarFile::getManifestFromReference@27
                      ; - java.util.jar.JarFile::getManifest@1
                      ; - jdk.internal.loader.URLClassPath$JarLoader$2::getManifest@22
                      ; - java.net.URLClassLoader::defineClass@34
                      ; - java.net.URLClassLoader$1::run@43
                      ; - java.net.URLClassLoader$1::run@1
  0x000002126a07c01c: 6047 59f8 

  0x000002126a07c020: ;   {other}
  0x000002126a07c020: 0f1f 8400 | 102d 0021 | 4885 c00f | 840e 1600 | 004c 8b44 | 2428 450f | b658 1245 | 85db 0f85 
  0x000002126a07c040: 5902 0000 | 4c89 8424 | 8000 0000 | 498b d04c | 8bc0 6690 

  0x000002126a07c054: ;   {optimized virtual_call}
  0x000002126a07c054: c5f8 77e8 

  0x000002126a07c058: ; ImmutableOopMap {[32]=Oop [48]=Oop [56]=Oop [72]=Oop [80]=Oop [88]=Oop [96]=Oop [104]=NarrowOop [128]=Oop [148]=NarrowOop [152]=NarrowOop [192]=Oop }
                      ;*invokespecial getInputStream {reexecute=0 rethrow=0 return_oop=1}
                      ; - java.util.jar.JarFile::getManifestFromReference@130
                      ; - java.util.jar.JarFile::getManifest@1
                      ; - jdk.internal.loader.URLClassPath$JarLoader$2::getManifest@22
                      ; - java.net.URLClassLoader::defineClass@34
                      ; - java.net.URLClassLoader$1::run@43
                      ; - java.net.URLClassLoader$1::run@1
  0x000002126a07c058: c473 f9ff 

  0x000002126a07c05c: ;   {other}
  0x000002126a07c05c: 0f1f 8400 | 4c2d 0022 | 4889 4424 | 2849 8b87 | b801 0000 | 4c8b d049 | 83c2 184d | 3b97 c801 
  0x000002126a07c07c: 0000 0f83 | e02a 0000 | 4d89 97b8 | 0100 0041 | 0f18 8200 | 0100 0048 | c700 0100 

  0x000002126a07c098: ;   {metadata('java/util/jar/Manifest')}
  0x000002126a07c098: 0000 c740 | 08a0 e104 | 0044 8960 | 0c4c 8960 | 104c 8bd0 | 4c89 5424 | 704c 8b94 | 2480 0000 
  0x000002126a07c0b8: 0045 8b52 | 1444 8954 | 246c 498b | afb8 0100 | 004c 8bd5 | 4983 c210 | 4d3b 97c8 | 0100 000f 
  0x000002126a07c0d8: 8363 2a00 | 004d 8997 | b801 0000 | 410f 1882 | 0001 0000 | 48c7 4500 | 0100 0000 

  0x000002126a07c0f4: ;   {metadata('java/util/jar/Attributes')}
  0x000002126a07c0f4: c745 0840 | 8816 0044 | 8965 0cba | 1000 0000 

  0x000002126a07c104: ;   {static_call}
  0x000002126a07c104: c5f8 77e8 

  0x000002126a07c108: ; ImmutableOopMap {rbp=Oop [32]=Oop [40]=Oop [48]=Oop [56]=Oop [72]=Oop [80]=Oop [88]=Oop [96]=Oop [104]=NarrowOop [108]=NarrowOop [112]=Oop [128]=Oop [148]=NarrowOop [152]=NarrowOop [192]=Oop }
                      ;*invokestatic newLinkedHashMap {reexecute=0 rethrow=0 return_oop=1}
                      ; - java.util.jar.Attributes::<init>@6
                      ; - java.util.jar.Attributes::<init>@3
                      ; - java.util.jar.Manifest::<init>@9
                      ; - java.util.jar.Manifest::<init>@4
                      ; - java.util.jar.JarFile::getManifestFromReference@143
                      ; - java.util.jar.JarFile::getManifest@1
                      ; - jdk.internal.loader.URLClassPath$JarLoader$2::getManifest@22
                      ; - java.net.URLClassLoader::defineClass@34
                      ; - java.net.URLClassLoader$1::run@43
                      ; - java.net.URLClassLoader$1::run@1
  0x000002126a07c108: 14a6 6af8 

  0x000002126a07c10c: ;   {other}
  0x000002126a07c10c: 0f1f 8400 | fc2d 0023 | 488b d841 | 807f 4000 | 0f85 6425 | 0000 4c8b | d344 8955 | 0c4c 8bd3 
  0x000002126a07c12c: 448b 5c24 | 6c4c 895c | 2478 488b | fd4c 8bdd | 4d33 d349 | c1ea 144d | 85d2 741f | 4885 db74 
  0x000002126a07c14c: 1a49 c1eb | 0948 b900 | 004b 7112 | 0200 0049 | 03cb 8039 | 020f 8532 | 2600 0041 | 807f 4000 
  0x000002126a07c16c: 0f85 a224 | 0000 4c8b | 5424 7041 | 897a 0c4c | 8bd5 4c8b | 5c24 704d | 33d3 49c1 | ea14 4d85 
  0x000002126a07c18c: d274 1a49 | c1eb 0948 | b900 004b | 7112 0200 | 0049 03cb | 8039 020f | 854e 2500 | 004d 8b97 
  0x000002126a07c1ac: b801 0000 | 4d8b da49 | 83c3 304d | 3b9f c801 | 0000 0f83 | c129 0000 | 4d89 9fb8 | 0100 0041 
  0x000002126a07c1cc: 0f18 8300 | 0100 0049 | c702 0100 

  0x000002126a07c1d8: ;   {metadata('java/util/HashMap')}
  0x000002126a07c1d8: 0000 41c7 | 4208 68a9 | 0800 4589 | 620c 4d89 | 6210 4d89 | 6218 4d89 | 6228 49c7 | 4220 0000 
  0x000002126a07c1f8: 403f 4180 | 7f40 000f | 8547 2400 | 004d 8bc2 | 4c8b 5c24 | 7045 8943 | 104d 33d3 | 49c1 ea14 
  0x000002126a07c218: 4d85 d274 | 1a49 c1eb | 0948 b900 | 004b 7112 | 0200 0049 | 03cb 8039 | 020f 8511 | 2500 0048 
  0x000002126a07c238: 8b54 2470 | 4c8b 4424 | 284c 8b4c | 2478 6690 

  0x000002126a07c248: ;   {optimized virtual_call}
  0x000002126a07c248: c5f8 77e8 

  0x000002126a07c24c: ; ImmutableOopMap {[32]=Oop [40]=Oop [48]=Oop [56]=Oop [72]=Oop [80]=Oop [88]=Oop [96]=Oop [104]=NarrowOop [112]=Oop [128]=Oop [148]=NarrowOop [152]=NarrowOop [192]=Oop }
                      ;*invokevirtual read {reexecute=0 rethrow=0 return_oop=0}
                      ; - java.util.jar.Manifest::<init>@29
                      ; - java.util.jar.Manifest::<init>@4
                      ; - java.util.jar.JarFile::getManifestFromReference@143
                      ; - java.util.jar.JarFile::getManifest@1
                      ; - jdk.internal.loader.URLClassPath$JarLoader$2::getManifest@22
                      ; - java.net.URLClassLoader::defineClass@34
                      ; - java.net.URLClassLoader$1::run@43
                      ; - java.net.URLClassLoader$1::run@1
  0x000002126a07c24c: 5073 5df8 

  0x000002126a07c250: ;   {other}
  0x000002126a07c250: 0f1f 8400 | 402f 0024 | 4180 7f40 | 000f 8556 | 2400 004c | 8b44 2470 | 4589 6014 | 4c8b 4c24 
  0x000002126a07c270: 2845 8b59 

  0x000002126a07c274: ;   {metadata('java/util/zip/ZipFile$ZipFileInflaterInputStream')}
  0x000002126a07c274: 0841 81fb | c0a4 3100 | 0f85 3647 | 0000 498b | e849 8bd1 

  0x000002126a07c288: ;   {optimized virtual_call}
  0x000002126a07c288: c5f8 77e8 

  0x000002126a07c28c: ; ImmutableOopMap {rbp=Oop [32]=Oop [48]=Oop [56]=Oop [72]=Oop [80]=Oop [88]=Oop [96]=Oop [104]=NarrowOop [128]=Oop [148]=NarrowOop [152]=NarrowOop [192]=Oop }
                      ;*invokevirtual close {reexecute=0 rethrow=0 return_oop=0}
                      ; - java.util.jar.JarFile::getManifestFromReference@152
                      ; - java.util.jar.JarFile::getManifest@1
                      ; - jdk.internal.loader.URLClassPath$JarLoader$2::getManifest@22
                      ; - java.net.URLClassLoader::defineClass@34
                      ; - java.net.URLClassLoader$1::run@43
                      ; - java.net.URLClassLoader$1::run@1
  0x000002126a07c28c: d00a f9ff 

  0x000002126a07c290: ;   {other}
  0x000002126a07c290: 0f1f 8400 | 802f 0025 | e906 0c00 | 0048 8944 | 2470 498b | e849 8bd0 | 4c8b c090 

  0x000002126a07c2ac: ;   {optimized virtual_call}
  0x000002126a07c2ac: c5f8 77e8 

  0x000002126a07c2b0: ; ImmutableOopMap {rbp=Oop [32]=Oop [48]=Oop [56]=Oop [72]=Oop [80]=Oop [88]=Oop [96]=Oop [104]=NarrowOop [112]=Oop [148]=NarrowOop [152]=NarrowOop [192]=Oop }
                      ;*invokevirtual getBytes {reexecute=0 rethrow=0 return_oop=1}
                      ; - java.util.jar.JarFile::getManifestFromReference@44
                      ; - java.util.jar.JarFile::getManifest@1
                      ; - jdk.internal.loader.URLClassPath$JarLoader$2::getManifest@22
                      ; - java.net.URLClassLoader::defineClass@34
                      ; - java.net.URLClassLoader$1::run@43
                      ; - java.net.URLClassLoader$1::run@1
  0x000002126a07c2b0: cc27 86ff 

  0x000002126a07c2b4: ;   {other}
  0x000002126a07c2b4: 0f1f 8400 | a42f 0026 | 4889 4424 | 784c 8bc5 | 410f b668 | 1185 ed0f | 852b 4700 | 004c 8984 
  0x000002126a07c2d4: 2480 0000 | 0049 8bd0 

  0x000002126a07c2dc: ;   {optimized virtual_call}
  0x000002126a07c2dc: c5f8 77e8 

  0x000002126a07c2e0: ; ImmutableOopMap {[32]=Oop [48]=Oop [56]=Oop [72]=Oop [80]=Oop [88]=Oop [96]=Oop [104]=NarrowOop [112]=Oop [120]=Oop [128]=Oop [148]=NarrowOop [152]=NarrowOop [192]=Oop }
                      ;*invokevirtual getManifestNum {reexecute=0 rethrow=0 return_oop=0}
                      ; - java.util.zip.ZipFile$1::getManifestNum@1
                      ; - java.util.jar.JarFile::getManifestFromReference@59
                      ; - java.util.jar.JarFile::getManifest@1
                      ; - jdk.internal.loader.URLClassPath$JarLoader$2::getManifest@22
                      ; - java.net.URLClassLoader::defineClass@34
                      ; - java.net.URLClassLoader$1::run@43
                      ; - java.net.URLClassLoader$1::run@1
  0x000002126a07c2e0: 9c27 86ff 

  0x000002126a07c2e4: ;   {other}
  0x000002126a07c2e4: 0f1f 8400 | d42f 0027 | 83f8 010f | 854b 4700 | 004d 8b97 | b801 0000 | 4d8b da49 | 83c3 404d 
  0x000002126a07c304: 3b9f c801 | 0000 0f83 | e825 0000 | 4d89 9fb8 | 0100 0041 | 0f18 8300 | 0100 0049 | c702 0100 
  0x000002126a07c324: ;   {metadata('java/util/jar/JarVerifier')}
  0x000002126a07c324: 0000 41c7 | 4208 789e | 1600 4589 | 620c 4d89 | 6210 4d89 | 6218 4d89 | 6220 4d89 | 6228 4d89 
  0x000002126a07c344: 6230 4d89 | 6238 4c89 | 9424 8800 | 0000 4c8b | 5424 7045 

  0x000002126a07c358: ;   {metadata('java/util/jar/JarFile$JarFileEntry')}
  0x000002126a07c358: 8b5a 0841 | 81fb d032 | 3100 0f85 | 4b44 0000 | 4c8b 9c24 | 8800 0000 | 41c6 430e | 0145 8b5a 
  0x000002126a07c378: 604c 8b94 | 2488 0000 | 0045 895a | 3041 c642 | 0d01 4d8b | d34c 8b84 | 2488 0000 | 004d 33d0 
  0x000002126a07c398: 4c8b 4c24 | 7849 8bc9 | 894c 2428 | 49c1 ea14 | 4d85 d274 | 1f45 85db | 741a 49c1 | e809 48b9 
  0x000002126a07c3b8: 0000 4b71 | 1202 0000 | 4903 c880 | 3902 0f85 | 1e20 0000 | 4180 7f40 | 000f 851e | 1800 004c 
  0x000002126a07c3d8: 8b94 2488 | 0000 0044 | 8b44 2428 | 4589 422c | 4c8b 5424 | 784c 8b9c | 2488 0000 | 004d 33d3 
  0x000002126a07c3f8: 49c1 ea14 | 4d85 d274 | 244c 8b54 | 2478 4d85 | d274 1a49 | c1eb 0948 | b900 004b | 7112 0200 
  0x000002126a07c418: 0049 03cb | 8039 020f | 8516 2000 | 0049 8baf | b801 0000 | 4c8b d549 | 83c2 304d | 3b97 c801 
  0x000002126a07c438: 0000 0f83 | dc24 0000 | 4d89 97b8 | 0100 0041 | 0f18 8200 | 0100 0048 | c745 0001 

  0x000002126a07c454: ;   {metadata('java/util/Hashtable')}
  0x000002126a07c454: 0000 00c7 | 4508 b8d3 | 0000 4489 | 650c 4c89 | 6510 4c89 | 6518 4c89 | 6520 4c89 

  0x000002126a07c470: ;   {section_word}
  0x000002126a07c470: 6528 c5fa | 1005 86d8 | ffff 6690 

  0x000002126a07c47c: ;   {static_call}
  0x000002126a07c47c: c5f8 77e8 

  0x000002126a07c480: ; ImmutableOopMap {rbp=Oop [32]=Oop [40]=NarrowOop [48]=Oop [56]=Oop [72]=Oop [80]=Oop [88]=Oop [96]=Oop [104]=NarrowOop [120]=Oop [128]=Oop [136]=Oop [148]=NarrowOop [152]=NarrowOop [192]=Oop }
                      ;*invokestatic isNaN {reexecute=0 rethrow=0 return_oop=0}
                      ; - java.util.Hashtable::<init>@47
                      ; - java.util.Hashtable::<init>@5
                      ; - java.util.jar.JarVerifier::<init>@39
                      ; - java.util.jar.JarFile::getManifestFromReference@78
                      ; - java.util.jar.JarFile::getManifest@1
                      ; - jdk.internal.loader.URLClassPath$JarLoader$2::getManifest@22
                      ; - java.net.URLClassLoader::defineClass@34
                      ; - java.net.URLClassLoader$1::run@43
                      ; - java.net.URLClassLoader$1::run@1
  0x000002126a07c480: fc2b 86ff 

  0x000002126a07c484: ;   {other}
  0x000002126a07c484: 0f1f 8400 | 7431 0028 | 85c0 0f85 | 8843 0000 | c745 1400 | 0040 3f4d | 8b97 b801 | 0000 4d8b 
  0x000002126a07c4a4: da49 83c3 | 404d 3b9f | c801 0000 | 0f83 ae24 | 0000 4d89 | 9fb8 0100 | 0041 0f18 | 8300 0100 
  0x000002126a07c4c4: 0049 c702 | 0100 0000 | 410f 1883 | 4001 0000 

  0x000002126a07c4d4: ;   {metadata('java/util/Hashtable$Entry'[])}
  0x000002126a07c4d4: 41c7 4208 | a87f 1300 | 410f 1883 | 8001 0000 | 41c7 420c | 0b00 0000 | 4d89 6210 | 4d89 6218 
  0x000002126a07c4f4: 4d89 6220 | 4d89 6228 | 4d89 6230 | 4d89 6238 | 498b da41 | 807f 4000 | 0f85 5917 | 0000 4c8b 
  0x000002126a07c514: d34d 8bda | 4489 5d1c | 4c8b dd4d | 33d3 488b | dd49 c1ea | 144d 85d2 | 741a 49c1 | eb09 48b9 
  0x000002126a07c534: 0000 4b71 | 1202 0000 | 4903 cb80 | 3902 0f85 | 341a 0000 | 4180 7f40 | 000f 85dd | 1600 004c 
  0x000002126a07c554: 8b94 2488 | 0000 0041 | 895a 14c7 | 4510 0800 | 0000 4c8b | d54c 8b9c | 2488 0000 | 004d 33d3 
  0x000002126a07c574: 49c1 ea14 | 4d85 d274 | 1a49 c1eb | 0948 b900 | 004b 7112 | 0200 0049 | 03cb 8039 | 020f 8536 
  0x000002126a07c594: 1a00 0049 | 8baf b801 | 0000 4c8b | d549 83c2 | 304d 3b97 | c801 0000 | 0f83 8e23 | 0000 4d89 
  0x000002126a07c5b4: 97b8 0100 | 0041 0f18 | 8200 0100 | 0048 c745 | 0001 0000 

  0x000002126a07c5c8: ;   {metadata('java/util/Hashtable')}
  0x000002126a07c5c8: 00c7 4508 | b8d3 0000 | 4489 650c | 4c89 6510 | 4c89 6518 | 4c89 6520 | 4c89 6528 

  0x000002126a07c5e4: ;   {section_word}
  0x000002126a07c5e4: c5fa 1005 | 14d7 ffff 

  0x000002126a07c5ec: ;   {static_call}
  0x000002126a07c5ec: c5f8 77e8 

  0x000002126a07c5f0: ; ImmutableOopMap {rbp=Oop [32]=Oop [40]=NarrowOop [48]=Oop [56]=Oop [72]=Oop [80]=Oop [88]=Oop [96]=Oop [104]=NarrowOop [120]=Oop [128]=Oop [136]=Oop [148]=NarrowOop [152]=NarrowOop [192]=Oop }
                      ;*invokestatic isNaN {reexecute=0 rethrow=0 return_oop=0}
                      ; - java.util.Hashtable::<init>@47
                      ; - java.util.Hashtable::<init>@5
                      ; - java.util.jar.JarVerifier::<init>@50
                      ; - java.util.jar.JarFile::getManifestFromReference@78
                      ; - java.util.jar.JarFile::getManifest@1
                      ; - jdk.internal.loader.URLClassPath$JarLoader$2::getManifest@22
                      ; - java.net.URLClassLoader::defineClass@34
                      ; - java.net.URLClassLoader$1::run@43
                      ; - java.net.URLClassLoader$1::run@1
  0x000002126a07c5f0: 8c2a 86ff 

  0x000002126a07c5f4: ;   {other}
  0x000002126a07c5f4: 0f1f 8400 | e432 0029 | 85c0 0f85 | 8c42 0000 | c745 1400 | 0040 3f4d | 8b97 b801 | 0000 4d8b 
  0x000002126a07c614: da49 83c3 | 404d 3b9f | c801 0000 | 0f83 6623 | 0000 4d89 | 9fb8 0100 | 0041 0f18 | 8300 0100 
  0x000002126a07c634: 0049 c702 | 0100 0000 | 410f 1883 | 4001 0000 

  0x000002126a07c644: ;   {metadata('java/util/Hashtable$Entry'[])}
  0x000002126a07c644: 41c7 4208 | a87f 1300 | 410f 1883 | 8001 0000 | 41c7 420c | 0b00 0000 | 4d89 6210 | 4d89 6218 
  0x000002126a07c664: 4d89 6220 | 4d89 6228 | 4d89 6230 | 4d89 6238 | 498b da41 | 807f 4000 | 0f85 5716 | 0000 4c8b 
  0x000002126a07c684: d344 8955 | 1c4c 8bd3 | 4c8b dd4d | 33d3 488b | fd49 c1ea | 144d 85d2 | 741a 49c1 | eb09 48b9 
  0x000002126a07c6a4: 0000 4b71 | 1202 0000 | 4903 cb80 | 3902 0f85 | b719 0000 | 4180 7f40 | 000f 85db | 1500 004c 
  0x000002126a07c6c4: 8b94 2488 | 0000 0041 | 897a 10c7 | 4510 0800 | 0000 4c8b | d54c 8b9c | 2488 0000 | 004d 33d3 
  0x000002126a07c6e4: 49c1 ea14 | 4d85 d274 | 1a49 c1eb | 0948 b900 | 004b 7112 | 0200 0049 | 03cb 8039 | 020f 8517 
  0x000002126a07c704: 1900 0049 | 8baf b801 | 0000 4c8b | d549 83c2 | 304d 3b97 | c801 0000 | 0f83 9222 | 0000 4d89 
  0x000002126a07c724: 97b8 0100 | 0041 0f18 | 8200 0100 | 0048 c745 | 0001 0000 

  0x000002126a07c738: ;   {metadata('java/util/Hashtable')}
  0x000002126a07c738: 00c7 4508 | b8d3 0000 | 4489 650c | 4c89 6510 | 4c89 6518 | 4c89 6520 | 4c89 6528 

  0x000002126a07c754: ;   {section_word}
  0x000002126a07c754: c5fa 1005 | a4d5 ffff 

  0x000002126a07c75c: ;   {static_call}
  0x000002126a07c75c: c5f8 77e8 

  0x000002126a07c760: ; ImmutableOopMap {rbp=Oop [32]=Oop [40]=NarrowOop [48]=Oop [56]=Oop [72]=Oop [80]=Oop [88]=Oop [96]=Oop [104]=NarrowOop [120]=Oop [128]=Oop [136]=Oop [148]=NarrowOop [152]=NarrowOop [192]=Oop }
                      ;*invokestatic isNaN {reexecute=0 rethrow=0 return_oop=0}
                      ; - java.util.Hashtable::<init>@47
                      ; - java.util.Hashtable::<init>@4
                      ; - java.util.jar.JarVerifier::<init>@63
                      ; - java.util.jar.JarFile::getManifestFromReference@78
                      ; - java.util.jar.JarFile::getManifest@1
                      ; - jdk.internal.loader.URLClassPath$JarLoader$2::getManifest@22
                      ; - java.net.URLClassLoader::defineClass@34
                      ; - java.net.URLClassLoader$1::run@43
                      ; - java.net.URLClassLoader$1::run@1
  0x000002126a07c760: 1c29 86ff 

  0x000002126a07c764: ;   {other}
  0x000002126a07c764: 0f1f 8400 | 5434 002a | 85c0 0f85 | 9041 0000 | c745 1400 | 0040 3f4d | 8b97 b801 | 0000 4d8b 
  0x000002126a07c784: da49 83c3 | 404d 3b9f | c801 0000 | 0f83 3a23 | 0000 4d89 | 9fb8 0100 | 0041 0f18 | 8300 0100 
  0x000002126a07c7a4: 0049 c702 | 0100 0000 | 410f 1883 | 4001 0000 

  0x000002126a07c7b4: ;   {metadata('java/util/Hashtable$Entry'[])}
  0x000002126a07c7b4: 41c7 4208 | a87f 1300 | 410f 1883 | 8001 0000 | 41c7 420c | 0b00 0000 | 4d89 6210 | 4d89 6218 
  0x000002126a07c7d4: 4d89 6220 | 4d89 6228 | 4d89 6230 | 4d89 6238 | 498b da41 | 807f 4000 | 0f85 0616 | 0000 4c8b 
  0x000002126a07c7f4: d34d 8bda | 4489 5d1c | 4c8b 9424 | 8800 0000 | 4489 5424 | 6c48 8bf5 | 4c8b d54c | 8bdb 4d33 
  0x000002126a07c814: da49 c1eb | 144d 85db | 741a 49c1 | ea09 48b9 | 0000 4b71 | 1202 0000 | 4903 ca80 | 3902 0f85 
  0x000002126a07c834: bf1a 0000 | 4180 7f40 | 000f 857a | 1500 004c | 8b94 2488 | 0000 0041 | 8972 18c7 | 4510 0800 
  0x000002126a07c854: 0000 4c8b | d54c 8b9c | 2488 0000 | 004d 33d3 | 49c1 ea14 | 4d85 d274 | 1a49 c1eb | 0948 b900 
  0x000002126a07c874: 004b 7112 | 0200 0049 | 03cb 8039 | 020f 857d | 1900 004d | 8b97 b801 | 0000 4d8b | da49 83c3 
  0x000002126a07c894: 184d 3b9f | c801 0000 | 0f83 3621 | 0000 4d89 | 9fb8 0100 | 0041 0f18 | 8300 0100 

  0x000002126a07c8b0: ;   {no_reloc}
  0x000002126a07c8b0: 0049 c702 | 0100 0000 

  0x000002126a07c8b8: ;   {metadata('java/util/ArrayList')}
  0x000002126a07c8b8: 41c7 4208 | d089 0b00 | 4589 620c | 4589 6210 

  0x000002126a07c8c8: ;   {oop(a 'java/lang/Object'[0] {0x00000000c06fee58})}
  0x000002126a07c8c8: 41c7 4214 | 58ee 6fc0 | 498b da41 | 807f 4000 | 0f85 a414 | 0000 4c8b | d34c 8b9c | 2488 0000 
  0x000002126a07c8e8: 0045 8953 | 1c4d 8bd3 | 4c8b db4d | 33da 49c1 | eb14 4d85 | db74 1a49 | c1ea 0948 | b900 004b 
  0x000002126a07c908: 7112 0200 | 0049 03ca | 8039 020f | 858d 1900 | 004d 8b97 | b801 0000 | 4d8b da49 | 83c3 184d 
  0x000002126a07c928: 3b9f c801 | 0000 0f83 | 1121 0000 | 4d89 9fb8 | 0100 0041 | 0f18 8300 | 0100 0049 | c702 0100 
  0x000002126a07c948: ;   {metadata('java/io/ByteArrayOutputStream')}
  0x000002126a07c948: 0000 41c7 | 4208 a000 | 2200 4589 | 620c 4d89 | 6210 498b | ea49 8b87 | b801 0000 | 4c8b d049 
  0x000002126a07c968: 83c2 304d | 3b97 c801 | 0000 0f83 | a520 0000 | 4d89 97b8 | 0100 0041 | 0f18 8200 | 0100 0048 
  0x000002126a07c988: c700 0100 | 0000 410f | 1882 4001 

  0x000002126a07c994: ;   {metadata({type array byte})}
  0x000002126a07c994: 0000 c740 | 0818 2300 | 0041 0f18 | 8280 0100 | 00c7 400c | 2000 0000 | 4c89 6010 | 4c89 6018 
  0x000002126a07c9b4: 4c89 6020 | 4c89 6028 | 4c8b d549 | 8bfa 4c8b | d044 8955 | 104c 8bd0 | 4c8b dd4d | 33d3 49c1 
  0x000002126a07c9d4: ea14 4d85 | d274 1a49 | c1eb 0948 | b900 004b | 7112 0200 | 0049 03cb | 8039 020f | 8560 1800 
  0x000002126a07c9f4: 0041 807f | 4000 0f85 | 2b14 0000 | 4c8b 9424 | 8800 0000 | 4189 7a24 | 4c8b d54c | 8b9c 2488 
  0x000002126a07ca14: 0000 004d | 33d3 49c1 | ea14 4d85 | d274 1a49 | c1eb 0948 | b900 004b | 7112 0200 | 0049 03cb 
  0x000002126a07ca34: 8039 020f | 85d4 1600 | 004d 8b97 | b801 0000 | 4d8b da49 | 83c3 184d | 3b9f c801 | 0000 0f83 
  0x000002126a07ca54: 3120 0000 | 4d89 9fb8 | 0100 0041 | 0f18 8300 | 0100 0049 | c702 0100 

  0x000002126a07ca6c: ;   {metadata('java/util/ArrayList')}
  0x000002126a07ca6c: 0000 41c7 | 4208 d089 | 0b00 4589 | 620c 4589 

  0x000002126a07ca7c: ;   {oop(a 'java/lang/Object'[0] {0x00000000c06fee58})}
  0x000002126a07ca7c: 6210 41c7 | 4214 58ee | 6fc0 498b | da41 807f | 4000 0f85 | d213 0000 | 4c8b d34c | 8b9c 2488 
  0x000002126a07ca9c: 0000 0045 | 8953 344d | 8bd3 4c8b | db4d 33da | 49c1 eb14 | 4d85 db74 | 1a49 c1ea | 0948 b900 
  0x000002126a07cabc: 004b 7112 | 0200 0049 | 03ca 8039 | 020f 85f1 | 1500 004d | 8b97 b801 | 0000 4d8b | da49 83c3 
  0x000002126a07cadc: 304d 3b9f | c801 0000 | 0f83 c21f | 0000 4d89 | 9fb8 0100 | 0041 0f18 | 8300 0100 | 0049 c702 
  0x000002126a07cafc: 0100 0000 

  0x000002126a07cb00: ;   {metadata('java/util/HashMap')}
  0x000002126a07cb00: 41c7 4208 | 68a9 0800 | 4589 620c | 4d89 6210 | 4d89 6218 | 4d89 6228 | 49c7 4220 | 0000 403f 
  0x000002126a07cb20: 498b da41 | 807f 4000 | 0f85 1912 | 0000 4c8b | d34c 8b9c | 2488 0000 | 0045 8953 | 384d 8bd3 
  0x000002126a07cb40: 4c8b db4d | 33da 49c1 | eb14 4d85 | db74 1a49 | c1ea 0948 | b900 004b | 7112 0200 | 0049 03ca 
  0x000002126a07cb60: 8039 020f | 854a 1600 | 0041 807f | 4000 0f85 | 9811 0000 | 4c8b 9424 | 8000 0000 | 448b 4424 
  0x000002126a07cb80: 6c45 8942 | 304c 8b94 | 2488 0000 | 004c 8b9c | 2480 0000 | 004d 33d3 | 49c1 ea14 | 4d85 d274 
  0x000002126a07cba0: 1a49 c1eb | 0948 b900 | 004b 7112 | 0200 0049 | 03cb 8039 | 020f 85a7 | 1500 0049 | 8b87 b801 
  0x000002126a07cbc0: 0000 4c8b | d049 83c2 | 184d 3b97 | c801 0000 | 0f83 921e | 0000 4d89 | 97b8 0100 | 0041 0f18 
  0x000002126a07cbe0: 8200 0100 | 0048 c700 | 0100 0000 

  0x000002126a07cbec: ;   {metadata('java/util/jar/Manifest')}
  0x000002126a07cbec: c740 08a0 | e104 0044 | 8960 0c4c | 8960 104c | 8bd0 4c89 | 5424 704c | 8b94 2480 | 0000 0045 
  0x000002126a07cc0c: 8b52 3044 | 8954 246c | 498b 87b8 | 0100 004c | 8bd0 4983 | c220 448b | 4424 6c4d | 8bd8 4c89 
  0x000002126a07cc2c: 9c24 8800 | 0000 4d3b | 97c8 0100 | 000f 83bd | 1d00 004d | 8997 b801 | 0000 410f | 1882 0001 
  0x000002126a07cc4c: 0000 48c7 | 0001 0000 

  0x000002126a07cc54: ;   {metadata('java/io/ByteArrayInputStream')}
  0x000002126a07cc54: 00c7 4008 | a023 0500 | 4489 600c | 4c89 6010 | 4c89 6018 | 4c8b d04c | 8994 24a0 | 0000 0044 
  0x000002126a07cc74: 8b5c 2428 | 4589 5a18 | 4c8b 5424 | 7845 8b5a | 0c4c 8b94 | 24a0 0000 | 0045 895a | 144c 8b94 
  0x000002126a07cc94: 2480 0000 | 0045 8b5a | 1444 895c | 2428 498b | afb8 0100 | 004c 8bd5 | 4983 c210 | 4d3b 97c8 
  0x000002126a07ccb4: 0100 000f | 833b 1e00 | 004d 8997 | b801 0000 | 410f 1882 | 0001 0000 | 48c7 4500 | 0100 0000 
  0x000002126a07ccd4: ;   {metadata('java/util/jar/Attributes')}
  0x000002126a07ccd4: c745 0840 | 8816 0044 | 8965 0cba | 1000 0000 

  0x000002126a07cce4: ;   {static_call}
  0x000002126a07cce4: c5f8 77e8 

  0x000002126a07cce8: ; ImmutableOopMap {rbp=Oop [32]=Oop [40]=NarrowOop [48]=Oop [56]=Oop [72]=Oop [80]=Oop [88]=Oop [96]=Oop [104]=NarrowOop [108]=NarrowOop [112]=Oop [128]=Oop [136]=Oop [148]=NarrowOop [152]=NarrowOop [160]=Oop [192]=Oop }
                      ;*invokestatic newLinkedHashMap {reexecute=0 rethrow=0 return_oop=1}
                      ; - java.util.jar.Attributes::<init>@6
                      ; - java.util.jar.Attributes::<init>@3
                      ; - java.util.jar.Manifest::<init>@9
                      ; - java.util.jar.JarFile::getManifestFromReference@121
                      ; - java.util.jar.JarFile::getManifest@1
                      ; - jdk.internal.loader.URLClassPath$JarLoader$2::getManifest@22
                      ; - java.net.URLClassLoader::defineClass@34
                      ; - java.net.URLClassLoader$1::run@43
                      ; - java.net.URLClassLoader$1::run@1
  0x000002126a07cce8: 9423 86ff 

  0x000002126a07ccec: ;   {other}
  0x000002126a07ccec: 0f1f 8400 | dc39 002b | 488b f841 | 807f 4000 | 0f85 9f11 | 0000 4c8b | d744 8955 | 0c44 8b5c 
  0x000002126a07cd0c: 2428 4d8b | d34c 8954 | 2478 488b | dd4c 8bd5 | 4c8b df4d | 33da 49c1 | eb14 4d85 | db74 1f48 
  0x000002126a07cd2c: 85ff 741a | 49c1 ea09 | 48b9 0000 | 4b71 1202 | 0000 4903 | ca80 3902 | 0f85 4217 | 0000 4180 
  0x000002126a07cd4c: 7f40 000f | 857f 1100 | 004c 8b54 | 2470 4189 | 5a0c 4c8b | d54c 8b5c | 2470 4d33 | d349 c1ea 
  0x000002126a07cd6c: 144d 85d2 | 741a 49c1 | eb09 48b9 | 0000 4b71 | 1202 0000 | 4903 cb80 | 3902 0f85 | bc15 0000 
  0x000002126a07cd8c: 4d8b 97b8 | 0100 004d | 8bda 4983 | c330 4d3b | 9fc8 0100 | 000f 8375 | 1d00 004d | 899f b801 
  0x000002126a07cdac: 0000 410f | 1883 0001 | 0000 49c7 | 0201 0000 

  0x000002126a07cdbc: ;   {metadata('java/util/HashMap')}
  0x000002126a07cdbc: 0041 c742 | 0868 a908 | 0045 8962 | 0c4d 8962 | 104d 8962 | 184d 8962 | 2849 c742 | 2000 0040 
  0x000002126a07cddc: 3f49 8bda | 4180 7f40 | 000f 8521 | 1100 004c | 8bd3 4d8b | da4c 8b54 | 2470 4589 | 5a10 4c8b 
  0x000002126a07cdfc: db4d 33da | 49c1 eb14 | 4d85 db74 | 1a49 c1ea | 0948 b900 | 004b 7112 | 0200 0049 | 03ca 8039 
  0x000002126a07ce1c: 020f 8576 | 1500 0048 | 8b54 2470 | 4c8b 8424 | a000 0000 | 4c8b 4c24 | 7866 6690 

  0x000002126a07ce38: ;   {optimized virtual_call}
  0x000002126a07ce38: c5f8 77e8 

  0x000002126a07ce3c: ; ImmutableOopMap {[32]=Oop [48]=Oop [56]=Oop [72]=Oop [80]=Oop [88]=Oop [96]=Oop [104]=NarrowOop [108]=NarrowOop [112]=Oop [128]=Oop [136]=Oop [148]=NarrowOop [152]=NarrowOop [192]=Oop }
                      ;*invokevirtual read {reexecute=0 rethrow=0 return_oop=0}
                      ; - java.util.jar.Manifest::<init>@29
                      ; - java.util.jar.JarFile::getManifestFromReference@121
                      ; - java.util.jar.JarFile::getManifest@1
                      ; - jdk.internal.loader.URLClassPath$JarLoader$2::getManifest@22
                      ; - java.net.URLClassLoader::defineClass@34
                      ; - java.net.URLClassLoader$1::run@43
                      ; - java.net.URLClassLoader$1::run@1
  0x000002126a07ce3c: 401c 86ff 

  0x000002126a07ce40: ;   {other}
  0x000002126a07ce40: 0f1f 8400 | 303b 002c | 4180 7f40 | 000f 85f1 | 1000 004c | 8b54 2470 | 448b 5c24 | 6c45 895a 
  0x000002126a07ce60: 144c 8b94 | 2488 0000 | 004c 8b5c | 2470 4d33 | d349 c1ea | 144d 85d2 | 7424 448b | 4424 6c45 
  0x000002126a07ce80: 85c0 741a | 49c1 eb09 | 48b9 0000 | 4b71 1202 | 0000 4903 | cb80 3902 | 0f85 3f16 | 0000 488b 
  0x000002126a07cea0: 6c24 704d | 8b97 b801 | 0000 4d8b | da49 83c3 | 284d 3b9f | c801 0000 | 0f83 f619 | 0000 4d89 
  0x000002126a07cec0: 9fb8 0100 | 0041 0f18 | 8300 0100 | 0049 c702 | 0100 0000 

  0x000002126a07ced4: ;   {metadata('java/lang/ref/SoftReference')}
  0x000002126a07ced4: 41c7 4208 | 90df 0300 | 4589 620c | 4d89 6210 | 4d89 6218 | 4d89 6220 | 498b fa4c | 8bdd 4589 
  0x000002126a07cef4: 5a0c 4180 | 7f40 000f | 85e9 0a00 | 004c 8bd7 

  0x000002126a07cf04: ;   {oop(a 'java/lang/ref/ReferenceQueue$Null'{0x00000000c06048f0})}
  0x000002126a07cf04: 41c7 4210 | f048 60c0 

  0x000002126a07cf0c: ;   {oop(a 'java/lang/ref/ReferenceQueue$Null'{0x00000000c06048f0})}
  0x000002126a07cf0c: 498b da49 | bbf0 4860 | c000 0000 | 004d 33da | 49c1 eb14 | 4d85 db74 | 1a49 c1ea | 0948 b900 
  0x000002126a07cf2c: 004b 7112 | 0200 0049 | 03ca 8039 | 020f 8533 | 0b00 00f0 | 8344 24c0 | 0041 807f | 4000 0f85 
  0x000002126a07cf4c: 5f0a 0000 | 4c8b 9424 | 8000 0000 | 4189 5a28 

  0x000002126a07cf5c: ;   {oop(a 'java/lang/Class'{0x00000000c090d8e8} = 'java/lang/ref/SoftReference')}
  0x000002126a07cf5c: 49ba e8d8 | 90c0 0000 | 0000 4d8b | 5270 4c89 | 5720 4c8b | d74c 8b9c | 2480 0000 | 004d 33d3 
  0x000002126a07cf7c: 49c1 ea14 | 4d85 d274 | 1b49 c1eb | 0949 b800 | 004b 7112 | 0200 004d | 03c3 4180 | 3802 0f85 
  0x000002126a07cf9c: 7d0a 0000 | 488b cde9 | 24e5 ffff | 458b d0e9 | 4de0 ffff | 41b8 2f00 | 0000 e9f4 | eeff ff4c 
  0x000002126a07cfbc: 895b 20e9 | f9e4 ffff | 33ed e99e | ceff ff48 | 8954 2478 | 4489 4c24 | 704c 8954 | 2450 4889 
  0x000002126a07cfdc: 4c24 3844 | 8944 2448 | 4c89 6c24 | 204c 895c | 2428 448b | 9c24 9800 | 0000 4489 | 5c24 6c44 
  0x000002126a07cffc: 8b94 2494 | 0000 0044 | 8954 2468 | 4889 7c24 | 6041 b801 | 0000 0048 | 8bea 6690 

  0x000002126a07d018: ;   {optimized virtual_call}
  0x000002126a07d018: c5f8 77e8 

  0x000002126a07d01c: ; ImmutableOopMap {rbp=Oop [32]=Oop [40]=Oop [48]=Oop [56]=Oop [72]=NarrowOop [80]=Oop [88]=Oop [96]=Oop [104]=NarrowOop [108]=NarrowOop [112]=NarrowOop [120]=Oop [152]=NarrowOop [192]=Oop }
                      ;*invokevirtual getManifestName {reexecute=0 rethrow=0 return_oop=1}
                      ; - java.util.zip.ZipFile$1::getManifestName@2
                      ; - java.util.jar.JarFile::maybeInstantiateVerifier@20
                      ; - java.util.jar.JarFile::ensureInitialization@1
                      ; - java.util.jar.JavaUtilJarAccessImpl::ensureInitialization@1
                      ; - jdk.internal.loader.URLClassPath$JarLoader$2::getManifest@10
                      ; - java.net.URLClassLoader::defineClass@34
                      ; - java.net.URLClassLoader$1::run@43
                      ; - java.net.URLClassLoader$1::run@1
  0x000002126a07d01c: 60c8 5af8 

  0x000002126a07d020: ;   {other}
  0x000002126a07d020: 0f1f 8400 | 103d 002d | 4885 c00f | 85c6 3c00 | 0044 8b44 | 2470 4588 | 6012 418b | 6830 85ed 
  0x000002126a07d040: 0f85 0a3d | 0000 488b | 7c24 6044 | 8b5c 2468 | 4489 9c24 | 9400 0000 | 4c8b 5c24 | 284c 8b6c 
  0x000002126a07d060: 2420 448b | 4424 4848 | 8b4c 2438 | 4c8b 5424 | 5048 8b54 | 2478 e936 | e3ff ff41 | bb2f 0000 
  0x000002126a07d080: 00e9 21d4 | ffff 458b | d1e9 18e7 | ffff 488b | 4c24 284c | 8b4c 2470 | 488b 5c24 | 7848 8bb4 
  0x000002126a07d0a0: 2480 0000 | 0044 8b5c | 246c 498b | 9758 0400 | 0044 8b55 

  0x000002126a07d0b4: ; ImmutableOopMap {r10=NarrowOop r9=Oop rcx=Oop rbx=Oop rsi=Oop [32]=Oop [48]=Oop [56]=Oop [72]=Oop [80]=Oop [88]=Oop [96]=Oop [104]=NarrowOop [148]=NarrowOop [152]=NarrowOop }
                      ;*ifnonnull {reexecute=1 rethrow=0 return_oop=0}
                      ; - (reexecute) java.util.HashMap::getNode@145
                      ; - java.util.HashMap::get@2
                      ; - java.util.jar.Manifest::getAttributes@5
                      ; - java.util.jar.Manifest::getTrustedAttributes@2
                      ; - java.util.jar.JavaUtilJarAccessImpl::getTrustedAttributes@2
                      ; - java.net.URLClassLoader::isSealed@18
                      ; - java.net.URLClassLoader::getAndVerifyPackage@68
                      ; - java.net.URLClassLoader::defineClass@46
                      ; - java.net.URLClassLoader$1::run@43
                      ; - java.net.URLClassLoader$1::run@1
                      ;   {poll}
  0x000002126a07d0b4: 1885 0245 | 85d2 0f84 | b9d9 ffff | 498b eae9 | 83d8 ffff | 488b cd4c | 8b4c 2428 | 488b 5c24 
  0x000002126a07d0d4: 7048 8b7c | 2478 448b | 5c24 6c4c | 8b84 2480 | 0000 0049 | 8b97 5804 | 0000 458b 

  0x000002126a07d0f0: ; ImmutableOopMap {r10=NarrowOop r9=Oop rcx=Oop rbx=Oop rdi=Oop [32]=Oop [48]=Oop [56]=Oop [72]=Oop [80]=Oop [88]=Oop [96]=Oop [104]=NarrowOop [148]=NarrowOop [152]=NarrowOop }
                      ;*ifnonnull {reexecute=1 rethrow=0 return_oop=0}
                      ; - (reexecute) java.util.HashMap::getNode@145
                      ; - java.util.LinkedHashMap::get@2
                      ; - java.util.jar.Attributes::get@5
                      ; - java.util.jar.Attributes::getValue@2
                      ; - java.net.URLClassLoader::isSealed@58
                      ; - java.net.URLClassLoader::getAndVerifyPackage@68
                      ; - java.net.URLClassLoader::defineClass@46
                      ; - java.net.URLClassLoader$1::run@43
                      ; - java.net.URLClassLoader$1::run@1
                      ;   {poll}
  0x000002126a07d0f0: 5018 8502 | 4585 d20f | 84db dbff | ff4d 8bc2 | e994 daff | ff33 ede9 | 45ec ffff | 85ed 0f84 
  0x000002126a07d110: 6de3 ffff | 4c89 4c24 | 604c 8954 | 2450 4889 | 4c24 4844 | 8944 2438 | 4c89 6c24 | 284c 895c 
  0x000002126a07d130: 2420 488b | f74d 8b57 | 2848 8bcd | 4d85 d20f | 8423 2600 | 004d 8b5f | 384b 894c | 13f8 4983 
  0x000002126a07d150: c2f8 4d89 | 5728 488b | fe4c 8b5c | 2420 4c8b | 6c24 2844 | 8b44 2438 | 488b 4c24 | 484c 8b54 
  0x000002126a07d170: 2450 4c8b | 4c24 60e9 | 05e3 ffff | 4c89 6c24 | 2844 898c | 2494 0000 | 0048 8b54 | 2420 4d8b 
  0x000002126a07d190: c545 33c9 | 33ff 33f6 | 33c9 4533 | d24c 8914 | 244c 8954 | 2408 4c89 | 5424 1090 

  0x000002126a07d1ac: ;   {optimized virtual_call}
  0x000002126a07d1ac: c5f8 77e8 

  0x000002126a07d1b0: ; ImmutableOopMap {[32]=Oop [40]=Oop [48]=Oop [56]=Oop [72]=Oop [80]=Oop [88]=Oop [96]=Oop [104]=NarrowOop [148]=NarrowOop [152]=NarrowOop }
                      ;*invokevirtual definePackage {reexecute=0 rethrow=0 return_oop=1}
                      ; - java.net.URLClassLoader::defineClass@81
                      ; - java.net.URLClassLoader$1::run@43
                      ; - java.net.URLClassLoader$1::run@1
  0x000002126a07d1b0: cc18 86ff 

  0x000002126a07d1b4: ;   {other}
  0x000002126a07d1b4: 0f1f 8400 | a43e 0030 | e96f dbff | ff48 8b6c | 2468 448b | 5d14 4585 | db0f 84ba | e0ff ff4d 
  0x000002126a07d1d4: 8b57 2849 | 8bcb 4d85 | d20f 84a5 | 2500 004d | 8b5f 384b | 894c 13f8 | 4983 c2f8 | 4d89 5728 
  0x000002126a07d1f4: e994 e0ff | ff4d 8b57 | 484d 8b5f | 58f0 8344 | 24c0 0080 | 3900 0f84 | b0e0 ffff | 4488 214d 
  0x000002126a07d214: 85d2 7520 | 498b d7c5 | f877 49ba | 00a4 d642 | ff7f 0000 

  0x000002126a07d228: ;   {other}
  0x000002126a07d228: 41ff d20f | 1f84 0000 | 0000 00e9 | 88e0 ffff | 4b89 4c13 | f849 83c2 | f84d 8957 | 48e9 76e0 
  0x000002126a07d248: ffff 498b | d84d 8bcb | 4c63 c54d | 8d50 104d | 8bda 4983 | e3f8 488b | fb49 03fb | 49c1 ea03 
  0x000002126a07d268: 4d8b d94d | 2bda 498b | cb48 33c0 | 4883 f908 | 7f10 48ff | c978 4f48 | 8904 cf48 | ffc9 7df7 
  0x000002126a07d288: eb44 c5fd | efc0 e90d | 0000 00c5 | fe7f 07c5 | fe7f 4720 | 4883 c740 | 4883 e908 | 7ded 4883 
  0x000002126a07d2a8: c104 7c0c | c5fe 7f07 | 4883 c720 | 4883 e904 | 4883 c104 | 7e10 48ff | c9c5 f9d6 | 0748 83c7 
  0x000002126a07d2c8: 0848 ffc9 | 7df3 488b | 4c24 70c5 | f877 49ba | c044 8c69 | 1202 0000 

  0x000002126a07d2e0: ;   {other}
  0x000002126a07d2e0: 41ff d20f | 1f84 0000 | 0000 004c | 8bc3 e98a 

  0x000002126a07d2f0: ;   {metadata('jdk/internal/loader/URLClassPath$FileLoader$1')}
  0x000002126a07d2f0: dfff ff81 | f978 5037 | 010f 85f5 | 3e00 0048 | 8bc7 8b48 | 1c44 8b41 | 0ce9 08dd | ffff 6690 
  0x000002126a07d310: 4c8b 6c24 | 7089 7424 | 5448 8b8c | 2480 0000 | 0044 8b4c | 2478 4c8b | dd8b f0e9 | f700 0000 
  0x000002126a07d330: ;   {metadata('jdk/internal/loader/URLClassPath$FileLoader$1')}
  0x000002126a07d330: 4181 fa78 | 5037 010f | 85e7 3e00 | 004d 8bd3 | 4c89 5424 | 6849 8bd2 

  0x000002126a07d348: ;   {optimized virtual_call}
  0x000002126a07d348: c5f8 77e8 

  0x000002126a07d34c: ; ImmutableOopMap {[40]=Oop [48]=Oop [72]=Oop [80]=NarrowOop [88]=Oop [96]=Oop [104]=Oop [148]=NarrowOop [152]=NarrowOop }
                      ;*invokevirtual cachedInputStream {reexecute=0 rethrow=0 return_oop=1}
                      ; - jdk.internal.loader.Resource::getBytes@1
                      ; - java.net.URLClassLoader::defineClass@179
                      ; - java.net.URLClassLoader$1::run@43
                      ; - java.net.URLClassLoader$1::run@1
  0x000002126a07d34c: f043 fcff 

  0x000002126a07d350: ;   {other}
  0x000002126a07d350: 0f1f 8400 | 4040 0031 | 4889 4424 | 7048 8b4c | 2430 0fb6 | 693a 85ed | 0f85 c23f | 0000 4533 
  0x000002126a07d370: db4c 8b4c | 2468 458b | 4118 4585 | c00f 8441 | 3e00 0044 | 895c 2454 | 4889 4c24 | 3849 8bd0 
  0x000002126a07d390: ;   {optimized virtual_call}
  0x000002126a07d390: c5f8 77e8 

  0x000002126a07d394: ; ImmutableOopMap {[40]=Oop [56]=Oop [72]=Oop [80]=NarrowOop [88]=Oop [96]=Oop [104]=Oop [112]=Oop [148]=NarrowOop [152]=NarrowOop }
                      ;*invokevirtual length {reexecute=0 rethrow=0 return_oop=0}
                      ; - jdk.internal.loader.URLClassPath$FileLoader$1::getContentLength@4
                      ; - jdk.internal.loader.Resource::getBytes@10
                      ; - java.net.URLClassLoader::defineClass@179
                      ; - java.net.URLClassLoader$1::run@43
                      ; - java.net.URLClassLoader$1::run@1
  0x000002126a07d394: 6957 0000 

  0x000002126a07d398: ;   {other}
  0x000002126a07d398: 0f1f 8400 | 8840 0032 | 498b 8fb8 | 0100 004c | 8bd1 4983 | c210 448b | c84d 3b97 | c801 0000 
  0x000002126a07d3b8: 0f83 ca33 | 0000 4d89 | 97b8 0100 | 0041 0f18 | 8200 0100 | 0048 c701 | 0100 0000 | 410f 1882 
  0x000002126a07d3d8: 4001 0000 

  0x000002126a07d3dc: ;   {metadata({type array byte})}
  0x000002126a07d3dc: c741 0818 | 2300 0041 | 0f18 8280 | 0100 0044 | 8961 0c41 | 83f9 ff0f | 8483 3f00 | 0045 85c9 
  0x000002126a07d3fc: 7f0e 4889 | 4c24 208b | 7424 54e9 | bd01 0000 | 4c8b 6c24 | 7045 8b55 

  0x000002126a07d414: ;   {metadata('java/util/zip/ZipFile$ZipFileInflaterInputStream')}
  0x000002126a07d414: 0841 81fa | c0a4 3100 | 0f85 8e2b | 0000 4d8b | dd33 f68b | 510c 3bf2 | 0f8c ae14 | 0000 458b 
  0x000002126a07d434: d144 2bd6 | 8d9a 0004 | 0000 443b | d344 0f4f | d345 85d2 | 0f8c 223d | 0000 488b | c148 83c0 
  0x000002126a07d454: 1045 8d04 | 3244 3bc2 | 0f84 6a1c | 0000 4181 | f800 0010 | 000f 87fe | 3a00 0049 | 63d8 413b 
  0x000002126a07d474: d08b ea41 | 0f4f e83b | d50f 825b | 3b00 0044 | 3bc5 0f82 | 603b 0000 | 4883 c317 | 4c8b f349 
  0x000002126a07d494: 83e6 f841 | 81f8 0000 | 1000 0f87 | bc2e 0000 | 498b 97b8 | 0100 0048 | 8bfa 4903 | fe49 3bbf 
  0x000002126a07d4b4: c801 0000 | 0f83 a22e | 0000 4989 | bfb8 0100 | 000f 1887 | 0001 0000 | 48c7 0201 | 0000 000f 
  0x000002126a07d4d4: 1887 4001 

  0x000002126a07d4d8: ;   {metadata({type array byte})}
  0x000002126a07d4d8: 0000 c742 | 0818 2300 | 0044 8942 | 0c0f 1887 | 8001 0000 | 488b fa48 | 83c7 1048 | c1eb 0385 
  0x000002126a07d4f8: ed0f 8476 | 3a00 0041 | 3be8 0f8c | 6417 0000 | c4e1 f96e | c748 8954 | 2430 4489 | 5424 208b 
  0x000002126a07d518: ee49 8bfb | 418b f149 | 83c6 f049 | c1ee 0348 | 8bc8 c4e1 | f97e c24d | 8bc6 c5f8 | 7749 ba60 
  0x000002126a07d538: 4b8c 6912 | 0200 0041 

  0x000002126a07d540: ;   {other}
  0x000002126a07d540: ffd2 0f1f | 8400 0000 | 0000 448b | ce4c 8bdf | 8bf5 448b | 5424 2048 | 8b54 2430 | 4889 9424 
  0x000002126a07d560: 8000 0000 | 4c89 6c24 | 7089 7424 | 2049 8beb | 4489 4c24 | 7849 8bd3 | 4c8b 8424 | 8000 0000 
  0x000002126a07d580: 448b ce41 | 8bfa 6690 

  0x000002126a07d588: ;   {optimized virtual_call}
  0x000002126a07d588: c5f8 77e8 

  0x000002126a07d58c: ; ImmutableOopMap {rbp=Oop [40]=Oop [56]=Oop [72]=Oop [80]=NarrowOop [88]=Oop [96]=Oop [104]=Oop [112]=Oop [128]=Oop [148]=NarrowOop [152]=NarrowOop }
                      ;*invokevirtual read {reexecute=0 rethrow=0 return_oop=0}
                      ; - jdk.internal.loader.Resource::getBytes@117
                      ; - java.net.URLClassLoader::defineClass@179
                      ; - java.net.URLClassLoader$1::run@43
                      ; - java.net.URLClassLoader$1::run@1
  0x000002126a07d58c: f014 86ff 

  0x000002126a07d590: ;   {other}
  0x000002126a07d590: 0f1f 8400 | 8042 0033 | 85c0 0f8c | 843b 0000 | 0344 2420 | 8b74 2454 | 4d8b 9758 

  0x000002126a07d5ac: ; ImmutableOopMap {rbp=Oop [40]=Oop [56]=Oop [72]=Oop [80]=NarrowOop [88]=Oop [96]=Oop [104]=Oop [112]=Oop [128]=Oop [148]=NarrowOop [152]=NarrowOop }
                      ;*goto {reexecute=1 rethrow=0 return_oop=0}
                      ; - (reexecute) jdk.internal.loader.Resource::getBytes@179
                      ; - java.net.URLClassLoader::defineClass@179
                      ; - java.net.URLClassLoader$1::run@43
                      ; - java.net.URLClassLoader$1::run@1
                      ;   {poll}
  0x000002126a07d5ac: 0400 0041 | 8502 3b44 | 2478 0f8c | 54fd ffff | 4c8b 9424 | 8000 0000 | 4c89 5424 | 204c 8b54 
  0x000002126a07d5cc: 2470 458b 

  0x000002126a07d5d0: ;   {metadata('java/util/zip/ZipFile$ZipFileInflaterInputStream')}
  0x000002126a07d5d0: 5a08 4181 | fbc0 a431 | 000f 853d | 2800 0089 | 7424 3c48 | 8b54 2470 

  0x000002126a07d5e8: ;   {optimized virtual_call}
  0x000002126a07d5e8: c5f8 77e8 

  0x000002126a07d5ec: ; ImmutableOopMap {[32]=Oop [40]=Oop [72]=Oop [80]=NarrowOop [88]=Oop [96]=Oop [104]=Oop [148]=NarrowOop [152]=NarrowOop }
                      ;*invokevirtual close {reexecute=0 rethrow=0 return_oop=0}
                      ; - jdk.internal.loader.Resource::getBytes@183
                      ; - java.net.URLClassLoader::defineClass@179
                      ; - java.net.URLClassLoader$1::run@43
                      ; - java.net.URLClassLoader$1::run@1
  0x000002126a07d5ec: 9014 86ff 

  0x000002126a07d5f0: ;   {other}
  0x000002126a07d5f0: 0f1f 8400 | e042 0035 | 8b74 243c | 85f6 0f85 | b53d 0000 | 4c8b 5424 | 204c 8954 | 2468 e977 
  0x000002126a07d610: d8ff ff66 | 6690 c5f8 | 7748 b820 | 9423 7a12 

  0x000002126a07d620: ;   {virtual_call}
  0x000002126a07d620: 0200 00e8 

  0x000002126a07d624: ; ImmutableOopMap {[40]=Oop [72]=Oop [80]=NarrowOop [88]=Oop [96]=Oop [104]=Oop [148]=NarrowOop [152]=NarrowOop }
                      ;*invokevirtual getCodeSigners {reexecute=0 rethrow=0 return_oop=1}
                      ; - java.net.URLClassLoader::defineClass@185
                      ; - java.net.URLClassLoader$1::run@43
                      ; - java.net.URLClassLoader$1::run@1
  0x000002126a07d624: 095e 86ff 

  0x000002126a07d628: ;   {other}
  0x000002126a07d628: 0f1f 8400 | 1843 0036 | e97b d8ff | ff48 894c | 2448 e900 | d7ff ff33 | c9e9 86de 

  0x000002126a07d644: ;   {oop(""{0x00000000c0607a90})}
  0x000002126a07d644: ffff 48bd | 907a 60c0 | 0000 0000 | e988 dcff | ff41 bb01 | 0000 0044 | 3b9c 2490 | 0000 007d 
  0x000002126a07d664: 5944 8b94 | 2488 0000 | 0047 0fbe | 541a 1041 | 83fa 2e0f | 845b 1200 | 0041 ffc3 | 443b 9c24 
  0x000002126a07d684: 9000 0000 | 7cdb 488b | 4c24 784c | 8b4c 2470 | 488b 9c24 | 8000 0000 | 448b 9c24 | 9c00 0000 
  0x000002126a07d6a4: 448b 5424 | 2844 8b84 | 2488 0000 | 0048 8bb4 | 24a0 0000 | 00e9 a8ce | ffff 488b | 4c24 784c 
  0x000002126a07d6c4: 8b4c 2470 | 488b 9c24 | 8000 0000 | 448b 9c24 | 9c00 0000 | 448b 5424 | 2844 8b84 | 2488 0000 
  0x000002126a07d6e4: 0048 8bb4 | 24a0 0000 | 00e9 74ce | ffff 33c0 | e97b deff | ff49 8bcb | c4c1 797e | c2e9 c3de 
  0x000002126a07d704: ffff 4c8b | 8c24 8000 | 0000 e956 | e1ff ff89 | 7c24 4448 | 8944 2448 | 4489 4c24 | 4044 8944 
  0x000002126a07d724: 243c 894c | 2438 4c89 | 5424 304c | 895c 2428 | 4c89 6c24 

  0x000002126a07d738: ;   {metadata({type array byte})}
  0x000002126a07d738: 2048 ba18 | 2300 0012 | 0200 0044 | 8bc7 4889 | 7424 5090 

  0x000002126a07d74c: ;   {runtime_call _new_array_Java}
  0x000002126a07d74c: c5f8 77e8 

  0x000002126a07d750: ; ImmutableOopMap {[32]=Oop [40]=Oop [48]=Oop [88]=Oop }
                      ;*invokevirtual allocateUninitializedArray0 {reexecute=0 rethrow=0 return_oop=1}
                      ; - jdk.internal.misc.Unsafe::allocateUninitializedArray@51
                      ; - java.lang.StringConcatHelper::newArray@33
                      ; - java.lang.StringConcatHelper::simpleConcat@61
                      ; - java.lang.String::concat@11
                      ; - java.net.URLClassLoader$1::run@13
                      ; - java.net.URLClassLoader$1::run@1
  0x000002126a07d750: ac4c 93ff 

  0x000002126a07d754: ;   {other}
  0x000002126a07d754: 0f1f 8400 | 4444 0037 | 488b d84c | 8b5c 2428 | 4c8b 5424 | 308b 4c24 | 3844 8b44 | 243c 448b 
  0x000002126a07d774: 4c24 4048 | 8b44 2448 | 8b7c 2444 | 4c8b 6c24 | 20e9 62ca | ffff 4889 | 5c24 284c | 896c 2420 
  0x000002126a07d794: ;   {metadata('java/lang/String')}
  0x000002126a07d794: 48ba 78e8 | 0000 1202 | 0000 6690 

  0x000002126a07d7a0: ;   {runtime_call _new_instance_Java}
  0x000002126a07d7a0: c5f8 77e8 

  0x000002126a07d7a4: ; ImmutableOopMap {[32]=Oop [40]=Oop [88]=Oop }
                      ;*new {reexecute=0 rethrow=0 return_oop=1}
                      ; - java.lang.StringConcatHelper::newString@6
                      ; - java.lang.StringConcatHelper::simpleConcat@90
                      ; - java.lang.String::concat@11
                      ; - java.net.URLClassLoader$1::run@13
                      ; - java.net.URLClassLoader$1::run@1
  0x000002126a07d7a4: 5849 93ff 

  0x000002126a07d7a8: ;   {other}
  0x000002126a07d7a8: 0f1f 8400 | 9844 0038 | 488b 5c24 | 284c 8b6c | 2420 e9e1 | caff ff49 | 8b87 b801 | 0000 4c8b 
  0x000002126a07d7c8: c049 83c0 | 184d 3b87 | c801 0000 | 0f83 ba35 | 0000 4d89 | 87b8 0100 | 0041 0f18 | 8000 0100 
  0x000002126a07d7e8: 0048 c700 | 0100 0000 

  0x000002126a07d7f0: ;   {metadata('java/lang/String')}
  0x000002126a07d7f0: c740 0878 | e800 0044 | 8960 0c44 

  0x000002126a07d7fc: ;   {oop([B{0x00000000c090d248})}
  0x000002126a07d7fc: 8960 10c7 | 4014 48d2 

  0x000002126a07d804: ;   {oop("/"{0x00000000c090d230})}
  0x000002126a07d804: 90c0 49b8 | 30d2 90c0 | 0000 0000 | 418b 780c | 8978 0c41 | 0fb6 7811 | 4088 7811 | e96a cfff 
  0x000002126a07d824: ff48 8974 | 2450 8954 | 2448 4489 | 4c24 344c | 896c 2440 | 4889 4424 | 3889 7c24 | 3089 4c24 
  0x000002126a07d844: 2c89 5c24 

  0x000002126a07d848: ;   {metadata({type array byte})}
  0x000002126a07d848: 2848 ba18 | 2300 0012 | 0200 0044 | 8bc7 6690 

  0x000002126a07d858: ;   {runtime_call _new_array_Java}
  0x000002126a07d858: c5f8 77e8 

  0x000002126a07d85c: ; ImmutableOopMap {[40]=NarrowOop [44]=NarrowOop [56]=Oop [64]=Oop [80]=Oop [88]=Oop }
                      ;*invokevirtual allocateUninitializedArray0 {reexecute=0 rethrow=0 return_oop=1}
                      ; - jdk.internal.misc.Unsafe::allocateUninitializedArray@51
                      ; - java.lang.StringConcatHelper::newArray@33
                      ; - java.lang.StringLatin1::replace@49
                      ; - java.lang.String::replace@18
                      ; - java.net.URLClassLoader$1::run@8
                      ; - java.net.URLClassLoader$1::run@1
  0x000002126a07d85c: a04b 93ff 

  0x000002126a07d860: ;   {other}
  0x000002126a07d860: 0f1f 8400 | 5045 0039 | 4c8b d08b | 5c24 288b | 4c24 2c8b | 7c24 3048 | 8b44 2438 | 448b 4c24 
  0x000002126a07d880: 348b 5424 | 4848 8b74 | 2450 4d8b | da4c 8b6c | 2440 e93d | c6ff ff4c | 895c 2430 | 4c89 6c24 
  0x000002126a07d8a0: ;   {metadata('java/lang/String')}
  0x000002126a07d8a0: 2848 ba78 | e800 0012 | 0200 0048 | 8be8 6690 

  0x000002126a07d8b0: ;   {runtime_call _new_instance_Java}
  0x000002126a07d8b0: c5f8 77e8 

  0x000002126a07d8b4: ; ImmutableOopMap {rbp=Oop [40]=Oop [48]=Oop [88]=Oop }
                      ;*new {reexecute=0 rethrow=0 return_oop=1}
                      ; - java.lang.StringLatin1::replace@116
                      ; - java.lang.String::replace@18
                      ; - java.net.URLClassLoader$1::run@8
                      ; - java.net.URLClassLoader$1::run@1
  0x000002126a07d8b4: 4848 93ff 

  0x000002126a07d8b8: ;   {other}
  0x000002126a07d8b8: 0f1f 8400 | a845 003a | 4c8b 5c24 | 304c 8bd0 | 4c8b 6c24 | 28e9 2dc8 | ffff 33c0 | 4d8b cde9 
  0x000002126a07d8d8: 61de ffff | 4533 d245 | 33db e99c | cfff ff45 | 8bd1 e9b7 

  0x000002126a07d8ec: ;   {metadata('java/security/CodeSource')}
  0x000002126a07d8ec: deff ff48 | ba28 5c00 | 0012 0200 | 008b 6c24 | 5066 6690 

  0x000002126a07d900: ;   {runtime_call _new_instance_Java}
  0x000002126a07d900: c5f8 77e8 

  0x000002126a07d904: ; ImmutableOopMap {rbp=NarrowOop [40]=Oop [72]=Oop [88]=Oop [96]=Oop [104]=Oop [148]=NarrowOop [152]=NarrowOop }
                      ;*new {reexecute=0 rethrow=0 return_oop=1}
                      ; - java.net.URLClassLoader::defineClass@190
                      ; - java.net.URLClassLoader$1::run@43
                      ; - java.net.URLClassLoader$1::run@1
  0x000002126a07d904: f847 93ff 

  0x000002126a07d908: ;   {other}
  0x000002126a07d908: 0f1f 8400 | f845 003b | e9ec d5ff 

  0x000002126a07d914: ;   {metadata('java/util/zip/CRC32')}
  0x000002126a07d914: ff48 baa0 | 7c07 0012 | 0200 0090 

  0x000002126a07d920: ;   {runtime_call _new_instance_Java}
  0x000002126a07d920: c5f8 77e8 

  0x000002126a07d924: ; ImmutableOopMap {[32]=Oop [40]=Oop [72]=Oop [80]=NarrowOop [88]=Oop [96]=Oop [104]=Oop [148]=NarrowOop [152]=NarrowOop }
                      ;*new {reexecute=0 rethrow=0 return_oop=1}
                      ; - jdk.internal.loader.URLClassPath$JarLoader$2::getBytes@5
                      ; - java.net.URLClassLoader::defineClass@179
                      ; - java.net.URLClassLoader$1::run@43
                      ; - java.net.URLClassLoader$1::run@1
  0x000002126a07d924: d847 93ff 

  0x000002126a07d928: ;   {other}
  0x000002126a07d928: 0f1f 8400 | 1846 003c | e910 d5ff | ff48 894c | 2470 4489 | 4424 6844 | 8954 242c | 4c89 6c24 
  0x000002126a07d948: 5048 8974 | 2448 4c89 | 5c24 3889 | 5424 2889 | 5c24 2448 | 897c 2460 

  0x000002126a07d960: ;   {metadata('java/lang/String')}
  0x000002126a07d960: 48ba 78e8 | 0000 1202 | 0000 6690 

  0x000002126a07d96c: ;   {runtime_call _new_instance_Java}
  0x000002126a07d96c: c5f8 77e8 

  0x000002126a07d970: ; ImmutableOopMap {[36]=NarrowOop [48]=Oop [56]=Oop [72]=Oop [80]=Oop [88]=Oop [96]=Oop [104]=NarrowOop [112]=Oop [148]=NarrowOop [152]=NarrowOop }
                      ;*new {reexecute=0 rethrow=0 return_oop=1}
                      ; - java.lang.StringLatin1::newString@7
                      ; - java.lang.String::substring@41
                      ; - java.net.URLClassLoader::defineClass@28
                      ; - java.net.URLClassLoader$1::run@43
                      ; - java.net.URLClassLoader$1::run@1
  0x000002126a07d970: 8c47 93ff 

  0x000002126a07d974: ;   {other}
  0x000002126a07d974: 0f1f 8400 | 6446 003d | 488b 7c24 | 608b 5c24 | 248b 5424 | 284c 8b5c | 2438 488b | 7424 484c 
  0x000002126a07d994: 8b6c 2450 | 448b 5424 | 2c44 8b44 | 2468 488b | 4c24 704c | 8bc8 e9d8 | d6ff ff4c | 8b94 2480 
  0x000002126a07d9b4: 0000 0045 | 8b52 2845 | 85d2 0f84 | 8cf5 ffff | 4d8b 5f28 | 498b ca4d | 85db 0f84 | a42f 0000 
  0x000002126a07d9d4: 4d8b 5738 | 4b89 4c1a | f849 83c3 | f84d 895f | 28e9 66f5 | ffff 458b | 5210 4585 | d20f 840a 
  0x000002126a07d9f4: f5ff ff4d | 8b5f 2849 | 8bca 4d85 | db0f 8491 | 2f00 004d | 8b57 384b | 894c 1af8 | 4983 c3f8 
  0x000002126a07da14: 4d89 5f28 | e9e4 f4ff | ff4d 8b57 | 584d 8b5f | 48f0 8344 | 24c0 0041 | 8038 000f | 846b f5ff 
  0x000002126a07da34: ff45 8820 | 4d85 db75 | 2349 8bc8 | 498b d7c5 | f877 49ba | 00a4 d642 | ff7f 0000 

  0x000002126a07da50: ;   {other}
  0x000002126a07da50: 41ff d20f | 1f84 0000 | 0000 00e9 | 40f5 ffff | 4f89 441a | f849 83c3 | f84d 895f | 48e9 2ef5 
  0x000002126a07da70: ffff 4d8b | 5758 4d8b | 5f48 f083 | 4424 c000 | 8039 000f | 84b6 f4ff | ff44 8821 | 4d85 db75 
  0x000002126a07da90: 2049 8bd7 | c5f8 7749 | ba00 a4d6 | 42ff 7f00 | 0041 ffd2 

  0x000002126a07daa4: ;   {other}
  0x000002126a07daa4: 0f1f 8400 | 0000 0000 | e98e f4ff | ff4b 894c | 1af8 4983 | c3f8 4d89 | 5f48 e97c | f4ff ff44 
  0x000002126a07dac4: 8944 242c | 4889 4c24 | 7848 ffb4 | 24c0 0000 | 0048 8f44 | 2470 4889 | 4424 f88b | 8424 9400 
  0x000002126a07dae4: 0000 8944 | 2428 488b | 4424 f890 

  0x000002126a07daf0: ;   {static_call}
  0x000002126a07daf0: c5f8 77e8 

  0x000002126a07daf4: ; ImmutableOopMap {rbp=Oop [32]=Oop [40]=NarrowOop [44]=NarrowOop [48]=Oop [56]=Oop [72]=Oop [80]=Oop [88]=Oop [96]=Oop [104]=NarrowOop [112]=Oop [120]=Oop [152]=NarrowOop [192]=Oop }
                      ;*invokestatic hashCode {reexecute=0 rethrow=0 return_oop=0}
                      ; - java.lang.String::hashCode@37
                      ; - java.util.concurrent.ConcurrentHashMap::get@1
                      ; - java.lang.ClassLoader::getDefinedPackage@13
                      ; - java.net.URLClassLoader::getAndVerifyPackage@2
                      ; - java.net.URLClassLoader::defineClass@46
                      ; - java.net.URLClassLoader$1::run@43
                      ; - java.net.URLClassLoader$1::run@1
  0x000002126a07daf4: 8815 86ff 

  0x000002126a07daf8: ;   {other}
  0x000002126a07daf8: 0f1f 8400 | e847 003e | e94f daff | ff4c 8b6c | 2470 41c6 | 4511 0133 | c044 8b4c | 2428 488b 
  0x000002126a07db18: 4c24 7844 | 8b44 242c | e94f daff | ff48 897c | 2460 4c89 | 5c24 2048 | 8974 2428 | 4c89 6c24 
  0x000002126a07db38: 3844 8954 | 2448 4489 | 4424 4c48 | 894c 2450 | 4c89 4c24 | 6848 8944 | 2470 4c89 | 7424 7848 
  0x000002126a07db58: 899c 2480 

  0x000002126a07db5c: ;   {metadata({type array byte})}
  0x000002126a07db5c: 0000 0048 | ba18 2300 | 0012 0200 | 0044 8b44 | 2448 6690 

  0x000002126a07db70: ;   {runtime_call _new_array_nozero_Java}
  0x000002126a07db70: c5f8 77e8 

  0x000002126a07db74: ; ImmutableOopMap {[32]=Oop [40]=Oop [112]=Derived_oop_[40] [48]=Oop [56]=Oop [76]=NarrowOop [80]=Oop [88]=Oop [96]=Oop [104]=Oop [148]=NarrowOop [152]=NarrowOop }
                      ;*newarray {reexecute=0 rethrow=0 return_oop=1}
                      ; - java.util.Arrays::copyOfRangeByte@10
                      ; - java.util.Arrays::copyOfRange@13
                      ; - java.lang.StringLatin1::newString@16
                      ; - java.lang.String::substring@41
                      ; - java.net.URLClassLoader::defineClass@28
                      ; - java.net.URLClassLoader$1::run@43
                      ; - java.net.URLClassLoader$1::run@1
  0x000002126a07db74: 884b 93ff 

  0x000002126a07db78: ;   {other}
  0x000002126a07db78: 0f1f 8400 | 6848 003f | 448b 5424 | 484c 8bc0 | e999 d6ff 

  0x000002126a07db8c: ;   {metadata({type array byte})}
  0x000002126a07db8c: ff48 ba18 | 2300 0012 | 0200 0044 | 8bc5 4c89 | 8c24 e000 | 0000 6690 

  0x000002126a07dba4: ;   {runtime_call _new_array_Java}
  0x000002126a07dba4: c5f8 77e8 

  0x000002126a07dba8: ; ImmutableOopMap {[32]=Oop [48]=Oop [56]=Oop [72]=Oop [80]=Oop [88]=Oop [96]=Oop [104]=NarrowOop [112]=Oop [120]=Oop [128]=Oop [136]=NarrowOop [148]=NarrowOop [152]=NarrowOop [160]=Oop [168]=Oop [176]=Oop }
                      ;*invokevirtual allocateUninitializedArray0 {reexecute=0 rethrow=0 return_oop=1}
                      ; - jdk.internal.misc.Unsafe::allocateUninitializedArray@51
                      ; - java.lang.StringConcatHelper::newArray@33
                      ; - java.lang.StringConcatHelper::simpleConcat@61
                      ; - java.lang.String::concat@11
                      ; - java.net.URLClassLoader::isSealed@15
                      ; - java.net.URLClassLoader::getAndVerifyPackage@68
                      ; - java.net.URLClassLoader::defineClass@46
                      ; - java.net.URLClassLoader$1::run@43
                      ; - java.net.URLClassLoader$1::run@1
  0x000002126a07dba8: 5448 93ff 

  0x000002126a07dbac: ;   {other}
  0x000002126a07dbac: 0f1f 8400 | 9c48 0040 | 4c8b c0e9 | e3ca ffff | 4c89 8424 | a800 0000 

  0x000002126a07dbc4: ;   {metadata('java/lang/String')}
  0x000002126a07dbc4: 48ba 78e8 | 0000 1202 | 0000 488b | ac24 a000 | 0000 6690 

  0x000002126a07dbd8: ;   {runtime_call _new_instance_Java}
  0x000002126a07dbd8: c5f8 77e8 

  0x000002126a07dbdc: ; ImmutableOopMap {rbp=Oop [32]=Oop [48]=Oop [56]=Oop [72]=Oop [80]=Oop [88]=Oop [96]=Oop [104]=NarrowOop [112]=Oop [120]=Oop [128]=Oop [136]=NarrowOop [148]=NarrowOop [152]=NarrowOop [168]=Oop }
                      ;*new {reexecute=0 rethrow=0 return_oop=1}
                      ; - java.lang.StringConcatHelper::newString@6
                      ; - java.lang.StringConcatHelper::simpleConcat@90
                      ; - java.lang.String::concat@11
                      ; - java.net.URLClassLoader::isSealed@15
                      ; - java.net.URLClassLoader::getAndVerifyPackage@68
                      ; - java.net.URLClassLoader::defineClass@46
                      ; - java.net.URLClassLoader$1::run@43
                      ; - java.net.URLClassLoader$1::run@1
  0x000002126a07dbdc: 2045 93ff 

  0x000002126a07dbe0: ;   {other}
  0x000002126a07dbe0: 0f1f 8400 | d048 0041 | 4c8b 8424 | a800 0000 | e974 cbff | ff4c 8b94 | 2488 0000 | 0045 8b5a 
  0x000002126a07dc00: 2c45 85db | 0f84 cde7 | ffff 4d8b | 5728 498b | cb4d 85d2 | 0f84 5a2e | 0000 4d8b | 5f38 4b89 
  0x000002126a07dc20: 4c13 f849 | 83c2 f84d | 8957 28e9 | a7e7 ffff | 4c8b 9424 | 8800 0000 | 458b 5a14 | 4585 db0f 
  0x000002126a07dc40: 840e e9ff | ff4d 8b57 | 2849 8bcb | 4d85 d20f | 843f 2e00 | 004d 8b5f | 384b 894c | 13f8 4983 
  0x000002126a07dc60: c2f8 4d89 | 5728 e9e8 | e8ff ff44 | 8b55 1c45 | 85d2 0f84 | 9ae8 ffff | 4d8b 5f28 | 498b ca4d 
  0x000002126a07dc80: 85db 0f84 | 2c2e 0000 | 4d8b 5738 | 4b89 4c1a | f849 83c3 | f84d 895f | 28e9 74e8 | ffff 4c8b 
  0x000002126a07dca0: 9424 8800 | 0000 458b | 5210 4585 | d20f 8410 | eaff ff4d | 8b5f 2849 | 8bca 4d85 | db0f 8411 
  0x000002126a07dcc0: 2e00 004d | 8b57 384b | 894c 1af8 | 4983 c3f8 | 4d89 5f28 | e9ea e9ff | ff44 8b5d 

  0x000002126a07dcdc: ;   {no_reloc}
  0x000002126a07dcdc: 1c45 85db | 0f84 9ce9 | ffff 4d8b | 5728 498b | cb4d 85d2 | 0f84 fe2d | 0000 4d8b | 5f38 4b89 
  0x000002126a07dcfc: 4c13 f849 | 83c2 f84d | 8957 28e9 | 76e9 ffff | 4c8b 9424 | 8000 0000 | 458b 5a30 | 4585 db0f 
  0x000002126a07dd1c: 8453 eeff | ff4d 8b57 | 2849 8bcb | 4d85 d20f | 84e3 2d00 | 004d 8b5f | 384b 894c | 13f8 4983 
  0x000002126a07dd3c: c2f8 4d89 | 5728 e92d | eeff ff4c | 8b94 2488 | 0000 0045 | 8b5a 3845 | 85db 0f84 | d2ed ffff 
  0x000002126a07dd5c: 4d8b 5728 | 498b cb4d | 85d2 0f84 | e82d 0000 | 4d8b 5f38 | 4b89 4c13 | f849 83c2 | f84d 8957 
  0x000002126a07dd7c: 28e9 aced | ffff 4c8b | 9424 8800 | 0000 458b | 5a1c 4585 | db0f 8447 | ebff ff4d | 8b57 2849 
  0x000002126a07dd9c: 8bcb 4d85 | d20f 840d | 2e00 004d | 8b5f 384b | 894c 13f8 | 4983 c2f8 | 4d89 5728 | e921 ebff 
  0x000002126a07ddbc: ff4c 8b94 | 2488 0000 | 0045 8b5a | 1845 85db | 0f84 71ea | ffff 4d8b | 5728 498b | cb4d 85d2 
  0x000002126a07dddc: ;   {no_reloc}
  0x000002126a07dddc: 0f84 522d | 0000 4d8b | 5f38 4b89 | 4c13 f849 | 83c2 f84d | 8957 28e9 | 4bea ffff | 448b 551c 
  0x000002126a07ddfc: 4585 d20f | 84ed e9ff | ff4d 8b5f | 2849 8bca | 4d85 db0f | 847f 2d00 | 004d 8b57 | 384b 894c 
  0x000002126a07de1c: 1af8 4983 | c3f8 4d89 | 5f28 e9c7 | e9ff ff4c | 8b94 2488 | 0000 0045 | 8b5a 2445 | 85db 0f84 
  0x000002126a07de3c: c0eb ffff | 4d8b 5728 | 498b cb4d | 85d2 0f84 | 842d 0000 | 4d8b 5f38 | 4b89 4c13 | f849 83c2 
  0x000002126a07de5c: f84d 8957 | 28e9 9aeb | ffff 4c8b | 9424 8800 | 0000 458b | 5a34 4585 | db0f 8419 | ecff ff4d 
  0x000002126a07de7c: 8b57 2849 | 8bcb 4d85 | d20f 84e9 | 2c00 004d | 8b5f 384b | 894c 13f8 | 4983 c2f8 | 4d89 5728 
  0x000002126a07de9c: e9f3 ebff | ff44 8b5d | 0c45 85db | 0f84 54ee | ffff 4d8b | 5728 498b | cb4d 85d2 | 0f84 362d 
  0x000002126a07debc: 0000 4d8b | 5f38 4b89 | 4c13 f849 | 83c2 f84d | 8957 28e9 | 2eee ffff | 4c8b 5424 | 7045 8b52 
  0x000002126a07dedc: ;   {no_reloc}
  0x000002126a07dedc: 0c45 85d2 | 0f84 6fee | ffff 4d8b | 5f28 498b | ca4d 85db | 0f84 1e2d | 0000 4d8b | 5738 4b89 
  0x000002126a07defc: 4c1a f849 | 83c3 f84d | 895f 28e9 | 49ee ffff | 4c8b 5424 | 7045 8b52 | 1045 85d2 | 0f84 cdee 
  0x000002126a07df1c: ffff 4d8b | 5f28 498b | ca4d 85db | 0f84 062d | 0000 4d8b | 5738 4b89 | 4c1a f849 | 83c3 f84d 
  0x000002126a07df3c: 895f 28e9 | a7ee ffff | 4c8b 5424 | 7045 8b52 | 1445 85d2 | 0f84 fdee | ffff 4d8b | 5f28 498b 
  0x000002126a07df5c: ca4d 85db | 0f84 ee2c | 0000 4d8b | 5738 4b89 | 4c1a f849 | 83c3 f84d | 895f 28e9 | d7ee ffff 
  0x000002126a07df7c: 4d8b 5758 | 4d8b 5f48 | f083 4424 | c000 8039 | 000f 84b5 | e5ff ff44 | 8821 4d85 | db75 2049 
  0x000002126a07df9c: 8bd7 c5f8 | 7749 ba00 | a4d6 42ff | 7f00 0041 

  0x000002126a07dfac: ;   {other}
  0x000002126a07dfac: ffd2 0f1f | 8400 0000 | 0000 e98d | e5ff ff4b | 894c 1af8 | 4983 c3f8 | 4d89 5f48 | e97b e5ff 
  0x000002126a07dfcc: ff4d 8b57 | 484d 8b5f | 58f0 8344 | 24c0 0080 | 3900 0f84 | b3e5 ffff | 4488 214d | 85d2 7520 
  0x000002126a07dfec: 498b d7c5 | f877 49ba | 00a4 d642 | ff7f 0000 

  0x000002126a07dffc: ;   {other}
  0x000002126a07dffc: 41ff d20f | 1f84 0000 | 0000 00e9 | 8be5 ffff | 4b89 4c13 | f849 83c2 | f84d 8957 | 48e9 79e5 
  0x000002126a07e01c: ffff 4d8b | 5748 4d8b | 5f58 f083 | 4424 c000 | 8039 000f | 84d2 e6ff | ff44 8821 | 4d85 d275 
  0x000002126a07e03c: 2049 8bd7 | c5f8 7749 | ba00 a4d6 | 42ff 7f00 | 0041 ffd2 

  0x000002126a07e050: ;   {other}
  0x000002126a07e050: 0f1f 8400 | 0000 0000 | e9aa e6ff | ff4b 894c | 13f8 4983 | c2f8 4d89 | 5748 e998 | e6ff ff4d 
  0x000002126a07e070: 8b57 584d | 8b5f 48f0 | 8344 24c0 | 0080 3900 | 0f84 32e6 | ffff 4488 | 214d 85db | 7520 498b 
  0x000002126a07e090: d7c5 f877 | 49ba 00a4 | d642 ff7f | 0000 41ff 

  0x000002126a07e0a0: ;   {other}
  0x000002126a07e0a0: d20f 1f84 | 0000 0000 | 00e9 0ae6 | ffff 4b89 | 4c1a f849 | 83c3 f84d | 895f 48e9 | f8e5 ffff 
  0x000002126a07e0c0: 4d8b 5758 | 4d8b 5f48 | f083 4424 | c000 8039 | 000f 84f8 | e9ff ff44 | 8821 4d85 | db75 2049 
  0x000002126a07e0e0: 8bd7 c5f8 | 7749 ba00 | a4d6 42ff | 7f00 0041 

  0x000002126a07e0f0: ;   {other}
  0x000002126a07e0f0: ffd2 0f1f | 8400 0000 | 0000 e9d0 | e9ff ff4b | 894c 1af8 | 4983 c3f8 | 4d89 5f48 | e9be e9ff 
  0x000002126a07e110: ff4d 8b57 | 484d 8b5f | 58f0 8344 | 24c0 0080 | 3900 0f84 | 15e9 ffff | 4488 214d | 85d2 7520 
  0x000002126a07e130: 498b d7c5 | f877 49ba | 00a4 d642 | ff7f 0000 

  0x000002126a07e140: ;   {other}
  0x000002126a07e140: 41ff d20f | 1f84 0000 | 0000 00e9 | ede8 ffff | 4b89 4c13 | f849 83c2 | f84d 8957 | 48e9 dbe8 
  0x000002126a07e160: ffff 4d8b | 5758 4d8b | 5f48 f083 | 4424 c000 | 8039 000f | 8442 eaff | ff44 8821 | 4d85 db75 
  0x000002126a07e180: 2049 8bd7 | c5f8 7749 | ba00 a4d6 | 42ff 7f00 | 0041 ffd2 

  0x000002126a07e194: ;   {other}
  0x000002126a07e194: 0f1f 8400 | 0000 0000 | e91a eaff | ff4b 894c | 1af8 4983 | c3f8 4d89 | 5f48 e908 | eaff ff4d 
  0x000002126a07e1b4: 8b57 584d | 8b5f 48f0 | 8344 24c0 | 0080 3900 | 0f84 9fe9 | ffff 4488 | 214d 85db | 7520 498b 
  0x000002126a07e1d4: d7c5 f877 | 49ba 00a4 | d642 ff7f | 0000 41ff 

  0x000002126a07e1e4: ;   {other}
  0x000002126a07e1e4: d20f 1f84 | 0000 0000 | 00e9 77e9 | ffff 4b89 | 4c1a f849 | 83c3 f84d | 895f 48e9 | 65e9 ffff 
  0x000002126a07e204: 4d8b 5748 | 4d8b 5f58 | f083 4424 | c000 8039 | 000f 846c | e6ff ff44 | 8821 4d85 | d275 2049 
  0x000002126a07e224: 8bd7 c5f8 | 7749 ba00 | a4d6 42ff | 7f00 0041 

  0x000002126a07e234: ;   {other}
  0x000002126a07e234: ffd2 0f1f | 8400 0000 | 0000 e944 | e6ff ff4b | 894c 13f8 | 4983 c2f8 | 4d89 5748 | e932 e6ff 
  0x000002126a07e254: ff4d 8b57 | 584d 8b5f | 48f0 8344 | 24c0 0080 | 3900 0f84 | 89e7 ffff | 4488 214d | 85db 7520 
  0x000002126a07e274: 498b d7c5 | f877 49ba | 00a4 d642 | ff7f 0000 

  0x000002126a07e284: ;   {other}
  0x000002126a07e284: 41ff d20f | 1f84 0000 | 0000 00e9 | 61e7 ffff | 4b89 4c1a | f849 83c3 | f84d 895f | 48e9 4fe7 
  0x000002126a07e2a4: ffff 4d8b | 5758 4d8b | 5f48 f083 | 4424 c000 | 8039 000f | 845c e6ff | ff44 8821 | 4d85 db75 
  0x000002126a07e2c4: 2049 8bd7 | c5f8 7749 | ba00 a4d6 | 42ff 7f00 | 0041 ffd2 

  0x000002126a07e2d8: ;   {other}
  0x000002126a07e2d8: 0f1f 8400 | 0000 0000 | e934 e6ff | ff4b 894c | 1af8 4983 | c3f8 4d89 | 5f48 e922 | e6ff ff4d 
  0x000002126a07e2f8: 8b57 584d | 8b5f 48f0 | 8344 24c0 | 0080 3900 | 0f84 2ae5 | ffff 4488 | 214d 85db | 7520 498b 
  0x000002126a07e318: d7c5 f877 | 49ba 00a4 | d642 ff7f | 0000 41ff 

  0x000002126a07e328: ;   {other}
  0x000002126a07e328: d20f 1f84 | 0000 0000 | 00e9 02e5 | ffff 4b89 | 4c1a f849 | 83c3 f84d | 895f 48e9 | f0e4 ffff 
  0x000002126a07e348: 4d8b 5748 | 4d8b 5f58 | f083 4424 | c000 8039 | 000f 842d | eaff ff44 | 8821 4d85 | d275 2049 
  0x000002126a07e368: 8bd7 c5f8 | 7749 ba00 | a4d6 42ff | 7f00 0041 

  0x000002126a07e378: ;   {other}
  0x000002126a07e378: ffd2 0f1f | 8400 0000 | 0000 e905 | eaff ff4b | 894c 13f8 | 4983 c2f8 | 4d89 5748 | e9f3 e9ff 
  0x000002126a07e398: ff4d 8b57 | 584d 8b5f | 48f0 8344 | 24c0 0080 | 3900 0f84 | 73ea ffff | 4488 214d | 85db 7520 
  0x000002126a07e3b8: 498b d7c5 | f877 49ba | 00a4 d642 | ff7f 0000 

  0x000002126a07e3c8: ;   {other}
  0x000002126a07e3c8: 41ff d20f | 1f84 0000 | 0000 00e9 | 4bea ffff | 4b89 4c1a | f849 83c3 | f84d 895f | 48e9 39ea 
  0x000002126a07e3e8: ffff 4d8b | 5758 4d8b | 5f48 f083 | 4424 c000 | 8039 000f | 84cb dfff | ff44 8821 | 4d85 db75 
  0x000002126a07e408: 2049 8bd7 | c5f8 7749 | ba00 a4d6 | 42ff 7f00 | 0041 ffd2 

  0x000002126a07e41c: ;   {other}
  0x000002126a07e41c: 0f1f 8400 | 0000 0000 | e9a3 dfff | ff4b 894c | 1af8 4983 | c3f8 4d89 | 5f48 e991 | dfff ff4d 
  0x000002126a07e43c: 8b57 584d | 8b5f 48f0 | 8344 24c0 | 0080 3900 | 0f84 d3df | ffff 4488 | 214d 85db | 7520 498b 
  0x000002126a07e45c: d7c5 f877 | 49ba 00a4 | d642 ff7f | 0000 41ff 

  0x000002126a07e46c: ;   {other}
  0x000002126a07e46c: d20f 1f84 | 0000 0000 | 00e9 abdf | ffff 4b89 | 4c1a f849 | 83c3 f84d | 895f 48e9 | 99df ffff 
  0x000002126a07e48c: 4d8b 5758 | 4d8b 5f48 | f083 4424 | c000 8039 | 000f 84a7 | e8ff ff44 | 8821 4d85 | db75 2049 
  0x000002126a07e4ac: 8bd7 c5f8 | 7749 ba00 | a4d6 42ff | 7f00 0041 

  0x000002126a07e4bc: ;   {other}
  0x000002126a07e4bc: ffd2 0f1f | 8400 0000 | 0000 e97f | e8ff ff4b | 894c 1af8 | 4983 c3f8 | 4d89 5f48 | e96d e8ff 
  0x000002126a07e4dc: ff4d 8b57 | 484d 8b5f | 58f0 8344 | 24c0 0080 | 3900 0f84 | aae9 ffff | 4488 214d | 85d2 7520 
  0x000002126a07e4fc: 498b d7c5 | f877 49ba | 00a4 d642 | ff7f 0000 

  0x000002126a07e50c: ;   {other}
  0x000002126a07e50c: 41ff d20f | 1f84 0000 | 0000 00e9 | 82e9 ffff | 4b89 4c13 | f849 83c2 | f84d 8957 | 48e9 70e9 
  0x000002126a07e52c: ;   {metadata({type array byte})}
  0x000002126a07e52c: ffff 48ba | 1823 0000 | 1202 0000 | 448b 8424 | 9000 0000 

  0x000002126a07e540: ;   {runtime_call _new_array_Java}
  0x000002126a07e540: c5f8 77e8 

  0x000002126a07e544: ; ImmutableOopMap {[32]=Oop [48]=Oop [56]=Oop [72]=Oop [80]=Oop [88]=Oop [96]=Oop [104]=NarrowOop [112]=Oop [120]=Oop [128]=Oop [136]=NarrowOop [148]=NarrowOop [152]=NarrowOop [156]=NarrowOop [160]=Oop [168]=Oop }
                      ;*invokevirtual allocateUninitializedArray0 {reexecute=0 rethrow=0 return_oop=1}
                      ; - jdk.internal.misc.Unsafe::allocateUninitializedArray@51
                      ; - java.lang.StringConcatHelper::newArray@33
                      ; - java.lang.StringLatin1::replace@49
                      ; - java.lang.String::replace@18
                      ; - java.net.URLClassLoader::isSealed@9
                      ; - java.net.URLClassLoader::getAndVerifyPackage@68
                      ; - java.net.URLClassLoader::defineClass@46
                      ; - java.net.URLClassLoader$1::run@43
                      ; - java.net.URLClassLoader$1::run@1
  0x000002126a07e544: b83e 93ff 

  0x000002126a07e548: ;   {other}
  0x000002126a07e548: 0f1f 8400 | 3852 0042 | 4c8b c0e9 | 7ad8 ffff 

  0x000002126a07e558: ;   {metadata('java/lang/String')}
  0x000002126a07e558: 48ba 78e8 | 0000 1202 | 0000 6690 

  0x000002126a07e564: ;   {runtime_call _new_instance_Java}
  0x000002126a07e564: c5f8 77e8 

  0x000002126a07e568: ; ImmutableOopMap {[32]=Oop [48]=Oop [56]=Oop [72]=Oop [80]=Oop [88]=Oop [96]=Oop [104]=NarrowOop [112]=Oop [120]=Oop [128]=Oop [148]=NarrowOop [152]=NarrowOop [156]=NarrowOop [160]=Oop [176]=Oop }
                      ;*new {reexecute=0 rethrow=0 return_oop=1}
                      ; - java.lang.StringLatin1::replace@116
                      ; - java.lang.String::replace@18
                      ; - java.net.URLClassLoader::isSealed@9
                      ; - java.net.URLClassLoader::getAndVerifyPackage@68
                      ; - java.net.URLClassLoader::defineClass@46
                      ; - java.net.URLClassLoader$1::run@43
                      ; - java.net.URLClassLoader$1::run@1
  0x000002126a07e568: 943b 93ff 

  0x000002126a07e56c: ;   {other}
  0x000002126a07e56c: 0f1f 8400 | 5c52 0043 | 488b f8e9 | 83bf ffff | 4c89 ac24 | 8000 0000 

  0x000002126a07e584: ;   {static_call}
  0x000002126a07e584: c5f8 77e8 

  0x000002126a07e588: ; ImmutableOopMap {rbp=Oop [32]=Oop [40]=NarrowOop [48]=Oop [56]=Oop [72]=Oop [80]=Oop [88]=Oop [96]=Oop [104]=NarrowOop [112]=Oop [120]=NarrowOop [128]=Oop [148]=NarrowOop [152]=NarrowOop }
                      ;*invokestatic hashCode {reexecute=0 rethrow=0 return_oop=0}
                      ; - java.lang.String::hashCode@37
                      ; - java.util.concurrent.ConcurrentHashMap::get@1
                      ; - java.lang.ClassLoader::definePackage@47
                      ; - java.lang.ClassLoader::getDefinedPackage@32
                      ; - java.net.URLClassLoader::getAndVerifyPackage@2
                      ; - java.net.URLClassLoader::defineClass@46
                      ; - java.net.URLClassLoader$1::run@43
                      ; - java.net.URLClassLoader$1::run@1
  0x000002126a07e588: f40a 86ff 

  0x000002126a07e58c: ;   {other}
  0x000002126a07e58c: 0f1f 8400 | 7c52 0044 | e98b d1ff | ff4c 8b8c | 2480 0000 | 0041 c641 | 1101 33c0 | e990 d1ff 
  0x000002126a07e5ac: ff44 8994 | 2488 0000 | 0044 8944 | 246c 4889 | 8424 8000 | 0000 4889 | 5c24 784c | 894c 2470 
  0x000002126a07e5cc: 4889 4c24 | 2866 6690 

  0x000002126a07e5d4: ;   {static_call}
  0x000002126a07e5d4: c5f8 77e8 

  0x000002126a07e5d8: ; ImmutableOopMap {rbp=Oop [32]=Oop [40]=Oop [48]=Oop [56]=Oop [72]=Oop [80]=Oop [88]=Oop [96]=Oop [104]=NarrowOop [108]=NarrowOop [112]=Oop [120]=Oop [128]=Oop [148]=NarrowOop [152]=NarrowOop }
                      ;*invokestatic hashCode {reexecute=0 rethrow=0 return_oop=0}
                      ; - java.lang.String::hashCode@37
                      ; - java.util.HashMap::hash@9
                      ; - java.util.HashMap::getNode@23
                      ; - java.util.HashMap::get@2
                      ; - java.util.jar.Manifest::getAttributes@5
                      ; - java.util.jar.Manifest::getTrustedAttributes@2
                      ; - java.util.jar.JavaUtilJarAccessImpl::getTrustedAttributes@2
                      ; - java.net.URLClassLoader::isSealed@18
                      ; - java.net.URLClassLoader::getAndVerifyPackage@68
                      ; - java.net.URLClassLoader::defineClass@46
                      ; - java.net.URLClassLoader$1::run@43
                      ; - java.net.URLClassLoader$1::run@1
  0x000002126a07e5d8: a40a 86ff 

  0x000002126a07e5dc: ;   {other}
  0x000002126a07e5dc: 0f1f 8400 | cc52 0045 | e94f c2ff | ff48 8bb4 | 2480 0000 | 00c6 4611 | 0145 33d2 | 4533 db48 
  0x000002126a07e5fc: 8b4c 2428 | 4c8b 4c24 | 7048 8b5c | 2478 448b | 4424 6ce9 | 6fc2 ffff | 4c8b 5424 | 7045 8b52 
  0x000002126a07e61c: 0c45 85d2 | 0f84 4cdb | ffff 4d8b | 5f28 498b | ca4d 85db | 0f84 7e26 | 0000 4d8b | 5738 4b89 
  0x000002126a07e63c: 4c1a f849 | 83c3 f84d | 895f 28e9 | 26db ffff | 498b da4c | 8b54 2470 | 458b 5210 | 4585 d274 
  0x000002126a07e65c: 214d 8b5f | 2849 8bca | 4d85 db0f | 8407 2600 | 004d 8b57 | 384b 894c | 1af8 4983 | c3f8 4d89 
  0x000002126a07e67c: 5f28 4c8b | d3e9 7fdb | ffff 448b | 5d0c 4585 | db0f 848f | daff ff4d | 8b57 2849 | 8bcb 4d85 
  0x000002126a07e69c: d20f 84f1 | 2500 004d | 8b5f 384b | 894c 13f8 | 4983 c2f8 | 4d89 5728 | e969 daff | ff4c 8b44 
  0x000002126a07e6bc: 2470 458b | 5014 4585 | d20f 849d | dbff ff4d | 8b5f 2849 | 8bca 4d85 | db0f 84f9 

  0x000002126a07e6d8: ;   {no_reloc}
  0x000002126a07e6d8: 2500 0049 | 8bd8 4d8b | 5738 4b89 | 4c1a f849 | 83c3 f84d | 895f 284c | 8bc3 e971 | dbff ff4d 
  0x000002126a07e6f8: 8b57 484d | 8b5f 58f0 | 8344 24c0 | 0080 3900 | 0f84 9bda | ffff 4488 | 214d 85d2 | 7520 498b 
  0x000002126a07e718: d7c5 f877 | 49ba 00a4 | d642 ff7f | 0000 41ff 

  0x000002126a07e728: ;   {other}
  0x000002126a07e728: d20f 1f84 | 0000 0000 | 00e9 73da | ffff 4b89 | 4c13 f849 | 83c2 f84d | 8957 48e9 | 61da ffff 
  0x000002126a07e748: 4d8b 5758 | 4d8b 5f48 | f083 4424 | c000 8039 | 000f 84d8 | daff ff44 | 8821 4d85 | db75 2049 
  0x000002126a07e768: 8bd7 c5f8 | 7749 ba00 | a4d6 42ff | 7f00 0041 

  0x000002126a07e778: ;   {other}
  0x000002126a07e778: ffd2 0f1f | 8400 0000 | 0000 e9b0 | daff ff4b | 894c 1af8 | 4983 c3f8 | 4d89 5f48 | e99e daff 
  0x000002126a07e798: ff4d 8b57 | 584d 8b5f | 48f0 8344 | 24c0 0080 | 3900 0f84 | b7d9 ffff | 4488 214d | 85db 7520 
  0x000002126a07e7b8: 498b d7c5 | f877 49ba | 00a4 d642 | ff7f 0000 

  0x000002126a07e7c8: ;   {other}
  0x000002126a07e7c8: 41ff d20f | 1f84 0000 | 0000 00e9 | 8fd9 ffff | 4b89 4c1a | f849 83c3 | f84d 895f | 48e9 7dd9 
  0x000002126a07e7e8: ffff 4c89 

  0x000002126a07e7ec: ;   {metadata('java/lang/String')}
  0x000002126a07e7ec: 6c24 2048 | ba78 e800 | 0012 0200 | 0066 6690 

  0x000002126a07e7fc: ;   {runtime_call _new_instance_Java}
  0x000002126a07e7fc: c5f8 77e8 

  0x000002126a07e800: ; ImmutableOopMap {[32]=Oop [88]=Oop }
                      ;*new {reexecute=0 rethrow=0 return_oop=1}
                      ; - java.lang.StringConcatHelper::simpleConcat@17
                      ; - java.lang.String::concat@11
                      ; - java.net.URLClassLoader$1::run@13
                      ; - java.net.URLClassLoader$1::run@1
  0x000002126a07e800: fc38 93ff 

  0x000002126a07e804: ;   {other}
  0x000002126a07e804: 0f1f 8400 | f454 0046 | 4c8b 6c24 | 20e9 b7c7 | ffff 4889 | 7c24 6089 | 5c24 48c5 | f96e c24c 
  0x000002126a07e824: 895c 2420 | 4889 7424 | 284c 896c | 2438 4489 | 4424 4c48 | 894c 2450 | 4c89 4c24 | 6848 8944 
  0x000002126a07e844: ;   {metadata({type array byte})}
  0x000002126a07e844: 2470 48ba | 1823 0000 | 1202 0000 | c4c1 797e | c066 6690 

  0x000002126a07e858: ;   {runtime_call _new_array_nozero_Java}
  0x000002126a07e858: c5f8 77e8 

  0x000002126a07e85c: ; ImmutableOopMap {[32]=Oop [40]=Oop [112]=Derived_oop_[40] [48]=Oop [56]=Oop [72]=NarrowOop [76]=NarrowOop [80]=Oop [88]=Oop [96]=Oop [104]=Oop [148]=NarrowOop [152]=NarrowOop }
                      ;*invokevirtual clone {reexecute=1 rethrow=0 return_oop=1}
                      ; - (reexecute) java.util.Arrays::copyOfRange@18
                      ; - java.lang.StringLatin1::newString@16
                      ; - java.lang.String::substring@41
                      ; - java.net.URLClassLoader::defineClass@28
                      ; - java.net.URLClassLoader$1::run@43
                      ; - java.net.URLClassLoader$1::run@1
  0x000002126a07e85c: a03e 93ff 

  0x000002126a07e860: ;   {other}
  0x000002126a07e860: 0f1f 8400 | 5055 0047 | 488b d8e9 | b5c8 ffff | 4c89 8c24 | 8000 0000 | 894c 2428 

  0x000002126a07e87c: ;   {metadata('java/lang/ClassLoader$$Lambda+0x0000021201065d68')}
  0x000002126a07e87c: 48ba 685d | 0601 1202 | 0000 6690 

  0x000002126a07e888: ;   {runtime_call _new_instance_Java}
  0x000002126a07e888: c5f8 77e8 

  0x000002126a07e88c: ; ImmutableOopMap {rbp=NarrowOop [32]=Oop [40]=NarrowOop [48]=Oop [56]=Oop [72]=Oop [80]=Oop [88]=Oop [96]=Oop [104]=NarrowOop [112]=Oop [120]=NarrowOop [128]=Oop [152]=NarrowOop }
                      ;*invokevirtual allocateInstance {reexecute=0 rethrow=0 return_oop=1}
                      ; - java.lang.invoke.DirectMethodHandle::allocateInstance@12
                      ; - java.lang.invoke.DirectMethodHandle$Holder::newInvokeSpecial@1
                      ; - java.lang.invoke.Invokers$Holder::linkToTargetMethod@6
                      ; - java.lang.ClassLoader::definePackage@73
                      ; - java.lang.ClassLoader::getDefinedPackage@32
                      ; - java.net.URLClassLoader::getAndVerifyPackage@2
                      ; - java.net.URLClassLoader::defineClass@46
                      ; - java.net.URLClassLoader$1::run@43
                      ; - java.net.URLClassLoader$1::run@1
  0x000002126a07e88c: 7038 93ff 

  0x000002126a07e890: ;   {other}
  0x000002126a07e890: 0f1f 8400 | 8055 0048 | 8b4c 2428 | 4c8b 8c24 | 8000 0000 | 4c8b d0e9 | 08d0 ffff | 418b e8e9 
  0x000002126a07e8b0: b5b5 ffff 

  0x000002126a07e8b4: ;   {metadata('java/lang/ref/SoftReference')}
  0x000002126a07e8b4: 48ba 90df | 0300 1202 | 0000 6690 

  0x000002126a07e8c0: ;   {runtime_call _new_instance_Java}
  0x000002126a07e8c0: c5f8 77e8 

  0x000002126a07e8c4: ; ImmutableOopMap {rbp=Oop [32]=Oop [48]=Oop [56]=Oop [72]=Oop [80]=Oop [88]=Oop [96]=Oop [104]=NarrowOop [128]=Oop [148]=NarrowOop [152]=NarrowOop [192]=Oop }
                      ;*new {reexecute=0 rethrow=0 return_oop=1}
                      ; - java.util.jar.JarFile::getManifestFromReference@184
                      ; - java.util.jar.JarFile::getManifest@1
                      ; - jdk.internal.loader.URLClassPath$JarLoader$2::getManifest@22
                      ; - java.net.URLClassLoader::defineClass@34
                      ; - java.net.URLClassLoader$1::run@43
                      ; - java.net.URLClassLoader$1::run@1
  0x000002126a07e8c4: 3838 93ff 

  0x000002126a07e8c8: ;   {other}
  0x000002126a07e8c8: 0f1f 8400 | b855 0049 | 4c8b d0e9 | 14e6 ffff | 418b ebe9 | 71d4 ffff | 448b d244 | 2bd6 4889 
  0x000002126a07e8e8: 8c24 8000 | 0000 4c89 | 6c24 70e9 | 71ec ffff 

  0x000002126a07e8f8: ;   {metadata('java/util/jar/JarVerifier')}
  0x000002126a07e8f8: 48ba 789e | 1600 1202 | 0000 6690 

  0x000002126a07e904: ;   {runtime_call _new_instance_Java}
  0x000002126a07e904: c5f8 77e8 

  0x000002126a07e908: ; ImmutableOopMap {[32]=Oop [48]=Oop [56]=Oop [72]=Oop [80]=Oop [88]=Oop [96]=Oop [104]=NarrowOop [112]=Oop [120]=Oop [128]=Oop [148]=NarrowOop [152]=NarrowOop [192]=Oop }
                      ;*new {reexecute=0 rethrow=0 return_oop=1}
                      ; - java.util.jar.JarFile::getManifestFromReference@69
                      ; - java.util.jar.JarFile::getManifest@1
                      ; - jdk.internal.loader.URLClassPath$JarLoader$2::getManifest@22
                      ; - java.net.URLClassLoader::defineClass@34
                      ; - java.net.URLClassLoader$1::run@43
                      ; - java.net.URLClassLoader$1::run@1
  0x000002126a07e908: f437 93ff 

  0x000002126a07e90c: ;   {other}
  0x000002126a07e90c: 0f1f 8400 | fc55 004a | 4c8b d0e9 | 2eda ffff 

  0x000002126a07e91c: ;   {metadata('java/util/Hashtable')}
  0x000002126a07e91c: 48ba b8d3 | 0000 1202 | 0000 6690 

  0x000002126a07e928: ;   {runtime_call _new_instance_Java}
  0x000002126a07e928: c5f8 77e8 

  0x000002126a07e92c: ; ImmutableOopMap {[32]=Oop [40]=NarrowOop [48]=Oop [56]=Oop [72]=Oop [80]=Oop [88]=Oop [96]=Oop [104]=NarrowOop [120]=Oop [128]=Oop [136]=Oop [148]=NarrowOop [152]=NarrowOop [192]=Oop }
                      ;*new {reexecute=0 rethrow=0 return_oop=1}
                      ; - java.util.jar.JarVerifier::<init>@35
                      ; - java.util.jar.JarFile::getManifestFromReference@78
                      ; - java.util.jar.JarFile::getManifest@1
                      ; - jdk.internal.loader.URLClassPath$JarLoader$2::getManifest@22
                      ; - java.net.URLClassLoader::defineClass@34
                      ; - java.net.URLClassLoader$1::run@43
                      ; - java.net.URLClassLoader$1::run@1
  0x000002126a07e92c: d037 93ff 

  0x000002126a07e930: ;   {other}
  0x000002126a07e930: 0f1f 8400 | 2056 004b | 488b e8e9 | 32db ffff 

  0x000002126a07e940: ;   {metadata('java/util/Hashtable')}
  0x000002126a07e940: 48ba b8d3 | 0000 1202 | 0000 6690 

  0x000002126a07e94c: ;   {runtime_call _new_instance_Java}
  0x000002126a07e94c: c5f8 77e8 

  0x000002126a07e950: ; ImmutableOopMap {[32]=Oop [40]=NarrowOop [48]=Oop [56]=Oop [72]=Oop [80]=Oop [88]=Oop [96]=Oop [104]=NarrowOop [120]=Oop [128]=Oop [136]=Oop [148]=NarrowOop [152]=NarrowOop [192]=Oop }
                      ;*new {reexecute=0 rethrow=0 return_oop=1}
                      ; - java.util.jar.JarVerifier::<init>@46
                      ; - java.util.jar.JarFile::getManifestFromReference@78
                      ; - java.util.jar.JarFile::getManifest@1
                      ; - jdk.internal.loader.URLClassPath$JarLoader$2::getManifest@22
                      ; - java.net.URLClassLoader::defineClass@34
                      ; - java.net.URLClassLoader$1::run@43
                      ; - java.net.URLClassLoader$1::run@1
  0x000002126a07e950: ac37 93ff 

  0x000002126a07e954: ;   {other}
  0x000002126a07e954: 0f1f 8400 | 4456 004c | 488b e8e9 | 80dc ffff 

  0x000002126a07e964: ;   {metadata('java/util/Hashtable$Entry'[])}
  0x000002126a07e964: 48ba a87f | 1300 1202 | 0000 41b8 | 0b00 0000 

  0x000002126a07e974: ;   {runtime_call _new_array_Java}
  0x000002126a07e974: c5f8 77e8 

  0x000002126a07e978: ; ImmutableOopMap {rbp=Oop [32]=Oop [40]=NarrowOop [48]=Oop [56]=Oop [72]=Oop [80]=Oop [88]=Oop [96]=Oop [104]=NarrowOop [120]=Oop [128]=Oop [136]=Oop [148]=NarrowOop [152]=NarrowOop [192]=Oop }
                      ;*anewarray {reexecute=0 rethrow=0 return_oop=1}
                      ; - java.util.Hashtable::<init>@93
                      ; - java.util.Hashtable::<init>@5
                      ; - java.util.jar.JarVerifier::<init>@39
                      ; - java.util.jar.JarFile::getManifestFromReference@78
                      ; - java.util.jar.JarFile::getManifest@1
                      ; - jdk.internal.loader.URLClassPath$JarLoader$2::getManifest@22
                      ; - java.net.URLClassLoader::defineClass@34
                      ; - java.net.URLClassLoader$1::run@43
                      ; - java.net.URLClassLoader$1::run@1
  0x000002126a07e978: 843a 93ff 

  0x000002126a07e97c: ;   {other}
  0x000002126a07e97c: 0f1f 8400 | 6c56 004d | 4c8b d0e9 | 78db ffff 

  0x000002126a07e98c: ;   {metadata('java/util/Hashtable$Entry'[])}
  0x000002126a07e98c: 48ba a87f | 1300 1202 | 0000 41b8 | 0b00 0000 

  0x000002126a07e99c: ;   {runtime_call _new_array_Java}
  0x000002126a07e99c: c5f8 77e8 

  0x000002126a07e9a0: ; ImmutableOopMap {rbp=Oop [32]=Oop [40]=NarrowOop [48]=Oop [56]=Oop [72]=Oop [80]=Oop [88]=Oop [96]=Oop [104]=NarrowOop [120]=Oop [128]=Oop [136]=Oop [148]=NarrowOop [152]=NarrowOop [192]=Oop }
                      ;*anewarray {reexecute=0 rethrow=0 return_oop=1}
                      ; - java.util.Hashtable::<init>@93
                      ; - java.util.Hashtable::<init>@5
                      ; - java.util.jar.JarVerifier::<init>@50
                      ; - java.util.jar.JarFile::getManifestFromReference@78
                      ; - java.util.jar.JarFile::getManifest@1
                      ; - jdk.internal.loader.URLClassPath$JarLoader$2::getManifest@22
                      ; - java.net.URLClassLoader::defineClass@34
                      ; - java.net.URLClassLoader$1::run@43
                      ; - java.net.URLClassLoader$1::run@1
  0x000002126a07e9a0: 5c3a 93ff 

  0x000002126a07e9a4: ;   {other}
  0x000002126a07e9a4: 0f1f 8400 | 9456 004e | 4c8b d0e9 | c0dc ffff 

  0x000002126a07e9b4: ;   {metadata('java/util/Hashtable')}
  0x000002126a07e9b4: 48ba b8d3 | 0000 1202 | 0000 6690 

  0x000002126a07e9c0: ;   {runtime_call _new_instance_Java}
  0x000002126a07e9c0: c5f8 77e8 

  0x000002126a07e9c4: ; ImmutableOopMap {[32]=Oop [40]=NarrowOop [48]=Oop [56]=Oop [72]=Oop [80]=Oop [88]=Oop [96]=Oop [104]=NarrowOop [120]=Oop [128]=Oop [136]=Oop [148]=NarrowOop [152]=NarrowOop [192]=Oop }
                      ;*new {reexecute=0 rethrow=0 return_oop=1}
                      ; - java.util.jar.JarVerifier::<init>@57
                      ; - java.util.jar.JarFile::getManifestFromReference@78
                      ; - java.util.jar.JarFile::getManifest@1
                      ; - jdk.internal.loader.URLClassPath$JarLoader$2::getManifest@22
                      ; - java.net.URLClassLoader::defineClass@34
                      ; - java.net.URLClassLoader$1::run@43
                      ; - java.net.URLClassLoader$1::run@1
  0x000002126a07e9c4: 3837 93ff 

  0x000002126a07e9c8: ;   {other}
  0x000002126a07e9c8: 0f1f 8400 | b856 004f | 488b e8e9 | 7cdd ffff 

  0x000002126a07e9d8: ;   {metadata('java/util/ArrayList')}
  0x000002126a07e9d8: 48ba d089 | 0b00 1202 | 0000 6690 

  0x000002126a07e9e4: ;   {runtime_call _new_instance_Java}
  0x000002126a07e9e4: c5f8 77e8 

  0x000002126a07e9e8: ; ImmutableOopMap {[32]=Oop [40]=NarrowOop [48]=Oop [56]=Oop [72]=Oop [80]=Oop [88]=Oop [96]=Oop [104]=NarrowOop [108]=NarrowOop [120]=Oop [128]=Oop [136]=Oop [148]=NarrowOop [152]=NarrowOop [192]=Oop }
                      ;*new {reexecute=0 rethrow=0 return_oop=1}
                      ; - java.util.jar.JarVerifier::<init>@70
                      ; - java.util.jar.JarFile::getManifestFromReference@78
                      ; - java.util.jar.JarFile::getManifest@1
                      ; - jdk.internal.loader.URLClassPath$JarLoader$2::getManifest@22
                      ; - java.net.URLClassLoader::defineClass@34
                      ; - java.net.URLClassLoader$1::run@43
                      ; - java.net.URLClassLoader$1::run@1
  0x000002126a07e9e8: 1437 93ff 

  0x000002126a07e9ec: ;   {other}
  0x000002126a07e9ec: 0f1f 8400 | dc56 0050 | 4c8b d0e9 | ccde ffff 

  0x000002126a07e9fc: ;   {metadata('java/io/ByteArrayInputStream')}
  0x000002126a07e9fc: 48ba a023 | 0500 1202 | 0000 6690 

  0x000002126a07ea08: ;   {runtime_call _new_instance_Java}
  0x000002126a07ea08: c5f8 77e8 

  0x000002126a07ea0c: ; ImmutableOopMap {[32]=Oop [40]=NarrowOop [48]=Oop [56]=Oop [72]=Oop [80]=Oop [88]=Oop [96]=Oop [104]=NarrowOop [108]=NarrowOop [112]=Oop [120]=Oop [128]=Oop [136]=Oop [148]=NarrowOop [152]=NarrowOop [192]=Oop }
                      ;*new {reexecute=0 rethrow=0 return_oop=1}
                      ; - java.util.jar.JarFile::getManifestFromReference@109
                      ; - java.util.jar.JarFile::getManifest@1
                      ; - jdk.internal.loader.URLClassPath$JarLoader$2::getManifest@22
                      ; - java.net.URLClassLoader::defineClass@34
                      ; - java.net.URLClassLoader$1::run@43
                      ; - java.net.URLClassLoader$1::run@1
  0x000002126a07ea0c: f036 93ff 

  0x000002126a07ea10: ;   {other}
  0x000002126a07ea10: 0f1f 8400 | 0057 0051 | e94b e2ff | ff41 b820 

  0x000002126a07ea20: ;   {metadata({type array byte})}
  0x000002126a07ea20: 0000 0048 | ba18 2300 | 0012 0200 | 0066 6690 

  0x000002126a07ea30: ;   {runtime_call _new_array_Java}
  0x000002126a07ea30: c5f8 77e8 

  0x000002126a07ea34: ; ImmutableOopMap {rbp=Oop [32]=Oop [40]=NarrowOop [48]=Oop [56]=Oop [72]=Oop [80]=Oop [88]=Oop [96]=Oop [104]=NarrowOop [108]=NarrowOop [120]=Oop [128]=Oop [136]=Oop [148]=NarrowOop [152]=NarrowOop [192]=Oop }
                      ;*newarray {reexecute=0 rethrow=0 return_oop=1}
                      ; - java.io.ByteArrayOutputStream::<init>@37
                      ; - java.io.ByteArrayOutputStream::<init>@3
                      ; - java.util.jar.JarVerifier::<init>@85
                      ; - java.util.jar.JarFile::getManifestFromReference@78
                      ; - java.util.jar.JarFile::getManifest@1
                      ; - jdk.internal.loader.URLClassPath$JarLoader$2::getManifest@22
                      ; - java.net.URLClassLoader::defineClass@34
                      ; - java.net.URLClassLoader$1::run@43
                      ; - java.net.URLClassLoader$1::run@1
  0x000002126a07ea34: c839 93ff 

  0x000002126a07ea38: ;   {other}
  0x000002126a07ea38: 0f1f 8400 | 2857 0052 | e977 dfff 

  0x000002126a07ea44: ;   {metadata('java/io/ByteArrayOutputStream')}
  0x000002126a07ea44: ff48 baa0 | 0022 0012 | 0200 0090 

  0x000002126a07ea50: ;   {runtime_call _new_instance_Java}
  0x000002126a07ea50: c5f8 77e8 

  0x000002126a07ea54: ; ImmutableOopMap {[32]=Oop [40]=NarrowOop [48]=Oop [56]=Oop [72]=Oop [80]=Oop [88]=Oop [96]=Oop [104]=NarrowOop [108]=NarrowOop [120]=Oop [128]=Oop [136]=Oop [148]=NarrowOop [152]=NarrowOop [192]=Oop }
                      ;*new {reexecute=0 rethrow=0 return_oop=1}
                      ; - java.util.jar.JarVerifier::<init>@81
                      ; - java.util.jar.JarFile::getManifestFromReference@78
                      ; - java.util.jar.JarFile::getManifest@1
                      ; - jdk.internal.loader.URLClassPath$JarLoader$2::getManifest@22
                      ; - java.net.URLClassLoader::defineClass@34
                      ; - java.net.URLClassLoader$1::run@43
                      ; - java.net.URLClassLoader$1::run@1
  0x000002126a07ea54: a836 93ff 

  0x000002126a07ea58: ;   {other}
  0x000002126a07ea58: 0f1f 8400 | 4857 0053 | 4c8b d0e9 | f2de ffff 

  0x000002126a07ea68: ;   {metadata('java/util/jar/Manifest')}
  0x000002126a07ea68: 48ba a0e1 | 0400 1202 | 0000 6690 

  0x000002126a07ea74: ;   {runtime_call _new_instance_Java}
  0x000002126a07ea74: c5f8 77e8 

  0x000002126a07ea78: ; ImmutableOopMap {[32]=Oop [40]=NarrowOop [48]=Oop [56]=Oop [72]=Oop [80]=Oop [88]=Oop [96]=Oop [104]=NarrowOop [120]=Oop [128]=Oop [148]=NarrowOop [152]=NarrowOop [192]=Oop }
                      ;*new {reexecute=0 rethrow=0 return_oop=1}
                      ; - java.util.jar.JarFile::getManifestFromReference@101
                      ; - java.util.jar.JarFile::getManifest@1
                      ; - jdk.internal.loader.URLClassPath$JarLoader$2::getManifest@22
                      ; - java.net.URLClassLoader::defineClass@34
                      ; - java.net.URLClassLoader$1::run@43
                      ; - java.net.URLClassLoader$1::run@1
  0x000002126a07ea78: 8436 93ff 

  0x000002126a07ea7c: ;   {other}
  0x000002126a07ea7c: 0f1f 8400 | 6c57 0054 | e972 e1ff 

  0x000002126a07ea88: ;   {metadata('java/util/ArrayList')}
  0x000002126a07ea88: ff48 bad0 | 890b 0012 | 0200 0090 

  0x000002126a07ea94: ;   {runtime_call _new_instance_Java}
  0x000002126a07ea94: c5f8 77e8 

  0x000002126a07ea98: ; ImmutableOopMap {[32]=Oop [40]=NarrowOop [48]=Oop [56]=Oop [72]=Oop [80]=Oop [88]=Oop [96]=Oop [104]=NarrowOop [108]=NarrowOop [120]=Oop [128]=Oop [136]=Oop [148]=NarrowOop [152]=NarrowOop [192]=Oop }
                      ;*new {reexecute=0 rethrow=0 return_oop=1}
                      ; - java.util.jar.JarVerifier::<init>@92
                      ; - java.util.jar.JarFile::getManifestFromReference@78
                      ; - java.util.jar.JarFile::getManifest@1
                      ; - jdk.internal.loader.URLClassPath$JarLoader$2::getManifest@22
                      ; - java.net.URLClassLoader::defineClass@34
                      ; - java.net.URLClassLoader$1::run@43
                      ; - java.net.URLClassLoader$1::run@1
  0x000002126a07ea98: 6436 93ff 

  0x000002126a07ea9c: ;   {other}
  0x000002126a07ea9c: 0f1f 8400 | 8c57 0055 | 4c8b d0e9 | d2df ffff 

  0x000002126a07eaac: ;   {metadata('java/util/HashMap')}
  0x000002126a07eaac: 48ba 68a9 | 0800 1202 | 0000 6690 

  0x000002126a07eab8: ;   {runtime_call _new_instance_Java}
  0x000002126a07eab8: c5f8 77e8 

  0x000002126a07eabc: ; ImmutableOopMap {[32]=Oop [40]=NarrowOop [48]=Oop [56]=Oop [72]=Oop [80]=Oop [88]=Oop [96]=Oop [104]=NarrowOop [108]=NarrowOop [120]=Oop [128]=Oop [136]=Oop [148]=NarrowOop [152]=NarrowOop [192]=Oop }
                      ;*new {reexecute=0 rethrow=0 return_oop=1}
                      ; - java.util.jar.JarVerifier::<init>@103
                      ; - java.util.jar.JarFile::getManifestFromReference@78
                      ; - java.util.jar.JarFile::getManifest@1
                      ; - jdk.internal.loader.URLClassPath$JarLoader$2::getManifest@22
                      ; - java.net.URLClassLoader::defineClass@34
                      ; - java.net.URLClassLoader$1::run@43
                      ; - java.net.URLClassLoader$1::run@1
  0x000002126a07eabc: 4036 93ff 

  0x000002126a07eac0: ;   {other}
  0x000002126a07eac0: 0f1f 8400 | b057 0056 | 4c8b d0e9 | 48e0 ffff 

  0x000002126a07ead0: ;   {metadata('java/util/Hashtable$Entry'[])}
  0x000002126a07ead0: 48ba a87f | 1300 1202 | 0000 41b8 | 0b00 0000 

  0x000002126a07eae0: ;   {runtime_call _new_array_Java}
  0x000002126a07eae0: c5f8 77e8 

  0x000002126a07eae4: ; ImmutableOopMap {rbp=Oop [32]=Oop [40]=NarrowOop [48]=Oop [56]=Oop [72]=Oop [80]=Oop [88]=Oop [96]=Oop [104]=NarrowOop [120]=Oop [128]=Oop [136]=Oop [148]=NarrowOop [152]=NarrowOop [192]=Oop }
                      ;*anewarray {reexecute=0 rethrow=0 return_oop=1}
                      ; - java.util.Hashtable::<init>@93
                      ; - java.util.Hashtable::<init>@4
                      ; - java.util.jar.JarVerifier::<init>@63
                      ; - java.util.jar.JarFile::getManifestFromReference@78
                      ; - java.util.jar.JarFile::getManifest@1
                      ; - jdk.internal.loader.URLClassPath$JarLoader$2::getManifest@22
                      ; - java.net.URLClassLoader::defineClass@34
                      ; - java.net.URLClassLoader$1::run@43
                      ; - java.net.URLClassLoader$1::run@1
  0x000002126a07eae4: 1839 93ff 

  0x000002126a07eae8: ;   {other}
  0x000002126a07eae8: 0f1f 8400 | d857 0057 | 4c8b d0e9 | ecdc ffff 

  0x000002126a07eaf8: ;   {metadata('java/util/jar/Attributes')}
  0x000002126a07eaf8: 48ba 4088 | 1600 1202 | 0000 6690 

  0x000002126a07eb04: ;   {runtime_call _new_instance_Java}
  0x000002126a07eb04: c5f8 77e8 

  0x000002126a07eb08: ; ImmutableOopMap {[32]=Oop [40]=NarrowOop [48]=Oop [56]=Oop [72]=Oop [80]=Oop [88]=Oop [96]=Oop [104]=NarrowOop [108]=NarrowOop [112]=Oop [128]=Oop [136]=Oop [148]=NarrowOop [152]=NarrowOop [160]=Oop [192]=Oop }
                      ;*new {reexecute=0 rethrow=0 return_oop=1}
                      ; - java.util.jar.Manifest::<init>@5
                      ; - java.util.jar.JarFile::getManifestFromReference@121
                      ; - java.util.jar.JarFile::getManifest@1
                      ; - jdk.internal.loader.URLClassPath$JarLoader$2::getManifest@22
                      ; - java.net.URLClassLoader::defineClass@34
                      ; - java.net.URLClassLoader$1::run@43
                      ; - java.net.URLClassLoader$1::run@1
  0x000002126a07eb08: f435 93ff 

  0x000002126a07eb0c: ;   {other}
  0x000002126a07eb0c: 0f1f 8400 | fc57 0058 | 488b e8e9 | c3e1 ffff 

  0x000002126a07eb1c: ;   {metadata('java/util/HashMap')}
  0x000002126a07eb1c: 48ba 68a9 | 0800 1202 | 0000 6690 

  0x000002126a07eb28: ;   {runtime_call _new_instance_Java}
  0x000002126a07eb28: c5f8 77e8 

  0x000002126a07eb2c: ; ImmutableOopMap {[32]=Oop [40]=NarrowOop [48]=Oop [56]=Oop [72]=Oop [80]=Oop [88]=Oop [96]=Oop [104]=NarrowOop [108]=NarrowOop [112]=Oop [120]=Oop [128]=Oop [136]=Oop [148]=NarrowOop [152]=NarrowOop [160]=Oop [192]=Oop }
                      ;*new {reexecute=0 rethrow=0 return_oop=1}
                      ; - java.util.jar.Manifest::<init>@16
                      ; - java.util.jar.JarFile::getManifestFromReference@121
                      ; - java.util.jar.JarFile::getManifest@1
                      ; - jdk.internal.loader.URLClassPath$JarLoader$2::getManifest@22
                      ; - java.net.URLClassLoader::defineClass@34
                      ; - java.net.URLClassLoader$1::run@43
                      ; - java.net.URLClassLoader$1::run@1
  0x000002126a07eb2c: d035 93ff 

  0x000002126a07eb30: ;   {other}
  0x000002126a07eb30: 0f1f 8400 | 2058 0059 | 4c8b d0e9 | 95e2 ffff 

  0x000002126a07eb40: ;   {metadata('java/util/jar/Attributes')}
  0x000002126a07eb40: 48ba 4088 | 1600 1202 | 0000 6690 

  0x000002126a07eb4c: ;   {runtime_call _new_instance_Java}
  0x000002126a07eb4c: c5f8 77e8 

  0x000002126a07eb50: ; ImmutableOopMap {[32]=Oop [40]=Oop [48]=Oop [56]=Oop [72]=Oop [80]=Oop [88]=Oop [96]=Oop [104]=NarrowOop [108]=NarrowOop [112]=Oop [128]=Oop [148]=NarrowOop [152]=NarrowOop [192]=Oop }
                      ;*new {reexecute=0 rethrow=0 return_oop=1}
                      ; - java.util.jar.Manifest::<init>@5
                      ; - java.util.jar.Manifest::<init>@4
                      ; - java.util.jar.JarFile::getManifestFromReference@143
                      ; - java.util.jar.JarFile::getManifest@1
                      ; - jdk.internal.loader.URLClassPath$JarLoader$2::getManifest@22
                      ; - java.net.URLClassLoader::defineClass@34
                      ; - java.net.URLClassLoader$1::run@43
                      ; - java.net.URLClassLoader$1::run@1
  0x000002126a07eb50: ac35 93ff 

  0x000002126a07eb54: ;   {other}
  0x000002126a07eb54: 0f1f 8400 | 4458 005a | 488b e8e9 | 9bd5 ffff 

  0x000002126a07eb64: ;   {metadata('java/util/jar/Manifest')}
  0x000002126a07eb64: 48ba a0e1 | 0400 1202 | 0000 6690 

  0x000002126a07eb70: ;   {runtime_call _new_instance_Java}
  0x000002126a07eb70: c5f8 77e8 

  0x000002126a07eb74: ; ImmutableOopMap {[32]=Oop [40]=Oop [48]=Oop [56]=Oop [72]=Oop [80]=Oop [88]=Oop [96]=Oop [104]=NarrowOop [128]=Oop [148]=NarrowOop [152]=NarrowOop [192]=Oop }
                      ;*new {reexecute=0 rethrow=0 return_oop=1}
                      ; - java.util.jar.JarFile::getManifestFromReference@134
                      ; - java.util.jar.JarFile::getManifest@1
                      ; - jdk.internal.loader.URLClassPath$JarLoader$2::getManifest@22
                      ; - java.net.URLClassLoader::defineClass@34
                      ; - java.net.URLClassLoader$1::run@43
                      ; - java.net.URLClassLoader$1::run@1
  0x000002126a07eb74: 8835 93ff 

  0x000002126a07eb78: ;   {other}
  0x000002126a07eb78: 0f1f 8400 | 6858 005b | e924 d5ff 

  0x000002126a07eb84: ;   {metadata('java/util/HashMap')}
  0x000002126a07eb84: ff48 ba68 | a908 0012 | 0200 0090 

  0x000002126a07eb90: ;   {runtime_call _new_instance_Java}
  0x000002126a07eb90: c5f8 77e8 

  0x000002126a07eb94: ; ImmutableOopMap {[32]=Oop [40]=Oop [48]=Oop [56]=Oop [72]=Oop [80]=Oop [88]=Oop [96]=Oop [104]=NarrowOop [108]=NarrowOop [112]=Oop [120]=Oop [128]=Oop [148]=NarrowOop [152]=NarrowOop [192]=Oop }
                      ;*new {reexecute=0 rethrow=0 return_oop=1}
                      ; - java.util.jar.Manifest::<init>@16
                      ; - java.util.jar.Manifest::<init>@4
                      ; - java.util.jar.JarFile::getManifestFromReference@143
                      ; - java.util.jar.JarFile::getManifest@1
                      ; - jdk.internal.loader.URLClassPath$JarLoader$2::getManifest@22
                      ; - java.net.URLClassLoader::defineClass@34
                      ; - java.net.URLClassLoader$1::run@43
                      ; - java.net.URLClassLoader$1::run@1
  0x000002126a07eb94: 6835 93ff 

  0x000002126a07eb98: ;   {other}
  0x000002126a07eb98: 0f1f 8400 | 8858 005c | 4c8b d0e9 | 4ad6 ffff | baf6 ffff | ff48 8944 | 2420 6690 

  0x000002126a07ebb4: ;   {runtime_call UncommonTrapBlob}
  0x000002126a07ebb4: c5f8 77e8 

  0x000002126a07ebb8: ; ImmutableOopMap {[32]=Oop [88]=Oop }
                      ;*invokevirtual getResource {reexecute=0 rethrow=0 return_oop=0}
                      ; - java.net.URLClassLoader$1::run@26
                      ; - java.net.URLClassLoader$1::run@1
  0x000002126a07ebb8: c457 86ff 

  0x000002126a07ebbc: ;   {other}
  0x000002126a07ebbc: 0f1f 8400 | ac58 005d | ba76 ffff | ff48 8b6c | 2458 894c | 2420 897c | 2428 895c | 242c 6690 
  0x000002126a07ebdc: ;   {runtime_call UncommonTrapBlob}
  0x000002126a07ebdc: c5f8 77e8 

  0x000002126a07ebe0: ; ImmutableOopMap {rbp=Oop [32]=NarrowOop [44]=NarrowOop }
                      ;*if_icmpge {reexecute=1 rethrow=0 return_oop=0}
                      ; - (reexecute) java.lang.StringLatin1::replace@19
                      ; - java.lang.String::replace@18
                      ; - java.net.URLClassLoader$1::run@8
                      ; - java.net.URLClassLoader$1::run@1
  0x000002126a07ebe0: 9c57 86ff 

  0x000002126a07ebe4: ;   {other}
  0x000002126a07ebe4: 0f1f 8400 | d458 005e | 4863 d7e9 | 9db5 ffff | bacc ffff | ff4c 8954 | 2420 4889 | 4424 3048 
  0x000002126a07ec04: 895c 2438 | 4489 4c24 | 4066 6690 

  0x000002126a07ec10: ;   {runtime_call UncommonTrapBlob}
  0x000002126a07ec10: c5f8 77e8 

  0x000002126a07ec14: ; ImmutableOopMap {[32]=Oop [56]=Oop [88]=Oop }
                      ;*invokestatic arraycopy {reexecute=0 rethrow=0 return_oop=0}
                      ; - java.lang.String::getBytes@22
                      ; - java.lang.StringConcatHelper::prepend@21
                      ; - java.lang.StringConcatHelper::simpleConcat@71
                      ; - java.lang.String::concat@11
                      ; - java.net.URLClassLoader$1::run@13
                      ; - java.net.URLClassLoader$1::run@1
  0x000002126a07ec14: 6857 86ff 

  0x000002126a07ec18: ;   {other}
  0x000002126a07ec18: 0f1f 8400 | 0859 005f | bacc ffff | ff4c 895c | 2420 4889 | 5c24 3089 | 4c24 3890 

  0x000002126a07ec34: ;   {runtime_call UncommonTrapBlob}
  0x000002126a07ec34: c5f8 77e8 

  0x000002126a07ec38: ; ImmutableOopMap {[32]=Oop [48]=Oop [88]=Oop }
                      ;*invokestatic arraycopy {reexecute=0 rethrow=0 return_oop=0}
                      ; - java.lang.String::getBytes@22
                      ; - java.lang.StringConcatHelper::prepend@21
                      ; - java.lang.StringConcatHelper::simpleConcat@81
                      ; - java.lang.String::concat@11
                      ; - java.net.URLClassLoader$1::run@13
                      ; - java.net.URLClassLoader$1::run@1
  0x000002126a07ec38: 4457 86ff 

  0x000002126a07ec3c: ;   {other}
  0x000002126a07ec3c: 0f1f 8400 | 2c59 0060 | ba76 ffff | ff89 4c24 | 284c 895c | 2430 897c | 243c 895c | 2440 6690 
  0x000002126a07ec5c: ;   {runtime_call UncommonTrapBlob}
  0x000002126a07ec5c: c5f8 77e8 

  0x000002126a07ec60: ; ImmutableOopMap {[40]=NarrowOop [48]=Oop [64]=NarrowOop [88]=Oop }
                      ;*if_icmpge {reexecute=1 rethrow=0 return_oop=0}
                      ; - (reexecute) java.lang.StringLatin1::replace@82
                      ; - java.lang.String::replace@18
                      ; - java.net.URLClassLoader$1::run@8
                      ; - java.net.URLClassLoader$1::run@1
  0x000002126a07ec60: 1c57 86ff 

  0x000002126a07ec64: ;   {other}
  0x000002126a07ec64: 0f1f 8400 | 5459 0061 | c4e1 f96e | cfc4 e1f9 | 6ec0 4489 | 5424 3489 | 7424 304c | 895c 2420 
  0x000002126a07ec84: 458b f14c | 63c5 4d8d | 5010 4d8b | da49 83e3 | f848 8bfa | 4903 fb48 | 8bea 49c1 | ea03 492b 
  0x000002126a07eca4: da48 8bcb | 4833 c048 | 83f9 087f | 1048 ffc9 | 784f 4889 | 04cf 48ff | c97d f7eb | 44c5 edef 
  0x000002126a07ecc4: d2e9 0d00 | 0000 c5fe | 7f17 c5fe | 7f57 2048 | 83c7 4048 | 83e9 087d | ed48 83c1 | 047c 0cc5 
  0x000002126a07ece4: fe7f 1748 | 83c7 2048 | 83e9 0448 | 83c1 047e | 1048 ffc9 | c5f9 d617 | 4883 c708 | 48ff c97d 
  0x000002126a07ed04: f3c4 e1f9 | 7ec1 c4e1 | f97e cac5 | f877 49ba | c044 8c69 | 1202 0000 

  0x000002126a07ed1c: ;   {other}
  0x000002126a07ed1c: 41ff d20f | 1f84 0000 | 0000 0045 | 8bce 4c8b | 5c24 208b | 7424 3044 | 8b54 2434 | 488b d5e9 
  0x000002126a07ed3c: 1ce8 ffff | baf6 ffff | ff48 8944 | 2428 6690 

  0x000002126a07ed4c: ;   {runtime_call UncommonTrapBlob}
  0x000002126a07ed4c: c5f8 77e8 

  0x000002126a07ed50: ; ImmutableOopMap {[40]=Oop [88]=Oop [152]=NarrowOop }
                      ;*invokevirtual defineClass {reexecute=0 rethrow=0 return_oop=0}
                      ; - java.net.URLClassLoader$1::run@43
                      ; - java.net.URLClassLoader$1::run@1
  0x000002126a07ed50: 2c56 86ff 

  0x000002126a07ed54: ;   {other}
  0x000002126a07ed54: 0f1f 8400 | 445a 0062 | ba45 ffff | ff4c 8b5c | 2460 4c89 | 5c24 284c | 8b5c 2440 | 4c89 5c24 
  0x000002126a07ed74: 304c 8954 | 2448 6690 

  0x000002126a07ed7c: ;   {runtime_call UncommonTrapBlob}
  0x000002126a07ed7c: c5f8 77e8 

  0x000002126a07ed80: ; ImmutableOopMap {[40]=Oop [72]=Oop [80]=NarrowOop [88]=Oop [96]=Oop [148]=NarrowOop [152]=NarrowOop }
                      ;*ifeq {reexecute=1 rethrow=0 return_oop=0}
                      ; - (reexecute) jdk.internal.loader.Resource::getByteBuffer@9
                      ; - java.net.URLClassLoader::defineClass@132
                      ; - java.net.URLClassLoader$1::run@43
                      ; - java.net.URLClassLoader$1::run@1
  0x000002126a07ed80: fc55 86ff 

  0x000002126a07ed84: ;   {other}
  0x000002126a07ed84: 0f1f 8400 | 745a 0063 | baf6 ffff | ff48 897c | 2420 4c89 | 5424 284c | 8b54 2440 | 4c89 5424 
  0x000002126a07eda4: 3044 8944 | 2438 6690 

  0x000002126a07edac: ;   {runtime_call UncommonTrapBlob}
  0x000002126a07edac: c5f8 77e8 

  0x000002126a07edb0: ; ImmutableOopMap {[32]=Oop [40]=Oop [56]=NarrowOop [88]=Oop [148]=NarrowOop [152]=NarrowOop [192]=Oop }
                      ;*invokevirtual ensureInitialization {reexecute=0 rethrow=0 return_oop=0}
                      ; - java.util.jar.JavaUtilJarAccessImpl::ensureInitialization@1
                      ; - jdk.internal.loader.URLClassPath$JarLoader$2::getManifest@10
                      ; - java.net.URLClassLoader::defineClass@34
                      ; - java.net.URLClassLoader$1::run@43
                      ; - java.net.URLClassLoader$1::run@1
  0x000002126a07edb0: cc55 86ff 

  0x000002126a07edb4: ;   {other}
  0x000002126a07edb4: 0f1f 8400 | a45a 0064 | baf6 ffff | ff48 8b6c | 2458 4c8b | 5424 504c | 8954 2428 | 4c8b 5424 
  0x000002126a07edd4: 404c 8954 | 2430 4889 | 4c24 4890 

  0x000002126a07ede0: ;   {runtime_call UncommonTrapBlob}
  0x000002126a07ede0: c5f8 77e8 

  0x000002126a07ede4: ; ImmutableOopMap {rbp=Oop [40]=Oop [72]=Oop [96]=Oop [104]=NarrowOop [148]=NarrowOop [152]=NarrowOop [192]=Oop }
                      ;*invokevirtual get {reexecute=0 rethrow=0 return_oop=0}
                      ; - java.lang.ClassLoader::getDefinedPackage@13
                      ; - java.net.URLClassLoader::getAndVerifyPackage@2
                      ; - java.net.URLClassLoader::defineClass@46
                      ; - java.net.URLClassLoader$1::run@43
                      ; - java.net.URLClassLoader$1::run@1
  0x000002126a07ede4: 9855 86ff 

  0x000002126a07ede8: ;   {other}
  0x000002126a07ede8: 0f1f 8400 | d85a 0065 | ba76 ffff | ff48 897c | 2428 4889 | 4424 3089 | 5c24 3844 | 8944 2440 
  0x000002126a07ee08: ;   {runtime_call UncommonTrapBlob}
  0x000002126a07ee08: c5f8 77e8 

  0x000002126a07ee0c: ; ImmutableOopMap {[40]=Oop [56]=NarrowOop [88]=Oop [148]=NarrowOop [152]=NarrowOop }
                      ;*iflt {reexecute=1 rethrow=0 return_oop=0}
                      ; - (reexecute) java.lang.StringLatin1::lastIndexOf@19
                      ; - java.lang.String::lastIndexOf@13
                      ; - java.lang.String::lastIndexOf@8
                      ; - java.net.URLClassLoader::defineClass@7
                      ; - java.net.URLClassLoader$1::run@43
                      ; - java.net.URLClassLoader$1::run@1
  0x000002126a07ee0c: 7055 86ff 

  0x000002126a07ee10: ;   {other}
  0x000002126a07ee10: 0f1f 8400 | 005b 0066 | baec ffff | ff4c 8b54 | 2440 4c89 | 5424 2848 | 8944 2448 

  0x000002126a07ee2c: ;   {runtime_call UncommonTrapBlob}
  0x000002126a07ee2c: c5f8 77e8 

  0x000002126a07ee30: ; ImmutableOopMap {[72]=Oop [80]=NarrowOop [88]=Oop [96]=Oop [104]=Oop [148]=NarrowOop [152]=NarrowOop }
                      ;*astore {reexecute=0 rethrow=0 return_oop=0}
                      ; - java.net.URLClassLoader::defineClass@188
                      ; - java.net.URLClassLoader$1::run@43
                      ; - java.net.URLClassLoader$1::run@1
  0x000002126a07ee30: 4c55 86ff 

  0x000002126a07ee34: ;   {other}
  0x000002126a07ee34: 0f1f 8400 | 245b 0067 | bade ffff | ff48 897c | 2428 4c8b | 5424 404c | 8954 2430 | 4489 4424 
  0x000002126a07ee54: 3848 897c | 2448 6690 

  0x000002126a07ee5c: ;   {runtime_call UncommonTrapBlob}
  0x000002126a07ee5c: c5f8 77e8 

  0x000002126a07ee60: ; ImmutableOopMap {[40]=Oop [56]=NarrowOop [72]=Oop [88]=Oop [148]=NarrowOop [152]=NarrowOop [192]=Oop }
                      ;*invokevirtual getManifest {reexecute=0 rethrow=0 return_oop=0}
                      ; - java.net.URLClassLoader::defineClass@34
                      ; - java.net.URLClassLoader$1::run@43
                      ; - java.net.URLClassLoader$1::run@1
  0x000002126a07ee60: 1c55 86ff 

  0x000002126a07ee64: ;   {other}
  0x000002126a07ee64: 0f1f 8400 | 545b 0068 | bade ffff | ff48 8b6c | 2458 4889 | 7c24 204c | 8b5c 2440 | 4c89 5c24 
  0x000002126a07ee84: 3044 8944 | 2438 4c89 | 5424 4889 | 7424 5444 | 894c 2458 

  0x000002126a07ee98: ;   {runtime_call UncommonTrapBlob}
  0x000002126a07ee98: c5f8 77e8 

  0x000002126a07ee9c: ; ImmutableOopMap {rbp=Oop [32]=Oop [56]=NarrowOop [72]=Oop [84]=NarrowOop [88]=NarrowOop [148]=NarrowOop [152]=NarrowOop [192]=Oop }
                      ;*invokeinterface ensureInitialization {reexecute=0 rethrow=0 return_oop=0}
                      ; - jdk.internal.loader.URLClassPath$JarLoader$2::getManifest@10
                      ; - java.net.URLClassLoader::defineClass@34
                      ; - java.net.URLClassLoader$1::run@43
                      ; - java.net.URLClassLoader$1::run@1
  0x000002126a07ee9c: e054 86ff 

  0x000002126a07eea0: ;   {other}
  0x000002126a07eea0: 0f1f 8400 | 905b 0069 | 4889 5424 | 7044 894c | 2454 4c89 | 5424 6848 | 894c 2460 | 4489 4424 
  0x000002126a07eec0: 504c 896c | 2448 4c89 | 5c24 3848 | 897c 2420 | 488b 6c24 | 584c 8d84 | 24f0 0000 | 004c 8b54 
  0x000002126a07eee0: 2468 4c89 | 5424 5890 

  0x000002126a07eee8: ;   {runtime_call _complete_monitor_locking_Java}
  0x000002126a07eee8: c5f8 77e8 

  0x000002126a07eeec: ; ImmutableOopMap {rbp=Oop [32]=Oop [48]=Oop [56]=Oop [72]=Oop [80]=NarrowOop [84]=NarrowOop [88]=Oop [96]=Oop [104]=Oop [112]=Oop [148]=NarrowOop [152]=NarrowOop [192]=Oop }
                      ;*synchronization entry
                      ; - java.util.jar.JarFile::ensureInitialization@-1
                      ; - java.util.jar.JavaUtilJarAccessImpl::ensureInitialization@1
                      ; - jdk.internal.loader.URLClassPath$JarLoader$2::getManifest@10
                      ; - java.net.URLClassLoader::defineClass@34
                      ; - java.net.URLClassLoader$1::run@43
                      ; - java.net.URLClassLoader$1::run@1
  0x000002126a07eeec: 9006 93ff 

  0x000002126a07eef0: ;   {other}
  0x000002126a07eef0: 0f1f 8400 | e05b 006a | 4889 6c24 | 5848 8b7c | 2420 4c8b | 5c24 384c | 8b6c 2448 | 448b 4424 
  0x000002126a07ef10: 5048 8b4c | 2460 4c8b | 5424 6844 | 8b4c 2454 | 488b 5424 | 70e9 6ec4 | ffff 4c89 | 5424 3848 
  0x000002126a07ef30: 894c 2428 | 4489 4424 | 204d 8bf5 | 4d8b eb48 | 8bca 488d | 9424 f000 | 0000 4d8b | c7c5 f877 
  0x000002126a07ef50: 49ba 40d9 | 1743 ff7f | 0000 41ff 

  0x000002126a07ef5c: ;   {other}
  0x000002126a07ef5c: d20f 1f84 | 0000 0000 | 004d 8bdd | 4d8b ee44 | 8b44 2420 | 488b 4c24 | 284c 8b54 | 2438 e9cd 
  0x000002126a07ef7c: c4ff ffba | deff ffff | 4889 7c24 | 284c 8954 | 2430 4c8b | 5424 404c | 8954 2438 | 4489 4424 
  0x000002126a07ef9c: 4066 6690 

  0x000002126a07efa0: ;   {runtime_call UncommonTrapBlob}
  0x000002126a07efa0: c5f8 77e8 

  0x000002126a07efa4: ; ImmutableOopMap {rbp=NarrowOop [40]=Oop [48]=Oop [64]=NarrowOop [88]=Oop [148]=NarrowOop [152]=NarrowOop [192]=Oop }
                      ;*invokevirtual getManifest {reexecute=0 rethrow=0 return_oop=0}
                      ; - jdk.internal.loader.URLClassPath$JarLoader$2::getManifest@22
                      ; - java.net.URLClassLoader::defineClass@34
                      ; - java.net.URLClassLoader$1::run@43
                      ; - java.net.URLClassLoader$1::run@1
  0x000002126a07efa4: d853 86ff 

  0x000002126a07efa8: ;   {other}
  0x000002126a07efa8: 0f1f 8400 | 985c 006b | ba6e ffff | ff48 897c | 2428 4889 | 4424 3089 | 5c24 3844 | 8944 2440 
  0x000002126a07efc8: ;   {runtime_call UncommonTrapBlob}
  0x000002126a07efc8: c5f8 77e8 

  0x000002126a07efcc: ; ImmutableOopMap {[40]=Oop [56]=NarrowOop [88]=Oop [148]=NarrowOop [152]=NarrowOop }
                      ;*iflt {reexecute=1 rethrow=0 return_oop=0}
                      ; - (reexecute) java.lang.StringLatin1::lastIndexOf@19
                      ; - java.lang.String::lastIndexOf@13
                      ; - java.lang.String::lastIndexOf@8
                      ; - java.net.URLClassLoader::defineClass@7
                      ; - java.net.URLClassLoader$1::run@43
                      ; - java.net.URLClassLoader$1::run@1
  0x000002126a07efcc: b053 86ff 

  0x000002126a07efd0: ;   {other}
  0x000002126a07efd0: 0f1f 8400 | c05c 006c | 33ed 4585 | d240 0f94 | c5ba 45ff | ffff 895c | 2428 6690 

  0x000002126a07efec: ;   {runtime_call UncommonTrapBlob}
  0x000002126a07efec: c5f8 77e8 

  0x000002126a07eff0: ; ImmutableOopMap {[40]=NarrowOop [88]=Oop }
                      ;*ifeq {reexecute=1 rethrow=0 return_oop=0}
                      ; - (reexecute) java.lang.String::replace@9
                      ; - java.net.URLClassLoader$1::run@8
                      ; - java.net.URLClassLoader$1::run@1
  0x000002126a07eff0: 8c53 86ff 

  0x000002126a07eff4: ;   {other}
  0x000002126a07eff4: 0f1f 8400 | e45c 006d | ba76 ffff | ff89 4c24 | 2889 7c24 | 2c4c 895c | 2430 895c | 243c 6690 
  0x000002126a07f014: ;   {runtime_call UncommonTrapBlob}
  0x000002126a07f014: c5f8 77e8 

  0x000002126a07f018: ; ImmutableOopMap {[40]=NarrowOop [48]=Oop [60]=NarrowOop [88]=Oop }
                      ;*if_icmpge {reexecute=1 rethrow=0 return_oop=0}
                      ; - (reexecute) java.lang.StringLatin1::replace@61
                      ; - java.lang.String::replace@18
                      ; - java.net.URLClassLoader$1::run@8
                      ; - java.net.URLClassLoader$1::run@1
  0x000002126a07f018: 6453 86ff 

  0x000002126a07f01c: ;   {other}
  0x000002126a07f01c: 0f1f 8400 | 0c5d 006e | ba45 ffff | ff4c 8954 | 2420 4489 | 4c24 2890 

  0x000002126a07f034: ;   {runtime_call UncommonTrapBlob}
  0x000002126a07f034: c5f8 77e8 

  0x000002126a07f038: ; ImmutableOopMap {[32]=Oop [88]=Oop }
                      ;*iflt {reexecute=1 rethrow=0 return_oop=0}
                      ; - (reexecute) java.lang.StringConcatHelper::checkOverflow@2
                      ; - java.lang.StringConcatHelper::mix@23
                      ; - java.lang.StringConcatHelper::simpleConcat@46
                      ; - java.lang.String::concat@11
                      ; - java.net.URLClassLoader$1::run@13
                      ; - java.net.URLClassLoader$1::run@1
  0x000002126a07f038: 4453 86ff 

  0x000002126a07f03c: ;   {other}
  0x000002126a07f03c: 0f1f 8400 | 2c5d 006f | ba45 ffff | ff4c 8954 | 2428 6690 

  0x000002126a07f050: ;   {runtime_call UncommonTrapBlob}
  0x000002126a07f050: c5f8 77e8 

  0x000002126a07f054: ; ImmutableOopMap {[40]=Oop [88]=Oop }
                      ;*iflt {reexecute=1 rethrow=0 return_oop=0}
                      ; - (reexecute) java.lang.StringConcatHelper::checkOverflow@2
                      ; - java.lang.StringConcatHelper::mix@23
                      ; - java.lang.StringConcatHelper::simpleConcat@54
                      ; - java.lang.String::concat@11
                      ; - java.net.URLClassLoader$1::run@13
                      ; - java.net.URLClassLoader$1::run@1
  0x000002126a07f054: 2853 86ff 

  0x000002126a07f058: ;   {other}
  0x000002126a07f058: 0f1f 8400 | 485d 0070 | ba45 ffff | ff4c 8954 | 2428 4889 | 5c24 3044 | 8944 2438 

  0x000002126a07f074: ;   {runtime_call UncommonTrapBlob}
  0x000002126a07f074: c5f8 77e8 

  0x000002126a07f078: ; ImmutableOopMap {[40]=Oop [48]=Oop [88]=Oop }
                      ;*if_icmpne {reexecute=1 rethrow=0 return_oop=0}
                      ; - (reexecute) java.lang.String::getBytes@5
                      ; - java.lang.StringConcatHelper::prepend@21
                      ; - java.lang.StringConcatHelper::simpleConcat@81
                      ; - java.lang.String::concat@11
                      ; - java.net.URLClassLoader$1::run@13
                      ; - java.net.URLClassLoader$1::run@1
  0x000002126a07f078: 0453 86ff 

  0x000002126a07f07c: ;   {other}
  0x000002126a07f07c: 0f1f 8400 | 6c5d 0071 | ba45 ffff | ff4c 8954 | 2420 4889 | 4424 2844 | 8944 2430 

  0x000002126a07f098: ;   {runtime_call UncommonTrapBlob}
  0x000002126a07f098: c5f8 77e8 

  0x000002126a07f09c: ; ImmutableOopMap {[32]=Oop [88]=Oop }
                      ;*if_icmpne {reexecute=1 rethrow=0 return_oop=0}
                      ; - (reexecute) java.lang.StringConcatHelper::mix@13
                      ; - java.lang.StringConcatHelper::simpleConcat@46
                      ; - java.lang.String::concat@11
                      ; - java.net.URLClassLoader$1::run@13
                      ; - java.net.URLClassLoader$1::run@1
  0x000002126a07f09c: e052 86ff 

  0x000002126a07f0a0: ;   {other}
  0x000002126a07f0a0: 0f1f 8400 | 905d 0072 | ba45 ffff | ff4c 8954 | 2420 4889 | 7424 2889 | 7c24 3090 

  0x000002126a07f0bc: ;   {runtime_call UncommonTrapBlob}
  0x000002126a07f0bc: c5f8 77e8 

  0x000002126a07f0c0: ; ImmutableOopMap {[32]=Oop [88]=Oop }
                      ;*ifge {reexecute=1 rethrow=0 return_oop=0}
                      ; - (reexecute) java.lang.StringConcatHelper::newArray@13
                      ; - java.lang.StringConcatHelper::simpleConcat@61
                      ; - java.lang.String::concat@11
                      ; - java.net.URLClassLoader$1::run@13
                      ; - java.net.URLClassLoader$1::run@1
  0x000002126a07f0c0: bc52 86ff 

  0x000002126a07f0c4: ;   {other}
  0x000002126a07f0c4: 0f1f 8400 | b45d 0073 | 4863 ea81 | fa00 0010 | 000f 8701 | 2300 0049 | 8bbf b801 | 0000 4c8d 
  0x000002126a07f0e4: 4517 4983 | e0f8 488b | df49 03d8 | 493b 9fc8 | 0100 000f | 83df 2200 | 0049 899f | b801 0000 
  0x000002126a07f104: 0f18 8300 | 0100 0048 | c707 0100 | 0000 0f18 | 8340 0100 

  0x000002126a07f118: ;   {metadata({type array byte})}
  0x000002126a07f118: 00c7 4708 | 1823 0000 | 8957 0c0f | 1883 8001 | 0000 4c89 | 6c24 7044 | 894c 2478 | 4c89 5c24 
  0x000002126a07f138: 2089 7424 | 3044 8954 | 2434 4889 | 8424 8000 | 0000 4889 | ac24 8800 | 0000 488b | d748 83c2 
  0x000002126a07f158: 104c 8b94 | 2488 0000 | 0049 83c2 | 0749 c1ea | 0348 8b8c | 2480 0000 | 004d 8bc2 | c5f8 7749 
  0x000002126a07f178: ba60 4b8c | 6912 0200 | 0041 ffd2 

  0x000002126a07f184: ;   {other}
  0x000002126a07f184: 0f1f 8400 | 0000 0000 | 4c8b 6c24 | 7044 8b4c | 2478 4c8b | 5c24 208b | 7424 3044 | 8b54 2434 
  0x000002126a07f1a4: 488b d7e9 | b0e3 ffff | 4d63 f2e9 | b5bf ffff | 4983 c3fe | 498b cb48 | 8bfa 4833 | c048 83f9 
  0x000002126a07f1c4: 087f 1048 | ffc9 784f | 4889 04cf | 48ff c97d | f7eb 44c5 | fdef c0e9 | 0d00 0000 | c5fe 7f07 
  0x000002126a07f1e4: c5fe 7f47 | 2048 83c7 | 4048 83e9 | 087d ed48 | 83c1 047c | 0cc5 fe7f | 0748 83c7 | 2048 83e9 
  0x000002126a07f204: 0448 83c1 | 047e 1048 | ffc9 c5f9 | d607 4883 | c708 48ff | c97d f3e9 | 5dc0 ffff | bacc ffff 
  0x000002126a07f224: ff48 8b6c | 2458 4889 | 7c24 284c | 8b5c 2440 | 4c89 5c24 | 3044 8944 | 2438 895c | 243c 4489 
  0x000002126a07f244: 5424 444c | 894c 2458 

  0x000002126a07f24c: ;   {runtime_call UncommonTrapBlob}
  0x000002126a07f24c: c5f8 77e8 

  0x000002126a07f250: ; ImmutableOopMap {rbp=Oop [40]=Oop [56]=NarrowOop [60]=NarrowOop [88]=Oop [148]=NarrowOop [152]=NarrowOop }
                      ;*newarray {reexecute=1 rethrow=0 return_oop=0}
                      ; - (reexecute) java.util.Arrays::copyOfRangeByte@10
                      ; - java.util.Arrays::copyOfRange@13
                      ; - java.lang.StringLatin1::newString@16
                      ; - java.lang.String::substring@41
                      ; - java.net.URLClassLoader::defineClass@28
                      ; - java.net.URLClassLoader$1::run@43
                      ; - java.net.URLClassLoader$1::run@1
  0x000002126a07f250: 2c51 86ff 

  0x000002126a07f254: ;   {other}
  0x000002126a07f254: 0f1f 8400 | 445f 0074 | 458b d0e9 | 99bd ffff | baf6 ffff | ff48 8b6c | 2458 4c8b | 5424 504c 
  0x000002126a07f274: 8954 2428 | 4c8b 5424 | 404c 8954 | 2430 4c89 | 6c24 5090 

  0x000002126a07f288: ;   {runtime_call UncommonTrapBlob}
  0x000002126a07f288: c5f8 77e8 

  0x000002126a07f28c: ; ImmutableOopMap {rbp=Oop [40]=Oop [80]=Oop [96]=Oop [104]=NarrowOop [112]=Oop [148]=NarrowOop [152]=NarrowOop }
                      ;*invokevirtual get {reexecute=0 rethrow=0 return_oop=0}
                      ; - java.lang.ClassLoader::definePackage@47
                      ; - java.lang.ClassLoader::getDefinedPackage@32
                      ; - java.net.URLClassLoader::getAndVerifyPackage@2
                      ; - java.net.URLClassLoader::defineClass@46
                      ; - java.net.URLClassLoader$1::run@43
                      ; - java.net.URLClassLoader$1::run@1
  0x000002126a07f28c: f050 86ff 

  0x000002126a07f290: ;   {other}
  0x000002126a07f290: 0f1f 8400 | 805f 0075 | 4c63 d5e9 | 9fb3 ffff | ba76 ffff | ff48 8b6c | 2458 4c8b | 5424 604c 
  0x000002126a07f2b0: 8954 2420 | 4c8b 5424 | 504c 8954 | 2428 4c8b | 5424 404c | 8954 2430 | 448b 5c24 | 6844 895c 
  0x000002126a07f2d0: 2438 4889 | 4c24 5048 | 895c 2458 | 4c89 4c24 | 604c 894c | 2468 4889 | 4c24 7044 | 8944 243c 
  0x000002126a07f2f0: 897c 247c 

  0x000002126a07f2f4: ;   {runtime_call UncommonTrapBlob}
  0x000002126a07f2f4: c5f8 77e8 

  0x000002126a07f2f8: ; ImmutableOopMap {rbp=Oop [32]=Oop [40]=Oop [56]=NarrowOop [60]=NarrowOop [80]=Oop [88]=Oop [96]=Oop [104]=Oop [112]=Oop [148]=NarrowOop [152]=NarrowOop [156]=NarrowOop }
                      ;*if_icmpge {reexecute=1 rethrow=0 return_oop=0}
                      ; - (reexecute) java.lang.StringLatin1::replace@19
                      ; - java.lang.String::replace@18
                      ; - java.net.URLClassLoader::isSealed@9
                      ; - java.net.URLClassLoader::getAndVerifyPackage@68
                      ; - java.net.URLClassLoader::defineClass@46
                      ; - java.net.URLClassLoader$1::run@43
                      ; - java.net.URLClassLoader$1::run@1
  0x000002126a07f2f8: 8450 86ff 

  0x000002126a07f2fc: ;   {other}
  0x000002126a07f2fc: 0f1f 8400 | ec5f 0076 | ba45 ffff | ff48 8b6c | 2458 4c8b | 5424 604c | 8954 2420 | 4c8b 5424 
  0x000002126a07f31c: 504c 8954 | 2428 4c8b | 5424 404c | 8954 2430 | 4c89 6c24 | 5048 894c | 2458 448b | 5424 6844 
  0x000002126a07f33c: 8954 243c | 4c89 6c24 | 6044 8b9c | 2494 0000 | 0044 895c | 2470 4489 | 5c24 7490 

  0x000002126a07f358: ;   {runtime_call UncommonTrapBlob}
  0x000002126a07f358: c5f8 77e8 

  0x000002126a07f35c: ; ImmutableOopMap {rbp=Oop [32]=Oop [40]=Oop [60]=NarrowOop [80]=Oop [88]=Oop [96]=Oop [112]=NarrowOop [116]=NarrowOop [120]=NarrowOop [152]=NarrowOop }
                      ;*ifeq {reexecute=1 rethrow=0 return_oop=0}
                      ; - (reexecute) java.lang.ClassLoader::definePackage@4
                      ; - java.lang.ClassLoader::getDefinedPackage@32
                      ; - java.net.URLClassLoader::getAndVerifyPackage@2
                      ; - java.net.URLClassLoader::defineClass@46
                      ; - java.net.URLClassLoader$1::run@43
                      ; - java.net.URLClassLoader$1::run@1
  0x000002126a07f35c: 2050 86ff 

  0x000002126a07f360: ;   {other}
  0x000002126a07f360: 0f1f 8400 | 5060 0077 | bade ffff | ff48 8b6c | 2458 4c8b | 5424 604c | 8954 2420 | 4c8b 5424 
  0x000002126a07f380: 504c 8954 | 2428 4c8b | 5424 404c | 8954 2430 | 448b 5424 | 6844 8954 | 2438 4889 | 4c24 5048 
  0x000002126a07f3a0: 895c 2458 | 4c89 4c24 | 604c 894c | 2468 4489 | 5c24 7448 | 8944 2478 

  0x000002126a07f3b8: ;   {runtime_call UncommonTrapBlob}
  0x000002126a07f3b8: c5f8 77e8 

  0x000002126a07f3bc: ; ImmutableOopMap {rbp=Oop [32]=Oop [40]=Oop [56]=NarrowOop [80]=Oop [88]=Oop [96]=Oop [104]=Oop [116]=NarrowOop [120]=Oop [148]=NarrowOop [152]=NarrowOop }
                      ;*invokeinterface getTrustedAttributes {reexecute=0 rethrow=0 return_oop=0}
                      ; - java.net.URLClassLoader::isSealed@18
                      ; - java.net.URLClassLoader::getAndVerifyPackage@68
                      ; - java.net.URLClassLoader::defineClass@46
                      ; - java.net.URLClassLoader$1::run@43
                      ; - java.net.URLClassLoader$1::run@1
  0x000002126a07f3bc: c04f 86ff 

  0x000002126a07f3c0: ;   {other}
  0x000002126a07f3c0: 0f1f 8400 | b060 0078 | bade ffff | ff4c 8b54 | 2458 4c89 | 5424 204c | 8b54 2460 | 4c89 5424 
  0x000002126a07f3e0: 284c 8b54 | 2450 4c89 | 5424 304c | 8b54 2440 | 4c89 5424 | 3844 8b5c | 2468 4489 | 5c24 4048 
  0x000002126a07f400: 894c 2458 | 4889 5c24 | 604c 894c | 2468 4c89 | 4c24 7048 | 8984 2488 | 0000 0090 

  0x000002126a07f41c: ;   {runtime_call UncommonTrapBlob}
  0x000002126a07f41c: c5f8 77e8 

  0x000002126a07f420: ; ImmutableOopMap {rbp=NarrowOop [32]=Oop [40]=Oop [48]=Oop [64]=NarrowOop [88]=Oop [96]=Oop [104]=Oop [112]=Oop [136]=Oop [148]=NarrowOop [152]=NarrowOop }
                      ;*invokeinterface get {reexecute=0 rethrow=0 return_oop=0}
                      ; - java.util.jar.Manifest::getAttributes@5
                      ; - java.util.jar.Manifest::getTrustedAttributes@2
                      ; - java.util.jar.JavaUtilJarAccessImpl::getTrustedAttributes@2
                      ; - java.net.URLClassLoader::isSealed@18
                      ; - java.net.URLClassLoader::getAndVerifyPackage@68
                      ; - java.net.URLClassLoader::defineClass@46
                      ; - java.net.URLClassLoader$1::run@43
                      ; - java.net.URLClassLoader$1::run@1
  0x000002126a07f420: 5c4f 86ff 

  0x000002126a07f424: ;   {other}
  0x000002126a07f424: 0f1f 8400 | 1461 0079 | bade ffff | ff4c 8b54 | 2458 4c89 | 5424 204c | 8b54 2460 | 4c89 5424 
  0x000002126a07f444: 284c 8b54 | 2450 4c89 | 5424 304c | 8b54 2440 | 4c89 5424 | 3844 8b54 | 2468 4489 | 5424 404c 
  0x000002126a07f464: 894c 2450 | 4889 4c24 | 5848 895c | 2460 6690 

  0x000002126a07f474: ;   {runtime_call UncommonTrapBlob}
  0x000002126a07f474: c5f8 77e8 

  0x000002126a07f478: ; ImmutableOopMap {rbp=NarrowOop [32]=Oop [40]=Oop [48]=Oop [64]=NarrowOop [80]=Oop [88]=Oop [96]=Oop [148]=NarrowOop [152]=NarrowOop }
                      ;*invokeinterface get {reexecute=0 rethrow=0 return_oop=0}
                      ; - java.util.jar.Attributes::get@5
                      ; - java.util.jar.Attributes::getValue@2
                      ; - java.net.URLClassLoader::isSealed@58
                      ; - java.net.URLClassLoader::getAndVerifyPackage@68
                      ; - java.net.URLClassLoader::defineClass@46
                      ; - java.net.URLClassLoader$1::run@43
                      ; - java.net.URLClassLoader$1::run@1
  0x000002126a07f478: 044f 86ff 

  0x000002126a07f47c: ;   {other}
  0x000002126a07f47c: 0f1f 8400 | 6c61 007a | bacc ffff | ff48 8b6c | 2458 4c8b | 5424 604c | 8954 2420 | 4c8b 5424 
  0x000002126a07f49c: 504c 8954 | 2428 4c8b | 5424 404c | 8954 2430 | 448b 5424 | 6844 8954 | 2438 4c8b | 5424 704c 
  0x000002126a07f4bc: 8954 2440 | 4c8b 5424 | 784c 8954 | 2448 4c8b | 9424 8000 | 0000 4c89 | 5424 5844 | 8b9c 2494 
  0x000002126a07f4dc: 0000 0044 | 895c 243c | 448b 9424 | 9800 0000 | 4489 5424 | 7044 8b9c | 2488 0000 | 0044 895c 
  0x000002126a07f4fc: 2474 4c89 | 8424 9000 | 0000 6690 

  0x000002126a07f508: ;   {runtime_call UncommonTrapBlob}
  0x000002126a07f508: c5f8 77e8 

  0x000002126a07f50c: ; ImmutableOopMap {rbp=Oop [32]=Oop [40]=Oop [56]=NarrowOop [60]=NarrowOop [64]=Oop [72]=Oop [88]=Oop [112]=NarrowOop [116]=NarrowOop [144]=Oop [176]=Oop }
                      ;*invokestatic arraycopy {reexecute=0 rethrow=0 return_oop=0}
                      ; - java.lang.String::getBytes@22
                      ; - java.lang.StringConcatHelper::prepend@21
                      ; - java.lang.StringConcatHelper::simpleConcat@71
                      ; - java.lang.String::concat@11
                      ; - java.net.URLClassLoader::isSealed@15
                      ; - java.net.URLClassLoader::getAndVerifyPackage@68
                      ; - java.net.URLClassLoader::defineClass@46
                      ; - java.net.URLClassLoader$1::run@43
                      ; - java.net.URLClassLoader$1::run@1
  0x000002126a07f50c: 704e 86ff 

  0x000002126a07f510: ;   {other}
  0x000002126a07f510: 0f1f 8400 | 0062 007b | bacc ffff | ff48 8b6c | 2458 4c8b | 5424 604c | 8954 2420 | 4c8b 5424 
  0x000002126a07f530: 504c 8954 | 2428 4c8b | 5424 404c | 8954 2430 | 448b 5424 | 6844 8954 | 2438 4c8b | 5424 704c 
  0x000002126a07f550: 8954 2440 | 4c8b 5424 | 784c 8954 | 2448 4c8b | 9424 8000 | 0000 4c89 | 5424 5844 | 8b94 2494 
  0x000002126a07f570: 0000 0044 | 8954 243c | 448b 9424 | 8800 0000 | 4489 5424 | 7c4c 8984 | 2490 0000 | 0066 6690 
  0x000002126a07f590: ;   {runtime_call UncommonTrapBlob}
  0x000002126a07f590: c5f8 77e8 

  0x000002126a07f594: ; ImmutableOopMap {rbp=Oop [32]=Oop [40]=Oop [56]=NarrowOop [60]=NarrowOop [64]=Oop [72]=Oop [88]=Oop [124]=NarrowOop [144]=Oop [152]=NarrowOop [168]=Oop }
                      ;*invokestatic arraycopy {reexecute=0 rethrow=0 return_oop=0}
                      ; - java.lang.String::getBytes@22
                      ; - java.lang.StringConcatHelper::prepend@21
                      ; - java.lang.StringConcatHelper::simpleConcat@81
                      ; - java.lang.String::concat@11
                      ; - java.net.URLClassLoader::isSealed@15
                      ; - java.net.URLClassLoader::getAndVerifyPackage@68
                      ; - java.net.URLClassLoader::defineClass@46
                      ; - java.net.URLClassLoader$1::run@43
                      ; - java.net.URLClassLoader$1::run@1
  0x000002126a07f594: e84d 86ff 

  0x000002126a07f598: ;   {other}
  0x000002126a07f598: 0f1f 8400 | 8862 007c | 33ed 4585 | db40 0f94 | c5ba 45ff | ffff 4889 | 7c24 3048 | 8944 2438 
  0x000002126a07f5b8: 448b 9c24 | 9800 0000 | 4489 5c24 | 4844 8954 | 244c 6690 

  0x000002126a07f5cc: ;   {runtime_call UncommonTrapBlob}
  0x000002126a07f5cc: c5f8 77e8 

  0x000002126a07f5d0: ; ImmutableOopMap {[48]=Oop [72]=NarrowOop [88]=Oop [148]=NarrowOop [152]=NarrowOop }
                      ;*ifeq {reexecute=1 rethrow=0 return_oop=0}
                      ; - (reexecute) java.lang.String::lastIndexOf@4
                      ; - java.lang.String::lastIndexOf@8
                      ; - java.net.URLClassLoader::defineClass@7
                      ; - java.net.URLClassLoader$1::run@43
                      ; - java.net.URLClassLoader$1::run@1
  0x000002126a07f5d0: ac4d 86ff 

  0x000002126a07f5d4: ;   {other}
  0x000002126a07f5d4: 0f1f 8400 | c462 007d | ba45 ffff | ff48 8b6c | 2458 4889 | 7c24 284c | 8b5c 2440 | 4c89 5c24 
  0x000002126a07f5f4: 3044 8944 | 2438 4489 | 5424 4044 | 8954 2444 | 448b 9c24 | 9800 0000 | 458b d344 | 8954 2450 
  0x000002126a07f614: 4489 4c24 | 5866 6690 

  0x000002126a07f61c: ;   {runtime_call UncommonTrapBlob}
  0x000002126a07f61c: c5f8 77e8 

  0x000002126a07f620: ; ImmutableOopMap {rbp=Oop [40]=Oop [56]=NarrowOop [80]=NarrowOop [148]=NarrowOop [152]=NarrowOop }
                      ;*if_icmpgt {reexecute=1 rethrow=0 return_oop=0}
                      ; - (reexecute) jdk.internal.util.Preconditions::checkFromToIndex@6
                      ; - java.lang.String::checkBoundsBeginEnd@6
                      ; - java.lang.String::substring@8
                      ; - java.net.URLClassLoader::defineClass@28
                      ; - java.net.URLClassLoader$1::run@43
                      ; - java.net.URLClassLoader$1::run@1
  0x000002126a07f620: 5c4d 86ff 

  0x000002126a07f624: ;   {other}
  0x000002126a07f624: 0f1f 8400 | 1463 007e | ba45 ffff | ff48 8b6c | 2458 4c8b | 5424 604c | 8954 2420 | 4c8b 5424 
  0x000002126a07f644: 504c 8954 | 2428 4c8b | 5424 404c | 8954 2430 | 448b 5c24 | 684c 896c | 2450 4889 | 4c24 5844 
  0x000002126a07f664: 895c 243c | 4c89 6c24 | 6044 894c | 2470 4489 | 4c24 7489 | 5c24 7890 

  0x000002126a07f67c: ;   {runtime_call UncommonTrapBlob}
  0x000002126a07f67c: c5f8 77e8 

  0x000002126a07f680: ; ImmutableOopMap {rbp=Oop [32]=Oop [40]=Oop [60]=NarrowOop [80]=Oop [88]=Oop [96]=Oop [112]=NarrowOop [116]=NarrowOop [152]=NarrowOop }
                      ;*ifle {reexecute=1 rethrow=0 return_oop=0}
                      ; - (reexecute) java.util.concurrent.ConcurrentHashMap::get@23
                      ; - java.lang.ClassLoader::getDefinedPackage@13
                      ; - java.net.URLClassLoader::getAndVerifyPackage@2
                      ; - java.net.URLClassLoader::defineClass@46
                      ; - java.net.URLClassLoader$1::run@43
                      ; - java.net.URLClassLoader$1::run@1
  0x000002126a07f680: fc4c 86ff 

  0x000002126a07f684: ;   {other}
  0x000002126a07f684: 0f1f 8400 | 7463 007f | ba45 ffff | ff48 8b6c | 2458 4889 | 7c24 284c | 8b5c 2440 | 4c89 5c24 
  0x000002126a07f6a4: 3044 8944 | 2438 4489 | 5424 4044 | 8954 2444 | 448b 9424 | 9800 0000 | 4489 5424 | 5044 894c 
  0x000002126a07f6c4: 2458 4489 | 4c24 5c90 

  0x000002126a07f6cc: ;   {runtime_call UncommonTrapBlob}
  0x000002126a07f6cc: c5f8 77e8 

  0x000002126a07f6d0: ; ImmutableOopMap {rbp=Oop [40]=Oop [56]=NarrowOop [80]=NarrowOop [148]=NarrowOop [152]=NarrowOop }
                      ;*if_icmple {reexecute=1 rethrow=0 return_oop=0}
                      ; - (reexecute) jdk.internal.util.Preconditions::checkFromToIndex@11
                      ; - java.lang.String::checkBoundsBeginEnd@6
                      ; - java.lang.String::substring@8
                      ; - java.net.URLClassLoader::defineClass@28
                      ; - java.net.URLClassLoader$1::run@43
                      ; - java.net.URLClassLoader$1::run@1
  0x000002126a07f6d0: ac4c 86ff 

  0x000002126a07f6d4: ;   {other}
  0x000002126a07f6d4: 0f1f 8400 | c463 0080 | ba45 ffff | ff4c 8b5c | 2458 4c89 | 5c24 2048 | 897c 2428 | 4c8b 5c24 
  0x000002126a07f6f4: 404c 895c | 2438 4489 | 4424 404c | 8954 2450 | 4489 4c24 | 6066 6690 

  0x000002126a07f70c: ;   {runtime_call UncommonTrapBlob}
  0x000002126a07f70c: c5f8 77e8 

  0x000002126a07f710: ; ImmutableOopMap {rbp=NarrowOop [32]=Oop [40]=Oop [64]=NarrowOop [80]=Oop [96]=NarrowOop [148]=NarrowOop [152]=NarrowOop [192]=Oop }
                      ;*ifnull {reexecute=1 rethrow=0 return_oop=0}
                      ; - (reexecute) java.util.jar.JarFile::maybeInstantiateVerifier@4
                      ; - java.util.jar.JarFile::ensureInitialization@1
                      ; - java.util.jar.JavaUtilJarAccessImpl::ensureInitialization@1
                      ; - jdk.internal.loader.URLClassPath$JarLoader$2::getManifest@10
                      ; - java.net.URLClassLoader::defineClass@34
                      ; - java.net.URLClassLoader$1::run@43
                      ; - java.net.URLClassLoader$1::run@1
  0x000002126a07f710: 6c4c 86ff 

  0x000002126a07f714: ;   {other}
  0x000002126a07f714: 0f1f 8400 | 0464 0081 | 493b c2bd | ffff ffff | 7c08 400f | 95c5 400f | b6ed ba45 | ffff ff4c 
  0x000002126a07f734: 8b54 2458 | 4c89 5424 | 204c 8b54 | 2440 4c89 | 5424 3044 | 8b54 2450 | 4489 5424 | 384c 895c 
  0x000002126a07f754: 2450 6690 

  0x000002126a07f758: ;   {runtime_call UncommonTrapBlob}
  0x000002126a07f758: c5f8 77e8 

  0x000002126a07f75c: ; ImmutableOopMap {[32]=Oop [56]=NarrowOop [80]=Oop [96]=Oop [104]=Oop [148]=NarrowOop [152]=NarrowOop }
                      ;*ifeq {reexecute=1 rethrow=0 return_oop=0}
                      ; - (reexecute) jdk.internal.loader.URLClassPath$JarLoader$2::getBytes@30
                      ; - java.net.URLClassLoader::defineClass@179
                      ; - java.net.URLClassLoader$1::run@43
                      ; - java.net.URLClassLoader$1::run@1
  0x000002126a07f75c: 204c 86ff 

  0x000002126a07f760: ;   {other}
  0x000002126a07f760: 0f1f 8400 | 5064 0082 | 498b d7c5 | f877 49ba | 20a4 d642 | ff7f 0000 

  0x000002126a07f778: ;   {other}
  0x000002126a07f778: 41ff d20f | 1f84 0000 | 0000 00e9 | ced9 ffff | 498b f849 | 8bd7 c5f8 | 7749 ba20 | a4d6 42ff 
  0x000002126a07f798: 7f00 0041 

  0x000002126a07f79c: ;   {other}
  0x000002126a07f79c: ffd2 0f1f | 8400 0000 | 0000 4c8b | c7e9 dfba | ffff ba76 | ffff ff4c | 8b54 2458 | 4c89 5424 
  0x000002126a07f7bc: 204c 8b54 | 2460 4c89 | 5424 284c | 8b54 2450 | 4c89 5424 | 304c 8b54 | 2440 4c89 | 5424 3844 
  0x000002126a07f7dc: 8b54 2468 | 4489 5424 | 404c 8b54 | 2478 4c89 | 5424 484c | 8b54 2470 | 4c89 5424 | 504c 8b94 
  0x000002126a07f7fc: 2480 0000 | 004c 8954 | 2460 448b | 9424 8800 | 0000 4489 | 5424 4490 

  0x000002126a07f814: ;   {runtime_call UncommonTrapBlob}
  0x000002126a07f814: c5f8 77e8 

  0x000002126a07f818: ; ImmutableOopMap {[32]=Oop [40]=Oop [48]=Oop [64]=NarrowOop [68]=NarrowOop [72]=Oop [80]=Oop [96]=Oop [148]=NarrowOop [152]=NarrowOop [156]=NarrowOop [176]=Oop }
                      ;*if_icmpge {reexecute=1 rethrow=0 return_oop=0}
                      ; - (reexecute) java.lang.StringLatin1::replace@82
                      ; - java.lang.String::replace@18
                      ; - java.net.URLClassLoader::isSealed@9
                      ; - java.net.URLClassLoader::getAndVerifyPackage@68
                      ; - java.net.URLClassLoader::defineClass@46
                      ; - java.net.URLClassLoader$1::run@43
                      ; - java.net.URLClassLoader$1::run@1
  0x000002126a07f818: 644b 86ff 

  0x000002126a07f81c: ;   {other}
  0x000002126a07f81c: 0f1f 8400 | 0c65 0083 | 33ed 4585 | db40 0f95 | c5ba 45ff | ffff 4c8b | 5424 584c | 8954 2420 
  0x000002126a07f83c: 4c8b 5424 | 604c 8954 | 2428 4c8b | 5424 504c | 8954 2430 | 4c8b 5424 | 404c 8954 | 2438 4c8b 
  0x000002126a07f85c: 5424 704c | 8954 2450 | 448b 5424 | 6844 8954 | 2444 4889 | 5c24 6890 

  0x000002126a07f874: ;   {runtime_call UncommonTrapBlob}
  0x000002126a07f874: c5f8 77e8 

  0x000002126a07f878: ; ImmutableOopMap {[32]=Oop [40]=Oop [48]=Oop [68]=NarrowOop [80]=Oop [104]=Oop [128]=Oop [148]=NarrowOop [152]=NarrowOop }
                      ;*ifne {reexecute=1 rethrow=0 return_oop=0}
                      ; - (reexecute) java.lang.Package::isSealed@7
                      ; - java.net.URLClassLoader::getAndVerifyPackage@14
                      ; - java.net.URLClassLoader::defineClass@46
                      ; - java.net.URLClassLoader$1::run@43
                      ; - java.net.URLClassLoader$1::run@1
  0x000002126a07f878: 044b 86ff 

  0x000002126a07f87c: ;   {other}
  0x000002126a07f87c: 0f1f 8400 | 6c65 0084 | 33ed 4585 | c040 0f94 | c5ba 45ff | ffff 4c8b | 5424 584c | 8954 2420 
  0x000002126a07f89c: 4c8b 5424 | 604c 8954 | 2428 4c8b | 5424 504c | 8954 2430 | 4c8b 5424 | 404c 8954 | 2438 448b 
  0x000002126a07f8bc: 4424 6844 | 8944 2440 | 48ff b424 | 8000 0000 | 488f 4424 | 5848 895c | 2460 4c89 | 4c24 6848 
  0x000002126a07f8dc: ffb4 2480 | 0000 0048 | 8f44 2478 | 4489 9c24 | 8400 0000 

  0x000002126a07f8f0: ;   {runtime_call UncommonTrapBlob}
  0x000002126a07f8f0: c5f8 77e8 

  0x000002126a07f8f4: ; ImmutableOopMap {[32]=Oop [40]=Oop [48]=Oop [64]=NarrowOop [88]=Oop [96]=Oop [104]=Oop [112]=Oop [120]=Oop [132]=NarrowOop [148]=NarrowOop [152]=NarrowOop }
                      ;*ifeq {reexecute=1 rethrow=0 return_oop=0}
                      ; - (reexecute) java.lang.String::replace@9
                      ; - java.net.URLClassLoader::isSealed@9
                      ; - java.net.URLClassLoader::getAndVerifyPackage@68
                      ; - java.net.URLClassLoader::defineClass@46
                      ; - java.net.URLClassLoader$1::run@43
                      ; - java.net.URLClassLoader$1::run@1
  0x000002126a07f8f4: 884a 86ff 

  0x000002126a07f8f8: ;   {other}
  0x000002126a07f8f8: 0f1f 8400 | e865 0085 | ba45 ffff | ff48 8b6c | 2458 4c8b | 5424 604c | 8954 2420 | 4c8b 5424 
  0x000002126a07f918: 504c 8954 | 2428 4c8b | 5424 404c | 8954 2430 | 448b 5c24 | 6844 895c | 2438 4889 | 4c24 5048 
  0x000002126a07f938: 895c 2458 | 4c89 4c24 | 604c 894c | 2468 6690 

  0x000002126a07f948: ;   {runtime_call UncommonTrapBlob}
  0x000002126a07f948: c5f8 77e8 

  0x000002126a07f94c: ; ImmutableOopMap {rbp=Oop [32]=Oop [40]=Oop [56]=NarrowOop [80]=Oop [88]=Oop [96]=Oop [104]=Oop [136]=NarrowOop [148]=NarrowOop [152]=NarrowOop [176]=Oop }
                      ;*iflt {reexecute=1 rethrow=0 return_oop=0}
                      ; - (reexecute) java.lang.StringConcatHelper::checkOverflow@2
                      ; - java.lang.StringConcatHelper::mix@23
                      ; - java.lang.StringConcatHelper::simpleConcat@46
                      ; - java.lang.String::concat@11
                      ; - java.net.URLClassLoader::isSealed@15
                      ; - java.net.URLClassLoader::getAndVerifyPackage@68
                      ; - java.net.URLClassLoader::defineClass@46
                      ; - java.net.URLClassLoader$1::run@43
                      ; - java.net.URLClassLoader$1::run@1
  0x000002126a07f94c: 304a 86ff 

  0x000002126a07f950: ;   {other}
  0x000002126a07f950: 0f1f 8400 | 4066 0086 | ba45 ffff | ff4c 8b54 | 2458 4c89 | 5424 204c | 8b54 2460 | 4c89 5424 
  0x000002126a07f970: 284c 8b54 | 2450 4c89 | 5424 304c | 8b54 2440 | 4c89 5424 | 3844 8b54 | 2468 4489 | 5424 404c 
  0x000002126a07f990: 8b54 2478 | 4c89 5424 | 5048 894c | 2458 4889 | 5c24 6090 

  0x000002126a07f9a4: ;   {runtime_call UncommonTrapBlob}
  0x000002126a07f9a4: c5f8 77e8 

  0x000002126a07f9a8: ; ImmutableOopMap {[32]=Oop [40]=Oop [48]=Oop [64]=NarrowOop [80]=Oop [88]=Oop [96]=Oop [136]=NarrowOop [148]=NarrowOop [152]=NarrowOop [176]=Oop }
                      ;*iflt {reexecute=1 rethrow=0 return_oop=0}
                      ; - (reexecute) java.lang.StringConcatHelper::checkOverflow@2
                      ; - java.lang.StringConcatHelper::mix@23
                      ; - java.lang.StringConcatHelper::simpleConcat@54
                      ; - java.lang.String::concat@11
                      ; - java.net.URLClassLoader::isSealed@15
                      ; - java.net.URLClassLoader::getAndVerifyPackage@68
                      ; - java.net.URLClassLoader::defineClass@46
                      ; - java.net.URLClassLoader$1::run@43
                      ; - java.net.URLClassLoader$1::run@1
  0x000002126a07f9a8: d449 86ff 

  0x000002126a07f9ac: ;   {other}
  0x000002126a07f9ac: 0f1f 8400 | 9c66 0087 | ba45 ffff | ff48 8b6c | 2458 4c8b | 5424 604c | 8954 2420 | 4c8b 5424 
  0x000002126a07f9cc: 504c 8954 | 2428 4c8b | 5424 404c | 8954 2430 | 448b 5c24 | 6844 895c | 2438 4c8b | 5424 704c 
  0x000002126a07f9ec: 8954 2440 | 4c8b 5424 | 784c 8954 | 2448 4c8b | 9424 8000 | 0000 4c89 | 5424 5844 | 8b9c 2488 
  0x000002126a07fa0c: 0000 0044 | 895c 2474 | 4c89 8424 | 8800 0000 

  0x000002126a07fa1c: ;   {runtime_call UncommonTrapBlob}
  0x000002126a07fa1c: c5f8 77e8 

  0x000002126a07fa20: ; ImmutableOopMap {rbp=Oop [32]=Oop [40]=Oop [56]=NarrowOop [64]=Oop [72]=Oop [88]=Oop [116]=NarrowOop [136]=Oop [148]=NarrowOop [152]=NarrowOop [176]=Oop }
                      ;*if_icmpne {reexecute=1 rethrow=0 return_oop=0}
                      ; - (reexecute) java.lang.String::getBytes@5
                      ; - java.lang.StringConcatHelper::prepend@21
                      ; - java.lang.StringConcatHelper::simpleConcat@81
                      ; - java.lang.String::concat@11
                      ; - java.net.URLClassLoader::isSealed@15
                      ; - java.net.URLClassLoader::getAndVerifyPackage@68
                      ; - java.net.URLClassLoader::defineClass@46
                      ; - java.net.URLClassLoader$1::run@43
                      ; - java.net.URLClassLoader$1::run@1
  0x000002126a07fa20: 5c49 86ff 

  0x000002126a07fa24: ;   {other}
  0x000002126a07fa24: 0f1f 8400 | 1467 0088 | ba45 ffff | ff48 8b6c | 2458 4c8b | 5c24 604c | 895c 2420 | 4c8b 5c24 
  0x000002126a07fa44: 504c 895c | 2428 4c8b | 5c24 404c | 895c 2430 | 448b 4424 | 684c 8b5c | 2470 4c89 | 4c24 504c 
  0x000002126a07fa64: 895c 2458 | 4489 4424 | 3c4c 894c | 2460 448b | 9c24 9400 | 0000 4489 | 5c24 7044 | 895c 2474 
  0x000002126a07fa84: 4489 5424 | 7c66 6690 

  0x000002126a07fa8c: ;   {runtime_call UncommonTrapBlob}
  0x000002126a07fa8c: c5f8 77e8 

  0x000002126a07fa90: ; ImmutableOopMap {rbp=Oop [32]=Oop [40]=Oop [60]=NarrowOop [80]=Oop [88]=Oop [96]=Oop [112]=NarrowOop [116]=NarrowOop [120]=NarrowOop [152]=NarrowOop }
                      ;*ifle {reexecute=1 rethrow=0 return_oop=0}
                      ; - (reexecute) java.util.concurrent.ConcurrentHashMap::get@23
                      ; - java.lang.ClassLoader::definePackage@47
                      ; - java.lang.ClassLoader::getDefinedPackage@32
                      ; - java.net.URLClassLoader::getAndVerifyPackage@2
                      ; - java.net.URLClassLoader::defineClass@46
                      ; - java.net.URLClassLoader$1::run@43
                      ; - java.net.URLClassLoader$1::run@1
  0x000002126a07fa90: ec48 86ff 

  0x000002126a07fa94: ;   {other}
  0x000002126a07fa94: 0f1f 8400 | 8467 0089 | baf6 ffff | ff48 8b6c | 2458 4c8b | 5c24 604c | 895c 2420 | 4c8b 5c24 
  0x000002126a07fab4: 504c 895c | 2428 4c8b | 5c24 404c | 895c 2430 | 4c89 4c24 | 5089 4c24 | 3c4c 8954 | 2460 6690 
  0x000002126a07fad4: ;   {runtime_call UncommonTrapBlob}
  0x000002126a07fad4: c5f8 77e8 

  0x000002126a07fad8: ; ImmutableOopMap {rbp=Oop [32]=Oop [40]=Oop [60]=NarrowOop [80]=Oop [96]=Oop [104]=NarrowOop [112]=Oop [152]=NarrowOop }
                      ;*invokevirtual compute {reexecute=0 rethrow=0 return_oop=0}
                      ; - java.lang.ClassLoader::definePackage@78
                      ; - java.lang.ClassLoader::getDefinedPackage@32
                      ; - java.net.URLClassLoader::getAndVerifyPackage@2
                      ; - java.net.URLClassLoader::defineClass@46
                      ; - java.net.URLClassLoader$1::run@43
                      ; - java.net.URLClassLoader$1::run@1
  0x000002126a07fad8: a448 86ff 

  0x000002126a07fadc: ;   {other}
  0x000002126a07fadc: 0f1f 8400 | cc67 008a | ba76 ffff | ff4c 8b54 | 2458 4c89 | 5424 204c | 8b54 2460 | 4c89 5424 
  0x000002126a07fafc: 284c 8b54 | 2450 4c89 | 5424 304c | 8b54 2440 | 4c89 5424 | 3844 8b54 | 2468 4489 | 5424 404c 
  0x000002126a07fb1c: 8b54 2478 | 4c89 5424 | 484c 8b54 | 2470 4c89 | 5424 504c | 8b94 2480 | 0000 004c | 8954 2460 
  0x000002126a07fb3c: 448b 9c24 | 8800 0000 | 4489 5c24 | 4444 8b94 | 2490 0000 | 0044 8994 | 2480 0000 | 0044 8b9c 
  0x000002126a07fb5c: 2494 0000 | 0044 899c | 2490 0000 | 0044 8b9c | 2498 0000 | 0044 899c | 2494 0000 | 0066 6690 
  0x000002126a07fb7c: ;   {runtime_call UncommonTrapBlob}
  0x000002126a07fb7c: c5f8 77e8 

  0x000002126a07fb80: ; ImmutableOopMap {[32]=Oop [40]=Oop [48]=Oop [64]=NarrowOop [68]=NarrowOop [72]=Oop [80]=Oop [96]=Oop [144]=NarrowOop [148]=NarrowOop [156]=NarrowOop [176]=Oop }
                      ;*if_icmpge {reexecute=1 rethrow=0 return_oop=0}
                      ; - (reexecute) java.lang.StringLatin1::replace@61
                      ; - java.lang.String::replace@18
                      ; - java.net.URLClassLoader::isSealed@9
                      ; - java.net.URLClassLoader::getAndVerifyPackage@68
                      ; - java.net.URLClassLoader::defineClass@46
                      ; - java.net.URLClassLoader$1::run@43
                      ; - java.net.URLClassLoader$1::run@1
  0x000002126a07fb80: fc47 86ff 

  0x000002126a07fb84: ;   {other}
  0x000002126a07fb84: 0f1f 8400 | 7468 008b | ba45 ffff | ff48 8b6c | 2458 4c8b | 5c24 604c | 895c 2420 | 4c8b 5c24 
  0x000002126a07fba4: 504c 895c | 2428 4c8b | 5c24 404c | 895c 2430 | 448b 4424 | 6844 8944 | 2438 4889 | 4c24 5048 
  0x000002126a07fbc4: 895c 2458 | 4c89 4c24 | 604c 894c | 2468 4889 | 4424 7844 | 8954 2474 

  0x000002126a07fbdc: ;   {runtime_call UncommonTrapBlob}
  0x000002126a07fbdc: c5f8 77e8 

  0x000002126a07fbe0: ; ImmutableOopMap {rbp=Oop [32]=Oop [40]=Oop [56]=NarrowOop [80]=Oop [88]=Oop [96]=Oop [104]=Oop [120]=Oop [148]=NarrowOop [152]=NarrowOop }
                      ;*ifle {reexecute=1 rethrow=0 return_oop=0}
                      ; - (reexecute) java.util.HashMap::getNode@14
                      ; - java.util.HashMap::get@2
                      ; - java.util.jar.Manifest::getAttributes@5
                      ; - java.util.jar.Manifest::getTrustedAttributes@2
                      ; - java.util.jar.JavaUtilJarAccessImpl::getTrustedAttributes@2
                      ; - java.net.URLClassLoader::isSealed@18
                      ; - java.net.URLClassLoader::getAndVerifyPackage@68
                      ; - java.net.URLClassLoader::defineClass@46
                      ; - java.net.URLClassLoader$1::run@43
                      ; - java.net.URLClassLoader$1::run@1
  0x000002126a07fbe0: 9c47 86ff 

  0x000002126a07fbe4: ;   {other}
  0x000002126a07fbe4: 0f1f 8400 | d468 008c | ba45 ffff | ff48 8b6c | 2458 4c8b | 5424 604c | 8954 2420 | 4c8b 5424 
  0x000002126a07fc04: 504c 8954 | 2428 4c8b | 5424 404c | 8954 2430 | 448b 5424 | 6844 8954 | 2438 4c89 | 4c24 4848 
  0x000002126a07fc24: 894c 2450 | 4889 5c24 | 5848 897c | 2468 4489 | 4424 6490 

  0x000002126a07fc38: ;   {runtime_call UncommonTrapBlob}
  0x000002126a07fc38: c5f8 77e8 

  0x000002126a07fc3c: ; ImmutableOopMap {rbp=Oop [32]=Oop [40]=Oop [56]=NarrowOop [72]=Oop [80]=Oop [88]=Oop [104]=Oop [148]=NarrowOop [152]=NarrowOop }
                      ;*ifle {reexecute=1 rethrow=0 return_oop=0}
                      ; - (reexecute) java.util.HashMap::getNode@14
                      ; - java.util.LinkedHashMap::get@2
                      ; - java.util.jar.Attributes::get@5
                      ; - java.util.jar.Attributes::getValue@2
                      ; - java.net.URLClassLoader::isSealed@58
                      ; - java.net.URLClassLoader::getAndVerifyPackage@68
                      ; - java.net.URLClassLoader::defineClass@46
                      ; - java.net.URLClassLoader$1::run@43
                      ; - java.net.URLClassLoader$1::run@1
  0x000002126a07fc3c: 4047 86ff 

  0x000002126a07fc40: ;   {other}
  0x000002126a07fc40: 0f1f 8400 | 3069 008d | ba45 ffff | ff4c 8b54 | 2458 4c89 | 5424 204c | 8b54 2460 | 4c89 5424 
  0x000002126a07fc60: 284c 8b54 | 2450 4c89 | 5424 304c | 8b54 2440 | 4c89 5424 | 384c 8b54 | 2470 4c89 | 5424 5044 
  0x000002126a07fc80: 8b5c 2468 | 4489 5c24 | 4448 895c | 2468 6690 

  0x000002126a07fc90: ;   {runtime_call UncommonTrapBlob}
  0x000002126a07fc90: c5f8 77e8 

  0x000002126a07fc94: ; ImmutableOopMap {rbp=NarrowOop [32]=Oop [40]=Oop [48]=Oop [68]=NarrowOop [80]=Oop [104]=Oop [128]=Oop [148]=NarrowOop [152]=NarrowOop }
                      ;*ifnull {reexecute=1 rethrow=0 return_oop=0}
                      ; - (reexecute) java.lang.Package::isSealed@17
                      ; - java.net.URLClassLoader::getAndVerifyPackage@14
                      ; - java.net.URLClassLoader::defineClass@46
                      ; - java.net.URLClassLoader$1::run@43
                      ; - java.net.URLClassLoader$1::run@1
  0x000002126a07fc94: e846 86ff 

  0x000002126a07fc98: ;   {other}
  0x000002126a07fc98: 0f1f 8400 | 8869 008e | ba45 ffff | ff48 8b6c | 2458 4c8b | 5424 604c | 8954 2420 | 4c8b 5424 
  0x000002126a07fcb8: 504c 8954 | 2428 4c8b | 5424 404c | 8954 2430 | 448b 5c24 | 6844 895c | 2438 4c89 | 4c24 5048 
  0x000002126a07fcd8: 895c 2458 | 4c89 4c24 | 6066 6690 

  0x000002126a07fce4: ;   {runtime_call UncommonTrapBlob}
  0x000002126a07fce4: c5f8 77e8 

  0x000002126a07fce8: ; ImmutableOopMap {rbp=Oop [32]=Oop [40]=Oop [56]=NarrowOop [80]=Oop [88]=Oop [96]=Oop [128]=Oop [148]=NarrowOop [152]=NarrowOop }
                      ;*ifnull {reexecute=1 rethrow=0 return_oop=0}
                      ; - (reexecute) java.net.URLClassLoader::getAndVerifyPackage@62
                      ; - java.net.URLClassLoader::defineClass@46
                      ; - java.net.URLClassLoader$1::run@43
                      ; - java.net.URLClassLoader$1::run@1
  0x000002126a07fce8: 9446 86ff 

  0x000002126a07fcec: ;   {other}
  0x000002126a07fcec: 0f1f 8400 | dc69 008f | ba45 ffff | ff48 8b6c | 2458 4c8b | 5424 604c | 8954 2420 | 4c8b 5424 
  0x000002126a07fd0c: 504c 8954 | 2428 4c8b | 5424 404c | 8954 2430 | 448b 5424 | 6844 8954 | 2438 4889 | 4c24 5048 
  0x000002126a07fd2c: 895c 2458 | 4c89 4c24 | 604c 894c | 2468 448b | 9424 8800 | 0000 4489 | 5424 7490 

  0x000002126a07fd48: ;   {runtime_call UncommonTrapBlob}
  0x000002126a07fd48: c5f8 77e8 

  0x000002126a07fd4c: ; ImmutableOopMap {rbp=Oop [32]=Oop [40]=Oop [56]=NarrowOop [80]=Oop [88]=Oop [96]=Oop [104]=Oop [116]=NarrowOop [148]=NarrowOop [152]=NarrowOop [176]=Oop }
                      ;*if_icmpne {reexecute=1 rethrow=0 return_oop=0}
                      ; - (reexecute) java.lang.StringConcatHelper::mix@13
                      ; - java.lang.StringConcatHelper::simpleConcat@46
                      ; - java.lang.String::concat@11
                      ; - java.net.URLClassLoader::isSealed@15
                      ; - java.net.URLClassLoader::getAndVerifyPackage@68
                      ; - java.net.URLClassLoader::defineClass@46
                      ; - java.net.URLClassLoader$1::run@43
                      ; - java.net.URLClassLoader$1::run@1
  0x000002126a07fd4c: 3046 86ff 

  0x000002126a07fd50: ;   {other}
  0x000002126a07fd50: 0f1f 8400 | 406a 0090 | ba45 ffff | ff48 8b6c | 2458 4c8b | 5424 604c | 8954 2420 | 4c8b 5424 
  0x000002126a07fd70: 504c 8954 | 2428 4c8b | 5424 404c | 8954 2430 | 448b 5c24 | 6844 895c | 2438 4c8b | 5424 784c 
  0x000002126a07fd90: 8954 2448 | 4889 4c24 | 5048 895c | 2458 448b | 9c24 8800 | 0000 4489 | 5c24 744c | 898c 2480 
  0x000002126a07fdb0: 0000 0090 

  0x000002126a07fdb4: ;   {runtime_call UncommonTrapBlob}
  0x000002126a07fdb4: c5f8 77e8 

  0x000002126a07fdb8: ; ImmutableOopMap {rbp=Oop [32]=Oop [40]=Oop [56]=NarrowOop [72]=Oop [80]=Oop [88]=Oop [116]=NarrowOop [148]=NarrowOop [152]=NarrowOop [176]=Oop }
                      ;*ifge {reexecute=1 rethrow=0 return_oop=0}
                      ; - (reexecute) java.lang.StringConcatHelper::newArray@13
                      ; - java.lang.StringConcatHelper::simpleConcat@61
                      ; - java.lang.String::concat@11
                      ; - java.net.URLClassLoader::isSealed@15
                      ; - java.net.URLClassLoader::getAndVerifyPackage@68
                      ; - java.net.URLClassLoader::defineClass@46
                      ; - java.net.URLClassLoader$1::run@43
                      ; - java.net.URLClassLoader$1::run@1
  0x000002126a07fdb8: c445 86ff 

  0x000002126a07fdbc: ;   {other}
  0x000002126a07fdbc: 0f1f 8400 | ac6a 0091 | ba3f 0000 | 0048 8b6c | 2458 4c8b | 5424 604c | 8954 2420 | 4c8b 5424 
  0x000002126a07fddc: 504c 8954 | 2428 4c8b | 5424 404c | 8954 2430 | 448b 5c24 | 6844 895c | 2438 4c8b | 5424 704c 
  0x000002126a07fdfc: 8954 2440 | 4c8b 5424 | 784c 8954 | 2448 6690 

  0x000002126a07fe0c: ;   {runtime_call UncommonTrapBlob}
  0x000002126a07fe0c: c5f8 77e8 

  0x000002126a07fe10: ; ImmutableOopMap {rbp=Oop [32]=Oop [40]=Oop [56]=NarrowOop [64]=Oop [72]=Oop [128]=Oop [136]=Oop [148]=NarrowOop [152]=NarrowOop }
                      ;*new {reexecute=0 rethrow=0 return_oop=0}
                      ; - java.util.jar.Manifest::getTrustedAttributes@28
                      ; - java.util.jar.JavaUtilJarAccessImpl::getTrustedAttributes@2
                      ; - java.net.URLClassLoader::isSealed@18
                      ; - java.net.URLClassLoader::getAndVerifyPackage@68
                      ; - java.net.URLClassLoader::defineClass@46
                      ; - java.net.URLClassLoader$1::run@43
                      ; - java.net.URLClassLoader$1::run@1
  0x000002126a07fe10: 6c45 86ff 

  0x000002126a07fe14: ;   {other}
  0x000002126a07fe14: 0f1f 8400 | 046b 0092 

  0x000002126a07fe1c: ;   {metadata('java/io/FileInputStream')}
  0x000002126a07fe1c: 4181 fb40 | 1a01 000f | 8568 1700 | 0048 8b7c | 2470 440f | b65f 0c45 | 85db 0f85 | c0d7 ffff 
  0x000002126a07fe3c: 448b 5f1c | 4585 db0f | 840b 1800 | 004d 8bc3 | 488d 9c24 | f000 0000 | 498b 00a8 | 020f 8523 
  0x000002126a07fe5c: 0000 0048 | 83c8 0148 | 8903 f049 | 0fb1 180f | 8437 0000 | 0048 2bc4 | 4825 07f0 | ffff 4889 
  0x000002126a07fe7c: 03e9 2400 | 0000 4c8b | d048 33c0 | f04d 0fb1 | 7a3e 48c7 | 0303 0000 | 0074 114c | 3bf8 7515 
  0x000002126a07fe9c: 49ff 8286 | 0000 0048 | 33c0 7509 | 49ff 8750 | 0500 0033 | c00f 85d1 | 1700 0044 | 0fb6 5f0c 
  0x000002126a07febc: 4585 db0f | 8447 0f00 | 0048 8d84 | 24f0 0000 | 0048 8338 | 000f 8479 | 0000 004d | 8b10 41f6 
  0x000002126a07fedc: c202 0f84 | 6200 0000 | 4983 ba86 | 0000 0000 | 7409 49ff | 8a86 0000 | 00eb 4b49 | 8b82 9600 
  0x000002126a07fefc: 0000 490b | 828e 0000 | 0075 0a49 | c742 3e00 | 0000 00eb | 3d49 83ba | 9e00 0000 

  0x000002126a07ff18: ;   {no_reloc}
  0x000002126a07ff18: 0074 2248 | 33c0 49c7 | 423e 0000 | 0000 f083 | 0424 0049 | 83ba 9e00 | 0000 0075 | 0df0 4d0f 
  0x000002126a07ff38: b17a 3e75 | 0583 c801 | eb0c a800 | eb08 4c8b | 10f0 4d0f | b110 750a | 49ff 8f50 | 0500 0045 
  0x000002126a07ff58: 33d2 0f84 | 9cd6 ffff | 498b c848 | 8d94 24f0 | 0000 004d | 8bc7 c5f8 | 7749 ba40 | d917 43ff 
  0x000002126a07ff78: 7f00 0041 

  0x000002126a07ff7c: ;   {other}
  0x000002126a07ff7c: ffd2 0f1f | 8400 0000 | 0000 e971 | d6ff ff0f | 1f44 0000 | 418b db4c | 8b6c 2470 | 8974 2454 
  0x000002126a07ff9c: 488b 8c24 | a000 0000 | 448b 4c24 | 784c 8bdd | 8bf3 eb12 

  0x000002126a07ffb0: ;   {metadata('java/io/FileInputStream')}
  0x000002126a07ffb0: 4181 fa40 | 1a01 000f | 8503 1600 | 004d 8bdd | 33f6 8b51 | 0c3b f20f | 8c24 0e00 | 0045 8bd1 
  0x000002126a07ffd0: 442b d644 | 8d82 0004 | 0000 453b | d045 0f4f | d045 85d2 | 0f8c 6d15 | 0000 488b | c148 83c0 
  0x000002126a07fff0: 1046 8d04 | 1644 3bc2 | 0f84 5212 | 0000 4181 | f800 0010 | 000f 87c0 | 1400 0049 | 63d8 413b 
  0x000002126a080010: d08b ea41 | 0f4f e83b | d50f 821d | 1500 0044 | 3bc5 0f82 | 1b15 0000 | 4883 c317 | 4c8b f349 
  0x000002126a080030: 83e6 f841 | 81f8 0000 | 1000 0f87 | f013 0000 | 498b 97b8 | 0100 0048 | 8bfa 4903 | fe49 3bbf 
  0x000002126a080050: c801 0000 | 0f83 d613 | 0000 4989 | bfb8 0100 | 000f 1887 | 0001 0000 | 48c7 0201 | 0000 000f 
  0x000002126a080070: 1887 4001 

  0x000002126a080074: ;   {metadata({type array byte})}
  0x000002126a080074: 0000 c742 | 0818 2300 | 0044 8942 | 0c0f 1887 | 8001 0000 | 488b fa48 | 83c7 1048 | c1eb 0385 
  0x000002126a080094: ed0f 8438 | 1400 0041 | 3be8 0f8c | ac0f 0000 | c4e1 f96e | c748 8954 | 2430 8974 | 2420 498b 
  0x000002126a0800b4: eb41 8bfa | 418b f149 | 83c6 f049 | c1ee 0348 | 8bc8 c4e1 | f97e c24d | 8bc6 c5f8 | 7749 ba60 
  0x000002126a0800d4: 4b8c 6912 | 0200 0041 

  0x000002126a0800dc: ;   {other}
  0x000002126a0800dc: ffd2 0f1f | 8400 0000 | 0000 448b | ce44 8bd7 | 4c8b dd8b | 7424 2048 | 8b54 2430 | 4489 9424 
  0x000002126a0800fc: 9000 0000 | 4889 9424 | a000 0000 | 4c89 6c24 | 7089 7424 | 2049 8beb | 4489 4c24 | 7866 6690 
  0x000002126a08011c: ;   {static_call}
  0x000002126a08011c: c5f8 77e8 

  0x000002126a080120: ; ImmutableOopMap {rbp=Oop [40]=Oop [56]=Oop [72]=Oop [80]=NarrowOop [88]=Oop [96]=Oop [104]=Oop [112]=Oop [148]=NarrowOop [152]=NarrowOop [160]=Oop }
                      ;*invokestatic begin {reexecute=0 rethrow=0 return_oop=0}
                      ; - java.io.FileInputStream::read@0
                      ; - jdk.internal.loader.Resource::getBytes@117
                      ; - java.net.URLClassLoader::defineClass@179
                      ; - java.net.URLClassLoader$1::run@43
                      ; - java.net.URLClassLoader$1::run@1
  0x000002126a080120: fcbd dfff 

  0x000002126a080124: ;   {other}
  0x000002126a080124: 0f1f 8400 | 146e 0093 | 4889 4424 | 3048 8bd5 | 4c8b 8424 | a000 0000 | 448b 4c24 | 208b bc24 
  0x000002126a080144: 9000 0000 

  0x000002126a080148: ;   {optimized virtual_call}
  0x000002126a080148: c5f8 77e8 

  0x000002126a08014c: ; ImmutableOopMap {rbp=Oop [40]=Oop [56]=Oop [72]=Oop [80]=NarrowOop [88]=Oop [96]=Oop [104]=Oop [112]=Oop [148]=NarrowOop [152]=NarrowOop [160]=Oop }
                      ;*invokevirtual readBytes {reexecute=0 rethrow=0 return_oop=0}
                      ; - java.io.FileInputStream::read@9
                      ; - jdk.internal.loader.Resource::getBytes@117
                      ; - java.net.URLClassLoader::defineClass@179
                      ; - java.net.URLClassLoader$1::run@43
                      ; - java.net.URLClassLoader$1::run@1
  0x000002126a08014c: 0b2a 0000 

  0x000002126a080150: ;   {other}
  0x000002126a080150: 0f1f 8400 | 406e 0094 | 8944 2424 | 488b 5424 | 3066 6690 

  0x000002126a080164: ;   {static_call}
  0x000002126a080164: c5f8 77e8 

  0x000002126a080168: ; ImmutableOopMap {rbp=Oop [40]=Oop [56]=Oop [72]=Oop [80]=NarrowOop [88]=Oop [96]=Oop [104]=Oop [112]=Oop [148]=NarrowOop [152]=NarrowOop [160]=Oop }
                      ;*invokestatic end {reexecute=0 rethrow=0 return_oop=0}
                      ; - java.io.FileInputStream::read@16
                      ; - jdk.internal.loader.Resource::getBytes@117
                      ; - java.net.URLClassLoader::defineClass@179
                      ; - java.net.URLClassLoader$1::run@43
                      ; - java.net.URLClassLoader$1::run@1
  0x000002126a080168: b4ba dfff 

  0x000002126a08016c: ;   {other}
  0x000002126a08016c: 0f1f 8400 | 5c6e 0095 | 448b 5424 | 2445 85d2 | 0f8c c813 | 0000 448b | 5c24 2045 | 03da 8b74 
  0x000002126a08018c: 2454 4d8b | 9758 0400 

  0x000002126a080194: ; ImmutableOopMap {rbp=Oop [40]=Oop [56]=Oop [72]=Oop [80]=NarrowOop [88]=Oop [96]=Oop [104]=Oop [112]=Oop [148]=NarrowOop [152]=NarrowOop [160]=Oop }
                      ;*goto {reexecute=1 rethrow=0 return_oop=0}
                      ; - (reexecute) jdk.internal.loader.Resource::getBytes@179
                      ; - java.net.URLClassLoader::defineClass@179
                      ; - java.net.URLClassLoader$1::run@43
                      ; - java.net.URLClassLoader$1::run@1
                      ;   {poll}
  0x000002126a080194: 0041 8502 | 443b 5c24 | 780f 8ced | fdff ff4c | 8b94 24a0 | 0000 004c | 8954 2420 | e914 d4ff 
  0x000002126a0801b4: ffba 45ff | ffff 488b | 6c24 584c | 8b54 2460 | 4c89 5424 | 204c 8b54 | 2450 4c89 | 5424 284c 
  0x000002126a0801d4: 8b54 2440 | 4c89 5424 | 3044 8b5c | 2468 4489 | 5c24 384c | 8b54 2470 | 4c89 5424 | 4048 8944 
  0x000002126a0801f4: 2470 6690 

  0x000002126a0801f8: ;   {runtime_call UncommonTrapBlob}
  0x000002126a0801f8: c5f8 77e8 

  0x000002126a0801fc: ; ImmutableOopMap {rbp=Oop [32]=Oop [40]=Oop [56]=NarrowOop [64]=Oop [112]=Oop [120]=Oop [128]=Oop [148]=NarrowOop [152]=NarrowOop }
                      ;*ifnonnull {reexecute=1 rethrow=0 return_oop=0}
                      ; - (reexecute) java.net.URLClassLoader::isSealed@42
                      ; - java.net.URLClassLoader::getAndVerifyPackage@68
                      ; - java.net.URLClassLoader::defineClass@46
                      ; - java.net.URLClassLoader$1::run@43
                      ; - java.net.URLClassLoader$1::run@1
  0x000002126a0801fc: 8041 86ff 

  0x000002126a080200: ;   {other}
  0x000002126a080200: 0f1f 8400 | f06e 0097 | ba45 ffff | ff4c 8b54 | 2458 4c89 | 5424 204c | 8b54 2460 | 4c89 5424 
  0x000002126a080220: 284c 8b54 | 2450 4c89 | 5424 304c | 8b54 2440 | 4c89 5424 | 3844 8b5c | 2468 4489 | 5c24 404c 
  0x000002126a080240: 894c 2450 | 4889 4c24 | 5848 895c | 2460 4889 | 7c24 704c | 8944 2478 

  0x000002126a080258: ;   {runtime_call UncommonTrapBlob}
  0x000002126a080258: c5f8 77e8 

  0x000002126a08025c: ; ImmutableOopMap {[32]=Oop [40]=Oop [48]=Oop [64]=NarrowOop [80]=Oop [88]=Oop [96]=Oop [112]=Oop [120]=Oop [148]=NarrowOop [152]=NarrowOop }
                      ;*ifeq {reexecute=1 rethrow=0 return_oop=0}
                      ; - (reexecute) java.util.LinkedHashMap::get@16
                      ; - java.util.jar.Attributes::get@5
                      ; - java.util.jar.Attributes::getValue@2
                      ; - java.net.URLClassLoader::isSealed@58
                      ; - java.net.URLClassLoader::getAndVerifyPackage@68
                      ; - java.net.URLClassLoader::defineClass@46
                      ; - java.net.URLClassLoader$1::run@43
                      ; - java.net.URLClassLoader$1::run@1
  0x000002126a08025c: 2041 86ff 

  0x000002126a080260: ;   {other}
  0x000002126a080260: 0f1f 8400 | 506f 0098 | ba45 ffff | ff4c 8b54 | 2458 4c89 | 5424 204c | 8b54 2460 | 4c89 5424 
  0x000002126a080280: 284c 8b54 | 2450 4c89 | 5424 304c | 8b54 2440 | 4c89 5424 | 3844 8b54 | 2468 4c89 | 6c24 5848 
  0x000002126a0802a0: 894c 2460 | 4489 5424 | 444c 896c | 2468 4489 | 8c24 8000 | 0000 4489 | 8c24 8400 | 0000 4489 
  0x000002126a0802c0: b424 8800 | 0000 c5fa | 1184 248c | 0000 0044 | 8984 2490 | 0000 0090 

  0x000002126a0802d8: ;   {runtime_call UncommonTrapBlob}
  0x000002126a0802d8: c5f8 77e8 

  0x000002126a0802dc: ; ImmutableOopMap {[32]=Oop [40]=Oop [48]=Oop [68]=NarrowOop [88]=Oop [96]=Oop [104]=Oop [128]=NarrowOop [132]=NarrowOop [136]=NarrowOop [152]=NarrowOop }
                      ;*if_icmpne {reexecute=1 rethrow=0 return_oop=0}
                      ; - (reexecute) java.lang.String::equals@33
                      ; - java.util.concurrent.ConcurrentHashMap::get@73
                      ; - java.lang.ClassLoader::getDefinedPackage@13
                      ; - java.net.URLClassLoader::getAndVerifyPackage@2
                      ; - java.net.URLClassLoader::defineClass@46
                      ; - java.net.URLClassLoader$1::run@43
                      ; - java.net.URLClassLoader$1::run@1
  0x000002126a0802dc: a040 86ff 

  0x000002126a0802e0: ;   {other}
  0x000002126a0802e0: 0f1f 8400 | d06f 0099 | ba45 ffff | ff4c 8b5c | 2458 4c89 | 5c24 204c | 8b5c 2460 | 4c89 5c24 
  0x000002126a080300: 284c 8b5c | 2450 4c89 | 5c24 304c | 8b5c 2440 | 4c89 5c24 | 3844 8b44 | 2468 4c89 | 6c24 5848 
  0x000002126a080320: 894c 2460 | 4489 4424 | 444c 896c | 2468 4489 | 8c24 8000 | 0000 4489 | 8c24 8400 | 0000 4489 
  0x000002126a080340: b424 8800 | 0000 4489 | 9424 8c00 | 0000 6690 

  0x000002126a080350: ;   {runtime_call UncommonTrapBlob}
  0x000002126a080350: c5f8 77e8 

  0x000002126a080354: ; ImmutableOopMap {[32]=Oop [40]=Oop [48]=Oop [68]=NarrowOop [88]=Oop [96]=Oop [104]=Oop [128]=NarrowOop [132]=NarrowOop [136]=NarrowOop [152]=NarrowOop }
                      ;*ifge {reexecute=1 rethrow=0 return_oop=0}
                      ; - (reexecute) java.util.concurrent.ConcurrentHashMap::get@86
                      ; - java.lang.ClassLoader::getDefinedPackage@13
                      ; - java.net.URLClassLoader::getAndVerifyPackage@2
                      ; - java.net.URLClassLoader::defineClass@46
                      ; - java.net.URLClassLoader$1::run@43
                      ; - java.net.URLClassLoader$1::run@1
  0x000002126a080354: 2840 86ff 

  0x000002126a080358: ;   {other}
  0x000002126a080358: 0f1f 8400 | 4870 009a | 4c89 b424 | a800 0000 | 4889 9c24 | a000 0000 | 4489 8424 | 8400 0000 
  0x000002126a080378: 4889 8424 | 8800 0000 | 4489 9424 | 8000 0000 | 8974 2434 | 4c89 5c24 | 7844 894c | 2430 4889 
  0x000002126a080398: 4c24 204c | 896c 2470 

  0x000002126a0803a0: ;   {metadata({type array byte})}
  0x000002126a0803a0: 48ba 1823 | 0000 1202 | 0000 6690 

  0x000002126a0803ac: ;   {runtime_call _new_array_nozero_Java}
  0x000002126a0803ac: c5f8 77e8 

  0x000002126a0803b0: ; ImmutableOopMap {[32]=Oop [136]=Derived_oop_[32] [40]=Oop [56]=Oop [72]=Oop [80]=NarrowOop [88]=Oop [96]=Oop [104]=Oop [112]=Oop [120]=Oop [148]=NarrowOop [152]=NarrowOop }
                      ;*newarray {reexecute=0 rethrow=0 return_oop=1}
                      ; - java.util.Arrays::copyOf@15
                      ; - jdk.internal.loader.Resource::getBytes@94
                      ; - java.net.URLClassLoader::defineClass@179
                      ; - java.net.URLClassLoader$1::run@43
                      ; - java.net.URLClassLoader$1::run@1
  0x000002126a0803b0: 4c23 93ff 

  0x000002126a0803b4: ;   {other}
  0x000002126a0803b4: 0f1f 8400 | a470 009b | 488b c84c | 8b6c 2470 | 448b 4c24 | 304c 8b5c | 2478 8b74 | 2434 448b 
  0x000002126a0803d4: 9424 8000 | 0000 488b | 8424 8800 | 0000 448b | 8424 8400 | 0000 488b | 9c24 a000 | 0000 4c8b 
  0x000002126a0803f4: b424 a800 | 0000 488b | d1e9 ead0 | ffff ba45 | ffff ff4c | 8b5c 2458 | 4c89 5c24 | 204c 8b5c 
  0x000002126a080414: 2460 4c89 | 5c24 284c | 8b5c 2450 | 4c89 5c24 | 304c 8b5c | 2440 4c89 | 5c24 3844 | 8b5c 2468 
  0x000002126a080434: 4c89 6c24 | 5848 894c | 2460 4489 | 5c24 444c | 896c 2468 | 4489 8c24 | 8000 0000 | 4489 8c24 
  0x000002126a080454: 8400 0000 | 4889 9c24 | 8800 0000 | 4489 9424 | 9000 0000 

  0x000002126a080468: ;   {runtime_call UncommonTrapBlob}
  0x000002126a080468: c5f8 77e8 

  0x000002126a08046c: ; ImmutableOopMap {rbp=NarrowOop [32]=Oop [40]=Oop [48]=Oop [68]=NarrowOop [88]=Oop [96]=Oop [104]=Oop [128]=NarrowOop [132]=NarrowOop [136]=Oop [152]=NarrowOop }
                      ;*ifnull {reexecute=1 rethrow=0 return_oop=0}
                      ; - (reexecute) java.util.concurrent.ConcurrentHashMap::get@143
                      ; - java.lang.ClassLoader::getDefinedPackage@13
                      ; - java.net.URLClassLoader::getAndVerifyPackage@2
                      ; - java.net.URLClassLoader::defineClass@46
                      ; - java.net.URLClassLoader$1::run@43
                      ; - java.net.URLClassLoader$1::run@1
  0x000002126a08046c: 103f 86ff 

  0x000002126a080470: ;   {other}
  0x000002126a080470: 0f1f 8400 | 6071 009c | ba45 ffff | ff48 8b6c | 2458 4c8b | 5424 604c | 8954 2420 | 4c8b 5424 
  0x000002126a080490: 504c 8954 | 2428 4c8b | 5424 404c | 8954 2430 | 448b 5c24 | 684c 8b54 | 2478 4c89 | 5424 404c 
  0x000002126a0804b0: 8b94 2480 | 0000 004c | 8954 2448 | 4489 5c24 | 3c89 8424 | 8400 0000 

  0x000002126a0804c8: ;   {runtime_call UncommonTrapBlob}
  0x000002126a0804c8: c5f8 77e8 

  0x000002126a0804cc: ; ImmutableOopMap {rbp=Oop [32]=Oop [40]=Oop [60]=NarrowOop [64]=Oop [72]=Oop [112]=NarrowOop [136]=Oop [152]=NarrowOop }
                      ;*ifeq {reexecute=1 rethrow=0 return_oop=0}
                      ; - (reexecute) java.util.concurrent.ConcurrentHashMap::get@152
                      ; - java.lang.ClassLoader::getDefinedPackage@13
                      ; - java.net.URLClassLoader::getAndVerifyPackage@2
                      ; - java.net.URLClassLoader::defineClass@46
                      ; - java.net.URLClassLoader$1::run@43
                      ; - java.net.URLClassLoader$1::run@1
  0x000002126a0804cc: b03e 86ff 

  0x000002126a0804d0: ;   {other}
  0x000002126a0804d0: 0f1f 8400 | c071 009d | ba45 ffff | ff48 8b6c | 2458 4c8b | 4424 604c | 8944 2420 | 4c8b 4424 
  0x000002126a0804f0: 504c 8944 | 2428 4c8b | 4424 404c | 8944 2430 | 8b7c 2468 | 897c 2438 | 4889 4c24 | 5048 895c 
  0x000002126a080510: 2458 4c89 | 4c24 604c | 894c 2468 | 4889 b424 | 8000 0000 | 4489 5424 | 7444 899c | 2488 0000 
  0x000002126a080530: 0066 6690 

  0x000002126a080534: ;   {runtime_call UncommonTrapBlob}
  0x000002126a080534: c5f8 77e8 

  0x000002126a080538: ; ImmutableOopMap {rbp=Oop [32]=Oop [40]=Oop [56]=NarrowOop [80]=Oop [88]=Oop [96]=Oop [104]=Oop [116]=NarrowOop [128]=Oop [148]=NarrowOop [152]=NarrowOop }
                      ;*ifeq {reexecute=1 rethrow=0 return_oop=0}
                      ; - (reexecute) java.util.HashMap::getNode@85
                      ; - java.util.HashMap::get@2
                      ; - java.util.jar.Manifest::getAttributes@5
                      ; - java.util.jar.Manifest::getTrustedAttributes@2
                      ; - java.util.jar.JavaUtilJarAccessImpl::getTrustedAttributes@2
                      ; - java.net.URLClassLoader::isSealed@18
                      ; - java.net.URLClassLoader::getAndVerifyPackage@68
                      ; - java.net.URLClassLoader::defineClass@46
                      ; - java.net.URLClassLoader$1::run@43
                      ; - java.net.URLClassLoader$1::run@1
  0x000002126a080538: 443e 86ff 

  0x000002126a08053c: ;   {other}
  0x000002126a08053c: 0f1f 8400 | 2c72 009e | ba45 ffff | ff4c 8b54 | 2458 4c89 | 5424 204c | 8b54 2460 | 4c89 5424 
  0x000002126a08055c: 284c 8b54 | 2450 4c89 | 5424 304c | 8b54 2440 | 4c89 5424 | 3844 8b44 | 2468 4489 | 4424 404c 
  0x000002126a08057c: 894c 2450 | 4889 4c24 | 5848 895c | 2460 4889 | 7c24 7044 | 895c 246c 

  0x000002126a080594: ;   {runtime_call UncommonTrapBlob}
  0x000002126a080594: c5f8 77e8 

  0x000002126a080598: ; ImmutableOopMap {rbp=NarrowOop [32]=Oop [40]=Oop [48]=Oop [64]=NarrowOop [80]=Oop [88]=Oop [96]=Oop [112]=Oop [148]=NarrowOop [152]=NarrowOop }
                      ;*ifeq {reexecute=1 rethrow=0 return_oop=0}
                      ; - (reexecute) java.util.HashMap::getNode@85
                      ; - java.util.LinkedHashMap::get@2
                      ; - java.util.jar.Attributes::get@5
                      ; - java.util.jar.Attributes::getValue@2
                      ; - java.net.URLClassLoader::isSealed@58
                      ; - java.net.URLClassLoader::getAndVerifyPackage@68
                      ; - java.net.URLClassLoader::defineClass@46
                      ; - java.net.URLClassLoader$1::run@43
                      ; - java.net.URLClassLoader$1::run@1
  0x000002126a080598: e43d 86ff 

  0x000002126a08059c: ;   {other}
  0x000002126a08059c: 0f1f 8400 | 8c72 009f | ba45 ffff | ff4c 8b54 | 2458 4c89 | 5424 204c | 8b54 2460 | 4c89 5424 
  0x000002126a0805bc: 284c 8b54 | 2450 4c89 | 5424 304c | 8b54 2440 | 4c89 5424 | 384c 8b94 | 2480 0000 | 004c 8954 
  0x000002126a0805dc: 2448 4c8b | 5424 704c | 8954 2450 | 448b 5c24 | 6844 895c | 2444 448b | 9424 9400 | 0000 4489 
  0x000002126a0805fc: 9424 8800 | 0000 4489 | 9424 8c00 | 0000 4489 | 8c24 9000 | 0000 898c | 2494 0000 | 0066 6690 
  0x000002126a08061c: ;   {runtime_call UncommonTrapBlob}
  0x000002126a08061c: c5f8 77e8 

  0x000002126a080620: ; ImmutableOopMap {[32]=Oop [40]=Oop [48]=Oop [68]=NarrowOop [72]=Oop [80]=Oop [120]=NarrowOop [136]=NarrowOop [140]=NarrowOop [144]=NarrowOop [152]=NarrowOop }
                      ;*if_icmpne {reexecute=1 rethrow=0 return_oop=0}
                      ; - (reexecute) java.lang.String::equals@33
                      ; - java.util.concurrent.ConcurrentHashMap::get@73
                      ; - java.lang.ClassLoader::definePackage@47
                      ; - java.lang.ClassLoader::getDefinedPackage@32
                      ; - java.net.URLClassLoader::getAndVerifyPackage@2
                      ; - java.net.URLClassLoader::defineClass@46
                      ; - java.net.URLClassLoader$1::run@43
                      ; - java.net.URLClassLoader$1::run@1
  0x000002126a080620: 5c3d 86ff 

  0x000002126a080624: ;   {other}
  0x000002126a080624: 0f1f 8400 | 1473 00a0 | ba45 ffff | ff4c 8b5c | 2458 4c89 | 5c24 204c | 8b5c 2460 | 4c89 5c24 
  0x000002126a080644: 284c 8b5c | 2450 4c89 | 5c24 304c | 8b5c 2440 | 4c89 5c24 | 384c 8b5c | 2470 4c89 | 5c24 504c 
  0x000002126a080664: 894c 2458 | 448b 5c24 | 6844 895c | 2444 4c89 | 4c24 6844 | 8b84 2494 | 0000 0044 | 8984 2488 
  0x000002126a080684: 0000 0044 | 8984 248c | 0000 0044 | 8994 2490 | 0000 0090 

  0x000002126a080698: ;   {runtime_call UncommonTrapBlob}
  0x000002126a080698: c5f8 77e8 

  0x000002126a08069c: ; ImmutableOopMap {[32]=Oop [40]=Oop [48]=Oop [68]=NarrowOop [80]=Oop [88]=Oop [104]=Oop [120]=NarrowOop [136]=NarrowOop [140]=NarrowOop [144]=NarrowOop [152]=NarrowOop }
                      ;*ifge {reexecute=1 rethrow=0 return_oop=0}
                      ; - (reexecute) java.util.concurrent.ConcurrentHashMap::get@86
                      ; - java.lang.ClassLoader::definePackage@47
                      ; - java.lang.ClassLoader::getDefinedPackage@32
                      ; - java.net.URLClassLoader::getAndVerifyPackage@2
                      ; - java.net.URLClassLoader::defineClass@46
                      ; - java.net.URLClassLoader$1::run@43
                      ; - java.net.URLClassLoader$1::run@1
  0x000002126a08069c: e03c 86ff 

  0x000002126a0806a0: ;   {other}
  0x000002126a0806a0: 0f1f 8400 | 9073 00a1 | ba45 ffff | ff4c 8b54 | 2458 4c89 | 5424 204c | 8b54 2460 | 4c89 5424 
  0x000002126a0806c0: 284c 8b54 | 2450 4c89 | 5424 304c | 8b54 2440 | 4c89 5424 | 384c 895c | 2448 4c8b | 5424 704c 
  0x000002126a0806e0: 8954 2450 | 448b 5c24 | 6844 895c | 2444 448b | 9424 9400 | 0000 4489 | 9424 9000 | 0000 6690 
  0x000002126a080700: ;   {runtime_call UncommonTrapBlob}
  0x000002126a080700: c5f8 77e8 

  0x000002126a080704: ; ImmutableOopMap {rbp=NarrowOop [32]=Oop [40]=Oop [48]=Oop [68]=NarrowOop [72]=Oop [80]=Oop [120]=NarrowOop [136]=Oop [144]=NarrowOop [148]=NarrowOop [152]=NarrowOop }
                      ;*ifnull {reexecute=1 rethrow=0 return_oop=0}
                      ; - (reexecute) java.util.concurrent.ConcurrentHashMap::get@143
                      ; - java.lang.ClassLoader::definePackage@47
                      ; - java.lang.ClassLoader::getDefinedPackage@32
                      ; - java.net.URLClassLoader::getAndVerifyPackage@2
                      ; - java.net.URLClassLoader::defineClass@46
                      ; - java.net.URLClassLoader$1::run@43
                      ; - java.net.URLClassLoader$1::run@1
  0x000002126a080704: 783c 86ff 

  0x000002126a080708: ;   {other}
  0x000002126a080708: 0f1f 8400 | f873 00a2 | ba45 ffff | ff48 8b6c | 2458 4c8b | 5424 604c | 8954 2420 | 4c8b 5424 
  0x000002126a080728: 504c 8954 | 2428 4c8b | 5424 404c | 8954 2430 | 448b 5c24 | 684c 8b94 | 2480 0000 | 004c 8954 
  0x000002126a080748: 2440 4c8b | 5424 704c | 8954 2448 | 4489 5c24 | 3c44 8b9c | 2494 0000 | 0044 899c | 2480 0000 
  0x000002126a080768: 0044 899c | 2484 0000 | 0089 8424 | 9000 0000 

  0x000002126a080778: ;   {runtime_call UncommonTrapBlob}
  0x000002126a080778: c5f8 77e8 

  0x000002126a08077c: ; ImmutableOopMap {rbp=Oop [32]=Oop [40]=Oop [60]=NarrowOop [64]=Oop [72]=Oop [120]=NarrowOop [128]=NarrowOop [132]=NarrowOop [136]=Oop [152]=NarrowOop }
                      ;*ifeq {reexecute=1 rethrow=0 return_oop=0}
                      ; - (reexecute) java.util.concurrent.ConcurrentHashMap::get@152
                      ; - java.lang.ClassLoader::definePackage@47
                      ; - java.lang.ClassLoader::getDefinedPackage@32
                      ; - java.net.URLClassLoader::getAndVerifyPackage@2
                      ; - java.net.URLClassLoader::defineClass@46
                      ; - java.net.URLClassLoader$1::run@43
                      ; - java.net.URLClassLoader$1::run@1
  0x000002126a08077c: 003c 86ff 

  0x000002126a080780: ;   {other}
  0x000002126a080780: 0f1f 8400 | 7074 00a3 

  0x000002126a080788: ;   {metadata({type array byte})}
  0x000002126a080788: 418b e948 | ba18 2300 | 0012 0200 | 0045 33c0 

  0x000002126a080798: ;   {runtime_call _new_array_Java}
  0x000002126a080798: c5f8 77e8 

  0x000002126a08079c: ; ImmutableOopMap {[40]=Oop [56]=Oop [72]=Oop [80]=NarrowOop [88]=Oop [96]=Oop [104]=Oop [112]=Oop [148]=NarrowOop [152]=NarrowOop }
                      ;*newarray {reexecute=0 rethrow=0 return_oop=1}
                      ; - jdk.internal.loader.Resource::getBytes@30
                      ; - java.net.URLClassLoader::defineClass@179
                      ; - java.net.URLClassLoader$1::run@43
                      ; - java.net.URLClassLoader$1::run@1
  0x000002126a08079c: 601c 93ff 

  0x000002126a0807a0: ;   {other}
  0x000002126a0807a0: 0f1f 8400 | 9074 00a4 | 488b c844 | 8bcd e93c | ccff ffba | deff ffff | 488b 6c24 | 584c 8b54 
  0x000002126a0807c0: 2460 4c89 | 5424 204c | 8b54 2450 | 4c89 5424 | 284c 8b54 | 2440 4c89 | 5424 3044 | 8b5c 2468 
  0x000002126a0807e0: 4489 5c24 | 384c 8b94 | 2480 0000 | 004c 8954 | 2450 4c8b | 5424 784c | 8954 2458 | 4c8b 9424 
  0x000002126a080800: 8800 0000 | 4c89 5424 | 7866 6690 

  0x000002126a08080c: ;   {runtime_call UncommonTrapBlob}
  0x000002126a08080c: c5f8 77e8 

  0x000002126a080810: ; ImmutableOopMap {rbp=Oop [32]=Oop [40]=Oop [56]=NarrowOop [80]=Oop [88]=Oop [112]=Oop [120]=Oop [136]=Oop [148]=NarrowOop [152]=NarrowOop [192]=Oop }
                      ;*invokevirtual getName {reexecute=0 rethrow=0 return_oop=0}
                      ; - java.util.jar.JarFile::getManifestFromReference@74
                      ; - java.util.jar.JarFile::getManifest@1
                      ; - jdk.internal.loader.URLClassPath$JarLoader$2::getManifest@22
                      ; - java.net.URLClassLoader::defineClass@34
                      ; - java.net.URLClassLoader$1::run@43
                      ; - java.net.URLClassLoader$1::run@1
  0x000002126a080810: 6c3b 86ff 

  0x000002126a080814: ;   {other}
  0x000002126a080814: 0f1f 8400 | 0475 00a5 | ba0f 0000 | 004c 8b54 | 2458 4c89 | 5424 204c | 8b54 2460 | 4c89 5424 
  0x000002126a080834: 284c 8b54 | 2450 4c89 | 5424 304c | 8b54 2440 | 4c89 5424 | 3844 8b54 | 2468 4489 | 5424 404c 
  0x000002126a080854: 8b94 2480 | 0000 004c | 8954 2458 | 4c8b 5424 | 784c 8954 | 2460 4c8b | 9424 8800 | 0000 4c89 
  0x000002126a080874: 5424 784c | 8994 2480 | 0000 0090 

  0x000002126a080880: ;   {runtime_call UncommonTrapBlob}
  0x000002126a080880: c5f8 77e8 

  0x000002126a080884: ; ImmutableOopMap {rbp=Oop [32]=Oop [40]=Oop [48]=Oop [64]=NarrowOop [88]=Oop [96]=Oop [120]=Oop [128]=Oop [148]=NarrowOop [152]=NarrowOop [192]=Oop }
                      ;*new {reexecute=0 rethrow=0 return_oop=0}
                      ; - java.util.Hashtable::<init>@53
                      ; - java.util.Hashtable::<init>@5
                      ; - java.util.jar.JarVerifier::<init>@39
                      ; - java.util.jar.JarFile::getManifestFromReference@78
                      ; - java.util.jar.JarFile::getManifest@1
                      ; - jdk.internal.loader.URLClassPath$JarLoader$2::getManifest@22
                      ; - java.net.URLClassLoader::defineClass@34
                      ; - java.net.URLClassLoader$1::run@43
                      ; - java.net.URLClassLoader$1::run@1
  0x000002126a080884: f83a 86ff 

  0x000002126a080888: ;   {other}
  0x000002126a080888: 0f1f 8400 | 7875 00a6 | ba0f 0000 | 004c 8b54 | 2458 4c89 | 5424 204c | 8b54 2460 | 4c89 5424 
  0x000002126a0808a8: 284c 8b54 | 2450 4c89 | 5424 304c | 8b54 2440 | 4c89 5424 | 3844 8b5c | 2468 4489 | 5c24 404c 
  0x000002126a0808c8: 8b94 2480 | 0000 004c | 8954 2458 | 4c8b 5424 | 784c 8954 | 2460 4c8b | 9424 8800 | 0000 4c89 
  0x000002126a0808e8: 5424 784c | 8994 2480 | 0000 0090 

  0x000002126a0808f4: ;   {runtime_call UncommonTrapBlob}
  0x000002126a0808f4: c5f8 77e8 

  0x000002126a0808f8: ; ImmutableOopMap {rbp=Oop [32]=Oop [40]=Oop [48]=Oop [64]=NarrowOop [88]=Oop [96]=Oop [120]=Oop [128]=Oop [148]=NarrowOop [152]=NarrowOop [192]=Oop }
                      ;*new {reexecute=0 rethrow=0 return_oop=0}
                      ; - java.util.Hashtable::<init>@53
                      ; - java.util.Hashtable::<init>@5
                      ; - java.util.jar.JarVerifier::<init>@50
                      ; - java.util.jar.JarFile::getManifestFromReference@78
                      ; - java.util.jar.JarFile::getManifest@1
                      ; - jdk.internal.loader.URLClassPath$JarLoader$2::getManifest@22
                      ; - java.net.URLClassLoader::defineClass@34
                      ; - java.net.URLClassLoader$1::run@43
                      ; - java.net.URLClassLoader$1::run@1
  0x000002126a0808f8: 843a 86ff 

  0x000002126a0808fc: ;   {other}
  0x000002126a0808fc: 0f1f 8400 | ec75 00a7 | ba0f 0000 | 004c 8b54 | 2458 4c89 | 5424 204c | 8b54 2460 | 4c89 5424 
  0x000002126a08091c: 284c 8b54 | 2450 4c89 | 5424 304c | 8b54 2440 | 4c89 5424 | 3844 8b54 | 2468 4489 | 5424 404c 
  0x000002126a08093c: 8b94 2480 | 0000 004c | 8954 2458 | 4c8b 5424 | 784c 8954 | 2460 4c8b | 9424 8800 | 0000 4c89 
  0x000002126a08095c: 5424 784c | 8994 2480 | 0000 0090 

  0x000002126a080968: ;   {runtime_call UncommonTrapBlob}
  0x000002126a080968: c5f8 77e8 

  0x000002126a08096c: ; ImmutableOopMap {rbp=Oop [32]=Oop [40]=Oop [48]=Oop [64]=NarrowOop [88]=Oop [96]=Oop [120]=Oop [128]=Oop [148]=NarrowOop [152]=NarrowOop [192]=Oop }
                      ;*new {reexecute=0 rethrow=0 return_oop=0}
                      ; - java.util.Hashtable::<init>@53
                      ; - java.util.Hashtable::<init>@4
                      ; - java.util.jar.JarVerifier::<init>@63
                      ; - java.util.jar.JarFile::getManifestFromReference@78
                      ; - java.util.jar.JarFile::getManifest@1
                      ; - jdk.internal.loader.URLClassPath$JarLoader$2::getManifest@22
                      ; - java.net.URLClassLoader::defineClass@34
                      ; - java.net.URLClassLoader$1::run@43
                      ; - java.net.URLClassLoader$1::run@1
  0x000002126a08096c: 103a 86ff 

  0x000002126a080970: ;   {other}
  0x000002126a080970: 0f1f 8400 | 6076 00a8 | 498b d7c5 | f877 49ba | 20a4 d642 | ff7f 0000 

  0x000002126a080988: ;   {other}
  0x000002126a080988: 41ff d20f | 1f84 0000 | 0000 00e9 | b8c5 ffff | 498b d7c5 | f877 49ba | 20a4 d642 | ff7f 0000 
  0x000002126a0809a8: ;   {other}
  0x000002126a0809a8: 41ff d20f | 1f84 0000 | 0000 00e9 | 49c5 ffff | bade ffff | ff48 8b6c | 2458 4c8b | 5424 604c 
  0x000002126a0809c8: 8954 2420 | 4c8b 5424 | 504c 8954 | 2428 4c8b | 5424 404c | 8954 2430 | 4c89 4424 | 584c 894c 
  0x000002126a0809e8: 2460 6690 

  0x000002126a0809ec: ;   {runtime_call UncommonTrapBlob}
  0x000002126a0809ec: c5f8 77e8 

  0x000002126a0809f0: ; ImmutableOopMap {rbp=Oop [32]=Oop [40]=Oop [88]=Oop [96]=Oop [104]=NarrowOop [128]=Oop [148]=NarrowOop [152]=NarrowOop [192]=Oop }
                      ;*invokevirtual close {reexecute=0 rethrow=0 return_oop=0}
                      ; - java.util.jar.JarFile::getManifestFromReference@152
                      ; - java.util.jar.JarFile::getManifest@1
                      ; - jdk.internal.loader.URLClassPath$JarLoader$2::getManifest@22
                      ; - java.net.URLClassLoader::defineClass@34
                      ; - java.net.URLClassLoader$1::run@43
                      ; - java.net.URLClassLoader$1::run@1
  0x000002126a0809f0: 8c39 86ff 

  0x000002126a0809f4: ;   {other}
  0x000002126a0809f4: 0f1f 8400 | e476 00a9 | ba45 ffff | ff4c 8b54 | 2458 4c89 | 5424 204c | 8b54 2460 | 4c89 5424 
  0x000002126a080a14: 284c 8b54 | 2450 4c89 | 5424 304c | 8b54 2440 | 4c89 5424 | 384c 8944 | 2458 6690 

  0x000002126a080a30: ;   {runtime_call UncommonTrapBlob}
  0x000002126a080a30: c5f8 77e8 

  0x000002126a080a34: ; ImmutableOopMap {[32]=Oop [40]=Oop [48]=Oop [88]=Oop [104]=NarrowOop [120]=Oop [148]=NarrowOop [152]=NarrowOop [192]=Oop }
                      ;*ifne {reexecute=1 rethrow=0 return_oop=0}
                      ; - (reexecute) java.util.jar.JarFile::getManifestFromReference@52
                      ; - java.util.jar.JarFile::getManifest@1
                      ; - jdk.internal.loader.URLClassPath$JarLoader$2::getManifest@22
                      ; - java.net.URLClassLoader::defineClass@34
                      ; - java.net.URLClassLoader$1::run@43
                      ; - java.net.URLClassLoader$1::run@1
  0x000002126a080a34: 4839 86ff 

  0x000002126a080a38: ;   {other}
  0x000002126a080a38: 0f1f 8400 | 2877 00aa | ba45 ffff | ff48 8b6c | 2458 4c8b | 5424 504c | 8954 2428 | 4c8b 5424 
  0x000002126a080a58: 404c 8954 | 2430 8944 | 244c 6690 

  0x000002126a080a64: ;   {runtime_call UncommonTrapBlob}
  0x000002126a080a64: c5f8 77e8 

  0x000002126a080a68: ; ImmutableOopMap {rbp=Oop [40]=Oop [96]=Oop [104]=NarrowOop [120]=Oop [128]=Oop [148]=NarrowOop [152]=NarrowOop [192]=Oop }
                      ;*if_icmpne {reexecute=1 rethrow=0 return_oop=0}
                      ; - (reexecute) java.util.jar.JarFile::getManifestFromReference@65
                      ; - java.util.jar.JarFile::getManifest@1
                      ; - jdk.internal.loader.URLClassPath$JarLoader$2::getManifest@22
                      ; - java.net.URLClassLoader::defineClass@34
                      ; - java.net.URLClassLoader$1::run@43
                      ; - java.net.URLClassLoader$1::run@1
  0x000002126a080a68: 1439 86ff 

  0x000002126a080a6c: ;   {other}
  0x000002126a080a6c: 0f1f 8400 | 5c77 00ab | 498b d7c5 | f877 49ba | 20a4 d642 | ff7f 0000 

  0x000002126a080a84: ;   {other}
  0x000002126a080a84: 41ff d20f | 1f84 0000 | 0000 00e9 | 43b9 ffff | 498b d7c5 | f877 49ba | 20a4 d642 | ff7f 0000 
  0x000002126a080aa4: ;   {other}
  0x000002126a080aa4: 41ff d20f | 1f84 0000 | 0000 00e9 | 9fba ffff | 498b d7c5 | f877 49ba | 20a4 d642 | ff7f 0000 
  0x000002126a080ac4: ;   {other}
  0x000002126a080ac4: 41ff d20f | 1f84 0000 | 0000 00e9 | 3eba ffff | 498b d7c5 | f877 49ba | 20a4 d642 | ff7f 0000 
  0x000002126a080ae4: ;   {other}
  0x000002126a080ae4: 41ff d20f | 1f84 0000 | 0000 00e9 | cfbb ffff | 498b d7c5 | f877 49ba | 20a4 d642 | ff7f 0000 
  0x000002126a080b04: ;   {other}
  0x000002126a080b04: 41ff d20f | 1f84 0000 | 0000 00e9 | 6ebb ffff | 498b d7c5 | f877 49ba | 20a4 d642 | ff7f 0000 
  0x000002126a080b24: ;   {other}
  0x000002126a080b24: 41ff d20f | 1f84 0000 | 0000 00e9 | 40c0 ffff | 498b d7c5 | f877 49ba | 20a4 d642 | ff7f 0000 
  0x000002126a080b44: ;   {other}
  0x000002126a080b44: 41ff d20f | 1f84 0000 | 0000 00e9 | efbc ffff | 498b d7c5 | f877 49ba | 20a4 d642 | ff7f 0000 
  0x000002126a080b64: ;   {other}
  0x000002126a080b64: 41ff d20f | 1f84 0000 | 0000 00e9 | babf ffff | 498b d7c5 | f877 49ba | 20a4 d642 | ff7f 0000 
  0x000002126a080b84: ;   {other}
  0x000002126a080b84: 41ff d20f | 1f84 0000 | 0000 00e9 | 00bf ffff | 498b d7c5 | f877 49ba | 20a4 d642 | ff7f 0000 
  0x000002126a080ba4: ;   {other}
  0x000002126a080ba4: 41ff d20f | 1f84 0000 | 0000 00e9 | 3ebc ffff | 498b d7c5 | f877 49ba | 20a4 d642 | ff7f 0000 
  0x000002126a080bc4: ;   {other}
  0x000002126a080bc4: 41ff d20f | 1f84 0000 | 0000 00e9 | 0abd ffff | 498b d7c5 | f877 49ba | 20a4 d642 | ff7f 0000 
  0x000002126a080be4: ;   {other}
  0x000002126a080be4: 41ff d20f | 1f84 0000 | 0000 00e9 | 0cbe ffff | 498b d7c5 | f877 49ba | 20a4 d642 | ff7f 0000 
  0x000002126a080c04: ;   {other}
  0x000002126a080c04: 41ff d20f | 1f84 0000 | 0000 00e9 | eec0 ffff | 498b d7c5 | f877 49ba | 20a4 d642 | ff7f 0000 
  0x000002126a080c24: ;   {other}
  0x000002126a080c24: 41ff d20f | 1f84 0000 | 0000 00e9 | 21c1 ffff | 498b d7c5 | f877 49ba | 20a4 d642 | ff7f 0000 
  0x000002126a080c44: ;   {other}
  0x000002126a080c44: 41ff d20f | 1f84 0000 | 0000 00e9 | 97c1 ffff | 498b d7c5 | f877 49ba | 20a4 d642 | ff7f 0000 
  0x000002126a080c64: ;   {other}
  0x000002126a080c64: 41ff d20f | 1f84 0000 | 0000 00e9 | dfc1 ffff | 498b d7c5 | f877 49ba | 20a4 d642 | ff7f 0000 
  0x000002126a080c84: ;   {other}
  0x000002126a080c84: 41ff d20f | 1f84 0000 | 0000 00e9 | ead9 ffff | 498b d7c5 | f877 49ba | 20a4 d642 | ff7f 0000 
  0x000002126a080ca4: ;   {other}
  0x000002126a080ca4: 41ff d20f | 1f84 0000 | 0000 00e9 | 6eb4 ffff | 498b d7c5 | f877 49ba | 20a4 d642 | ff7f 0000 
  0x000002126a080cc4: ;   {other}
  0x000002126a080cc4: 41ff d20f | 1f84 0000 | 0000 00e9 | 9eb4 ffff | 498b d849 | 8bd7 c5f8 | 7749 ba20 | a4d6 42ff 
  0x000002126a080ce4: 7f00 0041 

  0x000002126a080ce8: ;   {other}
  0x000002126a080ce8: ffd2 0f1f | 8400 0000 | 0000 e9f8 | d9ff ffba | 45ff ffff | 488b 6c24 | 584c 8b54 | 2460 4c89 
  0x000002126a080d08: 5424 204c | 8b54 2450 | 4c89 5424 | 284c 8b54 | 2440 4c89 | 5424 3044 | 8b54 2448 | 4489 5424 
  0x000002126a080d28: 3844 8b54 | 2470 4489 | 5424 5844 | 8954 245c | 4889 4424 | 6066 6690 

  0x000002126a080d40: ;   {runtime_call UncommonTrapBlob}
  0x000002126a080d40: c5f8 77e8 

  0x000002126a080d44: ; ImmutableOopMap {rbp=Oop [32]=Oop [40]=Oop [56]=NarrowOop [88]=NarrowOop [92]=NarrowOop [96]=Oop [104]=NarrowOop [108]=NarrowOop [192]=Oop }
                      ;*ifnull {reexecute=1 rethrow=0 return_oop=0}
                      ; - (reexecute) java.util.jar.JarFile::maybeInstantiateVerifier@27
                      ; - java.util.jar.JarFile::ensureInitialization@1
                      ; - java.util.jar.JavaUtilJarAccessImpl::ensureInitialization@1
                      ; - jdk.internal.loader.URLClassPath$JarLoader$2::getManifest@10
                      ; - java.net.URLClassLoader::defineClass@34
                      ; - java.net.URLClassLoader$1::run@43
                      ; - java.net.URLClassLoader$1::run@1
  0x000002126a080d44: 3836 86ff 

  0x000002126a080d48: ;   {other}
  0x000002126a080d48: 0f1f 8400 | 387a 00ac | ba45 ffff | ff4c 8b54 | 2458 4c89 | 5424 204c | 8b54 2460 | 4c89 5424 
  0x000002126a080d68: 284c 8b54 | 2440 4c89 | 5424 3844 | 8b5c 2448 | 4489 5c24 | 4044 8944 | 2460 6690 

  0x000002126a080d84: ;   {runtime_call UncommonTrapBlob}
  0x000002126a080d84: c5f8 77e8 

  0x000002126a080d88: ; ImmutableOopMap {rbp=NarrowOop [32]=Oop [40]=Oop [64]=NarrowOop [80]=Oop [96]=NarrowOop [104]=NarrowOop [108]=NarrowOop [112]=NarrowOop [192]=Oop }
                      ;*ifnull {reexecute=1 rethrow=0 return_oop=0}
                      ; - (reexecute) java.util.jar.JarFile::ensureInitialization@21
                      ; - java.util.jar.JavaUtilJarAccessImpl::ensureInitialization@1
                      ; - jdk.internal.loader.URLClassPath$JarLoader$2::getManifest@10
                      ; - java.net.URLClassLoader::defineClass@34
                      ; - java.net.URLClassLoader$1::run@43
                      ; - java.net.URLClassLoader$1::run@1
  0x000002126a080d88: f435 86ff 

  0x000002126a080d8c: ;   {other}
  0x000002126a080d8c: 0f1f 8400 | 7c7a 00ad | 4489 9424 | 8000 0000 | 4489 5c24 | 6c48 895c | 2478 4c89 | 4c24 7048 
  0x000002126a080dac: 894c 2428 

  0x000002126a080db0: ;   {metadata('java/lang/String')}
  0x000002126a080db0: 48ba 78e8 | 0000 1202 | 0000 488b | ee66 6690 

  0x000002126a080dc0: ;   {runtime_call _new_instance_Java}
  0x000002126a080dc0: c5f8 77e8 

  0x000002126a080dc4: ; ImmutableOopMap {rbp=Oop [32]=Oop [40]=Oop [48]=Oop [56]=Oop [72]=Oop [80]=Oop [88]=Oop [96]=Oop [104]=NarrowOop [108]=NarrowOop [112]=Oop [120]=Oop [148]=NarrowOop [152]=NarrowOop }
                      ;*new {reexecute=0 rethrow=0 return_oop=1}
                      ; - java.lang.StringConcatHelper::simpleConcat@17
                      ; - java.lang.String::concat@11
                      ; - java.net.URLClassLoader::isSealed@15
                      ; - java.net.URLClassLoader::getAndVerifyPackage@68
                      ; - java.net.URLClassLoader::defineClass@46
                      ; - java.net.URLClassLoader$1::run@43
                      ; - java.net.URLClassLoader$1::run@1
  0x000002126a080dc4: 3813 93ff 

  0x000002126a080dc8: ;   {other}
  0x000002126a080dc8: 0f1f 8400 | b87a 00ae | 488b 4c24 | 284c 8b4c | 2470 488b | 5c24 7844 | 8b5c 246c | 448b 9424 
  0x000002126a080de8: 8000 0000 | e90e caff | ff2b d689 | 9424 9000 | 0000 4889 | 8c24 a000 | 0000 4c89 | 6c24 70e9 
  0x000002126a080e08: 01f3 ffff | c647 0c01 | f083 4424 | c000 488d | 8424 f000 | 0000 4883 | 3800 0f84 | 7900 0000 
  0x000002126a080e28: 4d8b 1041 | f6c2 020f | 8462 0000 | 0049 83ba | 8600 0000 | 0074 0949 | ff8a 8600 | 0000 eb4b 
  0x000002126a080e48: 498b 8296 | 0000 0049 | 0b82 8e00 | 0000 750a | 49c7 423e | 0000 0000 | eb3d 4983 | ba9e 0000 
  0x000002126a080e68: 0000 7422 | 4833 c049 | c742 3e00 | 0000 00f0 | 8304 2400 | 4983 ba9e | 0000 0000 | 750d f04d 
  0x000002126a080e88: 0fb1 7a3e | 7505 83c8 | 01eb 0ca8 | 00eb 084c | 8b10 f04d | 0fb1 1075 | 0a49 ff8f | 5005 0000 
  0x000002126a080ea8: 4533 d20f | 853b 0800 | 0044 8b57 | 1845 85d2 | 7421 488b | ef89 7424 | 3c49 8bd2 

  0x000002126a080ec4: ;   {optimized virtual_call}
  0x000002126a080ec4: c5f8 77e8 

  0x000002126a080ec8: ; ImmutableOopMap {rbp=Oop [32]=Oop [40]=Oop [72]=Oop [80]=NarrowOop [88]=Oop [96]=Oop [104]=Oop [148]=NarrowOop [152]=NarrowOop }
                      ;*invokevirtual close {reexecute=0 rethrow=0 return_oop=0}
                      ; - java.io.FileInputStream::close@50
                      ; - jdk.internal.loader.Resource::getBytes@183
                      ; - java.net.URLClassLoader::defineClass@179
                      ; - java.net.URLClassLoader$1::run@43
                      ; - java.net.URLClassLoader$1::run@1
  0x000002126a080ec8: b4db 85ff 

  0x000002126a080ecc: ;   {other}
  0x000002126a080ecc: 0f1f 8400 | bc7b 00af | 8b74 243c | 488b fd8b | 6f10 498b | 87b8 0100 | 004c 8bd0 | 4983 c210 
  0x000002126a080eec: 4d3b 97c8 | 0100 000f | 836f 0600 | 004d 8997 | b801 0000 | 410f 1882 | 0001 0000 | 48c7 0001 
  0x000002126a080f0c: ;   {metadata('java/io/FileInputStream$1')}
  0x000002126a080f0c: 0000 00c7 | 4008 9099 | 1b00 4489 | 600c 8974 | 243c 4889 | 7c24 304c | 8bd0 4c89 | 5424 7049 
  0x000002126a080f2c: 8bd2 4c8b | 4424 3090 

  0x000002126a080f34: ;   {optimized virtual_call}
  0x000002126a080f34: c5f8 77e8 

  0x000002126a080f38: ; ImmutableOopMap {rbp=NarrowOop [32]=Oop [40]=Oop [72]=Oop [80]=NarrowOop [88]=Oop [96]=Oop [104]=Oop [112]=Oop [148]=NarrowOop [152]=NarrowOop }
                      ;*invokespecial <init> {reexecute=0 rethrow=0 return_oop=0}
                      ; - java.io.FileInputStream::close@62
                      ; - jdk.internal.loader.Resource::getBytes@183
                      ; - java.net.URLClassLoader::defineClass@179
                      ; - java.net.URLClassLoader$1::run@43
                      ; - java.net.URLClassLoader$1::run@1
  0x000002126a080f38: 6a1c 0000 

  0x000002126a080f3c: ;   {other}
  0x000002126a080f3c: 0f1f 8400 | 2c7c 00b0 | 85ed 0f84 | 7507 0000 | 488b d54c | 8b44 2470 

  0x000002126a080f54: ;   {optimized virtual_call}
  0x000002126a080f54: c5f8 77e8 

  0x000002126a080f58: ; ImmutableOopMap {[32]=Oop [40]=Oop [72]=Oop [80]=NarrowOop [88]=Oop [96]=Oop [104]=Oop [148]=NarrowOop [152]=NarrowOop }
                      ;*invokevirtual closeAll {reexecute=0 rethrow=0 return_oop=0}
                      ; - java.io.FileInputStream::close@65
                      ; - jdk.internal.loader.Resource::getBytes@183
                      ; - java.net.URLClassLoader::defineClass@179
                      ; - java.net.URLClassLoader$1::run@43
                      ; - java.net.URLClassLoader$1::run@1
  0x000002126a080f58: 644c 3ef8 

  0x000002126a080f5c: ;   {other}
  0x000002126a080f5c: 0f1f 8400 | 4c7c 00b1 | 8b74 243c | e98f c6ff | ff49 63d8 | e9fd c4ff | ff48 83c3 | fe48 8bcb 
  0x000002126a080f7c: 4833 c048 | 83f9 087f | 1048 ffc9 | 784f 4889 | 04cf 48ff | c97d f7eb | 44c5 fdef | c0e9 0d00 
  0x000002126a080f9c: 0000 c5fe | 7f07 c5fe | 7f47 2048 | 83c7 4048 | 83e9 087d | ed48 83c1 | 047c 0cc5 | fe7f 0748 
  0x000002126a080fbc: 83c7 2048 | 83e9 0448 | 83c1 047e | 1048 ffc9 | c5f9 d607 | 4883 c708 | 48ff c97d | f3e9 7ec5 
  0x000002126a080fdc: ffff 8bee | 4889 4c24 | 2844 8954 | 2420 eb0c | 8bee 4889 | 4c24 2844 | 8954 2420 | bacc ffff 
  0x000002126a080ffc: ff4c 8b54 | 2458 4c89 | 5424 304c | 8b54 2460 | 4c89 5424 | 3844 8b54 | 2450 4489 | 5424 244c 
  0x000002126a08101c: 8b54 2468 | 4c89 5424 | 584c 896c | 2460 448b | 5424 5444 | 8954 2450 | 4489 4c24 | 5444 8944 
  0x000002126a08103c: 246c 6690 

  0x000002126a081040: ;   {runtime_call UncommonTrapBlob}
  0x000002126a081040: c5f8 77e8 

  0x000002126a081044: ; ImmutableOopMap {[36]=NarrowOop [40]=Oop [48]=Oop [56]=Oop [88]=Oop [96]=Oop [148]=NarrowOop [152]=NarrowOop }
                      ;*newarray {reexecute=1 rethrow=0 return_oop=0}
                      ; - (reexecute) java.util.Arrays::copyOf@15
                      ; - jdk.internal.loader.Resource::getBytes@94
                      ; - java.net.URLClassLoader::defineClass@179
                      ; - java.net.URLClassLoader$1::run@43
                      ; - java.net.URLClassLoader$1::run@1
  0x000002126a081044: 3833 86ff 

  0x000002126a081048: ;   {other}
  0x000002126a081048: 0f1f 8400 | 387d 00b2 | c4e1 f96e | cfc4 e1f9 | 6ec0 8974 | 2424 4c89 | 5c24 3044 | 8954 2420 
  0x000002126a081068: 458b f14c | 63c5 4d8d | 5010 4d8b | da49 83e3 | f848 8bfa | 4903 fb48 | 8bea 49c1 | ea03 492b 
  0x000002126a081088: da48 8bcb | 4833 c048 | 83f9 087f | 1048 ffc9 | 784f 4889 | 04cf 48ff | c97d f7eb | 44c5 edef 
  0x000002126a0810a8: d2e9 0d00 | 0000 c5fe | 7f17 c5fe | 7f57 2048 | 83c7 4048 | 83e9 087d | ed48 83c1 | 047c 0cc5 
  0x000002126a0810c8: fe7f 1748 | 83c7 2048 | 83e9 0448 | 83c1 047e | 1048 ffc9 | c5f9 d617 | 4883 c708 | 48ff c97d 
  0x000002126a0810e8: f3c4 e1f9 | 7ec1 c4e1 | f97e cac5 | f877 49ba | c044 8c69 | 1202 0000 

  0x000002126a081100: ;   {other}
  0x000002126a081100: 41ff d20f | 1f84 0000 | 0000 0045 | 8bce 448b | 5424 204c | 8b5c 2430 | 8b74 2424 | 488b d5e9 
  0x000002126a081120: d4ef ffff | 8944 2424 | 488b ac24 | 8000 0000 | ba45 ffff | ff4c 8b54 | 2458 4c89 | 5424 284c 
  0x000002126a081140: 8b54 2460 | 4c89 5424 | 304c 8b54 | 2440 4c89 | 5424 3844 | 8b5c 2450 | 4489 5c24 | 4066 6690 
  0x000002126a081160: ;   {runtime_call UncommonTrapBlob}
  0x000002126a081160: c5f8 77e8 

  0x000002126a081164: ; ImmutableOopMap {rbp=Oop [40]=Oop [48]=Oop [64]=NarrowOop [104]=Oop [112]=Oop [148]=NarrowOop [152]=NarrowOop }
                      ;*ifge {reexecute=1 rethrow=0 return_oop=0}
                      ; - (reexecute) jdk.internal.loader.Resource::getBytes@135
                      ; - java.net.URLClassLoader::defineClass@179
                      ; - java.net.URLClassLoader$1::run@43
                      ; - java.net.URLClassLoader$1::run@1
  0x000002126a081164: 1832 86ff 

  0x000002126a081168: ;   {other}
  0x000002126a081168: 0f1f 8400 | 587e 00b3 | 4489 5424 | 2489 7424 | 2048 8be9 | ba45 ffff | ff4c 8b54 | 2458 4c89 
  0x000002126a081188: 5424 284c | 8b54 2460 | 4c89 5424 | 304c 8b54 | 2440 4c89 | 5424 3844 | 8b54 2450 | 4489 5424 
  0x000002126a0811a8: 404c 896c | 2460 4489 | 4c24 5090 

  0x000002126a0811b4: ;   {runtime_call UncommonTrapBlob}
  0x000002126a0811b4: c5f8 77e8 

  0x000002126a0811b8: ; ImmutableOopMap {rbp=Oop [40]=Oop [48]=Oop [64]=NarrowOop [96]=Oop [104]=Oop [148]=NarrowOop [152]=NarrowOop }
                      ;*ifge {reexecute=1 rethrow=0 return_oop=0}
                      ; - (reexecute) jdk.internal.loader.Resource::getBytes@78
                      ; - java.net.URLClassLoader::defineClass@179
                      ; - java.net.URLClassLoader$1::run@43
                      ; - java.net.URLClassLoader$1::run@1
  0x000002126a0811b8: c431 86ff 

  0x000002126a0811bc: ;   {other}
  0x000002126a0811bc: 0f1f 8400 | ac7e 00b4 | baf6 ffff | ff4c 8b54 | 2440 4c89 | 5424 2844 | 8b44 2450 | 4489 4424 
  0x000002126a0811dc: 3044 895c | 243c 6690 

  0x000002126a0811e4: ;   {runtime_call UncommonTrapBlob}
  0x000002126a0811e4: c5f8 77e8 

  0x000002126a0811e8: ; ImmutableOopMap {[48]=NarrowOop [88]=Oop [96]=Oop [104]=Oop [112]=Oop [148]=NarrowOop [152]=NarrowOop }
                      ;*invokevirtual length {reexecute=0 rethrow=0 return_oop=0}
                      ; - jdk.internal.loader.URLClassPath$FileLoader$1::getContentLength@4
                      ; - jdk.internal.loader.Resource::getBytes@10
                      ; - java.net.URLClassLoader::defineClass@179
                      ; - java.net.URLClassLoader$1::run@43
                      ; - java.net.URLClassLoader$1::run@1
  0x000002126a0811e8: 9431 86ff 

  0x000002126a0811ec: ;   {other}
  0x000002126a0811ec: 0f1f 8400 | dc7e 00b5 | bac6 ffff | ff48 897c | 2428 4c8b | 5c24 404c | 895c 2430 | 4489 5424 
  0x000002126a08120c: 3848 897c | 2440 6690 

  0x000002126a081214: ;   {runtime_call UncommonTrapBlob}
  0x000002126a081214: c5f8 77e8 

  0x000002126a081218: ; ImmutableOopMap {[40]=Oop [64]=Oop [88]=Oop [148]=NarrowOop [152]=NarrowOop }
                      ;*invokevirtual getCodeSourceURL {reexecute=0 rethrow=0 return_oop=0}
                      ; - java.net.URLClassLoader::defineClass@13
                      ; - java.net.URLClassLoader$1::run@43
                      ; - java.net.URLClassLoader$1::run@1
  0x000002126a081218: 6431 86ff 

  0x000002126a08121c: ;   {other}
  0x000002126a08121c: 0f1f 8400 | 0c7f 00b6 | bac6 ffff | ff4c 895c | 2428 4c8b | 5424 404c | 8954 2430 | 4c89 5c24 
  0x000002126a08123c: 4066 6690 

  0x000002126a081240: ;   {runtime_call UncommonTrapBlob}
  0x000002126a081240: c5f8 77e8 

  0x000002126a081244: ; ImmutableOopMap {[40]=Oop [64]=Oop [80]=NarrowOop [88]=Oop [148]=NarrowOop [152]=NarrowOop }
                      ;*invokevirtual getBytes {reexecute=0 rethrow=0 return_oop=0}
                      ; - java.net.URLClassLoader::defineClass@179
                      ; - java.net.URLClassLoader$1::run@43
                      ; - java.net.URLClassLoader$1::run@1
  0x000002126a081244: 3831 86ff 

  0x000002126a081248: ;   {other}
  0x000002126a081248: 0f1f 8400 | 387f 00b7 | 4863 ea81 | fa00 0010 | 000f 87a5 | 0300 0049 | 8bbf b801 | 0000 4c8d 
  0x000002126a081268: 4517 4983 | e0f8 488b | df49 03d8 | 493b 9fc8 | 0100 000f | 8383 0300 | 0049 899f | b801 0000 
  0x000002126a081288: 0f18 8300 | 0100 0048 | c707 0100 | 0000 0f18 | 8340 0100 

  0x000002126a08129c: ;   {metadata({type array byte})}
  0x000002126a08129c: 00c7 4708 | 1823 0000 | 8957 0c0f | 1883 8001 | 0000 4c89 | 6c24 7044 | 894c 2478 | 4489 5424 
  0x000002126a0812bc: 204c 895c | 2430 8974 | 2424 4889 | 8424 8000 | 0000 4889 | ac24 8800 | 0000 488b | d748 83c2 
  0x000002126a0812dc: 104c 8b94 | 2488 0000 | 0049 83c2 | 0749 c1ea | 0348 8b8c | 2480 0000 | 004d 8bc2 | c5f8 7749 
  0x000002126a0812fc: ba60 4b8c | 6912 0200 | 0041 ffd2 

  0x000002126a081308: ;   {other}
  0x000002126a081308: 0f1f 8400 | 0000 0000 | 4c8b 6c24 | 7044 8b4c | 2478 448b | 5424 204c | 8b5c 2430 | 8b74 2424 
  0x000002126a081328: 488b d7e9 | c8ed ffff | ba45 ffff | ff4c 8b54 | 2458 4c89 | 5424 204c | 8b54 2460 | 4c89 5424 
  0x000002126a081348: 284c 8b54 | 2440 4c89 | 5424 3044 | 8b5c 2450 | 4489 5c24 | 384c 8b54 | 2468 4c89 | 5424 5048 
  0x000002126a081368: 894c 2460 

  0x000002126a08136c: ;   {runtime_call UncommonTrapBlob}
  0x000002126a08136c: c5f8 77e8 

  0x000002126a081370: ; ImmutableOopMap {[32]=Oop [40]=Oop [56]=NarrowOop [80]=Oop [96]=Oop [104]=Oop [112]=Oop [148]=NarrowOop [152]=NarrowOop }
                      ;*ifeq {reexecute=1 rethrow=0 return_oop=0}
                      ; - (reexecute) java.lang.Thread::getAndClearInterrupt@6
                      ; - java.lang.Thread::interrupted@3
                      ; - jdk.internal.loader.Resource::getBytes@5
                      ; - java.net.URLClassLoader::defineClass@179
                      ; - java.net.URLClassLoader$1::run@43
                      ; - java.net.URLClassLoader$1::run@1
  0x000002126a081370: 0c30 86ff 

  0x000002126a081374: ;   {other}
  0x000002126a081374: 0f1f 8400 | 6480 00b8 | ba45 ffff | ff48 8b6c | 2458 4c8b | 5424 404c | 8954 2428 | 448b 5424 
  0x000002126a081394: 5044 8954 | 2430 4889 | 4c24 4844 | 894c 2450 

  0x000002126a0813a4: ;   {runtime_call UncommonTrapBlob}
  0x000002126a0813a4: c5f8 77e8 

  0x000002126a0813a8: ; ImmutableOopMap {rbp=Oop [48]=NarrowOop [72]=Oop [96]=Oop [104]=Oop [112]=Oop [148]=NarrowOop [152]=NarrowOop }
                      ;*if_icmpne {reexecute=1 rethrow=0 return_oop=0}
                      ; - (reexecute) jdk.internal.loader.Resource::getBytes@36
                      ; - java.net.URLClassLoader::defineClass@179
                      ; - java.net.URLClassLoader$1::run@43
                      ; - java.net.URLClassLoader$1::run@1
  0x000002126a0813a8: d42f 86ff 

  0x000002126a0813ac: ;   {other}
  0x000002126a0813ac: 0f1f 8400 | 9c80 00b9 | be01 0000 | 00ba 45ff | ffff 4c8b | 5424 404c | 8954 2430 | 8974 2444 
  0x000002126a0813cc: ;   {runtime_call UncommonTrapBlob}
  0x000002126a0813cc: c5f8 77e8 

  0x000002126a0813d0: ; ImmutableOopMap {[32]=Oop [80]=NarrowOop [88]=Oop [96]=Oop [104]=Oop [148]=NarrowOop [152]=NarrowOop }
                      ;*ifeq {reexecute=1 rethrow=0 return_oop=0}
                      ; - (reexecute) jdk.internal.loader.Resource::getBytes@199
                      ; - java.net.URLClassLoader::defineClass@179
                      ; - java.net.URLClassLoader$1::run@43
                      ; - java.net.URLClassLoader$1::run@1
  0x000002126a0813d0: ac2f 86ff 

  0x000002126a0813d4: ;   {other}
  0x000002126a0813d4: 0f1f 8400 | c480 00ba | 4889 ac24 | 8800 0000 | 4889 8424 | 8000 0000 | 4489 5424 | 3444 8bd2 
  0x000002126a0813f4: 8974 2430 | 4c89 5c24 | 2044 894c | 2478 488b | e94c 896c 

  0x000002126a081408: ;   {metadata({type array byte})}
  0x000002126a081408: 2470 48ba | 1823 0000 | 1202 0000 | 458b c290 

  0x000002126a081418: ;   {runtime_call _new_array_nozero_Java}
  0x000002126a081418: c5f8 77e8 

  0x000002126a08141c: ; ImmutableOopMap {rbp=Oop [128]=Derived_oop_rbp [32]=Oop [40]=Oop [56]=Oop [72]=Oop [80]=NarrowOop [88]=Oop [96]=Oop [104]=Oop [112]=Oop [148]=NarrowOop [152]=NarrowOop }
                      ;*invokevirtual clone {reexecute=1 rethrow=0 return_oop=1}
                      ; - (reexecute) java.util.Arrays::copyOf@7
                      ; - jdk.internal.loader.Resource::getBytes@94
                      ; - java.net.URLClassLoader::defineClass@179
                      ; - java.net.URLClassLoader$1::run@43
                      ; - java.net.URLClassLoader$1::run@1
  0x000002126a08141c: e012 93ff 

  0x000002126a081420: ;   {other}
  0x000002126a081420: 0f1f 8400 | 1081 00bb | 488b f8e9 | 22dd ffff | 4c89 b424 | a800 0000 | 4889 9c24 | a000 0000 
  0x000002126a081440: 4889 8424 | 8800 0000 | 8974 247c | 4c89 9c24 | 8000 0000 | 4489 4424 | 7844 8954 | 2434 4489 
  0x000002126a081460: 4c24 3048 | 894c 2420 | 4c89 6c24 

  0x000002126a08146c: ;   {metadata({type array byte})}
  0x000002126a08146c: 7048 ba18 | 2300 0012 | 0200 0090 

  0x000002126a081478: ;   {runtime_call _new_array_nozero_Java}
  0x000002126a081478: c5f8 77e8 

  0x000002126a08147c: ; ImmutableOopMap {[32]=Oop [136]=Derived_oop_[32] [40]=Oop [56]=Oop [72]=Oop [80]=NarrowOop [88]=Oop [96]=Oop [104]=Oop [112]=Oop [128]=Oop [148]=NarrowOop [152]=NarrowOop }
                      ;*newarray {reexecute=0 rethrow=0 return_oop=1}
                      ; - java.util.Arrays::copyOf@15
                      ; - jdk.internal.loader.Resource::getBytes@94
                      ; - java.net.URLClassLoader::defineClass@179
                      ; - java.net.URLClassLoader$1::run@43
                      ; - java.net.URLClassLoader$1::run@1
  0x000002126a08147c: 8012 93ff 

  0x000002126a081480: ;   {other}
  0x000002126a081480: 0f1f 8400 | 7081 00bc | 488b c84c | 8b6c 2470 | 448b 4c24 | 3044 8b54 | 2434 448b | 4424 784c 
  0x000002126a0814a0: 8b9c 2480 | 0000 008b | 7424 7c48 | 8b84 2488 | 0000 0048 | 8b9c 24a0 | 0000 004c | 8bb4 24a8 
  0x000002126a0814c0: 0000 0048 | 8bd1 e9bd | ebff ff49 | 63d8 e93b | ebff ff48 | 83c3 fe48 | 8bcb 4833 | c048 83f9 
  0x000002126a0814e0: 087f 1048 | ffc9 784f | 4889 04cf | 48ff c97d | f7eb 44c5 | fdef c0e9 | 0d00 0000 | c5fe 7f07 
  0x000002126a081500: c5fe 7f47 | 2048 83c7 | 4048 83e9 | 087d ed48 | 83c1 047c | 0cc5 fe7f | 0748 83c7 | 2048 83e9 
  0x000002126a081520: 0448 83c1 | 047e 1048 | ffc9 c5f9 | d607 4883 | c708 48ff | c97d f3e9 | bceb ffff | 8bee e99d 
  0x000002126a081540: faff ff8b | eee9 a4fa | ffff 488b | ac24 a000 | 0000 e9d9 | fbff ff44 | 8954 2424 | 8974 2420 
  0x000002126a081560: 488b e9e9 | 14fc ffff | 4889 7c24 | 3089 7424 

  0x000002126a081570: ;   {metadata('java/io/FileInputStream$1')}
  0x000002126a081570: 3c48 ba90 | 991b 0012 | 0200 0090 

  0x000002126a08157c: ;   {runtime_call _new_instance_Java}
  0x000002126a08157c: c5f8 77e8 

  0x000002126a081580: ; ImmutableOopMap {rbp=NarrowOop [32]=Oop [40]=Oop [48]=Oop [72]=Oop [80]=NarrowOop [88]=Oop [96]=Oop [104]=Oop [148]=NarrowOop [152]=NarrowOop }
                      ;*new {reexecute=0 rethrow=0 return_oop=1}
                      ; - java.io.FileInputStream::close@57
                      ; - jdk.internal.loader.Resource::getBytes@183
                      ; - java.net.URLClassLoader::defineClass@179
                      ; - java.net.URLClassLoader$1::run@43
                      ; - java.net.URLClassLoader$1::run@1
  0x000002126a081580: 7c0b 93ff 

  0x000002126a081584: ;   {other}
  0x000002126a081584: 0f1f 8400 | 7482 00bd | e992 f9ff | ffba c6ff | ffff 4c8b | 5c24 404c | 895c 2430 | 448b 4424 
  0x000002126a0815a4: 5044 8944 | 2438 8974 | 2444 6690 

  0x000002126a0815b0: ;   {runtime_call UncommonTrapBlob}
  0x000002126a0815b0: c5f8 77e8 

  0x000002126a0815b4: ; ImmutableOopMap {[32]=Oop [56]=NarrowOop [88]=Oop [96]=Oop [104]=Oop [112]=Oop [148]=NarrowOop [152]=NarrowOop }
                      ;*invokevirtual close {reexecute=0 rethrow=0 return_oop=0}
                      ; - jdk.internal.loader.Resource::getBytes@183
                      ; - java.net.URLClassLoader::defineClass@179
                      ; - java.net.URLClassLoader$1::run@43
                      ; - java.net.URLClassLoader$1::run@1
  0x000002126a0815b4: c82d 86ff 

  0x000002126a0815b8: ;   {other}
  0x000002126a0815b8: 0f1f 8400 | a882 00be | ba76 ffff | ff48 8b6c | 2458 4c8b | 5424 404c | 8954 2428 | 448b 5424 
  0x000002126a0815d8: 5044 8954 | 2430 4889 | 4c24 4844 | 8b54 2454 | 4489 5424 | 3c44 894c | 2454 6690 

  0x000002126a0815f4: ;   {runtime_call UncommonTrapBlob}
  0x000002126a0815f4: c5f8 77e8 

  0x000002126a0815f8: ; ImmutableOopMap {rbp=Oop [48]=NarrowOop [72]=Oop [96]=Oop [104]=Oop [112]=Oop [148]=NarrowOop [152]=NarrowOop }
                      ;*if_icmpge {reexecute=1 rethrow=0 return_oop=0}
                      ; - (reexecute) jdk.internal.loader.Resource::getBytes@50
                      ; - java.net.URLClassLoader::defineClass@179
                      ; - java.net.URLClassLoader$1::run@43
                      ; - java.net.URLClassLoader$1::run@1
  0x000002126a0815f8: 842d 86ff 

  0x000002126a0815fc: ;   {other}
  0x000002126a0815fc: 0f1f 8400 | ec82 00bf | 4889 ac24 | 8800 0000 | 4889 8424 | 8000 0000 | 448b c289 | 7424 244c 
  0x000002126a08161c: 895c 2430 | 4489 5424 | 2044 894c | 2478 488b | e94c 896c 

  0x000002126a081630: ;   {metadata({type array byte})}
  0x000002126a081630: 2470 48ba | 1823 0000 | 1202 0000 

  0x000002126a08163c: ;   {runtime_call _new_array_nozero_Java}
  0x000002126a08163c: c5f8 77e8 

  0x000002126a081640: ; ImmutableOopMap {rbp=Oop [128]=Derived_oop_rbp [40]=Oop [48]=Oop [56]=Oop [72]=Oop [80]=NarrowOop [88]=Oop [96]=Oop [104]=Oop [112]=Oop [148]=NarrowOop [152]=NarrowOop }
                      ;*invokevirtual clone {reexecute=1 rethrow=0 return_oop=1}
                      ; - (reexecute) java.util.Arrays::copyOf@7
                      ; - jdk.internal.loader.Resource::getBytes@94
                      ; - java.net.URLClassLoader::defineClass@179
                      ; - java.net.URLClassLoader$1::run@43
                      ; - java.net.URLClassLoader$1::run@1
  0x000002126a081640: bc10 93ff 

  0x000002126a081644: ;   {other}
  0x000002126a081644: 0f1f 8400 | 3483 00c0 | 488b f8e9 | 82fc ffff | baf6 ffff | ff4c 8b54 | 2440 4c89 | 5424 3044 
  0x000002126a081664: 8b54 2450 | 4489 5424 | 3889 7424 | 4448 897c | 2450 6690 

  0x000002126a081678: ;   {runtime_call UncommonTrapBlob}
  0x000002126a081678: c5f8 77e8 

  0x000002126a08167c: ; ImmutableOopMap {[32]=Oop [56]=NarrowOop [80]=Oop [88]=Oop [96]=Oop [104]=Oop [148]=NarrowOop [152]=NarrowOop }
                      ;*monitorenter {reexecute=0 rethrow=0 return_oop=0}
                      ; - java.io.FileInputStream::close@14
                      ; - jdk.internal.loader.Resource::getBytes@183
                      ; - java.net.URLClassLoader::defineClass@179
                      ; - java.net.URLClassLoader$1::run@43
                      ; - java.net.URLClassLoader$1::run@1
  0x000002126a08167c: 002d 86ff 

  0x000002126a081680: ;   {other}
  0x000002126a081680: 0f1f 8400 | 7083 00c1 | 4c89 4424 | 3848 897c | 2430 8bee | 498b d04c | 8d84 24f0 | 0000 0090 
  0x000002126a0816a0: ;   {runtime_call _complete_monitor_locking_Java}
  0x000002126a0816a0: c5f8 77e8 

  0x000002126a0816a4: ; ImmutableOopMap {[32]=Oop [40]=Oop [48]=Oop [56]=Oop [72]=Oop [80]=NarrowOop [88]=Oop [96]=Oop [104]=Oop [148]=NarrowOop [152]=NarrowOop }
                      ;*monitorenter {reexecute=0 rethrow=0 return_oop=0}
                      ; - java.io.FileInputStream::close@14
                      ; - jdk.internal.loader.Resource::getBytes@183
                      ; - java.net.URLClassLoader::defineClass@179
                      ; - java.net.URLClassLoader$1::run@43
                      ; - java.net.URLClassLoader$1::run@1
  0x000002126a0816a4: d8de 92ff 

  0x000002126a0816a8: ;   {other}
  0x000002126a0816a8: 0f1f 8400 | 9883 00c2 | 8bf5 488b | 7c24 304c | 8b44 2438 | e9f6 e7ff | ffba f6ff | ffff 4c8b 
  0x000002126a0816c8: 5424 404c | 8954 2430 | 448b 5c24 | 5044 895c | 2438 6690 

  0x000002126a0816dc: ;   {runtime_call UncommonTrapBlob}
  0x000002126a0816dc: c5f8 77e8 

  0x000002126a0816e0: ; ImmutableOopMap {[32]=Oop [56]=NarrowOop [88]=Oop [96]=Oop [104]=Oop [112]=Oop [148]=NarrowOop [152]=NarrowOop }
                      ;*invokevirtual closeAll {reexecute=0 rethrow=0 return_oop=0}
                      ; - java.io.FileInputStream::close@65
                      ; - jdk.internal.loader.Resource::getBytes@183
                      ; - java.net.URLClassLoader::defineClass@179
                      ; - java.net.URLClassLoader$1::run@43
                      ; - java.net.URLClassLoader$1::run@1
  0x000002126a0816e0: 9c2c 86ff 

  0x000002126a0816e4: ;   {other}
  0x000002126a0816e4: 0f1f 8400 | d483 00c3 | 498b c848 | 8d94 24f0 | 0000 004d | 8bc7 c5f8 | 7749 ba40 | d917 43ff 
  0x000002126a081704: 7f00 0041 

  0x000002126a081708: ;   {other}
  0x000002126a081708: ffd2 0f1f | 8400 0000 | 0000 e99a | f7ff ffba | deff ffff | 4c8b 5424 | 584c 8954 | 2420 4c8b 
  0x000002126a081728: 5424 604c | 8954 2428 | 4c8b 5424 | 504c 8954 | 2430 4c8b | 5424 404c | 8954 2438 | 448b 5424 
  0x000002126a081748: 684c 896c | 2458 4889 | 4c24 6044 | 8954 2444 | 4c89 6c24 | 6844 894c | 2478 4489 | 4c24 7c90 
  0x000002126a081768: ;   {runtime_call UncommonTrapBlob}
  0x000002126a081768: c5f8 77e8 

  0x000002126a08176c: ; ImmutableOopMap {rbp=NarrowOop [32]=Oop [40]=Oop [48]=Oop [68]=NarrowOop [88]=Oop [96]=Oop [104]=Oop [120]=NarrowOop [124]=NarrowOop [152]=NarrowOop }
                      ;*checkcast {reexecute=0 rethrow=0 return_oop=0}
                      ; - java.lang.ClassLoader::getDefinedPackage@16
                      ; - java.net.URLClassLoader::getAndVerifyPackage@2
                      ; - java.net.URLClassLoader::defineClass@46
                      ; - java.net.URLClassLoader$1::run@43
                      ; - java.net.URLClassLoader$1::run@1
  0x000002126a08176c: 102c 86ff 

  0x000002126a081770: ;   {other}
  0x000002126a081770: 0f1f 8400 | 6084 00c4 | bade ffff | ff48 8b6c | 2458 4c8b | 5424 604c | 8954 2420 | 4c8b 5424 
  0x000002126a081790: 504c 8954 | 2428 4c8b | 5424 404c | 8954 2430 | 4c8b 9424 | 8000 0000 | 4c89 5424 | 404c 8b54 
  0x000002126a0817b0: 2470 4c89 | 5424 4844 | 8b5c 2468 | 4489 5c24 | 3c44 8b94 | 2494 0000 | 0044 8954 | 2468 4889 
  0x000002126a0817d0: 4424 7090 

  0x000002126a0817d4: ;   {runtime_call UncommonTrapBlob}
  0x000002126a0817d4: c5f8 77e8 

  0x000002126a0817d8: ; ImmutableOopMap {rbp=Oop [32]=Oop [40]=Oop [60]=NarrowOop [64]=Oop [72]=Oop [104]=NarrowOop [112]=Oop [148]=NarrowOop [152]=NarrowOop }
                      ;*checkcast {reexecute=0 rethrow=0 return_oop=0}
                      ; - java.lang.ClassLoader::definePackage@81
                      ; - java.lang.ClassLoader::getDefinedPackage@32
                      ; - java.net.URLClassLoader::getAndVerifyPackage@2
                      ; - java.net.URLClassLoader::defineClass@46
                      ; - java.net.URLClassLoader$1::run@43
                      ; - java.net.URLClassLoader$1::run@1
  0x000002126a0817d8: a42b 86ff 

  0x000002126a0817dc: ;   {other}
  0x000002126a0817dc: 0f1f 8400 | cc84 00c5 | bade ffff | ff4c 8b54 | 2458 4c89 | 5424 204c | 8b54 2460 | 4c89 5424 
  0x000002126a0817fc: 284c 8b54 | 2450 4c89 | 5424 304c | 8b54 2440 | 4c89 5424 | 3844 8b5c | 2468 4489 | 5c24 4048 
  0x000002126a08181c: 894c 2458 | 4889 5c24 | 604c 894c | 2468 4c89 | 4c24 7048 | 89b4 2480 | 0000 0090 

  0x000002126a081838: ;   {runtime_call UncommonTrapBlob}
  0x000002126a081838: c5f8 77e8 

  0x000002126a08183c: ; ImmutableOopMap {rbp=NarrowOop [32]=Oop [40]=Oop [48]=Oop [64]=NarrowOop [88]=Oop [96]=Oop [104]=Oop [112]=Oop [128]=Oop [148]=NarrowOop [152]=NarrowOop }
                      ;*checkcast {reexecute=0 rethrow=0 return_oop=0}
                      ; - java.util.jar.Manifest::getAttributes@10
                      ; - java.util.jar.Manifest::getTrustedAttributes@2
                      ; - java.util.jar.JavaUtilJarAccessImpl::getTrustedAttributes@2
                      ; - java.net.URLClassLoader::isSealed@18
                      ; - java.net.URLClassLoader::getAndVerifyPackage@68
                      ; - java.net.URLClassLoader::defineClass@46
                      ; - java.net.URLClassLoader$1::run@43
                      ; - java.net.URLClassLoader$1::run@1
  0x000002126a08183c: 402b 86ff 

  0x000002126a081840: ;   {other}
  0x000002126a081840: 0f1f 8400 | 3085 00c6 | bade ffff | ff4c 8b54 | 2458 4c89 | 5424 204c | 8b54 2460 | 4c89 5424 
  0x000002126a081860: 284c 8b54 | 2450 4c89 | 5424 304c | 8b54 2440 | 4c89 5424 | 3844 8b54 | 2468 4489 | 5424 404c 
  0x000002126a081880: 894c 2450 | 4889 4c24 | 5848 895c | 2460 6690 

  0x000002126a081890: ;   {runtime_call UncommonTrapBlob}
  0x000002126a081890: c5f8 77e8 

  0x000002126a081894: ; ImmutableOopMap {rbp=NarrowOop [32]=Oop [40]=Oop [48]=Oop [64]=NarrowOop [80]=Oop [88]=Oop [96]=Oop [148]=NarrowOop [152]=NarrowOop }
                      ;*checkcast {reexecute=0 rethrow=0 return_oop=0}
                      ; - java.util.jar.Attributes::getValue@5
                      ; - java.net.URLClassLoader::isSealed@58
                      ; - java.net.URLClassLoader::getAndVerifyPackage@68
                      ; - java.net.URLClassLoader::defineClass@46
                      ; - java.net.URLClassLoader$1::run@43
                      ; - java.net.URLClassLoader$1::run@1
  0x000002126a081894: e82a 86ff 

  0x000002126a081898: ;   {other}
  0x000002126a081898: 0f1f 8400 | 8885 00c7 | bade ffff | ff4c 8b54 | 2458 4c89 | 5424 204c | 8b54 2460 | 4c89 5424 
  0x000002126a0818b8: 284c 8b54 | 2450 4c89 | 5424 304c | 8b54 2440 | 4c89 5424 | 3844 8b5c | 2468 4c8b | 9424 8000 
  0x000002126a0818d8: 0000 4c89 | 5424 484c | 8b54 2470 | 4c89 5424 | 5044 895c | 2444 448b | 9c24 9400 | 0000 4489 
  0x000002126a0818f8: 5c24 7c44 | 899c 2480 | 0000 0090 

  0x000002126a081904: ;   {runtime_call UncommonTrapBlob}
  0x000002126a081904: c5f8 77e8 

  0x000002126a081908: ; ImmutableOopMap {rbp=NarrowOop [32]=Oop [40]=Oop [48]=Oop [68]=NarrowOop [72]=Oop [80]=Oop [120]=NarrowOop [124]=NarrowOop [128]=NarrowOop [152]=NarrowOop }
                      ;*checkcast {reexecute=0 rethrow=0 return_oop=0}
                      ; - java.lang.ClassLoader::definePackage@50
                      ; - java.lang.ClassLoader::getDefinedPackage@32
                      ; - java.net.URLClassLoader::getAndVerifyPackage@2
                      ; - java.net.URLClassLoader::defineClass@46
                      ; - java.net.URLClassLoader$1::run@43
                      ; - java.net.URLClassLoader$1::run@1
  0x000002126a081908: 742a 86ff 

  0x000002126a08190c: ;   {other}
  0x000002126a08190c: 0f1f 8400 | fc85 00c8 | bade ffff | ff4c 8b54 | 2458 4c89 | 5424 204c | 8b54 2450 | 4c89 5424 
  0x000002126a08192c: 304c 8b54 | 2440 4c89 | 5424 384c | 894c 2458 

  0x000002126a08193c: ;   {runtime_call UncommonTrapBlob}
  0x000002126a08193c: c5f8 77e8 

  0x000002126a081940: ; ImmutableOopMap {rbp=NarrowOop [32]=Oop [48]=Oop [88]=Oop [96]=Oop [104]=NarrowOop [148]=NarrowOop [152]=NarrowOop [192]=Oop }
                      ;*checkcast {reexecute=0 rethrow=0 return_oop=0}
                      ; - java.util.jar.JarFile::getManifestFromReference@14
                      ; - java.util.jar.JarFile::getManifest@1
                      ; - jdk.internal.loader.URLClassPath$JarLoader$2::getManifest@22
                      ; - java.net.URLClassLoader::defineClass@34
                      ; - java.net.URLClassLoader$1::run@43
                      ; - java.net.URLClassLoader$1::run@1
  0x000002126a081940: 3c2a 86ff 

  0x000002126a081944: ;   {other}
  0x000002126a081944: 0f1f 8400 | 3486 00c9 | baf6 ffff | ff48 8b6c | 2458 6690 

  0x000002126a081958: ;   {runtime_call UncommonTrapBlob}
  0x000002126a081958: c5f8 77e8 

  0x000002126a08195c: ; ImmutableOopMap {rbp=Oop }
                      ;*invokevirtual replace {reexecute=0 rethrow=0 return_oop=0}
                      ; - java.net.URLClassLoader$1::run@8
                      ; - java.net.URLClassLoader$1::run@1
  0x000002126a08195c: 202a 86ff 

  0x000002126a081960: ;   {other}
  0x000002126a081960: 0f1f 8400 | 5086 00ca | baf6 ffff | ff48 8b6c | 2458 6690 

  0x000002126a081974: ;   {runtime_call UncommonTrapBlob}
  0x000002126a081974: c5f8 77e8 

  0x000002126a081978: ; ImmutableOopMap {rbp=Oop }
                      ;*arraylength {reexecute=0 rethrow=0 return_oop=0}
                      ; - java.lang.StringLatin1::replace@8
                      ; - java.lang.String::replace@18
                      ; - java.net.URLClassLoader$1::run@8
                      ; - java.net.URLClassLoader$1::run@1
  0x000002126a081978: 042a 86ff 

  0x000002126a08197c: ;   {other}
  0x000002126a08197c: 0f1f 8400 | 6c86 00cb | baf6 ffff | ff48 8944 | 2420 6690 

  0x000002126a081990: ;   {runtime_call UncommonTrapBlob}
  0x000002126a081990: c5f8 77e8 

  0x000002126a081994: ; ImmutableOopMap {[32]=Oop [88]=Oop }
                      ;*getfield ucp {reexecute=1 rethrow=0 return_oop=0}
                      ; - (reexecute) java.net.URLClassLoader$1::run@21
                      ; - java.net.URLClassLoader$1::run@1
  0x000002126a081994: e829 86ff 

  0x000002126a081998: ;   {other}
  0x000002126a081998: 0f1f 8400 | 8886 00cc | baf6 ffff | ff48 897c | 2428 6690 

  0x000002126a0819ac: ;   {runtime_call UncommonTrapBlob}
  0x000002126a0819ac: c5f8 77e8 

  0x000002126a0819b0: ; ImmutableOopMap {[40]=Oop [88]=Oop [148]=NarrowOop }
                      ;*invokevirtual lastIndexOf {reexecute=0 rethrow=0 return_oop=0}
                      ; - java.net.URLClassLoader::defineClass@7
                      ; - java.net.URLClassLoader$1::run@43
                      ; - java.net.URLClassLoader$1::run@1
  0x000002126a0819b0: cc29 86ff 

  0x000002126a0819b4: ;   {other}
  0x000002126a0819b4: 0f1f 8400 | a486 00cd | baf6 ffff | ff48 897c | 2428 6690 

  0x000002126a0819c8: ;   {runtime_call UncommonTrapBlob}
  0x000002126a0819c8: c5f8 77e8 

  0x000002126a0819cc: ; ImmutableOopMap {[40]=Oop [88]=Oop [148]=NarrowOop [152]=NarrowOop }
                      ;*arraylength {reexecute=0 rethrow=0 return_oop=0}
                      ; - java.lang.String::length@4
                      ; - java.lang.String::lastIndexOf@3
                      ; - java.net.URLClassLoader::defineClass@7
                      ; - java.net.URLClassLoader$1::run@43
                      ; - java.net.URLClassLoader$1::run@1
  0x000002126a0819cc: b029 86ff 

  0x000002126a0819d0: ;   {other}
  0x000002126a0819d0: 0f1f 8400 | c086 00ce | baf4 ffff | ff4c 8b54 | 2460 4c89 | 5424 284c | 8b54 2440 | 4c89 5424 
  0x000002126a0819f0: 3066 6690 

  0x000002126a0819f4: ;   {runtime_call UncommonTrapBlob}
  0x000002126a0819f4: c5f8 77e8 

  0x000002126a0819f8: ; ImmutableOopMap {[40]=Oop [80]=NarrowOop [88]=Oop [96]=Oop [148]=NarrowOop [152]=NarrowOop }
                      ;*instanceof {reexecute=0 rethrow=0 return_oop=0}
                      ; - jdk.internal.loader.Resource::getByteBuffer@6
                      ; - java.net.URLClassLoader::defineClass@132
                      ; - java.net.URLClassLoader$1::run@43
                      ; - java.net.URLClassLoader$1::run@1
  0x000002126a0819f8: 8429 86ff 

  0x000002126a0819fc: ;   {other}
  0x000002126a0819fc: 0f1f 8400 | ec86 00cf | baf6 ffff | ff4c 8b54 | 2430 4c89 | 5424 2890 

  0x000002126a081a14: ;   {runtime_call UncommonTrapBlob}
  0x000002126a081a14: c5f8 77e8 

  0x000002126a081a18: ; ImmutableOopMap {[40]=Oop [88]=Oop [96]=Oop [148]=NarrowOop [152]=NarrowOop }
                      ;*arraylength {reexecute=0 rethrow=0 return_oop=0}
                      ; - java.net.URLClassLoader::defineClass@217
                      ; - java.net.URLClassLoader$1::run@43
                      ; - java.net.URLClassLoader$1::run@1
  0x000002126a081a18: 6429 86ff 

  0x000002126a081a1c: ;   {other}
  0x000002126a081a1c: 0f1f 8400 | 0c87 00d0 | baf6 ffff | ff48 897c | 2420 4c89 | 5424 284c | 8b54 2440 | 4c89 5424 
  0x000002126a081a3c: 3044 8944 | 2438 6690 

  0x000002126a081a44: ;   {runtime_call UncommonTrapBlob}
  0x000002126a081a44: c5f8 77e8 

  0x000002126a081a48: ; ImmutableOopMap {[32]=Oop [40]=Oop [56]=NarrowOop [88]=Oop [148]=NarrowOop [152]=NarrowOop [192]=Oop }
                      ;*getfield jar {reexecute=1 rethrow=0 return_oop=0}
                      ; - (reexecute) jdk.internal.loader.URLClassPath$JarLoader$2::getManifest@7
                      ; - java.net.URLClassLoader::defineClass@34
                      ; - java.net.URLClassLoader$1::run@43
                      ; - java.net.URLClassLoader$1::run@1
  0x000002126a081a48: 3429 86ff 

  0x000002126a081a4c: ;   {other}
  0x000002126a081a4c: 0f1f 8400 | 3c87 00d1 | baf6 ffff | ff48 897c | 2420 4c89 | 5424 284c | 8b54 2440 | 4c89 5424 
  0x000002126a081a6c: 3044 8944 | 2438 6690 

  0x000002126a081a74: ;   {runtime_call UncommonTrapBlob}
  0x000002126a081a74: c5f8 77e8 

  0x000002126a081a78: ; ImmutableOopMap {[32]=Oop [40]=Oop [56]=NarrowOop [88]=Oop [148]=NarrowOop [152]=NarrowOop [192]=Oop }
                      ;*getfield jar {reexecute=1 rethrow=0 return_oop=0}
                      ; - (reexecute) jdk.internal.loader.URLClassPath$JarLoader$2::getManifest@19
                      ; - java.net.URLClassLoader::defineClass@34
                      ; - java.net.URLClassLoader$1::run@43
                      ; - java.net.URLClassLoader$1::run@1
  0x000002126a081a78: 0429 86ff 

  0x000002126a081a7c: ;   {other}
  0x000002126a081a7c: 0f1f 8400 | 6c87 00d2 | baf6 ffff | ff48 897c | 2420 4c89 | 5424 284c | 8b54 2440 | 4c89 5424 
  0x000002126a081a9c: 3044 8944 | 2438 6690 

  0x000002126a081aa4: ;   {runtime_call UncommonTrapBlob}
  0x000002126a081aa4: c5f8 77e8 

  0x000002126a081aa8: ; ImmutableOopMap {[32]=Oop [40]=Oop [56]=NarrowOop [88]=Oop [148]=NarrowOop [152]=NarrowOop [192]=Oop }
                      ;*invokevirtual getManifest {reexecute=0 rethrow=0 return_oop=0}
                      ; - jdk.internal.loader.URLClassPath$JarLoader$2::getManifest@22
                      ; - java.net.URLClassLoader::defineClass@34
                      ; - java.net.URLClassLoader$1::run@43
                      ; - java.net.URLClassLoader$1::run@1
  0x000002126a081aa8: d428 86ff 

  0x000002126a081aac: ;   {other}
  0x000002126a081aac: 0f1f 8400 | 9c87 00d3 | baf6 ffff | ff48 897c | 2420 4c8b | 5c24 404c | 895c 2428 | 4489 5424 
  0x000002126a081acc: 3048 8944 | 2440 6690 

  0x000002126a081ad4: ;   {runtime_call UncommonTrapBlob}
  0x000002126a081ad4: c5f8 77e8 

  0x000002126a081ad8: ; ImmutableOopMap {[32]=Oop [64]=Oop [88]=Oop [148]=NarrowOop [152]=NarrowOop }
                      ;*getfield csu {reexecute=1 rethrow=0 return_oop=0}
                      ; - (reexecute) jdk.internal.loader.URLClassPath$JarLoader$2::getCodeSourceURL@4
                      ; - java.net.URLClassLoader::defineClass@13
                      ; - java.net.URLClassLoader$1::run@43
                      ; - java.net.URLClassLoader$1::run@1
  0x000002126a081ad8: a428 86ff 

  0x000002126a081adc: ;   {other}
  0x000002126a081adc: 0f1f 8400 | cc87 00d4 | baf6 ffff | ff4c 8b54 | 2440 4c89 | 5424 284c | 895c 2440 

  0x000002126a081af8: ;   {runtime_call UncommonTrapBlob}
  0x000002126a081af8: c5f8 77e8 

  0x000002126a081afc: ; ImmutableOopMap {[64]=Oop [80]=NarrowOop [88]=Oop [96]=Oop [148]=NarrowOop [152]=NarrowOop }
                      ;*invokevirtual getCrc {reexecute=0 rethrow=0 return_oop=0}
                      ; - jdk.internal.loader.URLClassPath$JarLoader$2::getBytes@26
                      ; - java.net.URLClassLoader::defineClass@179
                      ; - java.net.URLClassLoader$1::run@43
                      ; - java.net.URLClassLoader$1::run@1
  0x000002126a081afc: 8028 86ff 

  0x000002126a081b00: ;   {other}
  0x000002126a081b00: 0f1f 8400 | f087 00d5 | baf4 ffff | ff48 897c | 2420 4c89 | 5424 284c | 8b54 2440 | 4c89 5424 
  0x000002126a081b20: 3044 8944 | 2438 4c89 | 4c24 5090 

  0x000002126a081b2c: ;   {runtime_call UncommonTrapBlob}
  0x000002126a081b2c: c5f8 77e8 

  0x000002126a081b30: ; ImmutableOopMap {[32]=Oop [40]=Oop [56]=NarrowOop [80]=Oop [88]=Oop [148]=NarrowOop [152]=NarrowOop [192]=Oop }
                      ;*checkcast {reexecute=0 rethrow=0 return_oop=0}
                      ; - java.util.jar.JarFile::getManifestFromReference@14
                      ; - java.util.jar.JarFile::getManifest@1
                      ; - jdk.internal.loader.URLClassPath$JarLoader$2::getManifest@22
                      ; - java.net.URLClassLoader::defineClass@34
                      ; - java.net.URLClassLoader$1::run@43
                      ; - java.net.URLClassLoader$1::run@1
  0x000002126a081b30: 4c28 86ff 

  0x000002126a081b34: ;   {other}
  0x000002126a081b34: 0f1f 8400 | 2488 00d6 | baf6 ffff | ff4c 8b54 | 2450 4c89 | 5424 284c | 8b54 2440 | 4c89 5424 
  0x000002126a081b54: 304c 896c | 2440 6690 

  0x000002126a081b5c: ;   {runtime_call UncommonTrapBlob}
  0x000002126a081b5c: c5f8 77e8 

  0x000002126a081b60: ; ImmutableOopMap {[40]=Oop [64]=Oop [88]=Oop [96]=Oop [104]=NarrowOop [112]=Oop [148]=NarrowOop [152]=NarrowOop }
                      ;*arraylength {reexecute=0 rethrow=0 return_oop=0}
                      ; - java.lang.String::isEmpty@4
                      ; - java.lang.ClassLoader::definePackage@1
                      ; - java.lang.ClassLoader::getDefinedPackage@32
                      ; - java.net.URLClassLoader::getAndVerifyPackage@2
                      ; - java.net.URLClassLoader::defineClass@46
                      ; - java.net.URLClassLoader$1::run@43
                      ; - java.net.URLClassLoader$1::run@1
  0x000002126a081b60: 1c28 86ff 

  0x000002126a081b64: ;   {other}
  0x000002126a081b64: 0f1f 8400 | 5488 00d7 | baf6 ffff | ff4c 8b54 | 2450 4c89 | 5424 284c | 8b54 2440 | 4c89 5424 
  0x000002126a081b84: 3066 6690 

  0x000002126a081b88: ;   {runtime_call UncommonTrapBlob}
  0x000002126a081b88: c5f8 77e8 

  0x000002126a081b8c: ; ImmutableOopMap {[40]=Oop [88]=Oop [96]=Oop [104]=NarrowOop [112]=Oop [128]=Oop [148]=NarrowOop [152]=NarrowOop }
                      ;*invokevirtual isNamed {reexecute=0 rethrow=0 return_oop=0}
                      ; - java.lang.Package::isSealed@4
                      ; - java.net.URLClassLoader::getAndVerifyPackage@14
                      ; - java.net.URLClassLoader::defineClass@46
                      ; - java.net.URLClassLoader$1::run@43
                      ; - java.net.URLClassLoader$1::run@1
  0x000002126a081b8c: f027 86ff 

  0x000002126a081b90: ;   {other}
  0x000002126a081b90: 0f1f 8400 | 8088 00d8 | baf6 ffff | ff4c 8b54 | 2450 4c89 | 5424 284c | 8b54 2440 | 4c89 5424 
  0x000002126a081bb0: 3066 6690 

  0x000002126a081bb4: ;   {runtime_call UncommonTrapBlob}
  0x000002126a081bb4: c5f8 77e8 

  0x000002126a081bb8: ; ImmutableOopMap {[40]=Oop [88]=Oop [96]=Oop [104]=NarrowOop [112]=Oop [128]=Oop [148]=NarrowOop [152]=NarrowOop }
                      ;*getfield sealBase {reexecute=1 rethrow=0 return_oop=0}
                      ; - (reexecute) java.lang.Package::isSealed@14
                      ; - java.net.URLClassLoader::getAndVerifyPackage@14
                      ; - java.net.URLClassLoader::defineClass@46
                      ; - java.net.URLClassLoader$1::run@43
                      ; - java.net.URLClassLoader$1::run@1
  0x000002126a081bb8: c427 86ff 

  0x000002126a081bbc: ;   {other}
  0x000002126a081bbc: 0f1f 8400 | ac88 00d9 | baf6 ffff | ff4c 8b54 | 2450 4c89 | 5424 284c | 8b54 2440 | 4c89 5424 
  0x000002126a081bdc: 3066 6690 

  0x000002126a081be0: ;   {runtime_call UncommonTrapBlob}
  0x000002126a081be0: c5f8 77e8 

  0x000002126a081be4: ; ImmutableOopMap {[40]=Oop [88]=Oop [96]=Oop [104]=NarrowOop [112]=Oop [128]=Oop [148]=NarrowOop [152]=NarrowOop }
                      ;*arraylength {reexecute=0 rethrow=0 return_oop=0}
                      ; - java.lang.StringLatin1::replace@8
                      ; - java.lang.String::replace@18
                      ; - java.net.URLClassLoader::isSealed@9
                      ; - java.net.URLClassLoader::getAndVerifyPackage@68
                      ; - java.net.URLClassLoader::defineClass@46
                      ; - java.net.URLClassLoader$1::run@43
                      ; - java.net.URLClassLoader$1::run@1
  0x000002126a081be4: 9827 86ff 

  0x000002126a081be8: ;   {other}
  0x000002126a081be8: 0f1f 8400 | d888 00da | baf6 ffff | ff48 8b6c | 2458 4c8b | 5424 504c | 8954 2428 | 4c8b 5424 
  0x000002126a081c08: 404c 8954 | 2430 4889 | 4c24 404c | 894c 2448 | 4889 4424 | 5866 6690 

  0x000002126a081c20: ;   {runtime_call UncommonTrapBlob}
  0x000002126a081c20: c5f8 77e8 

  0x000002126a081c24: ; ImmutableOopMap {rbp=Oop [40]=Oop [64]=Oop [72]=Oop [88]=Oop [96]=Oop [104]=NarrowOop [148]=NarrowOop [152]=NarrowOop }
                      ;*invokeinterface get {reexecute=0 rethrow=0 return_oop=0}
                      ; - java.util.jar.Manifest::getAttributes@5
                      ; - java.util.jar.Manifest::getTrustedAttributes@2
                      ; - java.util.jar.JavaUtilJarAccessImpl::getTrustedAttributes@2
                      ; - java.net.URLClassLoader::isSealed@18
                      ; - java.net.URLClassLoader::getAndVerifyPackage@68
                      ; - java.net.URLClassLoader::defineClass@46
                      ; - java.net.URLClassLoader$1::run@43
                      ; - java.net.URLClassLoader$1::run@1
  0x000002126a081c24: 5827 86ff 

  0x000002126a081c28: ;   {other}
  0x000002126a081c28: 0f1f 8400 | 1889 00db | baf6 ffff | ff4c 8b54 | 2450 4c89 | 5424 284c | 8b54 2440 | 4c89 5424 
  0x000002126a081c48: 3048 894c | 2440 4c89 | 4c24 4890 

  0x000002126a081c54: ;   {runtime_call UncommonTrapBlob}
  0x000002126a081c54: c5f8 77e8 

  0x000002126a081c58: ; ImmutableOopMap {[40]=Oop [64]=Oop [72]=Oop [88]=Oop [96]=Oop [104]=NarrowOop [148]=NarrowOop [152]=NarrowOop }
                      ;*invokeinterface get {reexecute=0 rethrow=0 return_oop=0}
                      ; - java.util.jar.Attributes::get@5
                      ; - java.util.jar.Attributes::getValue@2
                      ; - java.net.URLClassLoader::isSealed@58
                      ; - java.net.URLClassLoader::getAndVerifyPackage@68
                      ; - java.net.URLClassLoader::defineClass@46
                      ; - java.net.URLClassLoader$1::run@43
                      ; - java.net.URLClassLoader$1::run@1
  0x000002126a081c58: 2427 86ff 

  0x000002126a081c5c: ;   {other}
  0x000002126a081c5c: 0f1f 8400 | 4c89 00dc | ba45 ffff | ff48 8b6c | 2458 4889 | 7c24 204c | 8b5c 2440 | 4c89 5c24 
  0x000002126a081c7c: 3044 8944 | 2438 4c89 | 5424 4889 | 7424 5890 

  0x000002126a081c8c: ;   {runtime_call UncommonTrapBlob}
  0x000002126a081c8c: c5f8 77e8 

  0x000002126a081c90: ; ImmutableOopMap {rbp=Oop [32]=Oop [56]=NarrowOop [72]=Oop [88]=NarrowOop [148]=NarrowOop [152]=NarrowOop [192]=Oop }
                      ;*ifnonnull {reexecute=1 rethrow=0 return_oop=0}
                      ; - (reexecute) jdk.internal.access.SharedSecrets::javaUtilJarAccess@5
                      ; - jdk.internal.loader.URLClassPath$JarLoader$2::getManifest@0
                      ; - java.net.URLClassLoader::defineClass@34
                      ; - java.net.URLClassLoader$1::run@43
                      ; - java.net.URLClassLoader$1::run@1
  0x000002126a081c90: ec26 86ff 

  0x000002126a081c94: ;   {other}
  0x000002126a081c94: 0f1f 8400 | 8489 00dd | baf6 ffff | ff4c 8b54 | 2450 4c89 | 5424 284c | 8b54 2440 | 4c89 5424 
  0x000002126a081cb4: 3048 894c | 2440 4c89 | 4c24 4890 

  0x000002126a081cc0: ;   {runtime_call UncommonTrapBlob}
  0x000002126a081cc0: c5f8 77e8 

  0x000002126a081cc4: ; ImmutableOopMap {[40]=Oop [64]=Oop [72]=Oop [88]=Oop [96]=Oop [104]=NarrowOop [148]=NarrowOop [152]=NarrowOop }
                      ;*arraylength {reexecute=0 rethrow=0 return_oop=0}
                      ; - java.lang.String::length@4
                      ; - java.lang.String::equalsIgnoreCase@14
                      ; - java.net.URLClassLoader::isSealed@68
                      ; - java.net.URLClassLoader::getAndVerifyPackage@68
                      ; - java.net.URLClassLoader::defineClass@46
                      ; - java.net.URLClassLoader$1::run@43
                      ; - java.net.URLClassLoader$1::run@1
  0x000002126a081cc4: b826 86ff 

  0x000002126a081cc8: ;   {other}
  0x000002126a081cc8: 0f1f 8400 | b889 00de | baf4 ffff | ff48 8b6c | 2458 4c8b | 5424 604c | 8954 2420 | 4c8b 5424 
  0x000002126a081ce8: 504c 8954 | 2428 4c8b | 5424 404c | 8954 2430 | 448b 5c24 | 684c 8b94 | 2480 0000 | 004c 8954 
  0x000002126a081d08: 2440 4c8b | 5424 704c | 8954 2448 | 4489 5c24 | 3c44 8b9c | 2494 0000 | 0044 895c | 2468 6690 
  0x000002126a081d28: ;   {runtime_call UncommonTrapBlob}
  0x000002126a081d28: c5f8 77e8 

  0x000002126a081d2c: ; ImmutableOopMap {rbp=Oop [32]=Oop [40]=Oop [60]=NarrowOop [64]=Oop [72]=Oop [104]=NarrowOop [148]=NarrowOop [152]=NarrowOop }
                      ;*checkcast {reexecute=0 rethrow=0 return_oop=0}
                      ; - java.lang.ClassLoader::definePackage@81
                      ; - java.lang.ClassLoader::getDefinedPackage@32
                      ; - java.net.URLClassLoader::getAndVerifyPackage@2
                      ; - java.net.URLClassLoader::defineClass@46
                      ; - java.net.URLClassLoader$1::run@43
                      ; - java.net.URLClassLoader$1::run@1
  0x000002126a081d2c: 5026 86ff 

  0x000002126a081d30: ;   {other}
  0x000002126a081d30: 0f1f 8400 | 208a 00df | ba45 ffff | ff48 8b6c | 2458 4c8b | 5424 604c | 8954 2420 | 4c8b 5424 
  0x000002126a081d50: 504c 8954 | 2428 4c8b | 5424 404c | 8954 2430 | 448b 5424 | 6844 8954 | 2438 4889 | 5c24 584c 
  0x000002126a081d70: 894c 2468 | 4489 5c24 | 7866 6690 

  0x000002126a081d7c: ;   {runtime_call UncommonTrapBlob}
  0x000002126a081d7c: c5f8 77e8 

  0x000002126a081d80: ; ImmutableOopMap {rbp=Oop [32]=Oop [40]=Oop [56]=NarrowOop [88]=Oop [104]=Oop [120]=NarrowOop [128]=Oop [148]=NarrowOop [152]=NarrowOop }
                      ;*ifnonnull {reexecute=1 rethrow=0 return_oop=0}
                      ; - (reexecute) jdk.internal.access.SharedSecrets::javaUtilJarAccess@5
                      ; - java.net.URLClassLoader::isSealed@0
                      ; - java.net.URLClassLoader::getAndVerifyPackage@68
                      ; - java.net.URLClassLoader::defineClass@46
                      ; - java.net.URLClassLoader$1::run@43
                      ; - java.net.URLClassLoader$1::run@1
  0x000002126a081d80: fc25 86ff 

  0x000002126a081d84: ;   {other}
  0x000002126a081d84: 0f1f 8400 | 748a 00e0 | ba45 ffff | ff48 8b6c | 2458 4c8b | 5c24 604c | 895c 2420 | 4c8b 5c24 
  0x000002126a081da4: 504c 895c | 2428 4c8b | 5c24 404c | 895c 2430 | 448b 4424 | 6844 8944 | 2438 4c89 | 4c24 4848 
  0x000002126a081dc4: 894c 2450 | 4889 5c24 | 5844 8954 | 2468 6690 

  0x000002126a081dd4: ;   {runtime_call UncommonTrapBlob}
  0x000002126a081dd4: c5f8 77e8 

  0x000002126a081dd8: ; ImmutableOopMap {rbp=Oop [32]=Oop [40]=Oop [56]=NarrowOop [72]=Oop [80]=Oop [88]=Oop [104]=NarrowOop [148]=NarrowOop [152]=NarrowOop }
                      ;*ifnull {reexecute=1 rethrow=0 return_oop=0}
                      ; - (reexecute) java.net.URLClassLoader::isSealed@51
                      ; - java.net.URLClassLoader::getAndVerifyPackage@68
                      ; - java.net.URLClassLoader::defineClass@46
                      ; - java.net.URLClassLoader$1::run@43
                      ; - java.net.URLClassLoader$1::run@1
  0x000002126a081dd8: a425 86ff 

  0x000002126a081ddc: ;   {other}
  0x000002126a081ddc: 0f1f 8400 | cc8a 00e1 | ba45 ffff | ff4c 8b5c | 2458 4c89 | 5c24 204c | 8b5c 2460 | 4c89 5c24 
  0x000002126a081dfc: 284c 8b5c | 2450 4c89 | 5c24 304c | 8b5c 2440 | 4c89 5c24 | 3844 8b5c | 2468 4c89 | 6c24 5848 
  0x000002126a081e1c: 894c 2460 | 4489 5c24 | 444c 896c | 2468 4489 | 8c24 8000 | 0000 4489 | 8c24 8400 | 0000 4489 
  0x000002126a081e3c: b424 8800 | 0000 4489 | 9424 8c00 | 0000 6690 

  0x000002126a081e4c: ;   {runtime_call UncommonTrapBlob}
  0x000002126a081e4c: c5f8 77e8 

  0x000002126a081e50: ; ImmutableOopMap {rbp=NarrowOop [32]=Oop [40]=Oop [48]=Oop [68]=NarrowOop [88]=Oop [96]=Oop [104]=Oop [128]=NarrowOop [132]=NarrowOop [136]=NarrowOop [152]=NarrowOop }
                      ;*ifnull {reexecute=1 rethrow=0 return_oop=0}
                      ; - (reexecute) java.util.concurrent.ConcurrentHashMap::get@67
                      ; - java.lang.ClassLoader::getDefinedPackage@13
                      ; - java.net.URLClassLoader::getAndVerifyPackage@2
                      ; - java.net.URLClassLoader::defineClass@46
                      ; - java.net.URLClassLoader$1::run@43
                      ; - java.net.URLClassLoader$1::run@1
  0x000002126a081e50: 2c25 86ff 

  0x000002126a081e54: ;   {other}
  0x000002126a081e54: 0f1f 8400 | 448b 00e2 | ba45 ffff | ff4c 8b54 | 2458 4c89 | 5424 204c | 8b54 2460 | 4c89 5424 
  0x000002126a081e74: 284c 8b54 | 2450 4c89 | 5424 304c | 8b54 2440 | 4c89 5424 | 384c 8b94 | 2480 0000 | 004c 8954 
  0x000002126a081e94: 2448 4c8b | 5424 704c | 8954 2450 | 448b 5424 | 6844 8954 | 2444 448b | 9c24 9400 | 0000 4489 
  0x000002126a081eb4: 9c24 8800 | 0000 4489 | 9c24 8c00 | 0000 4489 | 8c24 9000 | 0000 6690 

  0x000002126a081ecc: ;   {runtime_call UncommonTrapBlob}
  0x000002126a081ecc: c5f8 77e8 

  0x000002126a081ed0: ; ImmutableOopMap {rbp=NarrowOop [32]=Oop [40]=Oop [48]=Oop [68]=NarrowOop [72]=Oop [80]=Oop [120]=NarrowOop [136]=NarrowOop [140]=NarrowOop [144]=NarrowOop [152]=NarrowOop }
                      ;*ifnull {reexecute=1 rethrow=0 return_oop=0}
                      ; - (reexecute) java.util.concurrent.ConcurrentHashMap::get@67
                      ; - java.lang.ClassLoader::definePackage@47
                      ; - java.lang.ClassLoader::getDefinedPackage@32
                      ; - java.net.URLClassLoader::getAndVerifyPackage@2
                      ; - java.net.URLClassLoader::defineClass@46
                      ; - java.net.URLClassLoader$1::run@43
                      ; - java.net.URLClassLoader$1::run@1
  0x000002126a081ed0: ac24 86ff 

  0x000002126a081ed4: ;   {other}
  0x000002126a081ed4: 0f1f 8400 | c48b 00e3 | baf6 ffff | ff48 8b6c | 2458 4c8b | 5424 604c | 8954 2420 | 4c8b 5424 
  0x000002126a081ef4: 504c 8954 | 2428 4c8b | 5424 404c | 8954 2430 | 448b 5424 | 6844 8954 | 2438 4c8b | 5424 704c 
  0x000002126a081f14: 8954 2460 | 448b 5424 | 6c44 8954 | 244c 6690 

  0x000002126a081f24: ;   {runtime_call UncommonTrapBlob}
  0x000002126a081f24: c5f8 77e8 

  0x000002126a081f28: ; ImmutableOopMap {rbp=Oop [32]=Oop [40]=Oop [56]=NarrowOop [76]=NarrowOop [96]=Oop [112]=Oop [128]=Oop [148]=NarrowOop [152]=NarrowOop [160]=Oop [192]=Oop }
                      ;*arraylength {reexecute=0 rethrow=0 return_oop=0}
                      ; - java.io.ByteArrayInputStream::<init>@21
                      ; - java.util.jar.JarFile::getManifestFromReference@114
                      ; - java.util.jar.JarFile::getManifest@1
                      ; - jdk.internal.loader.URLClassPath$JarLoader$2::getManifest@22
                      ; - java.net.URLClassLoader::defineClass@34
                      ; - java.net.URLClassLoader$1::run@43
                      ; - java.net.URLClassLoader$1::run@1
  0x000002126a081f28: 5424 86ff 

  0x000002126a081f2c: ;   {other}
  0x000002126a081f2c: 0f1f 8400 | 1c8c 00e4 | ba45 ffff | ff48 8b6c | 2458 4c8b | 5424 604c | 8954 2420 | 4c8b 5424 
  0x000002126a081f4c: 504c 8954 | 2428 4c8b | 5424 404c | 8954 2430 | 448b 5c24 | 6844 895c | 2438 4c89 | 4424 584c 
  0x000002126a081f6c: 894c 2468 

  0x000002126a081f70: ;   {runtime_call UncommonTrapBlob}
  0x000002126a081f70: c5f8 77e8 

  0x000002126a081f74: ; ImmutableOopMap {rbp=Oop [32]=Oop [40]=Oop [56]=NarrowOop [88]=Oop [104]=Oop [128]=Oop [148]=NarrowOop [152]=NarrowOop [192]=Oop }
                      ;*ifnull {reexecute=1 rethrow=0 return_oop=0}
                      ; - (reexecute) java.util.jar.JarFile::getManifestFromReference@148
                      ; - java.util.jar.JarFile::getManifest@1
                      ; - jdk.internal.loader.URLClassPath$JarLoader$2::getManifest@22
                      ; - java.net.URLClassLoader::defineClass@34
                      ; - java.net.URLClassLoader$1::run@43
                      ; - java.net.URLClassLoader$1::run@1
  0x000002126a081f74: 0824 86ff 

  0x000002126a081f78: ;   {other}
  0x000002126a081f78: 0f1f 8400 | 688c 00e5 | baf6 ffff | ff48 897c | 2420 4c8b | 5c24 404c | 895c 2428 | 4489 5424 
  0x000002126a081f98: 3048 8944 | 2440 6690 

  0x000002126a081fa0: ;   {runtime_call UncommonTrapBlob}
  0x000002126a081fa0: c5f8 77e8 

  0x000002126a081fa4: ; ImmutableOopMap {[32]=Oop [64]=Oop [88]=Oop [148]=NarrowOop [152]=NarrowOop }
                      ;*invokevirtual getBaseURL {reexecute=0 rethrow=0 return_oop=0}
                      ; - jdk.internal.loader.URLClassPath$FileLoader$1::getCodeSourceURL@4
                      ; - java.net.URLClassLoader::defineClass@13
                      ; - java.net.URLClassLoader$1::run@43
                      ; - java.net.URLClassLoader$1::run@1
  0x000002126a081fa4: d823 86ff 

  0x000002126a081fa8: ;   {other}
  0x000002126a081fa8: 0f1f 8400 | 988c 00e6 | baf6 ffff | ff4c 8b54 | 2440 4c89 | 5424 3089 | 7424 4490 

  0x000002126a081fc4: ;   {runtime_call UncommonTrapBlob}
  0x000002126a081fc4: c5f8 77e8 

  0x000002126a081fc8: ; ImmutableOopMap {[32]=Oop [80]=NarrowOop [88]=Oop [96]=Oop [104]=Oop [148]=NarrowOop [152]=NarrowOop }
                      ;*invokevirtual close {reexecute=0 rethrow=0 return_oop=0}
                      ; - jdk.internal.loader.Resource::getBytes@183
                      ; - java.net.URLClassLoader::defineClass@179
                      ; - java.net.URLClassLoader$1::run@43
                      ; - java.net.URLClassLoader$1::run@1
  0x000002126a081fc8: b423 86ff 

  0x000002126a081fcc: ;   {other}
  0x000002126a081fcc: 0f1f 8400 | bc8c 00e7 | ba97 ffff | ff4c 8b54 | 2440 4c89 | 5424 3044 | 8b54 244c | 4489 5424 
  0x000002126a081fec: 3844 8b54 | 2448 4489 | 5424 3c90 

  0x000002126a081ff8: ;   {runtime_call UncommonTrapBlob}
  0x000002126a081ff8: c5f8 77e8 

  0x000002126a081ffc: ; ImmutableOopMap {[56]=NarrowOop [60]=NarrowOop [88]=Oop [96]=Oop [104]=Oop [148]=NarrowOop [152]=NarrowOop }
                      ;*invokevirtual clone {reexecute=1 rethrow=0 return_oop=0}
                      ; - (reexecute) java.util.Arrays::copyOfRange@18
                      ; - java.lang.StringLatin1::newString@16
                      ; - java.lang.String::substring@41
                      ; - java.net.URLClassLoader::defineClass@28
                      ; - java.net.URLClassLoader$1::run@43
                      ; - java.net.URLClassLoader$1::run@1
  0x000002126a081ffc: 8023 86ff 

  0x000002126a082000: ;   {other}
  0x000002126a082000: 0f1f 8400 | f08c 00e8 | 4c8b d0e9 | 8700 0000 | e9e7 0000 | 004c 8bd0 | e99b 0700 | 00e9 8e00 
  0x000002126a082020: 0000 488b | d8e9 2204 | 0000 e999 | 0000 0048 | 8bd8 448b 

  0x000002126a082034: ;   {metadata('java/io/InterruptedIOException')}
  0x000002126a082034: 5008 4181 | fab8 1337 | 010f 847b | 0300 0049 | bb00 0000 | 0012 0200 | 004d 03da | 4d8b 5348 
  0x000002126a082054: ;   {metadata('java/io/IOException')}
  0x000002126a082054: 49bb 5853 | 0401 1202 | 0000 4d3b | d30f 8504 | 0800 0044 | 8b5c 2454 | 4585 db0f | 8549 0300 
  0x000002126a082074: 00e9 6e03 | 0000 488b | d8e9 e907 | 0000 488b | d8e9 e107 | 0000 4c8b | d0eb 084c | 8bd0 eb03 
  0x000002126a082094: 4c8b d049 | 8bda 458b | 5208 49bb | 0000 0000 | 1202 0000 | 4d03 dae9 | f201 0000 | 488b e8e9 
  0x000002126a0820b4: dd02 0000 | 4c8b d0e9 | 8807 0000 | 488b e8e9 | cd02 0000 | 488b e8e9 | c502 0000 | eb2a eb28 
  0x000002126a0820d4: 4889 8424 | 8000 0000 | 488b 5424 | 3066 6690 

  0x000002126a0820e4: ;   {static_call}
  0x000002126a0820e4: c5f8 77e8 

  0x000002126a0820e8: ; ImmutableOopMap {rbp=Oop [40]=Oop [56]=Oop [72]=Oop [80]=NarrowOop [88]=Oop [96]=Oop [104]=Oop [112]=Oop [128]=Oop [148]=NarrowOop [152]=NarrowOop [160]=Oop }
                      ;*invokestatic end {reexecute=0 rethrow=0 return_oop=0}
                      ; - java.io.FileInputStream::read@26
                      ; - jdk.internal.loader.Resource::getBytes@117
                      ; - java.net.URLClassLoader::defineClass@179
                      ; - java.net.URLClassLoader$1::run@43
                      ; - java.net.URLClassLoader$1::run@1
  0x000002126a0820e8: 94cf 85ff 

  0x000002126a0820ec: ;   {other}
  0x000002126a0820ec: 0f1f 8400 | dc8d 00e9 | 488b 8424 | 8000 0000 | 448b 5808 

  0x000002126a082100: ;   {metadata('java/io/InterruptedIOException')}
  0x000002126a082100: 4181 fbb8 | 1337 010f | 8585 0200 | 0066 6690 

  0x000002126a082110: ;   {static_call}
  0x000002126a082110: c5f8 77e8 

  0x000002126a082114: ; ImmutableOopMap {rbp=Oop [40]=Oop [56]=Oop [72]=Oop [80]=NarrowOop [88]=Oop [96]=Oop [104]=Oop [112]=Oop [148]=NarrowOop [152]=NarrowOop [160]=Oop }
                      ;*invokestatic interrupted {reexecute=0 rethrow=0 return_oop=0}
                      ; - jdk.internal.loader.Resource::getBytes@127
                      ; - java.net.URLClassLoader::defineClass@179
                      ; - java.net.URLClassLoader$1::run@43
                      ; - java.net.URLClassLoader$1::run@1
  0x000002126a082114: 68cf 85ff 

  0x000002126a082118: ;   {other}
  0x000002126a082118: 0f1f 8400 | 088e 00ea | 448b 5c24 | 20be 0100 | 0000 e95f | e0ff ff48 | 8b6c 2420 | 4c8b 5c24 
  0x000002126a082138: 384c 895c | 2420 4c8b | 5c24 504c | 895c 2428 | 4c8b 5c24 | 404c 895c | 2430 448b | 4424 6844 
  0x000002126a082158: 8944 2438 | 488b 5424 | 784c 8bc0 

  0x000002126a082164: ;   {optimized virtual_call}
  0x000002126a082164: c5f8 77e8 

  0x000002126a082168: ; ImmutableOopMap {rbp=Oop [32]=Oop [40]=Oop [56]=NarrowOop [88]=Oop [96]=Oop [120]=Oop [192]=Oop }
                      ;*invokevirtual addSuppressed {reexecute=0 rethrow=0 return_oop=0}
                      ; - java.util.jar.JarFile::getManifestFromReference@177
                      ; - java.util.jar.JarFile::getManifest@1
                      ; - jdk.internal.loader.URLClassPath$JarLoader$2::getManifest@22
                      ; - java.net.URLClassLoader::defineClass@34
                      ; - java.net.URLClassLoader$1::run@43
                      ; - java.net.URLClassLoader$1::run@1
  0x000002126a082168: 14c9 85ff 

  0x000002126a08216c: ;   {other}
  0x000002126a08216c: 0f1f 8400 | 5c8e 00eb | e973 0500 | 00e9 4005 | 0000 4889 | 4424 78e9 | 3b05 0000 | e931 0500 
  0x000002126a08218c: 0048 8bd8 | 448b 5008 | 49b8 0000 | 0000 1202 | 0000 4d03 | c2e9 d606 | 0000 4c8b | d0e9 0a06 
  0x000002126a0821ac: 0000 4c8b | d0e9 0206 | 0000 4c8b | d0e9 fa05 | 0000 4c8b | d0e9 f205 | 0000 4c8b | d0e9 ea05 
  0x000002126a0821cc: 0000 4c8b | d0e9 e205 | 0000 4c8b | d0e9 da05 | 0000 4c8b | d0e9 d205 | 0000 4c8b | d0e9 ca05 
  0x000002126a0821ec: 0000 4c8b | d0e9 c205 | 0000 4c8b | d0e9 ba05 | 0000 4c8b | d0e9 b205 | 0000 4c8b | d0e9 aa05 
  0x000002126a08220c: 0000 4c8b | d0e9 a205 | 0000 4c8b | d0e9 9a05 | 0000 4c8b | d0e9 9205 | 0000 4c8b | d0e9 8a05 
  0x000002126a08222c: 0000 4c8b | d0e9 1206 | 0000 4c8b | d0e9 ca01 | 0000 4c8b | d0e9 0206 | 0000 4c8b | d0e9 fa05 
  0x000002126a08224c: 0000 4c8b | d0e9 f205 | 0000 4c8b | d0e9 ea05 | 0000 4c8b | d0e9 e205 | 0000 4c8b 

  0x000002126a082268: ;   {no_reloc}
  0x000002126a082268: d0e9 da05 | 0000 4c8b | d0e9 d205 | 0000 488b | d8e9 8e06 | 0000 488b | d8e9 8606 | 0000 488b 
  0x000002126a082288: d8e9 7e06 | 0000 488b | d844 8b50 | 0849 bb00 | 0000 0012 | 0200 004d | 03da 4d8b 

  0x000002126a0822a4: ;   {metadata('java/io/InterruptedIOException')}
  0x000002126a0822a4: 5350 49b8 | b813 3701 | 1202 0000 | 4d3b d00f | 84fb f0ff | ff4d 8b53 

  0x000002126a0822bc: ;   {metadata('java/io/IOException')}
  0x000002126a0822bc: 4849 bb58 | 5304 0112 | 0200 004d | 3bd3 0f85 | 9b05 0000 | 8b74 243c | 85f6 0f84 | 28b3 ffff 
  0x000002126a0822dc: e9d8 f0ff | ff48 8bd8 | 448b 5808 

  0x000002126a0822e8: ;   {metadata('java/io/InterruptedIOException')}
  0x000002126a0822e8: 4181 fbb8 | 1337 010f | 8576 0500 | 0066 6690 

  0x000002126a0822f8: ;   {static_call}
  0x000002126a0822f8: c5f8 77e8 

  0x000002126a0822fc: ; ImmutableOopMap {[40]=Oop [56]=Oop [72]=Oop [80]=NarrowOop [88]=Oop [96]=Oop [104]=Oop [112]=Oop [148]=NarrowOop [152]=NarrowOop }
                      ;*invokestatic interrupted {reexecute=0 rethrow=0 return_oop=0}
                      ; - jdk.internal.loader.Resource::getBytes@20
                      ; - java.net.URLClassLoader::defineClass@179
                      ; - java.net.URLClassLoader$1::run@43
                      ; - java.net.URLClassLoader$1::run@1
  0x000002126a0822fc: 80cd 85ff 

  0x000002126a082300: ;   {other}
  0x000002126a082300: 0f1f 8400 | f08f 00ec | 4d8b 9758 

  0x000002126a08230c: ; ImmutableOopMap {[40]=Oop [56]=Oop [72]=Oop [80]=NarrowOop [88]=Oop [96]=Oop [104]=Oop [112]=Oop [148]=NarrowOop [152]=NarrowOop }
                      ;*goto {reexecute=1 rethrow=0 return_oop=0}
                      ; - (reexecute) jdk.internal.loader.Resource::getBytes@26
                      ; - java.net.URLClassLoader::defineClass@179
                      ; - java.net.URLClassLoader$1::run@43
                      ; - java.net.URLClassLoader$1::run@1
                      ;   {poll}
  0x000002126a08230c: 0400 0041 | 8502 41bb | 0100 0000 | 488b 4c24 | 38e9 4fb0 | ffff 488b | d8e9 4105 | 0000 488b 
  0x000002126a08232c: d844 8b58 | 0849 b800 | 0000 0012 | 0200 004d | 03c3 e939 | 0500 004c | 8bd0 eb03 | 4c8b d049 
  0x000002126a08234c: 8bda 458b | 5a08 49b8 | 0000 0000 | 1202 0000 | 4d03 c3e9 | 1805 0000 | 448b 5008 

  0x000002126a082368: ;   {metadata('java/io/InterruptedIOException')}
  0x000002126a082368: 4181 fab8 | 1337 0175 | 2166 6690 

  0x000002126a082374: ;   {static_call}
  0x000002126a082374: c5f8 77e8 

  0x000002126a082378: ; ImmutableOopMap {rbp=Oop [40]=Oop [56]=Oop [72]=Oop [80]=NarrowOop [88]=Oop [96]=Oop [104]=Oop [112]=Oop [128]=Oop [148]=NarrowOop [152]=NarrowOop }
                      ;*invokestatic interrupted {reexecute=0 rethrow=0 return_oop=0}
                      ; - jdk.internal.loader.Resource::getBytes@127
                      ; - java.net.URLClassLoader::defineClass@179
                      ; - java.net.URLClassLoader$1::run@43
                      ; - java.net.URLClassLoader$1::run@1
  0x000002126a082378: 04cd 85ff 

  0x000002126a08237c: ;   {other}
  0x000002126a08237c: 0f1f 8400 | 6c90 00ee | 8b44 2420 | be01 0000 | 00e9 16b2 | ffff 488b | e848 8b54 | 2470 c5f8 
  0x000002126a08239c: 7748 b8ff | ffff ffff 

  0x000002126a0823a4: ;   {virtual_call}
  0x000002126a0823a4: ffff ffe8 

  0x000002126a0823a8: ; ImmutableOopMap {rbp=Oop [40]=Oop [56]=Oop [80]=NarrowOop [88]=Oop [96]=Oop [104]=Oop [148]=NarrowOop }
                      ;*invokevirtual close {reexecute=0 rethrow=0 return_oop=0}
                      ; - jdk.internal.loader.Resource::getBytes@214
                      ; - java.net.URLClassLoader::defineClass@179
                      ; - java.net.URLClassLoader$1::run@43
                      ; - java.net.URLClassLoader$1::run@1
  0x000002126a0823a8: d4c9 85ff 

  0x000002126a0823ac: ;   {other}
  0x000002126a0823ac: 0f1f 8400 | 9c90 00ef | 448b 5424 | 5445 85d2 | 742a 4c8b | 5424 284c | 8954 2420 | 4c8b 5424 
  0x000002126a0823cc: 404c 8954 | 2428 488b | 5424 3890 

  0x000002126a0823d8: ;   {optimized virtual_call}
  0x000002126a0823d8: c5f8 77e8 

  0x000002126a0823dc: ; ImmutableOopMap {rbp=Oop [32]=Oop [80]=NarrowOop [88]=Oop [96]=Oop [104]=Oop [148]=NarrowOop }
                      ;*invokevirtual interrupt {reexecute=0 rethrow=0 return_oop=0}
                      ; - jdk.internal.loader.Resource::getBytes@236
                      ; - java.net.URLClassLoader::defineClass@179
                      ; - java.net.URLClassLoader$1::run@43
                      ; - java.net.URLClassLoader$1::run@1
  0x000002126a0823dc: a0c6 85ff 

  0x000002126a0823e0: ;   {other}
  0x000002126a0823e0: 0f1f 8400 | d090 00f0 | 488b dde9 | 7b04 0000 | 4c8b d0eb | 034c 8bd0 | 498b dae9 | 0c05 0000 
  0x000002126a082400: 4c8b d0eb | 034c 8bd0 | 498b dae9 | fc04 0000 | 4c8b d0e9 | 0104 0000 | 488b d8e9 | 4b04 0000 
  0x000002126a082420: 488b d844 | 8b58 0849 | b800 0000 | 0012 0200 | 004d 03c3 | 4d8b 5050 | 4c3b d50f | 853b 0400 
  0x000002126a082440: 0045 33c9 | e9db 0200 | 0048 8bd8 | 4c8b 5c24 | 7848 8d84 | 24f0 0000 | 0048 8338 | 000f 8479 
  0x000002126a082460: 0000 004d | 8b13 41f6 | c202 0f84 | 6200 0000 | 4983 ba86 | 0000 0000 | 7409 49ff | 8a86 0000 
  0x000002126a082480: 00eb 4b49 | 8b82 9600 | 0000 490b | 828e 0000 | 0075 0a49 | c742 3e00 | 0000 00eb | 3d49 83ba 
  0x000002126a0824a0: 9e00 0000 | 0074 2248 | 33c0 49c7 | 423e 0000 | 0000 f083 | 0424 0049 | 83ba 9e00 | 0000 0075 
  0x000002126a0824c0: 0df0 4d0f | b17a 3e75 | 0583 c801 | eb0c a800 | eb08 4c8b | 10f0 4d0f | b113 750a 

  0x000002126a0824dc: ;   {no_reloc}
  0x000002126a0824dc: 49ff 8f50 | 0500 0045 | 33d2 0f84 | cf02 0000 | 498b cb48 | 8d94 24f0 | 0000 004d | 8bc7 c5f8 
  0x000002126a0824fc: 7749 ba40 | d917 43ff | 7f00 0041 

  0x000002126a082508: ;   {other}
  0x000002126a082508: ffd2 0f1f | 8400 0000 | 0000 e9a4 | 0200 0048 | 8bd8 448b | 5008 49bb | 0000 0000 | 1202 0000 
  0x000002126a082528: 4d03 da4d 

  0x000002126a08252c: ;   {metadata('java/io/IOException')}
  0x000002126a08252c: 8b53 4849 | bb58 5304 | 0112 0200 | 004d 3bd3 | 0f85 0aff | ffff 4c8b | d849 8b87 | b801 0000 
  0x000002126a08254c: 4c8b d049 | 83c2 284d | 3b97 c801 | 0000 0f83 | d803 0000 | 4d89 97b8 | 0100 0041 | 0f18 8200 
  0x000002126a08256c: 0100 0048 | c700 0100 

  0x000002126a082574: ;   {metadata('java/lang/RuntimeException')}
  0x000002126a082574: 0000 c740 | 08a8 b705 | 0044 8960 | 0c4c 8960 | 104c 8960 | 184c 8960 | 2048 8be8 | 4c8b 5424 
  0x000002126a082594: 404c 8954 | 2438 448b | 4424 4844 | 8944 2440 | 488b d54d | 8bc3 6690 

  0x000002126a0825ac: ;   {optimized virtual_call}
  0x000002126a0825ac: c5f8 77e8 

  0x000002126a0825b0: ; ImmutableOopMap {rbp=Oop [32]=Oop [40]=Oop [64]=NarrowOop [80]=Oop [88]=Oop [96]=Oop [120]=Oop [192]=Oop }
                      ;*invokespecial <init> {reexecute=0 rethrow=0 return_oop=0}
                      ; - java.util.jar.JarFile::ensureInitialization@13
                      ; - java.util.jar.JavaUtilJarAccessImpl::ensureInitialization@1
                      ; - jdk.internal.loader.URLClassPath$JarLoader$2::getManifest@10
                      ; - java.net.URLClassLoader::defineClass@34
                      ; - java.net.URLClassLoader$1::run@43
                      ; - java.net.URLClassLoader$1::run@1
  0x000002126a0825b0: ccc4 85ff 

  0x000002126a0825b4: ;   {other}
  0x000002126a0825b4: 0f1f 8400 | a492 00f1 | 4c8b 5c24 | 7848 8d84 | 24f0 0000 | 0048 8338 | 000f 8479 | 0000 004d 
  0x000002126a0825d4: 8b13 41f6 | c202 0f84 | 6200 0000 | 4983 ba86 | 0000 0000 | 7409 49ff | 8a86 0000 | 00eb 4b49 
  0x000002126a0825f4: 8b82 9600 | 0000 490b | 828e 0000 | 0075 0a49 | c742 3e00 | 0000 00eb | 3d49 83ba | 9e00 0000 
  0x000002126a082614: 0074 2248 | 33c0 49c7 | 423e 0000 | 0000 f083 | 0424 0049 | 83ba 9e00 | 0000 0075 | 0df0 4d0f 
  0x000002126a082634: b17a 3e75 | 0583 c801 | eb0c a800 | eb08 4c8b | 10f0 4d0f | b113 750a | 49ff 8f50 | 0500 0045 
  0x000002126a082654: 33d2 0f85 | 1c03 0000 | 488b d5e9 | ab02 0000 | 4c8b d0e9 | 4c01 0000 | 4c8b d0e9 | 4401 0000 
  0x000002126a082674: 4c8b d0e9 | 3c01 0000 | 4c8b d0e9 | 3401 0000 | 4c8b d0e9 | 2c01 0000 | 4c8b d0e9 | 2401 0000 
  0x000002126a082694: 4c8b d0e9 | 1c01 0000 | 4c8b d0e9 | 1401 0000 | 4c8b d0e9 | 0c01 0000 | 4c8b d0e9 

  0x000002126a0826b0: ;   {no_reloc}
  0x000002126a0826b0: 9401 0000 | 4c8b d0e9 | 8c01 0000 | eb00 4889 | 4424 784c | 8b54 2428 | 4d85 d274 | 1f49 8bd2 
  0x000002126a0826d0: 6690 c5f8 | 7748 b8ff | ffff ffff 

  0x000002126a0826dc: ;   {virtual_call}
  0x000002126a0826dc: ffff ffe8 

  0x000002126a0826e0: ; ImmutableOopMap {[32]=Oop [56]=Oop [80]=Oop [88]=Oop [96]=Oop [104]=NarrowOop [120]=Oop [192]=Oop }
                      ;*invokevirtual close {reexecute=0 rethrow=0 return_oop=0}
                      ; - java.util.jar.JarFile::getManifestFromReference@165
                      ; - java.util.jar.JarFile::getManifest@1
                      ; - jdk.internal.loader.URLClassPath$JarLoader$2::getManifest@22
                      ; - java.net.URLClassLoader::defineClass@34
                      ; - java.net.URLClassLoader$1::run@43
                      ; - java.net.URLClassLoader$1::run@1
  0x000002126a0826e0: 9cc6 85ff 

  0x000002126a0826e4: ;   {other}
  0x000002126a0826e4: 0f1f 8400 | d493 00f2 | 4c8b 5424 | 78e9 c200 | 0000 4c8b | d0e9 4a01 | 0000 488b | d844 8b50 
  0x000002126a082704: 0849 b800 | 0000 0012 | 0200 004d | 03c2 4d8b | 5050 4c3b | d50f 855d | 0100 004c | 8b4c 2470 
  0x000002126a082724: 448b 9424 | 9400 0000 | 498b d248 | 8b6c 2450 | 4c8b 4424 | 2848 8b7c | 2448 6690 

  0x000002126a082740: ;   {optimized virtual_call}
  0x000002126a082740: c5f8 77e8 

  0x000002126a082744: ; ImmutableOopMap {rbp=Oop [40]=Oop [48]=Oop [56]=Oop [72]=Oop [88]=Oop [96]=Oop [104]=NarrowOop [148]=NarrowOop [152]=NarrowOop }
                      ;*invokevirtual getAndVerifyPackage {reexecute=0 rethrow=0 return_oop=1}
                      ; - java.net.URLClassLoader::defineClass@97
                      ; - java.net.URLClassLoader$1::run@43
                      ; - java.net.URLClassLoader$1::run@1
  0x000002126a082744: 38c3 85ff 

  0x000002126a082748: ;   {other}
  0x000002126a082748: 0f1f 8400 | 3894 00f3 | 4885 c00f | 8407 0200 | 0048 8b7c | 2460 4c8b | 5c24 3844 | 8b44 2468 
  0x000002126a082768: e9d2 85ff | ff4c 8bd0 | e9d3 0000 | 004c 8bd0 | e9cb 0000 | 004c 8bd0 | e9c3 0000 | 004c 8bd0 
  0x000002126a082788: e9bb 0000 | 004c 8bd0 | e9b3 0000 | 004c 8bd0 | e9ab 0000 | 004c 8bd0 | e9a3 0000 | 004c 8bd0 
  0x000002126a0827a8: e99b 0000 | 004c 8bd0 | e993 0000 | 004c 8bd0 | 498b da44 | 8b5b 0849 | b800 0000 | 0012 0200 
  0x000002126a0827c8: 004d 03c3 | e9ab 0000 | 0048 8bd8 | 448b 5808 | 49b8 0000 | 0000 1202 | 0000 4d03 | c3e9 9200 
  0x000002126a0827e8: 0000 488b | d844 8b58 | 0849 b800 | 0000 0012 | 0200 004d | 03c3 eb7c | 488b d844 | 8b58 0849 
  0x000002126a082808: b800 0000 | 0012 0200 | 004d 03c3 | eb66 4c8b | d049 8bda | 458b 5a08 | 49b8 0000 | 0000 1202 
  0x000002126a082828: 0000 4d03 | c3eb 4d48 | 8bd8 448b | 5008 49b8 | 0000 0000 | 1202 0000 | 4d03 c2eb 

  0x000002126a082844: ;   {no_reloc}
  0x000002126a082844: 374c 8bd0 | 498b da45 | 8b52 0849 | b800 0000 | 0012 0200 | 004d 03c2 | eb1e 488b | d8eb 0848 
  0x000002126a082864: 8bd8 eb03 | 488b d844 | 8b53 0849 | b800 0000 | 0012 0200 | 004d 03c2 | 4d8b 5048 

  0x000002126a082880: ;   {metadata('java/io/IOException')}
  0x000002126a082880: 49bb 5853 | 0401 1202 | 0000 4d3b | d30f 848c | 0000 004d 

  0x000002126a082894: ;   {metadata('java/lang/ClassFormatError')}
  0x000002126a082894: 8b50 5049 | bb98 8337 | 0112 0200 | 004d 3bd3 | 7566 488b | eb48 8b54 | 2460 c5f8 | 7748 b8ff 
  0x000002126a0828b4: ffff ffff 

  0x000002126a0828b8: ;   {virtual_call}
  0x000002126a0828b8: ffff ffe8 

  0x000002126a0828bc: ; ImmutableOopMap {rbp=Oop [96]=Oop }
                      ;*invokevirtual getDataError {reexecute=0 rethrow=0 return_oop=1}
                      ; - java.net.URLClassLoader$1::run@63
                      ; - java.net.URLClassLoader$1::run@1
  0x000002126a0828bc: c0c4 85ff 

  0x000002126a0828c0: ;   {other}
  0x000002126a0828c0: 0f1f 8400 | b095 00f4 | 4885 c074 | 3748 8b54 | 2460 c5f8 | 7748 b8ff | ffff ffff 

  0x000002126a0828dc: ;   {virtual_call}
  0x000002126a0828dc: ffff ffe8 

  0x000002126a0828e0: ; ImmutableOopMap {rbp=Oop }
                      ;*invokevirtual getDataError {reexecute=0 rethrow=0 return_oop=1}
                      ; - java.net.URLClassLoader$1::run@71
                      ; - java.net.URLClassLoader$1::run@1
  0x000002126a0828e0: 9cc4 85ff 

  0x000002126a0828e4: ;   {other}
  0x000002126a0828e4: 0f1f 8400 | d495 00f5 | 488b d54c | 8bc0 6690 

  0x000002126a0828f4: ;   {optimized virtual_call}
  0x000002126a0828f4: c5f8 77e8 

  0x000002126a0828f8: ; ImmutableOopMap {rbp=Oop }
                      ;*invokevirtual addSuppressed {reexecute=0 rethrow=0 return_oop=0}
                      ; - java.net.URLClassLoader$1::run@74
                      ; - java.net.URLClassLoader$1::run@1
  0x000002126a0828f8: 84c1 85ff 

  0x000002126a0828fc: ;   {other}
  0x000002126a0828fc: 0f1f 8400 | ec95 00f6 | 488b d5eb | 0648 8bd8 | 488b d3c5 | f877 4881 | c400 0100 

  0x000002126a082918: ;   {runtime_call _rethrow_Java}
  0x000002126a082918: 005d e961 | 2b93 ff48 | 8beb ba2f | 0000 0090 

  0x000002126a082928: ;   {runtime_call UncommonTrapBlob}
  0x000002126a082928: c5f8 77e8 

  0x000002126a08292c: ; ImmutableOopMap {rbp=Oop [88]=Oop }
                      ;*new {reexecute=0 rethrow=0 return_oop=0}
                      ; - java.net.URLClassLoader$1::run@48
                      ; - java.net.URLClassLoader$1::run@1
  0x000002126a08292c: 501a 86ff 

  0x000002126a082930: ;   {other}
  0x000002126a082930: 0f1f 8400 | 2096 00f7 

  0x000002126a082938: ;   {metadata('java/lang/RuntimeException')}
  0x000002126a082938: 498b eb48 | baa8 b705 | 0012 0200 | 0066 6690 

  0x000002126a082948: ;   {runtime_call _new_instance_Java}
  0x000002126a082948: c5f8 77e8 

  0x000002126a08294c: ; ImmutableOopMap {rbp=Oop [32]=Oop [40]=Oop [72]=NarrowOop [80]=Oop [88]=Oop [96]=Oop [120]=Oop [192]=Oop }
                      ;*new {reexecute=0 rethrow=0 return_oop=1}
                      ; - java.util.jar.JarFile::ensureInitialization@8
                      ; - java.util.jar.JavaUtilJarAccessImpl::ensureInitialization@1
                      ; - jdk.internal.loader.URLClassPath$JarLoader$2::getManifest@10
                      ; - java.net.URLClassLoader::defineClass@34
                      ; - java.net.URLClassLoader$1::run@43
                      ; - java.net.URLClassLoader$1::run@1
  0x000002126a08294c: b0f7 92ff 

  0x000002126a082950: ;   {other}
  0x000002126a082950: 0f1f 8400 | 4096 00f8 | 4c8b dde9 | 2dfc ffff | bafd 0000 | 0066 6690 

  0x000002126a082968: ;   {runtime_call UncommonTrapBlob}
  0x000002126a082968: c5f8 77e8 

  0x000002126a08296c: ; ImmutableOopMap {[40]=Oop [88]=Oop [96]=Oop }
                      ;*new {reexecute=0 rethrow=0 return_oop=0}
                      ; - java.net.URLClassLoader::defineClass@103
                      ; - java.net.URLClassLoader$1::run@43
                      ; - java.net.URLClassLoader$1::run@1
  0x000002126a08296c: 101a 86ff 

  0x000002126a082970: ;   {other}
  0x000002126a082970: 0f1f 8400 | 6096 00f9 | 498b cb48 | 8d94 24f0 | 0000 004d | 8bc7 c5f8 | 7749 ba40 | d917 43ff 
  0x000002126a082990: 7f00 0041 

  0x000002126a082994: ;   {other}
  0x000002126a082994: ffd2 0f1f | 8400 0000 | 0000 e9b9 | fcff ff48 | 896c 2428 | 8b6c 2424 | eb13 4889 | 6c24 2844 
  0x000002126a0829b4: 8b54 2434 | 4489 5424 | 208b 6c24 | 30ba 97ff | ffff 4c8b | 5424 584c | 8954 2430 | 4c8b 5424 
  0x000002126a0829d4: 604c 8954 | 2438 448b | 5424 5044 | 8954 2424 | 448b 5c24 | 5444 895c | 2450 6690 

  0x000002126a0829f0: ;   {runtime_call UncommonTrapBlob}
  0x000002126a0829f0: c5f8 77e8 

  0x000002126a0829f4: ; ImmutableOopMap {[36]=NarrowOop [40]=Oop [48]=Oop [56]=Oop [104]=Oop [112]=Oop [148]=NarrowOop [152]=NarrowOop }
                      ;*invokevirtual clone {reexecute=1 rethrow=0 return_oop=0}
                      ; - (reexecute) java.util.Arrays::copyOf@7
                      ; - jdk.internal.loader.Resource::getBytes@94
                      ; - java.net.URLClassLoader::defineClass@179
                      ; - java.net.URLClassLoader$1::run@43
                      ; - java.net.URLClassLoader$1::run@1
  0x000002126a0829f4: 8819 86ff 

  0x000002126a0829f8: ;   {other}
  0x000002126a0829f8: 0f1f 8400 | e896 00fa 

  0x000002126a082a00: ;   {internal_word}
  0x000002126a082a00: 49ba 7faf | 076a 1202 | 0000 4d89 | 9768 0400 

  0x000002126a082a10: ;   {runtime_call SafepointBlob}
  0x000002126a082a10: 00e9 6a2a 

  0x000002126a082a14: ;   {runtime_call StubRoutines (final stubs)}
  0x000002126a082a14: 86ff e885 | 3a84 ffe9 | 3e73 ffff 
[Stub Code]
  0x000002126a082a20: ;   {no_reloc}
  0x000002126a082a20: 48bb 0000 | 0000 0000 

  0x000002126a082a28: ;   {runtime_call nmethod}
  0x000002126a082a28: 0000 e9fb 

  0x000002126a082a2c: ;   {static_stub}
  0x000002126a082a2c: ffff ff48 | bb00 0000 | 0000 0000 

  0x000002126a082a38: ;   {runtime_call nmethod}
  0x000002126a082a38: 00e9 fbff 

  0x000002126a082a3c: ;   {static_stub}
  0x000002126a082a3c: ffff 48bb | 0000 0000 | 0000 0000 

  0x000002126a082a48: ;   {runtime_call nmethod}
  0x000002126a082a48: e9fb ffff 

  0x000002126a082a4c: ;   {static_stub}
  0x000002126a082a4c: ff48 bb00 | 0000 0000 

  0x000002126a082a54: ;   {runtime_call nmethod}
  0x000002126a082a54: 0000 00e9 | fbff ffff 

  0x000002126a082a5c: ;   {static_stub}
  0x000002126a082a5c: 48bb 0000 | 0000 0000 

  0x000002126a082a64: ;   {runtime_call nmethod}
  0x000002126a082a64: 0000 e9fb 

  0x000002126a082a68: ;   {static_stub}
  0x000002126a082a68: ffff ff48 | bb00 0000 | 0000 0000 

  0x000002126a082a74: ;   {runtime_call nmethod}
  0x000002126a082a74: 00e9 fbff 

  0x000002126a082a78: ;   {static_stub}
  0x000002126a082a78: ffff 48bb | 0000 0000 | 0000 0000 

  0x000002126a082a84: ;   {runtime_call nmethod}
  0x000002126a082a84: e9fb ffff 

  0x000002126a082a88: ;   {static_stub}
  0x000002126a082a88: ff48 bb00 | 0000 0000 

  0x000002126a082a90: ;   {runtime_call nmethod}
  0x000002126a082a90: 0000 00e9 | fbff ffff 

  0x000002126a082a98: ;   {static_stub}
  0x000002126a082a98: 48bb 0000 | 0000 0000 

  0x000002126a082aa0: ;   {runtime_call nmethod}
  0x000002126a082aa0: 0000 e9fb 

  0x000002126a082aa4: ;   {static_stub}
  0x000002126a082aa4: ffff ff48 | bb00 0000 | 0000 0000 

  0x000002126a082ab0: ;   {runtime_call nmethod}
  0x000002126a082ab0: 00e9 fbff 

  0x000002126a082ab4: ;   {static_stub}
  0x000002126a082ab4: ffff 48bb | 0000 0000 | 0000 0000 

  0x000002126a082ac0: ;   {runtime_call nmethod}
  0x000002126a082ac0: e9fb ffff 

  0x000002126a082ac4: ;   {static_stub}
  0x000002126a082ac4: ff48 bb00 | 0000 0000 

  0x000002126a082acc: ;   {runtime_call nmethod}
  0x000002126a082acc: 0000 00e9 | fbff ffff 

  0x000002126a082ad4: ;   {static_stub}
  0x000002126a082ad4: 48bb 0000 | 0000 0000 

  0x000002126a082adc: ;   {runtime_call nmethod}
  0x000002126a082adc: 0000 e9fb 

  0x000002126a082ae0: ;   {static_stub}
  0x000002126a082ae0: ffff ff48 | bb00 0000 | 0000 0000 

  0x000002126a082aec: ;   {runtime_call nmethod}
  0x000002126a082aec: 00e9 fbff 

  0x000002126a082af0: ;   {static_stub}
  0x000002126a082af0: ffff 48bb | 0000 0000 | 0000 0000 

  0x000002126a082afc: ;   {runtime_call nmethod}
  0x000002126a082afc: e9fb ffff 

  0x000002126a082b00: ;   {static_stub}
  0x000002126a082b00: ff48 bbe0 | 0e05 0012 

  0x000002126a082b08: ;   {runtime_call I2C/C2I adapters}
  0x000002126a082b08: 0200 00e9 | 5309 86ff 

  0x000002126a082b10: ;   {static_stub}
  0x000002126a082b10: 48bb 0000 | 0000 0000 

  0x000002126a082b18: ;   {runtime_call nmethod}
  0x000002126a082b18: 0000 e9fb 

  0x000002126a082b1c: ;   {static_stub}
  0x000002126a082b1c: ffff ff48 | bb00 0000 | 0000 0000 

  0x000002126a082b28: ;   {runtime_call nmethod}
  0x000002126a082b28: 00e9 fbff 

  0x000002126a082b2c: ;   {static_stub}
  0x000002126a082b2c: ffff 48bb | 0000 0000 | 0000 0000 

  0x000002126a082b38: ;   {runtime_call nmethod}
  0x000002126a082b38: e9fb ffff 

  0x000002126a082b3c: ;   {static_stub}
  0x000002126a082b3c: ff48 bb00 | 0000 0000 

  0x000002126a082b44: ;   {runtime_call nmethod}
  0x000002126a082b44: 0000 00e9 | fbff ffff 

  0x000002126a082b4c: ;   {static_stub}
  0x000002126a082b4c: 48bb 0000 | 0000 0000 

  0x000002126a082b54: ;   {runtime_call nmethod}
  0x000002126a082b54: 0000 e9fb 

  0x000002126a082b58: ;   {static_stub}
  0x000002126a082b58: ffff ff48 | bbb0 ae44 | 0012 0200 

  0x000002126a082b64: ;   {runtime_call I2C/C2I adapters}
  0x000002126a082b64: 00e9 84fe 

  0x000002126a082b68: ;   {static_stub}
  0x000002126a082b68: 84ff 48bb | 0000 0000 | 0000 0000 

  0x000002126a082b74: ;   {runtime_call nmethod}
  0x000002126a082b74: e9fb ffff 

  0x000002126a082b78: ;   {static_stub}
  0x000002126a082b78: ff48 bb00 | 0000 0000 

  0x000002126a082b80: ;   {runtime_call nmethod}
  0x000002126a082b80: 0000 00e9 | fbff ffff 

  0x000002126a082b88: ;   {static_stub}
  0x000002126a082b88: 48bb 0000 | 0000 0000 

  0x000002126a082b90: ;   {runtime_call nmethod}
  0x000002126a082b90: 0000 e9fb 

  0x000002126a082b94: ;   {static_stub}
  0x000002126a082b94: ffff ff48 | bb00 0000 | 0000 0000 

  0x000002126a082ba0: ;   {runtime_call nmethod}
  0x000002126a082ba0: 00e9 fbff 

  0x000002126a082ba4: ;   {static_stub}
  0x000002126a082ba4: ffff 48bb | 509d 1b00 | 1202 0000 

  0x000002126a082bb0: ;   {runtime_call I2C/C2I adapters}
  0x000002126a082bb0: e932 1486 

  0x000002126a082bb4: ;   {static_stub}
  0x000002126a082bb4: ff48 bb28 | a444 0012 

  0x000002126a082bbc: ;   {runtime_call I2C/C2I adapters}
  0x000002126a082bbc: 0200 00e9 | 2314 86ff 

  0x000002126a082bc4: ;   {static_stub}
  0x000002126a082bc4: 48bb 0000 | 0000 0000 

  0x000002126a082bcc: ;   {runtime_call nmethod}
  0x000002126a082bcc: 0000 e9fb 

  0x000002126a082bd0: ;   {static_stub}
  0x000002126a082bd0: ffff ff48 | bb00 0000 | 0000 0000 

  0x000002126a082bdc: ;   {runtime_call nmethod}
  0x000002126a082bdc: 00e9 fbff 

  0x000002126a082be0: ;   {static_stub}
  0x000002126a082be0: ffff 48bb | 0000 0000 | 0000 0000 

  0x000002126a082bec: ;   {runtime_call nmethod}
  0x000002126a082bec: e9fb ffff 

  0x000002126a082bf0: ;   {static_stub}
  0x000002126a082bf0: ff48 bb00 | 0000 0000 

  0x000002126a082bf8: ;   {runtime_call nmethod}
  0x000002126a082bf8: 0000 00e9 | fbff ffff 

  0x000002126a082c00: ;   {static_stub}
  0x000002126a082c00: 48bb 0000 | 0000 0000 

  0x000002126a082c08: ;   {runtime_call nmethod}
  0x000002126a082c08: 0000 e9fb 

  0x000002126a082c0c: ;   {static_stub}
  0x000002126a082c0c: ffff ff48 | bb00 0000 | 0000 0000 

  0x000002126a082c18: ;   {runtime_call nmethod}
  0x000002126a082c18: 00e9 fbff 

  0x000002126a082c1c: ;   {static_stub}
  0x000002126a082c1c: ffff 48bb | 0000 0000 | 0000 0000 

  0x000002126a082c28: ;   {runtime_call nmethod}
  0x000002126a082c28: e9fb ffff 

  0x000002126a082c2c: ;   {static_stub}
  0x000002126a082c2c: ff48 bb00 | 0000 0000 

  0x000002126a082c34: ;   {runtime_call nmethod}
  0x000002126a082c34: 0000 00e9 | fbff ffff 

  0x000002126a082c3c: ;   {static_stub}
  0x000002126a082c3c: 48bb 0000 | 0000 0000 

  0x000002126a082c44: ;   {runtime_call nmethod}
  0x000002126a082c44: 0000 e9fb 

  0x000002126a082c48: ;   {static_stub}
  0x000002126a082c48: ffff ff48 | bb00 0000 | 0000 0000 

  0x000002126a082c54: ;   {runtime_call nmethod}
  0x000002126a082c54: 00e9 fbff 

  0x000002126a082c58: ;   {static_stub}
  0x000002126a082c58: ffff 48bb | 0000 0000 | 0000 0000 

  0x000002126a082c64: ;   {runtime_call nmethod}
  0x000002126a082c64: e9fb ffff 

  0x000002126a082c68: ;   {static_stub}
  0x000002126a082c68: ff48 bb00 | 0000 0000 

  0x000002126a082c70: ;   {runtime_call nmethod}
  0x000002126a082c70: 0000 00e9 | fbff ffff 

  0x000002126a082c78: ;   {static_stub}
  0x000002126a082c78: 48bb 0000 | 0000 0000 

  0x000002126a082c80: ;   {runtime_call nmethod}
  0x000002126a082c80: 0000 e9fb 

  0x000002126a082c84: ;   {static_stub}
  0x000002126a082c84: ffff ff48 | bb78 cb0f | 0012 0200 

  0x000002126a082c90: ;   {runtime_call I2C/C2I adapters}
  0x000002126a082c90: 00e9 cc0b 

  0x000002126a082c94: ;   {static_stub}
  0x000002126a082c94: 86ff 48bb | 0000 0000 | 0000 0000 

  0x000002126a082ca0: ;   {runtime_call nmethod}
  0x000002126a082ca0: e9fb ffff 

  0x000002126a082ca4: ;   {runtime_call ExceptionBlob}
  0x000002126a082ca4: ffe9 56bb | 92ff e800 | 0000 0048 | 832c 2405 

  0x000002126a082cb4: ;   {runtime_call DeoptimizationBlob}
  0x000002126a082cb4: e967 1a86 | fff4 f4f4 | f4f4 f4f4 
[/MachCode]


---------------  P R O C E S S  ---------------

Threads class SMR info:
_java_thread_list=0x000002127aeaae20, length=39, elements={
0x000002125cd0dad0, 0x0000021275961950, 0x00000212759623b0, 0x0000021275966610,
0x0000021275967070, 0x0000021275967ad0, 0x0000021275968530, 0x000002127596c9f0,
0x000002127596d490, 0x0000021275b16a40, 0x0000021275c38990, 0x000002127b7aecd0,
0x000002127b7eb3f0, 0x000002127b8a95f0, 0x0000021275a909d0, 0x0000021275a91040,
0x0000021275d465c0, 0x0000021275d472e0, 0x0000021275d45f30, 0x0000021275d48d20,
0x0000021275d46c50, 0x0000021275d48000, 0x0000021275d493b0, 0x0000021275d47970,
0x0000021275d48690, 0x000002127ceda170, 0x000002127cedae90, 0x000002127ced8730,
0x000002127cedb520, 0x000002127ced9ae0, 0x000002127ced8dc0, 0x000002127cedbbb0,
0x000002127cedc240, 0x000002127cedc8d0, 0x000002127ced9450, 0x000002127cedd5f0,
0x000002127cedcf60, 0x000002127ceddc80, 0x000002127cede310
}

Java Threads: ( => current thread )
  0x000002125cd0dad0 JavaThread "main"                              [_thread_blocked, id=11620, stack(0x000000ff11f00000,0x000000ff12000000) (1024K)]
  0x0000021275961950 JavaThread "Reference Handler"          daemon [_thread_blocked, id=9600, stack(0x000000ff12700000,0x000000ff12800000) (1024K)]
  0x00000212759623b0 JavaThread "Finalizer"                  daemon [_thread_blocked, id=5280, stack(0x000000ff12800000,0x000000ff12900000) (1024K)]
  0x0000021275966610 JavaThread "Signal Dispatcher"          daemon [_thread_blocked, id=2736, stack(0x000000ff12900000,0x000000ff12a00000) (1024K)]
  0x0000021275967070 JavaThread "Attach Listener"            daemon [_thread_blocked, id=16068, stack(0x000000ff12a00000,0x000000ff12b00000) (1024K)]
  0x0000021275967ad0 JavaThread "Service Thread"             daemon [_thread_blocked, id=5152, stack(0x000000ff12b00000,0x000000ff12c00000) (1024K)]
  0x0000021275968530 JavaThread "Monitor Deflation Thread"   daemon [_thread_blocked, id=21304, stack(0x000000ff12c00000,0x000000ff12d00000) (1024K)]
  0x000002127596c9f0 JavaThread "C2 CompilerThread0"         daemon [_thread_blocked, id=3300, stack(0x000000ff12d00000,0x000000ff12e00000) (1024K)]
  0x000002127596d490 JavaThread "C1 CompilerThread0"         daemon [_thread_blocked, id=12820, stack(0x000000ff12e00000,0x000000ff12f00000) (1024K)]
  0x0000021275b16a40 JavaThread "Common-Cleaner"             daemon [_thread_blocked, id=20404, stack(0x000000ff12f00000,0x000000ff13000000) (1024K)]
  0x0000021275c38990 JavaThread "Notification Thread"        daemon [_thread_blocked, id=9268, stack(0x000000ff13000000,0x000000ff13100000) (1024K)]
  0x000002127b7aecd0 JavaThread "Daemon health stats"               [_thread_blocked, id=8132, stack(0x000000ff13900000,0x000000ff13a00000) (1024K)]
  0x000002127b7eb3f0 JavaThread "Incoming local TCP Connector on port 49983"        [_thread_in_native, id=5164, stack(0x000000ff13100000,0x000000ff13200000) (1024K)]
  0x000002127b8a95f0 JavaThread "Daemon periodic checks"            [_thread_blocked, id=13520, stack(0x000000ff13a00000,0x000000ff13b00000) (1024K)]
  0x0000021275a909d0 JavaThread "Daemon"                            [_thread_blocked, id=4636, stack(0x000000ff13b00000,0x000000ff13c00000) (1024K)]
  0x0000021275a91040 JavaThread "Handler for socket connection from /127.0.0.1:49983 to /127.0.0.1:49986"        [_thread_in_native, id=22348, stack(0x000000ff13c00000,0x000000ff13d00000) (1024K)]
  0x0000021275d465c0 JavaThread "Cancel handler"                    [_thread_blocked, id=18776, stack(0x000000ff13d00000,0x000000ff13e00000) (1024K)]
=>0x0000021275d472e0 JavaThread "Daemon worker"                     [_thread_in_vm, id=18364, stack(0x000000ff13e00000,0x000000ff13f00000) (1024K)]
  0x0000021275d45f30 JavaThread "Asynchronous log dispatcher for DefaultDaemonConnection: socket connection from /127.0.0.1:49983 to /127.0.0.1:49986"        [_thread_blocked, id=17816, stack(0x000000ff13f00000,0x000000ff14000000) (1024K)]
  0x0000021275d48d20 JavaThread "Stdin handler"                     [_thread_blocked, id=21948, stack(0x000000ff14000000,0x000000ff14100000) (1024K)]
  0x0000021275d46c50 JavaThread "Daemon client event forwarder"        [_thread_blocked, id=17416, stack(0x000000ff14100000,0x000000ff14200000) (1024K)]
  0x0000021275d48000 JavaThread "Cache worker for journal cache (D:\GradleCache\caches\journal-1)"        [_thread_blocked, id=19500, stack(0x000000ff14200000,0x000000ff14300000) (1024K)]
  0x0000021275d493b0 JavaThread "File lock request listener"        [_thread_in_native, id=21884, stack(0x000000ff14300000,0x000000ff14400000) (1024K)]
  0x0000021275d47970 JavaThread "File lock release action executor"        [_thread_blocked, id=23760, stack(0x000000ff14400000,0x000000ff14500000) (1024K)]
  0x0000021275d48690 JavaThread "Cache worker for file hash cache (D:\GradleCache\caches\8.14.3\fileHashes)"        [_thread_blocked, id=5980, stack(0x000000ff14500000,0x000000ff14600000) (1024K)]
  0x000002127ceda170 JavaThread "Cache worker for file hash cache (D:\SyncSphere\frontend-next\android\.gradle\8.14.3\fileHashes)"        [_thread_blocked, id=25436, stack(0x000000ff14b00000,0x000000ff14c00000) (1024K)]
  0x000002127cedae90 JavaThread "Cache worker for Build Output Cleanup Cache (D:\SyncSphere\frontend-next\android\.gradle\buildOutputCleanup)"        [_thread_blocked, id=25448, stack(0x000000ff14c00000,0x000000ff14d00000) (1024K)]
  0x000002127ced8730 JavaThread "File watcher server"        daemon [_thread_in_native, id=25568, stack(0x000000ff14d00000,0x000000ff14e00000) (1024K)]
  0x000002127cedb520 JavaThread "File watcher consumer"      daemon [_thread_blocked, id=25580, stack(0x000000ff14e00000,0x000000ff14f00000) (1024K)]
  0x000002127ced9ae0 JavaThread "jar transforms"                    [_thread_blocked, id=15332, stack(0x000000ff14600000,0x000000ff14700000) (1024K)]
  0x000002127ced8dc0 JavaThread "jar transforms Thread 2"           [_thread_blocked, id=24972, stack(0x000000ff11e00000,0x000000ff11f00000) (1024K)]
  0x000002127cedbbb0 JavaThread "Cache worker for checksums cache (D:\SyncSphere\frontend-next\android\.gradle\8.14.3\checksums)"        [_thread_blocked, id=27204, stack(0x000000ff14f00000,0x000000ff15000000) (1024K)]
  0x000002127cedc240 JavaThread "Cache worker for file content cache (D:\GradleCache\caches\8.14.3\fileContent)"        [_thread_blocked, id=27064, stack(0x000000ff15000000,0x000000ff15100000) (1024K)]
  0x000002127cedc8d0 JavaThread "jar transforms Thread 3"           [_thread_blocked, id=29360, stack(0x000000ff11c00000,0x000000ff11d00000) (1024K)]
  0x000002127ced9450 JavaThread "jar transforms Thread 4"           [_thread_blocked, id=29036, stack(0x000000ff11d00000,0x000000ff11e00000) (1024K)]
  0x000002127cedd5f0 JavaThread "jar transforms Thread 5"           [_thread_blocked, id=29620, stack(0x000000ff15100000,0x000000ff15200000) (1024K)]
  0x000002127cedcf60 JavaThread "jar transforms Thread 6"           [_thread_blocked, id=8744, stack(0x000000ff15200000,0x000000ff15300000) (1024K)]
  0x000002127ceddc80 JavaThread "Cache worker for cache directory md-supplier (D:\GradleCache\caches\8.14.3\md-supplier)"        [_thread_blocked, id=31380, stack(0x000000ff15300000,0x000000ff15400000) (1024K)]
  0x000002127cede310 JavaThread "Cache worker for cache directory md-rule (D:\GradleCache\caches\8.14.3\md-rule)"        [_thread_blocked, id=31228, stack(0x000000ff15400000,0x000000ff15500000) (1024K)]
Total: 39

Other Threads:
  0x0000021275944cd0 VMThread "VM Thread"                           [id=3584, stack(0x000000ff12600000,0x000000ff12700000) (1024K)]
  0x00000212759367e0 WatcherThread "VM Periodic Task Thread"        [id=19488, stack(0x000000ff12500000,0x000000ff12600000) (1024K)]
  0x000002125f19fc10 WorkerThread "GC Thread#0"                     [id=17800, stack(0x000000ff12000000,0x000000ff12100000) (1024K)]
  0x000002127a2d72d0 WorkerThread "GC Thread#1"                     [id=13356, stack(0x000000ff13300000,0x000000ff13400000) (1024K)]
  0x000002127a2d7680 WorkerThread "GC Thread#2"                     [id=23676, stack(0x000000ff13400000,0x000000ff13500000) (1024K)]
  0x000002127a170ab0 WorkerThread "GC Thread#3"                     [id=6388, stack(0x000000ff13500000,0x000000ff13600000) (1024K)]
  0x000002127a170e60 WorkerThread "GC Thread#4"                     [id=2792, stack(0x000000ff13600000,0x000000ff13700000) (1024K)]
  0x000002127b538360 WorkerThread "GC Thread#5"                     [id=14360, stack(0x000000ff13200000,0x000000ff13300000) (1024K)]
  0x000002127b7564d0 WorkerThread "GC Thread#6"                     [id=7672, stack(0x000000ff13700000,0x000000ff13800000) (1024K)]
  0x000002127b756880 WorkerThread "GC Thread#7"                     [id=18392, stack(0x000000ff13800000,0x000000ff13900000) (1024K)]
  0x000002127bd4ff70 WorkerThread "GC Thread#8"                     [id=25388, stack(0x000000ff14700000,0x000000ff14800000) (1024K)]
  0x000002127bd506d0 WorkerThread "GC Thread#9"                     [id=25392, stack(0x000000ff14800000,0x000000ff14900000) (1024K)]
  0x000002125f1a8b10 ConcurrentGCThread "G1 Main Marker"            [id=3824, stack(0x000000ff12100000,0x000000ff12200000) (1024K)]
  0x000002125f1a9530 WorkerThread "G1 Conc#0"                       [id=2780, stack(0x000000ff12200000,0x000000ff12300000) (1024K)]
  0x000002127bd52bb0 WorkerThread "G1 Conc#1"                       [id=25396, stack(0x000000ff14900000,0x000000ff14a00000) (1024K)]
  0x000002127bd4fbc0 WorkerThread "G1 Conc#2"                       [id=25400, stack(0x000000ff14a00000,0x000000ff14b00000) (1024K)]
  0x000002125f21eaf0 ConcurrentGCThread "G1 Refine#0"               [id=11976, stack(0x000000ff12300000,0x000000ff12400000) (1024K)]
  0x00000212757fe720 ConcurrentGCThread "G1 Service"                [id=22324, stack(0x000000ff12400000,0x000000ff12500000) (1024K)]
Total: 18

Threads with active compile tasks:
Total: 0

VM state: not at safepoint (normal execution)

VM Mutex/Monitor currently owned by a thread:  ([mutex/lock_event])
[0x00007fff436fd530] Metaspace_lock - owner thread: 0x0000021275d472e0

Heap address: 0x00000000c0000000, size: 1024 MB, Compressed Oops mode: 32-bit

CDS archive(s) mapped at: [0x0000021200000000-0x0000021200ba0000-0x0000021200ba0000), size 12189696, SharedBaseAddress: 0x0000021200000000, ArchiveRelocationMode: 1.
Compressed class space mapped at: 0x0000021201000000-0x0000021241000000, reserved size: 1073741824
Narrow klass base: 0x0000021200000000, Narrow klass shift: 0, Narrow klass range: 0x100000000

GC Precious Log:
 CardTable entry size: 512
 Card Set container configuration: InlinePtr #cards 5 size 8 Array Of Cards #cards 12 size 40 Howl #buckets 4 coarsen threshold 1843 Howl Bitmap #cards 512 size 80 coarsen threshold 460 Card regions per heap region 1 cards per card region 2048
 CPUs: 12 total, 12 available
 Memory: 15713M
 Large Page Support: Disabled
 NUMA Support: Disabled
 Compressed Oops: Enabled (32-bit)
 Heap Region Size: 1M
 Heap Min Capacity: 8M
 Heap Initial Capacity: 246M
 Heap Max Capacity: 1G
 Pre-touch: Disabled
 Parallel Workers: 10
 Concurrent Workers: 3
 Concurrent Refinement Workers: 10
 Periodic GC: Disabled

Heap:
 garbage-first heap   total 98304K, used 61916K [0x00000000c0000000, 0x0000000100000000)
  region size 1024K, 31 young (31744K), 4 survivors (4096K)
 Metaspace       used 42113K, committed 43520K, reserved 1114112K
  class space    used 6118K, committed 6784K, reserved 1048576K

Heap Regions: E=young(eden), S=young(survivor), O=old, HS=humongous(starts), HC=humongous(continues), CS=collection set, F=free, TAMS=top-at-mark-start, PB=parsable bottom
|   0|0x00000000c0000000, 0x00000000c0100000, 0x00000000c0100000|100%|HS|  |TAMS 0x00000000c0000000| PB 0x00000000c0000000| Complete 
|   1|0x00000000c0100000, 0x00000000c0200000, 0x00000000c0200000|100%|HC|  |TAMS 0x00000000c0100000| PB 0x00000000c0100000| Complete 
|   2|0x00000000c0200000, 0x00000000c0300000, 0x00000000c0300000|100%|HC|  |TAMS 0x00000000c0200000| PB 0x00000000c0200000| Complete 
|   3|0x00000000c0300000, 0x00000000c0400000, 0x00000000c0400000|100%| O|  |TAMS 0x00000000c0300000| PB 0x00000000c0300000| Untracked 
|   4|0x00000000c0400000, 0x00000000c0400000, 0x00000000c0500000|  0%| F|  |TAMS 0x00000000c0400000| PB 0x00000000c0400000| Untracked 
|   5|0x00000000c0500000, 0x00000000c0600000, 0x00000000c0600000|100%| O|  |TAMS 0x00000000c0500000| PB 0x00000000c0500000| Untracked 
|   6|0x00000000c0600000, 0x00000000c0700000, 0x00000000c0700000|100%| O|  |TAMS 0x00000000c0600000| PB 0x00000000c0600000| Untracked 
|   7|0x00000000c0700000, 0x00000000c0800000, 0x00000000c0800000|100%|HS|  |TAMS 0x00000000c0700000| PB 0x00000000c0700000| Complete 
|   8|0x00000000c0800000, 0x00000000c0900000, 0x00000000c0900000|100%| O|  |TAMS 0x00000000c0800000| PB 0x00000000c0800000| Untracked 
|   9|0x00000000c0900000, 0x00000000c0a00000, 0x00000000c0a00000|100%| O|  |TAMS 0x00000000c0900000| PB 0x00000000c0900000| Untracked 
|  10|0x00000000c0a00000, 0x00000000c0b00000, 0x00000000c0b00000|100%| O|  |TAMS 0x00000000c0a00000| PB 0x00000000c0a00000| Untracked 
|  11|0x00000000c0b00000, 0x00000000c0c00000, 0x00000000c0c00000|100%| O|  |TAMS 0x00000000c0b00000| PB 0x00000000c0b00000| Untracked 
|  12|0x00000000c0c00000, 0x00000000c0d00000, 0x00000000c0d00000|100%| O|  |TAMS 0x00000000c0c00000| PB 0x00000000c0c00000| Untracked 
|  13|0x00000000c0d00000, 0x00000000c0e00000, 0x00000000c0e00000|100%| O|  |TAMS 0x00000000c0d00000| PB 0x00000000c0d00000| Untracked 
|  14|0x00000000c0e00000, 0x00000000c0f00000, 0x00000000c0f00000|100%| O|  |TAMS 0x00000000c0e00000| PB 0x00000000c0e00000| Untracked 
|  15|0x00000000c0f00000, 0x00000000c1000000, 0x00000000c1000000|100%| O|  |TAMS 0x00000000c0f00000| PB 0x00000000c0f00000| Untracked 
|  16|0x00000000c1000000, 0x00000000c1100000, 0x00000000c1100000|100%| O|  |TAMS 0x00000000c1000000| PB 0x00000000c1000000| Untracked 
|  17|0x00000000c1100000, 0x00000000c1200000, 0x00000000c1200000|100%| O|  |TAMS 0x00000000c1100000| PB 0x00000000c1100000| Untracked 
|  18|0x00000000c1200000, 0x00000000c1300000, 0x00000000c1300000|100%| O|  |TAMS 0x00000000c1200000| PB 0x00000000c1200000| Untracked 
|  19|0x00000000c1300000, 0x00000000c1300000, 0x00000000c1400000|  0%| F|  |TAMS 0x00000000c1300000| PB 0x00000000c1300000| Untracked 
|  20|0x00000000c1400000, 0x00000000c1400000, 0x00000000c1500000|  0%| F|  |TAMS 0x00000000c1400000| PB 0x00000000c1400000| Untracked 
|  21|0x00000000c1500000, 0x00000000c1500000, 0x00000000c1600000|  0%| F|  |TAMS 0x00000000c1500000| PB 0x00000000c1500000| Untracked 
|  22|0x00000000c1600000, 0x00000000c1600000, 0x00000000c1700000|  0%| F|  |TAMS 0x00000000c1600000| PB 0x00000000c1600000| Untracked 
|  23|0x00000000c1700000, 0x00000000c1800000, 0x00000000c1800000|100%| O|  |TAMS 0x00000000c1700000| PB 0x00000000c1700000| Untracked 
|  24|0x00000000c1800000, 0x00000000c1900000, 0x00000000c1900000|100%| O|  |TAMS 0x00000000c1800000| PB 0x00000000c1800000| Untracked 
|  25|0x00000000c1900000, 0x00000000c1900000, 0x00000000c1a00000|  0%| F|  |TAMS 0x00000000c1900000| PB 0x00000000c1900000| Untracked 
|  26|0x00000000c1a00000, 0x00000000c1a00000, 0x00000000c1b00000|  0%| F|  |TAMS 0x00000000c1a00000| PB 0x00000000c1a00000| Untracked 
|  27|0x00000000c1b00000, 0x00000000c1b00000, 0x00000000c1c00000|  0%| F|  |TAMS 0x00000000c1b00000| PB 0x00000000c1b00000| Untracked 
|  28|0x00000000c1c00000, 0x00000000c1c00000, 0x00000000c1d00000|  0%| F|  |TAMS 0x00000000c1c00000| PB 0x00000000c1c00000| Untracked 
|  29|0x00000000c1d00000, 0x00000000c1d00000, 0x00000000c1e00000|  0%| F|  |TAMS 0x00000000c1d00000| PB 0x00000000c1d00000| Untracked 
|  30|0x00000000c1e00000, 0x00000000c1e00000, 0x00000000c1f00000|  0%| F|  |TAMS 0x00000000c1e00000| PB 0x00000000c1e00000| Untracked 
|  31|0x00000000c1f00000, 0x00000000c1fdcda0, 0x00000000c2000000| 86%| S|CS|TAMS 0x00000000c1f00000| PB 0x00000000c1f00000| Complete 
|  32|0x00000000c2000000, 0x00000000c2100000, 0x00000000c2100000|100%| S|CS|TAMS 0x00000000c2000000| PB 0x00000000c2000000| Complete 
|  33|0x00000000c2100000, 0x00000000c2200000, 0x00000000c2200000|100%| O|  |TAMS 0x00000000c2100000| PB 0x00000000c2100000| Untracked 
|  34|0x00000000c2200000, 0x00000000c2300000, 0x00000000c2300000|100%| O|  |TAMS 0x00000000c2200000| PB 0x00000000c2200000| Untracked 
|  35|0x00000000c2300000, 0x00000000c2400000, 0x00000000c2400000|100%| O|  |TAMS 0x00000000c2300000| PB 0x00000000c2300000| Untracked 
|  36|0x00000000c2400000, 0x00000000c2500000, 0x00000000c2500000|100%| O|  |TAMS 0x00000000c2400000| PB 0x00000000c2400000| Untracked 
|  37|0x00000000c2500000, 0x00000000c259a560, 0x00000000c2600000| 60%| O|  |TAMS 0x00000000c2500000| PB 0x00000000c2500000| Untracked 
|  38|0x00000000c2600000, 0x00000000c2700000, 0x00000000c2700000|100%| S|CS|TAMS 0x00000000c2600000| PB 0x00000000c2600000| Complete 
|  39|0x00000000c2700000, 0x00000000c2800000, 0x00000000c2800000|100%| S|CS|TAMS 0x00000000c2700000| PB 0x00000000c2700000| Complete 
|  40|0x00000000c2800000, 0x00000000c2800000, 0x00000000c2900000|  0%| F|  |TAMS 0x00000000c2800000| PB 0x00000000c2800000| Untracked 
|  41|0x00000000c2900000, 0x00000000c2900000, 0x00000000c2a00000|  0%| F|  |TAMS 0x00000000c2900000| PB 0x00000000c2900000| Untracked 
|  42|0x00000000c2a00000, 0x00000000c2a00000, 0x00000000c2b00000|  0%| F|  |TAMS 0x00000000c2a00000| PB 0x00000000c2a00000| Untracked 
|  43|0x00000000c2b00000, 0x00000000c2b00000, 0x00000000c2c00000|  0%| F|  |TAMS 0x00000000c2b00000| PB 0x00000000c2b00000| Untracked 
|  44|0x00000000c2c00000, 0x00000000c2c00000, 0x00000000c2d00000|  0%| F|  |TAMS 0x00000000c2c00000| PB 0x00000000c2c00000| Untracked 
|  45|0x00000000c2d00000, 0x00000000c2d00000, 0x00000000c2e00000|  0%| F|  |TAMS 0x00000000c2d00000| PB 0x00000000c2d00000| Untracked 
|  46|0x00000000c2e00000, 0x00000000c2e00000, 0x00000000c2f00000|  0%| F|  |TAMS 0x00000000c2e00000| PB 0x00000000c2e00000| Untracked 
|  47|0x00000000c2f00000, 0x00000000c2f00000, 0x00000000c3000000|  0%| F|  |TAMS 0x00000000c2f00000| PB 0x00000000c2f00000| Untracked 
|  48|0x00000000c3000000, 0x00000000c3000000, 0x00000000c3100000|  0%| F|  |TAMS 0x00000000c3000000| PB 0x00000000c3000000| Untracked 
|  49|0x00000000c3100000, 0x00000000c3100000, 0x00000000c3200000|  0%| F|  |TAMS 0x00000000c3100000| PB 0x00000000c3100000| Untracked 
|  50|0x00000000c3200000, 0x00000000c3200000, 0x00000000c3300000|  0%| F|  |TAMS 0x00000000c3200000| PB 0x00000000c3200000| Untracked 
|  51|0x00000000c3300000, 0x00000000c3300000, 0x00000000c3400000|  0%| F|  |TAMS 0x00000000c3300000| PB 0x00000000c3300000| Untracked 
|  52|0x00000000c3400000, 0x00000000c3400000, 0x00000000c3500000|  0%| F|  |TAMS 0x00000000c3400000| PB 0x00000000c3400000| Untracked 
|  53|0x00000000c3500000, 0x00000000c3500000, 0x00000000c3600000|  0%| F|  |TAMS 0x00000000c3500000| PB 0x00000000c3500000| Untracked 
|  54|0x00000000c3600000, 0x00000000c3600000, 0x00000000c3700000|  0%| F|  |TAMS 0x00000000c3600000| PB 0x00000000c3600000| Untracked 
|  55|0x00000000c3700000, 0x00000000c3700000, 0x00000000c3800000|  0%| F|  |TAMS 0x00000000c3700000| PB 0x00000000c3700000| Untracked 
|  56|0x00000000c3800000, 0x00000000c3800000, 0x00000000c3900000|  0%| F|  |TAMS 0x00000000c3800000| PB 0x00000000c3800000| Untracked 
|  57|0x00000000c3900000, 0x00000000c3900000, 0x00000000c3a00000|  0%| F|  |TAMS 0x00000000c3900000| PB 0x00000000c3900000| Untracked 
|  58|0x00000000c3a00000, 0x00000000c3a00000, 0x00000000c3b00000|  0%| F|  |TAMS 0x00000000c3a00000| PB 0x00000000c3a00000| Untracked 
|  59|0x00000000c3b00000, 0x00000000c3b00000, 0x00000000c3c00000|  0%| F|  |TAMS 0x00000000c3b00000| PB 0x00000000c3b00000| Untracked 
|  60|0x00000000c3c00000, 0x00000000c3c00000, 0x00000000c3d00000|  0%| F|  |TAMS 0x00000000c3c00000| PB 0x00000000c3c00000| Untracked 
|  61|0x00000000c3d00000, 0x00000000c3d00000, 0x00000000c3e00000|  0%| F|  |TAMS 0x00000000c3d00000| PB 0x00000000c3d00000| Untracked 
|  62|0x00000000c3e00000, 0x00000000c3e00000, 0x00000000c3f00000|  0%| F|  |TAMS 0x00000000c3e00000| PB 0x00000000c3e00000| Untracked 
|  63|0x00000000c3f00000, 0x00000000c3f80000, 0x00000000c4000000| 50%| E|  |TAMS 0x00000000c3f00000| PB 0x00000000c3f00000| Complete 
|  64|0x00000000c4000000, 0x00000000c4100000, 0x00000000c4100000|100%| E|CS|TAMS 0x00000000c4000000| PB 0x00000000c4000000| Complete 
|  65|0x00000000c4100000, 0x00000000c4200000, 0x00000000c4200000|100%| E|CS|TAMS 0x00000000c4100000| PB 0x00000000c4100000| Complete 
|  66|0x00000000c4200000, 0x00000000c4300000, 0x00000000c4300000|100%| E|CS|TAMS 0x00000000c4200000| PB 0x00000000c4200000| Complete 
|  67|0x00000000c4300000, 0x00000000c4400000, 0x00000000c4400000|100%| E|CS|TAMS 0x00000000c4300000| PB 0x00000000c4300000| Complete 
|  68|0x00000000c4400000, 0x00000000c4500000, 0x00000000c4500000|100%| E|CS|TAMS 0x00000000c4400000| PB 0x00000000c4400000| Complete 
|  69|0x00000000c4500000, 0x00000000c4600000, 0x00000000c4600000|100%| E|CS|TAMS 0x00000000c4500000| PB 0x00000000c4500000| Complete 
|  70|0x00000000c4600000, 0x00000000c4700000, 0x00000000c4700000|100%| E|CS|TAMS 0x00000000c4600000| PB 0x00000000c4600000| Complete 
|  71|0x00000000c4700000, 0x00000000c4800000, 0x00000000c4800000|100%| E|CS|TAMS 0x00000000c4700000| PB 0x00000000c4700000| Complete 
|  72|0x00000000c4800000, 0x00000000c4900000, 0x00000000c4900000|100%| E|CS|TAMS 0x00000000c4800000| PB 0x00000000c4800000| Complete 
|  73|0x00000000c4900000, 0x00000000c4a00000, 0x00000000c4a00000|100%| E|CS|TAMS 0x00000000c4900000| PB 0x00000000c4900000| Complete 
|  74|0x00000000c4a00000, 0x00000000c4b00000, 0x00000000c4b00000|100%| E|CS|TAMS 0x00000000c4a00000| PB 0x00000000c4a00000| Complete 
|  75|0x00000000c4b00000, 0x00000000c4c00000, 0x00000000c4c00000|100%| E|CS|TAMS 0x00000000c4b00000| PB 0x00000000c4b00000| Complete 
|  76|0x00000000c4c00000, 0x00000000c4d00000, 0x00000000c4d00000|100%| E|CS|TAMS 0x00000000c4c00000| PB 0x00000000c4c00000| Complete 
| 139|0x00000000c8b00000, 0x00000000c8c00000, 0x00000000c8c00000|100%| E|CS|TAMS 0x00000000c8b00000| PB 0x00000000c8b00000| Complete 
| 140|0x00000000c8c00000, 0x00000000c8d00000, 0x00000000c8d00000|100%| E|CS|TAMS 0x00000000c8c00000| PB 0x00000000c8c00000| Complete 
| 141|0x00000000c8d00000, 0x00000000c8e00000, 0x00000000c8e00000|100%| E|CS|TAMS 0x00000000c8d00000| PB 0x00000000c8d00000| Complete 
| 142|0x00000000c8e00000, 0x00000000c8f00000, 0x00000000c8f00000|100%| E|CS|TAMS 0x00000000c8e00000| PB 0x00000000c8e00000| Complete 
| 143|0x00000000c8f00000, 0x00000000c9000000, 0x00000000c9000000|100%| E|CS|TAMS 0x00000000c8f00000| PB 0x00000000c8f00000| Complete 
| 144|0x00000000c9000000, 0x00000000c9100000, 0x00000000c9100000|100%| E|CS|TAMS 0x00000000c9000000| PB 0x00000000c9000000| Complete 
| 145|0x00000000c9100000, 0x00000000c9200000, 0x00000000c9200000|100%| E|CS|TAMS 0x00000000c9100000| PB 0x00000000c9100000| Complete 
| 146|0x00000000c9200000, 0x00000000c9300000, 0x00000000c9300000|100%| E|CS|TAMS 0x00000000c9200000| PB 0x00000000c9200000| Complete 
| 147|0x00000000c9300000, 0x00000000c9400000, 0x00000000c9400000|100%| E|CS|TAMS 0x00000000c9300000| PB 0x00000000c9300000| Complete 
| 148|0x00000000c9400000, 0x00000000c9500000, 0x00000000c9500000|100%| E|CS|TAMS 0x00000000c9400000| PB 0x00000000c9400000| Complete 
| 149|0x00000000c9500000, 0x00000000c9600000, 0x00000000c9600000|100%| E|CS|TAMS 0x00000000c9500000| PB 0x00000000c9500000| Complete 
| 150|0x00000000c9600000, 0x00000000c9700000, 0x00000000c9700000|100%| E|CS|TAMS 0x00000000c9600000| PB 0x00000000c9600000| Complete 
| 245|0x00000000cf500000, 0x00000000cf600000, 0x00000000cf600000|100%| E|CS|TAMS 0x00000000cf500000| PB 0x00000000cf500000| Complete 
|1018|0x00000000ffa00000, 0x00000000ffb00000, 0x00000000ffb00000|100%| O|  |TAMS 0x00000000ffa00000| PB 0x00000000ffa00000| Untracked 
|1019|0x00000000ffb00000, 0x00000000ffc00000, 0x00000000ffc00000|100%| O|  |TAMS 0x00000000ffb00000| PB 0x00000000ffb00000| Untracked 
|1020|0x00000000ffc00000, 0x00000000ffd00000, 0x00000000ffd00000|100%| O|  |TAMS 0x00000000ffc00000| PB 0x00000000ffc00000| Untracked 
|1021|0x00000000ffd00000, 0x00000000ffe00000, 0x00000000ffe00000|100%| O|  |TAMS 0x00000000ffd00000| PB 0x00000000ffd00000| Untracked 
|1022|0x00000000ffe00000, 0x00000000fff00000, 0x00000000fff00000|100%| O|Cm|TAMS 0x00000000ffe00000| PB 0x00000000ffe00000| Complete 
|1023|0x00000000fff00000, 0x0000000100000000, 0x0000000100000000|100%| O|  |TAMS 0x00000000fff00000| PB 0x00000000fff00000| Untracked 

Card table byte_map: [0x0000021271ab0000,0x0000021271cb0000] _byte_map_base: 0x00000212714b0000

Marking Bits: (CMBitMap*) 0x000002125f1a0230
 Bits: [0x0000021271cb0000, 0x0000021272cb0000)

Polling page: 0x000002125d340000

Metaspace:

Usage:
  Non-class:     35.15 MB used.
      Class:      5.98 MB used.
       Both:     41.13 MB used.

Virtual space:
  Non-class space:       64.00 MB reserved,      35.88 MB ( 56%) committed,  1 nodes.
      Class space:        1.00 GB reserved,       6.62 MB ( <1%) committed,  1 nodes.
             Both:        1.06 GB reserved,      42.50 MB (  4%) committed. 

Chunk freelists:
   Non-Class:  12.05 MB
       Class:  9.38 MB
        Both:  21.42 MB

MaxMetaspaceSize: unlimited
CompressedClassSpaceSize: 1.00 GB
Initial GC threshold: 21.00 MB
Current GC threshold: 58.69 MB
CDS: on
 - commit_granule_bytes: 65536.
 - commit_granule_words: 8192.
 - virtual_space_node_default_size: 8388608.
 - enlarge_chunks_in_place: 1.
 - use_allocation_guard: 0.


Internal statistics:

num_allocs_failed_limit: 6.
num_arena_births: 2618.
num_arena_deaths: 0.
num_vsnodes_births: 2.
num_vsnodes_deaths: 0.
num_space_committed: 680.
num_space_uncommitted: 0.
num_chunks_returned_to_freelist: 6.
num_chunks_taken_from_freelist: 4613.
num_chunk_merges: 6.
num_chunk_splits: 2965.
num_chunks_enlarged: 1763.
num_inconsistent_stats: 0.

CodeHeap 'non-profiled nmethods': size=120000Kb used=2785Kb max_used=2785Kb free=117214Kb
 bounds [0x0000021269e30000, 0x000002126a0f0000, 0x0000021271360000]
CodeHeap 'profiled nmethods': size=120000Kb used=9521Kb max_used=9521Kb free=110478Kb
 bounds [0x0000021262360000, 0x0000021262cb0000, 0x0000021269890000]
CodeHeap 'non-nmethods': size=5760Kb used=2559Kb max_used=2600Kb free=3200Kb
 bounds [0x0000021269890000, 0x0000021269b30000, 0x0000021269e30000]
CodeCache: size=245760Kb, used=14865Kb, max_used=14906Kb, free=230892Kb
 total_blobs=5800, nmethods=4968, adapters=736, full_count=0
Compilation: enabled, stopped_count=0, restarted_count=0

Compilation events (20 events):
Event: 119.162 Thread 0x000002127596d490 5507       3       com.google.common.reflect.TypeResolver::resolveType (74 bytes)
Event: 119.163 Thread 0x000002127596d490 nmethod 5507 0x0000021262ca7e90 code [0x0000021262ca8140, 0x0000021262ca8fd0]
Event: 119.164 Thread 0x000002127596d490 5508       3       sun.reflect.generics.parser.SignatureParser::parseIdentifier (13 bytes)
Event: 119.164 Thread 0x000002127596d490 nmethod 5508 0x0000021262ca9210 code [0x0000021262ca93e0, 0x0000021262ca9640]
Event: 119.164 Thread 0x000002127596d490 5509       3       jdk.internal.org.objectweb.asm.ClassReader::readUtf (161 bytes)
Event: 119.165 Thread 0x000002127596d490 nmethod 5509 0x0000021262ca9790 code [0x0000021262ca9980, 0x0000021262ca9dd0]
Event: 119.183 Thread 0x000002127596c9f0 nmethod 5467 0x000002126a0da190 code [0x000002126a0da6c0, 0x000002126a0dee70]
Event: 119.183 Thread 0x000002127596c9f0 5473       4       java.lang.invoke.InvokerBytecodeGenerator::emitStaticInvoke (258 bytes)
Event: 119.193 Thread 0x000002127596d490 5510       3       java.lang.ThreadLocal$ThreadLocalMap::cleanSomeSlots (61 bytes)
Event: 119.193 Thread 0x000002127596d490 nmethod 5510 0x0000021262caa090 code [0x0000021262caa280, 0x0000021262caa780]
Event: 119.194 Thread 0x000002127596d490 5511       3       java.lang.ThreadLocal::remove (8 bytes)
Event: 119.194 Thread 0x000002127596d490 nmethod 5511 0x0000021262caa990 code [0x0000021262caab60, 0x0000021262caae38]
Event: 119.194 Thread 0x000002127596d490 5512       3       org.gradle.internal.operations.CurrentBuildOperationRef::get (11 bytes)
Event: 119.194 Thread 0x000002127596d490 nmethod 5512 0x0000021262caaf90 code [0x0000021262cab140, 0x0000021262cab420]
Event: 119.197 Thread 0x000002127596d490 5513       3       java.lang.ThreadLocal$ThreadLocalMap::getEntryAfterMiss (59 bytes)
Event: 119.197 Thread 0x000002127596d490 nmethod 5513 0x0000021262cab510 code [0x0000021262cab720, 0x0000021262cabd18]
Event: 119.201 Thread 0x000002127596d490 5514       1       org.gradle.internal.instantiation.generator.AbstractClassGenerator$GeneratedClassImpl::getConstructors (5 bytes)
Event: 119.201 Thread 0x000002127596d490 nmethod 5514 0x000002126a0e1590 code [0x000002126a0e1720, 0x000002126a0e17e8]
Event: 119.211 Thread 0x000002127596d490 5515       1       org.gradle.internal.operations.BuildOperationDescriptor::getDisplayName (5 bytes)
Event: 119.211 Thread 0x000002127596d490 nmethod 5515 0x000002126a0e1890 code [0x000002126a0e1a20, 0x000002126a0e1ae8]

GC Heap History (16 events):
Event: 1.309 GC heap before
{Heap before GC invocations=0 (full 0):
 garbage-first heap   total 251904K, used 22528K [0x00000000c0000000, 0x0000000100000000)
  region size 1024K, 23 young (23552K), 0 survivors (0K)
 Metaspace       used 1038K, committed 1152K, reserved 1114112K
  class space    used 81K, committed 128K, reserved 1048576K
}
Event: 1.316 GC heap after
{Heap after GC invocations=1 (full 0):
 garbage-first heap   total 251904K, used 1920K [0x00000000c0000000, 0x0000000100000000)
  region size 1024K, 2 young (2048K), 2 survivors (2048K)
 Metaspace       used 1038K, committed 1152K, reserved 1114112K
  class space    used 81K, committed 128K, reserved 1048576K
}
Event: 2.631 GC heap before
{Heap before GC invocations=1 (full 0):
 garbage-first heap   total 251904K, used 40832K [0x00000000c0000000, 0x0000000100000000)
  region size 1024K, 38 young (38912K), 2 survivors (2048K)
 Metaspace       used 4376K, committed 4544K, reserved 1114112K
  class space    used 559K, committed 640K, reserved 1048576K
}
Event: 2.641 GC heap after
{Heap after GC invocations=2 (full 0):
 garbage-first heap   total 251904K, used 11280K [0x00000000c0000000, 0x0000000100000000)
  region size 1024K, 5 young (5120K), 5 survivors (5120K)
 Metaspace       used 4376K, committed 4544K, reserved 1114112K
  class space    used 559K, committed 640K, reserved 1048576K
}
Event: 3.617 GC heap before
{Heap before GC invocations=2 (full 0):
 garbage-first heap   total 251904K, used 63504K [0x00000000c0000000, 0x0000000100000000)
  region size 1024K, 54 young (55296K), 5 survivors (5120K)
 Metaspace       used 5864K, committed 6080K, reserved 1114112K
  class space    used 785K, committed 896K, reserved 1048576K
}
Event: 3.627 GC heap after
{Heap after GC invocations=3 (full 0):
 garbage-first heap   total 251904K, used 18432K [0x00000000c0000000, 0x0000000100000000)
  region size 1024K, 6 young (6144K), 6 survivors (6144K)
 Metaspace       used 5864K, committed 6080K, reserved 1114112K
  class space    used 785K, committed 896K, reserved 1048576K
}
Event: 12.996 GC heap before
{Heap before GC invocations=3 (full 0):
 garbage-first heap   total 251904K, used 108544K [0x00000000c0000000, 0x0000000100000000)
  region size 1024K, 95 young (97280K), 6 survivors (6144K)
 Metaspace       used 20841K, committed 21504K, reserved 1114112K
  class space    used 3073K, committed 3392K, reserved 1048576K
}
Event: 13.007 GC heap after
{Heap after GC invocations=4 (full 0):
 garbage-first heap   total 251904K, used 24558K [0x00000000c0000000, 0x0000000100000000)
  region size 1024K, 12 young (12288K), 12 survivors (12288K)
 Metaspace       used 20841K, committed 21504K, reserved 1114112K
  class space    used 3073K, committed 3392K, reserved 1048576K
}
Event: 47.760 GC heap before
{Heap before GC invocations=5 (full 0):
 garbage-first heap   total 81920K, used 81902K [0x00000000c0000000, 0x0000000100000000)
  region size 1024K, 68 young (69632K), 12 survivors (12288K)
 Metaspace       used 27919K, committed 28864K, reserved 1114112K
  class space    used 4228K, committed 4672K, reserved 1048576K
}
Event: 47.770 GC heap after
{Heap after GC invocations=6 (full 0):
 garbage-first heap   total 98304K, used 27508K [0x00000000c0000000, 0x0000000100000000)
  region size 1024K, 10 young (10240K), 10 survivors (10240K)
 Metaspace       used 27919K, committed 28864K, reserved 1114112K
  class space    used 4228K, committed 4672K, reserved 1048576K
}
Event: 48.770 GC heap before
{Heap before GC invocations=6 (full 0):
 garbage-first heap   total 98304K, used 74612K [0x00000000c0000000, 0x0000000100000000)
  region size 1024K, 57 young (58368K), 10 survivors (10240K)
 Metaspace       used 33413K, committed 34432K, reserved 1114112K
  class space    used 4820K, committed 5312K, reserved 1048576K
}
Event: 48.780 GC heap after
{Heap after GC invocations=7 (full 0):
 garbage-first heap   total 98304K, used 31932K [0x00000000c0000000, 0x0000000100000000)
  region size 1024K, 8 young (8192K), 8 survivors (8192K)
 Metaspace       used 33413K, committed 34432K, reserved 1114112K
  class space    used 4820K, committed 5312K, reserved 1048576K
}
Event: 49.348 GC heap before
{Heap before GC invocations=7 (full 0):
 garbage-first heap   total 98304K, used 45244K [0x00000000c0000000, 0x0000000100000000)
  region size 1024K, 17 young (17408K), 8 survivors (8192K)
 Metaspace       used 34952K, committed 35968K, reserved 1114112K
  class space    used 4956K, committed 5440K, reserved 1048576K
}
Event: 49.354 GC heap after
{Heap after GC invocations=8 (full 0):
 garbage-first heap   total 98304K, used 32929K [0x00000000c0000000, 0x0000000100000000)
  region size 1024K, 2 young (2048K), 2 survivors (2048K)
 Metaspace       used 34952K, committed 35968K, reserved 1114112K
  class space    used 4956K, committed 5440K, reserved 1048576K
}
Event: 117.856 GC heap before
{Heap before GC invocations=9 (full 0):
 garbage-first heap   total 98304K, used 82081K [0x00000000c0000000, 0x0000000100000000)
  region size 1024K, 50 young (51200K), 2 survivors (2048K)
 Metaspace       used 39074K, committed 40384K, reserved 1114112K
  class space    used 5621K, committed 6272K, reserved 1048576K
}
Event: 117.860 GC heap after
{Heap after GC invocations=10 (full 0):
 garbage-first heap   total 98304K, used 35292K [0x00000000c0000000, 0x0000000100000000)
  region size 1024K, 4 young (4096K), 4 survivors (4096K)
 Metaspace       used 39074K, committed 40384K, reserved 1114112K
  class space    used 5621K, committed 6272K, reserved 1048576K
}

Dll operation events (20 events):
Event: 0.717 Attempting to load shared library C:\Users\Ashwani\.vscode\extensions\redhat.java-1.56.0-win32-x64\jre\21.0.12.1-win32-x86_64\bin\nio.dll
Event: 0.718 Loaded shared library C:\Users\Ashwani\.vscode\extensions\redhat.java-1.56.0-win32-x64\jre\21.0.12.1-win32-x86_64\bin\nio.dll
Event: 0.726 Attempting to load shared library C:\Users\Ashwani\.vscode\extensions\redhat.java-1.56.0-win32-x64\jre\21.0.12.1-win32-x86_64\bin\zip.dll
Event: 0.726 Loaded shared library C:\Users\Ashwani\.vscode\extensions\redhat.java-1.56.0-win32-x64\jre\21.0.12.1-win32-x86_64\bin\zip.dll
Event: 1.270 Attempting to load shared library C:\Users\Ashwani\.vscode\extensions\redhat.java-1.56.0-win32-x64\jre\21.0.12.1-win32-x86_64\bin\jimage.dll
Event: 1.270 Loaded shared library C:\Users\Ashwani\.vscode\extensions\redhat.java-1.56.0-win32-x64\jre\21.0.12.1-win32-x86_64\bin\jimage.dll
Event: 1.575 Attempting to load shared library C:\Users\Ashwani\.vscode\extensions\redhat.java-1.56.0-win32-x64\jre\21.0.12.1-win32-x86_64\bin\verify.dll
Event: 1.576 Loaded shared library C:\Users\Ashwani\.vscode\extensions\redhat.java-1.56.0-win32-x64\jre\21.0.12.1-win32-x86_64\bin\verify.dll
Event: 1.800 Attempting to load shared library D:\GradleCache\native\1def1411415f61bf3af743bc5b6707747c0891f09f0c88961ee8f79bc544acac\windows-amd64\native-platform.dll
Event: 1.801 Loaded shared library D:\GradleCache\native\1def1411415f61bf3af743bc5b6707747c0891f09f0c88961ee8f79bc544acac\windows-amd64\native-platform.dll
Event: 1.836 Attempting to load shared library D:\GradleCache\native\0.2.7\x86_64-windows-gnu\gradle-fileevents.dll
Event: 1.837 Loaded shared library D:\GradleCache\native\0.2.7\x86_64-windows-gnu\gradle-fileevents.dll
Event: 3.662 Attempting to load shared library C:\Users\Ashwani\.vscode\extensions\redhat.java-1.56.0-win32-x64\jre\21.0.12.1-win32-x86_64\bin\management.dll
Event: 3.662 Loaded shared library C:\Users\Ashwani\.vscode\extensions\redhat.java-1.56.0-win32-x64\jre\21.0.12.1-win32-x86_64\bin\management.dll
Event: 3.668 Attempting to load shared library C:\Users\Ashwani\.vscode\extensions\redhat.java-1.56.0-win32-x64\jre\21.0.12.1-win32-x86_64\bin\management_ext.dll
Event: 3.668 Loaded shared library C:\Users\Ashwani\.vscode\extensions\redhat.java-1.56.0-win32-x64\jre\21.0.12.1-win32-x86_64\bin\management_ext.dll
Event: 4.115 Attempting to load shared library C:\Users\Ashwani\.vscode\extensions\redhat.java-1.56.0-win32-x64\jre\21.0.12.1-win32-x86_64\bin\extnet.dll
Event: 4.119 Loaded shared library C:\Users\Ashwani\.vscode\extensions\redhat.java-1.56.0-win32-x64\jre\21.0.12.1-win32-x86_64\bin\extnet.dll
Event: 4.867 Attempting to load shared library C:\Users\Ashwani\.vscode\extensions\redhat.java-1.56.0-win32-x64\jre\21.0.12.1-win32-x86_64\bin\sunmscapi.dll
Event: 4.870 Loaded shared library C:\Users\Ashwani\.vscode\extensions\redhat.java-1.56.0-win32-x64\jre\21.0.12.1-win32-x86_64\bin\sunmscapi.dll

Deoptimization events (20 events):
Event: 118.431 Thread 0x0000021275d472e0 Uncommon trap: trap_request=0xffffff45 fr.pc=0x0000021269e63b30 relative=0x0000000000000990
Event: 118.431 Thread 0x0000021275d472e0 Uncommon trap: reason=unstable_if action=reinterpret pc=0x0000021269e63b30 method=java.util.HashMap.resize()[Ljava/util/HashMap$Node; @ 203 c2
Event: 118.431 Thread 0x0000021275d472e0 DEOPT PACKING pc=0x0000021269e63b30 sp=0x000000ff13ef92a0
Event: 118.431 Thread 0x0000021275d472e0 DEOPT UNPACKING pc=0x00000212698e4422 sp=0x000000ff13ef9230 mode 2
Event: 118.431 Thread 0x0000021275d472e0 Uncommon trap: trap_request=0xffffff45 fr.pc=0x000002126a0699fc relative=0x000000000000023c
Event: 118.431 Thread 0x0000021275d472e0 Uncommon trap: reason=unstable_if action=reinterpret pc=0x000002126a0699fc method=java.util.HashMap.getNode(Ljava/lang/Object;)Ljava/util/HashMap$Node; @ 85 c2
Event: 118.431 Thread 0x0000021275d472e0 DEOPT PACKING pc=0x000002126a0699fc sp=0x000000ff13ef93d0
Event: 118.431 Thread 0x0000021275d472e0 DEOPT UNPACKING pc=0x00000212698e4422 sp=0x000000ff13ef9350 mode 2
Event: 118.635 Thread 0x0000021275d472e0 Uncommon trap: trap_request=0xffffffde fr.pc=0x0000021269fa5210 relative=0x00000000000002d0
Event: 118.635 Thread 0x0000021275d472e0 Uncommon trap: reason=class_check action=maybe_recompile pc=0x0000021269fa5210 method=java.util.Collections$SetFromMap.remove(Ljava/lang/Object;)Z @ 5 c2
Event: 118.635 Thread 0x0000021275d472e0 DEOPT PACKING pc=0x0000021269fa5210 sp=0x000000ff13efb5c0
Event: 118.635 Thread 0x0000021275d472e0 DEOPT UNPACKING pc=0x00000212698e4422 sp=0x000000ff13efb5a8 mode 2
Event: 118.718 Thread 0x0000021275d472e0 Uncommon trap: trap_request=0xffffff45 fr.pc=0x0000021269ef2144 relative=0x00000000000000a4
Event: 118.718 Thread 0x0000021275d472e0 Uncommon trap: reason=unstable_if action=reinterpret pc=0x0000021269ef2144 method=java.lang.ref.ReferenceQueue.poll()Ljava/lang/ref/Reference; @ 4 c2
Event: 118.719 Thread 0x0000021275d472e0 DEOPT PACKING pc=0x0000021269ef2144 sp=0x000000ff13ef6d10
Event: 118.719 Thread 0x0000021275d472e0 DEOPT UNPACKING pc=0x00000212698e4422 sp=0x000000ff13ef6bf8 mode 2
Event: 119.147 Thread 0x0000021275d472e0 Uncommon trap: trap_request=0xffffff45 fr.pc=0x0000021269e7a504 relative=0x00000000000003c4
Event: 119.148 Thread 0x0000021275d472e0 Uncommon trap: reason=unstable_if action=reinterpret pc=0x0000021269e7a504 method=org.gradle.internal.reflect.PropertyAccessorType.isGetGetterName(Ljava/lang/String;)Z @ 14 c2
Event: 119.148 Thread 0x0000021275d472e0 DEOPT PACKING pc=0x0000021269e7a504 sp=0x000000ff13ef92e0
Event: 119.148 Thread 0x0000021275d472e0 DEOPT UNPACKING pc=0x00000212698e4422 sp=0x000000ff13ef9238 mode 2

Classes loaded (20 events):
Event: 117.823 Loading class java/lang/invoke/BoundMethodHandle$Species_LLLLLLLLLLLLLLLLLLLLLLLLLLLLLLL
Event: 117.823 Loading class java/lang/invoke/BoundMethodHandle$Species_LLLLLLLLLLLLLLLLLLLLLLLLLLLLLLL done
Event: 117.824 Loading class java/lang/invoke/BoundMethodHandle$Species_LLLLLLLLLLLLLLLLLLLLLLLLLLLLLLLL
Event: 117.824 Loading class java/lang/invoke/BoundMethodHandle$Species_LLLLLLLLLLLLLLLLLLLLLLLLLLLLLLLL done
Event: 118.397 Loading class java/io/FileWriter
Event: 118.397 Loading class java/io/FileWriter done
Event: 118.689 Loading class java/util/function/IntBinaryOperator
Event: 118.689 Loading class java/util/function/IntBinaryOperator done
Event: 118.724 Loading class sun/reflect/generics/tree/BooleanSignature
Event: 118.724 Loading class sun/reflect/generics/tree/BooleanSignature done
Event: 118.820 Loading class org/xml/sax/Locator
Event: 118.820 Loading class org/xml/sax/Locator done
Event: 118.820 Loading class org/xml/sax/SAXParseException
Event: 118.820 Loading class org/xml/sax/SAXParseException done
Event: 118.821 Loading class org/xml/sax/Attributes
Event: 118.821 Loading class org/xml/sax/Attributes done
Event: 119.048 Loading class java/util/DualPivotQuicksort
Event: 119.048 Loading class java/util/DualPivotQuicksort done
Event: 119.126 Loading class java/util/function/LongUnaryOperator
Event: 119.126 Loading class java/util/function/LongUnaryOperator done

Classes unloaded (0 events):
No events

Classes redefined (0 events):
No events

Internal exceptions (20 events):
Event: 117.807 Thread 0x0000021275d472e0 Exception <a 'java/lang/NoSuchMethodError'{0x00000000c2929068}: 'java.lang.Object java.lang.invoke.DirectMethodHandle$Holder.invokeStatic(java.lang.Object, java.lang.Object, java.lang.Object, java.lang.Object, java.lang.Object, java.lang.Object, java.lang.Object, java.lang.Object, java.lang.Object, java.lang.Object, java.lang.Object, java.lang.Object, java.lang.Object, java.lang.Object, java.lang.Object, java.lang.Object, java.lang.Object, java.lang.Object, java.lang.Object, java.lang.Object, java.lang.Obj
Event: 117.809 Thread 0x0000021275d472e0 Exception <a 'java/lang/NoSuchMethodError'{0x00000000c295f5c0}: 'java.lang.Object java.lang.invoke.DirectMethodHandle$Holder.invokeStatic(java.lang.Object, java.lang.Object, java.lang.Object, java.lang.Object, java.lang.Object, java.lang.Object, java.lang.Object, java.lang.Object, java.lang.Object, java.lang.Object, java.lang.Object, java.lang.Object, java.lang.Object, java.lang.Object, java.lang.Object, java.lang.Object, java.lang.Object, java.lang.Object, java.lang.Object, java.lang.Object, java.lang.Obj
Event: 117.811 Thread 0x0000021275d472e0 Exception <a 'java/lang/NoSuchMethodError'{0x00000000c2997770}: 'java.lang.Object java.lang.invoke.DirectMethodHandle$Holder.invokeStatic(java.lang.Object, java.lang.Object, java.lang.Object, java.lang.Object, java.lang.Object, java.lang.Object, java.lang.Object, java.lang.Object, java.lang.Object, java.lang.Object, java.lang.Object, java.lang.Object, java.lang.Object, java.lang.Object, java.lang.Object, java.lang.Object, java.lang.Object, java.lang.Object, java.lang.Object, java.lang.Object, java.lang.Obj
Event: 117.817 Thread 0x0000021275d472e0 Exception <a 'java/lang/NoSuchMethodError'{0x00000000c29d0558}: 'java.lang.Object java.lang.invoke.DirectMethodHandle$Holder.invokeStatic(java.lang.Object, java.lang.Object, java.lang.Object, java.lang.Object, java.lang.Object, java.lang.Object, java.lang.Object, java.lang.Object, java.lang.Object, java.lang.Object, java.lang.Object, java.lang.Object, java.lang.Object, java.lang.Object, java.lang.Object, java.lang.Object, java.lang.Object, java.lang.Object, java.lang.Object, java.lang.Object, java.lang.Obj
Event: 117.820 Thread 0x0000021275d472e0 Exception <a 'java/lang/NoSuchMethodError'{0x00000000c280d608}: 'java.lang.Object java.lang.invoke.DirectMethodHandle$Holder.invokeStatic(java.lang.Object, java.lang.Object, java.lang.Object, java.lang.Object, java.lang.Object, java.lang.Object, java.lang.Object, java.lang.Object, java.lang.Object, java.lang.Object, java.lang.Object, java.lang.Object, java.lang.Object, java.lang.Object, java.lang.Object, java.lang.Object, java.lang.Object, java.lang.Object, java.lang.Object, java.lang.Object, java.lang.Obj
Event: 117.822 Thread 0x0000021275d472e0 Exception <a 'java/lang/NoSuchMethodError'{0x00000000c2849ff0}: 'java.lang.Object java.lang.invoke.DirectMethodHandle$Holder.invokeStatic(java.lang.Object, java.lang.Object, java.lang.Object, java.lang.Object, java.lang.Object, java.lang.Object, java.lang.Object, java.lang.Object, java.lang.Object, java.lang.Object, java.lang.Object, java.lang.Object, java.lang.Object, java.lang.Object, java.lang.Object, java.lang.Object, java.lang.Object, java.lang.Object, java.lang.Object, java.lang.Object, java.lang.Obj
Event: 117.823 Thread 0x0000021275d472e0 Exception <a 'java/lang/NoSuchMethodError'{0x00000000c2888030}: 'java.lang.Object java.lang.invoke.DirectMethodHandle$Holder.invokeStatic(java.lang.Object, java.lang.Object, java.lang.Object, java.lang.Object, java.lang.Object, java.lang.Object, java.lang.Object, java.lang.Object, java.lang.Object, java.lang.Object, java.lang.Object, java.lang.Object, java.lang.Object, java.lang.Object, java.lang.Object, java.lang.Object, java.lang.Object, java.lang.Object, java.lang.Object, java.lang.Object, java.lang.Obj
Event: 117.826 Thread 0x0000021275d472e0 Exception <a 'java/lang/NoSuchMethodError'{0x00000000c28c7bf8}: 'java.lang.Object java.lang.invoke.DirectMethodHandle$Holder.invokeStatic(java.lang.Object, java.lang.Object, java.lang.Object, java.lang.Object, java.lang.Object, java.lang.Object, java.lang.Object, java.lang.Object, java.lang.Object, java.lang.Object, java.lang.Object, java.lang.Object, java.lang.Object, java.lang.Object, java.lang.Object, java.lang.Object, java.lang.Object, java.lang.Object, java.lang.Object, java.lang.Object, java.lang.Obj
Event: 117.885 Thread 0x0000021275d472e0 Exception <a 'java/lang/NoSuchMethodError'{0x00000000cf59e2f8}: 'java.lang.Object java.lang.invoke.DirectMethodHandle$Holder.newInvokeSpecial(java.lang.Object, java.lang.Object, java.lang.Object, java.lang.Object, java.lang.Object, java.lang.Object, java.lang.Object, java.lang.Object, java.lang.Object, java.lang.Object, java.lang.Object, java.lang.Object, java.lang.Object, java.lang.Object, java.lang.Object, java.lang.Object, java.lang.Object, java.lang.Object, java.lang.Object)'> (0x00000000cf59e2f8) 
thr
Event: 117.886 Thread 0x0000021275d472e0 Exception <a 'java/lang/NoSuchMethodError'{0x00000000cf5a4cf0}: 'java.lang.Object java.lang.invoke.DirectMethodHandle$Holder.invokeSpecial(java.lang.Object, java.lang.Object, java.lang.Object, java.lang.Object, java.lang.Object, java.lang.Object, java.lang.Object, java.lang.Object, java.lang.Object, java.lang.Object, java.lang.Object, java.lang.Object, java.lang.Object, java.lang.Object, java.lang.Object, java.lang.Object, java.lang.Object, java.lang.Object, java.lang.Object, java.lang.Object)'> (0x0000000
Event: 117.886 Thread 0x0000021275d472e0 Exception <a 'java/lang/NoSuchMethodError'{0x00000000cf5aa300}: 'java.lang.Object java.lang.invoke.DelegatingMethodHandle$Holder.reinvoke_L(java.lang.Object, java.lang.Object, java.lang.Object, java.lang.Object, java.lang.Object, java.lang.Object, java.lang.Object, java.lang.Object, java.lang.Object, java.lang.Object, java.lang.Object, java.lang.Object, java.lang.Object, java.lang.Object, java.lang.Object, java.lang.Object, java.lang.Object, java.lang.Object, java.lang.Object)'> (0x00000000cf5aa300) 
throw
Event: 118.662 Thread 0x0000021275d472e0 Exception <a 'java/lang/ClassNotFoundException'{0x00000000c4b87cf8}: org/gradle/internal/metaobject/ConfigureDelegateBeanInfo> (0x00000000c4b87cf8) 
thrown [s\src\hotspot\share\classfile\systemDictionary.cpp, line 313]
Event: 118.662 Thread 0x0000021275d472e0 Exception <a 'java/lang/ClassNotFoundException'{0x00000000c4b92fa8}: org/gradle/internal/metaobject/ConfigureDelegateCustomizer> (0x00000000c4b92fa8) 
thrown [s\src\hotspot\share\classfile\systemDictionary.cpp, line 313]
Event: 118.715 Thread 0x0000021275d472e0 Exception <a 'java/lang/ClassNotFoundException'{0x00000000c4927510}: org/gradle/api/internal/project/DefaultProject_DecoratedBeanInfo> (0x00000000c4927510) 
thrown [s\src\hotspot\share\classfile\systemDictionary.cpp, line 313]
Event: 118.715 Thread 0x0000021275d472e0 Exception <a 'java/lang/ClassNotFoundException'{0x00000000c49336c0}: org/gradle/api/internal/project/DefaultProjectBeanInfo> (0x00000000c49336c0) 
thrown [s\src\hotspot\share\classfile\systemDictionary.cpp, line 313]
Event: 118.717 Thread 0x0000021275d472e0 Exception <a 'java/lang/ClassNotFoundException'{0x00000000c493fbf8}: org/gradle/api/internal/project/DefaultProjectCustomizer> (0x00000000c493fbf8) 
thrown [s\src\hotspot\share\classfile\systemDictionary.cpp, line 313]
Event: 118.805 Thread 0x0000021275d472e0 Exception <a 'java/lang/ClassNotFoundException'{0x00000000c49f9a90}: org/gradle/api/internal/project/DefaultProject_DecoratedCustomizer> (0x00000000c49f9a90) 
thrown [s\src\hotspot\share\classfile\systemDictionary.cpp, line 313]
Event: 118.831 Thread 0x0000021275d472e0 Exception <a 'java/lang/ClassNotFoundException'{0x00000000c48b2858}: org/gradle/configuration/internal/DefaultListenerBuildOperationDecorator$BuildOperationEmittingClosureBeanInfo> (0x00000000c48b2858) 
thrown [s\src\hotspot\share\classfile\systemDictionary.cpp, line 313]
Event: 118.833 Thread 0x0000021275d472e0 Exception <a 'java/lang/ClassNotFoundException'{0x00000000c48bf938}: org/gradle/configuration/internal/DefaultListenerBuildOperationDecorator$BuildOperationEmittingClosureCustomizer> (0x00000000c48bf938) 
thrown [s\src\hotspot\share\classfile\systemDictionary.cpp, line 313]
Event: 119.127 Thread 0x0000021275d472e0 Exception <a 'java/lang/NoSuchMethodError'{0x00000000c41da968}: 'long java.lang.invoke.DirectMethodHandle$Holder.invokeStatic(java.lang.Object, long)'> (0x00000000c41da968) 
thrown [s\src\hotspot\share\interpreter\linkResolver.cpp, line 773]

ZGC Phase Switch (0 events):
No events

VM Operations (20 events):
Event: 94.633 Executing safepoint VM operation: Cleanup
Event: 94.633 Executing safepoint VM operation: Cleanup done
Event: 95.634 Executing safepoint VM operation: Cleanup
Event: 95.634 Executing safepoint VM operation: Cleanup done
Event: 101.694 Executing safepoint VM operation: Cleanup
Event: 101.695 Executing safepoint VM operation: Cleanup done
Event: 105.742 Executing safepoint VM operation: Cleanup
Event: 105.742 Executing safepoint VM operation: Cleanup done
Event: 114.841 Executing safepoint VM operation: Cleanup
Event: 114.841 Executing safepoint VM operation: Cleanup done
Event: 116.852 Executing safepoint VM operation: Cleanup
Event: 116.868 Executing safepoint VM operation: Cleanup done
Event: 117.856 Executing safepoint VM operation: G1CollectForAllocation (G1 Evacuation Pause)
Event: 117.860 Executing safepoint VM operation: G1CollectForAllocation (G1 Evacuation Pause) done
Event: 118.398 Executing non-safepoint VM operation: HandshakeAllThreads (Deoptimize)
Event: 118.398 Executing non-safepoint VM operation: HandshakeAllThreads (Deoptimize) done
Event: 118.711 Executing safepoint VM operation: ICBufferFull
Event: 118.712 Executing safepoint VM operation: ICBufferFull done
Event: 119.160 Executing non-safepoint VM operation: HandshakeAllThreads (Deoptimize)
Event: 119.160 Executing non-safepoint VM operation: HandshakeAllThreads (Deoptimize) done

Memory protections (0 events):
No events

Nmethod flushes (20 events):
Event: 49.387 Thread 0x0000021275944cd0 flushing  nmethod 0x0000021262598f90
Event: 49.387 Thread 0x0000021275944cd0 flushing  nmethod 0x00000212625c1690
Event: 49.387 Thread 0x0000021275944cd0 flushing  nmethod 0x00000212625c3310
Event: 49.387 Thread 0x0000021275944cd0 flushing  nmethod 0x00000212625c3910
Event: 49.387 Thread 0x0000021275944cd0 flushing  nmethod 0x00000212625c3d90
Event: 49.387 Thread 0x0000021275944cd0 flushing  nmethod 0x00000212625c4110
Event: 49.387 Thread 0x0000021275944cd0 flushing  nmethod 0x00000212625c4f90
Event: 49.387 Thread 0x0000021275944cd0 flushing  nmethod 0x00000212625c6790
Event: 49.387 Thread 0x0000021275944cd0 flushing  nmethod 0x00000212625ca810
Event: 49.387 Thread 0x0000021275944cd0 flushing  nmethod 0x00000212625cbb90
Event: 49.387 Thread 0x0000021275944cd0 flushing  nmethod 0x0000021262647e90
Event: 49.387 Thread 0x0000021275944cd0 flushing  nmethod 0x00000212626a5990
Event: 49.387 Thread 0x0000021275944cd0 flushing  nmethod 0x00000212626a8710
Event: 49.387 Thread 0x0000021275944cd0 flushing  nmethod 0x00000212626a9110
Event: 49.387 Thread 0x0000021275944cd0 flushing  nmethod 0x00000212626a9d10
Event: 49.387 Thread 0x0000021275944cd0 flushing  nmethod 0x00000212626aa410
Event: 49.387 Thread 0x0000021275944cd0 flushing  nmethod 0x00000212626ab090
Event: 49.387 Thread 0x0000021275944cd0 flushing  nmethod 0x00000212626ac410
Event: 49.387 Thread 0x0000021275944cd0 flushing  nmethod 0x00000212626ad210
Event: 49.387 Thread 0x0000021275944cd0 flushing  nmethod 0x00000212626ad910

Events (20 events):
Event: 11.841 Thread 0x000002127596c9f0 Thread added: 0x000002127c6e0010
Event: 13.219 Thread 0x0000021275d472e0 Thread added: 0x000002127ceda170
Event: 13.264 Thread 0x0000021275d472e0 Thread added: 0x000002127cedae90
Event: 13.769 Thread 0x0000021275d472e0 Thread added: 0x000002127ced8730
Event: 13.779 Thread 0x0000021275d472e0 Thread added: 0x000002127cedb520
Event: 13.884 Thread 0x000002127c6e0010 Thread exited: 0x000002127c6e0010
Event: 16.928 Thread 0x000002127596d490 Thread added: 0x000002127d41b020
Event: 17.305 Thread 0x000002127d41b020 Thread exited: 0x000002127d41b020
Event: 23.240 Thread 0x0000021275d472e0 Thread added: 0x000002127ced9ae0
Event: 45.591 Thread 0x0000021275d472e0 Thread added: 0x000002127ced8dc0
Event: 48.686 Thread 0x0000021275d472e0 Thread added: 0x000002127cedbbb0
Event: 48.735 Thread 0x0000021275d472e0 Thread added: 0x000002127cedc240
Event: 49.400 Thread 0x000002127596d490 Thread added: 0x0000021275b162f0
Event: 50.528 Thread 0x0000021275b162f0 Thread exited: 0x0000021275b162f0
Event: 70.241 Thread 0x0000021275d472e0 Thread added: 0x000002127cedc8d0
Event: 80.138 Thread 0x0000021275d472e0 Thread added: 0x000002127ced9450
Event: 94.702 Thread 0x0000021275d472e0 Thread added: 0x000002127cedd5f0
Event: 116.094 Thread 0x0000021275d472e0 Thread added: 0x000002127cedcf60
Event: 117.358 Thread 0x0000021275d472e0 Thread added: 0x000002127ceddc80
Event: 117.715 Thread 0x0000021275d472e0 Thread added: 0x000002127cede310


Dynamic libraries:
0x00007ff7872b0000 - 0x00007ff7872be000 	C:\Users\Ashwani\.vscode\extensions\redhat.java-1.56.0-win32-x64\jre\21.0.12.1-win32-x86_64\bin\java.exe
0x00007ff81ad60000 - 0x00007ff81afc7000 	C:\WINDOWS\SYSTEM32\ntdll.dll
0x00007ff819bb0000 - 0x00007ff819c7b000 	C:\WINDOWS\System32\KERNEL32.DLL
0x00007ff818420000 - 0x00007ff818821000 	C:\WINDOWS\System32\KERNELBASE.dll
0x00007ff8182c0000 - 0x00007ff81840c000 	C:\WINDOWS\System32\ucrtbase.dll
0x00007fff61580000 - 0x00007fff6159e000 	C:\Users\Ashwani\.vscode\extensions\redhat.java-1.56.0-win32-x64\jre\21.0.12.1-win32-x86_64\bin\VCRUNTIME140.dll
0x00007fff4ab00000 - 0x00007fff4ab18000 	C:\Users\Ashwani\.vscode\extensions\redhat.java-1.56.0-win32-x64\jre\21.0.12.1-win32-x86_64\bin\jli.dll
0x00007ff819600000 - 0x00007ff8197d7000 	C:\WINDOWS\System32\USER32.dll
0x00007ff817f60000 - 0x00007ff817f87000 	C:\WINDOWS\System32\win32u.dll
0x00007ff819c80000 - 0x00007ff819cab000 	C:\WINDOWS\System32\GDI32.dll
0x00007ff818190000 - 0x00007ff8182b8000 	C:\WINDOWS\System32\gdi32full.dll
0x00007ff817f90000 - 0x00007ff818033000 	C:\WINDOWS\System32\msvcp_win.dll
0x00007ffff9530000 - 0x00007ffff97c0000 	C:\WINDOWS\WinSxS\amd64_microsoft.windows.common-controls_6595b64144ccf1df_6.0.26100.9549_none_3e0a0396e3330090\COMCTL32.dll
0x00007ff818b10000 - 0x00007ff818bb9000 	C:\WINDOWS\System32\msvcrt.dll
0x00007ff81a010000 - 0x00007ff81a041000 	C:\WINDOWS\System32\IMM32.DLL
0x00007fff61dc0000 - 0x00007fff61dcc000 	C:\Users\Ashwani\.vscode\extensions\redhat.java-1.56.0-win32-x64\jre\21.0.12.1-win32-x86_64\bin\vcruntime140_1.dll
0x00007fff437f0000 - 0x00007fff4387d000 	C:\Users\Ashwani\.vscode\extensions\redhat.java-1.56.0-win32-x64\jre\21.0.12.1-win32-x86_64\bin\msvcp140.dll
0x00007fff42a40000 - 0x00007fff437e2000 	C:\Users\Ashwani\.vscode\extensions\redhat.java-1.56.0-win32-x64\jre\21.0.12.1-win32-x86_64\bin\server\jvm.dll
0x00007ff81a560000 - 0x00007ff81a61b000 	C:\WINDOWS\System32\ADVAPI32.dll
0x00007ff819b00000 - 0x00007ff819ba8000 	C:\WINDOWS\System32\sechost.dll
0x00007ff818bc0000 - 0x00007ff818cd8000 	C:\WINDOWS\System32\RPCRT4.dll
0x00007ff819570000 - 0x00007ff8195f1000 	C:\WINDOWS\System32\WS2_32.dll
0x00007ff817dd0000 - 0x00007ff817e2e000 	C:\WINDOWS\SYSTEM32\POWRPROF.dll
0x00007ff80e620000 - 0x00007ff80e657000 	C:\WINDOWS\SYSTEM32\WINMM.dll
0x00007ff8156c0000 - 0x00007ff8156cb000 	C:\WINDOWS\SYSTEM32\VERSION.dll
0x00007ff817db0000 - 0x00007ff817dc5000 	C:\WINDOWS\SYSTEM32\UMPDC.dll
0x00007ff816be0000 - 0x00007ff816bfb000 	C:\WINDOWS\SYSTEM32\kernel.appcore.dll
0x00007fff61d50000 - 0x00007fff61d5a000 	C:\Users\Ashwani\.vscode\extensions\redhat.java-1.56.0-win32-x64\jre\21.0.12.1-win32-x86_64\bin\jimage.dll
0x00007ff80ad10000 - 0x00007ff80af5c000 	C:\WINDOWS\SYSTEM32\DBGHELP.DLL
0x00007ff81a1d0000 - 0x00007ff81a55a000 	C:\WINDOWS\System32\combase.dll
0x00007ff81a050000 - 0x00007ff81a129000 	C:\WINDOWS\System32\OLEAUT32.dll
0x00007ffff6880000 - 0x00007ffff68bb000 	C:\WINDOWS\SYSTEM32\dbgcore.DLL
0x00007ff818040000 - 0x00007ff8180ec000 	C:\WINDOWS\System32\bcryptPrimitives.dll
0x00007fff46410000 - 0x00007fff4641f000 	C:\Users\Ashwani\.vscode\extensions\redhat.java-1.56.0-win32-x64\jre\21.0.12.1-win32-x86_64\bin\instrument.dll
0x00007fff41c00000 - 0x00007fff41c20000 	C:\Users\Ashwani\.vscode\extensions\redhat.java-1.56.0-win32-x64\jre\21.0.12.1-win32-x86_64\bin\java.dll
0x00007ff818d30000 - 0x00007ff8194cc000 	C:\WINDOWS\System32\SHELL32.dll
0x00007ff815980000 - 0x00007ff81622d000 	C:\WINDOWS\SYSTEM32\windows.storage.dll
0x00007ff819d70000 - 0x00007ff819e69000 	C:\WINDOWS\System32\SHCORE.dll
0x00007ff81a130000 - 0x00007ff81a196000 	C:\WINDOWS\System32\shlwapi.dll
0x00007ff817e70000 - 0x00007ff817e99000 	C:\WINDOWS\SYSTEM32\profapi.dll
0x00007fff41af0000 - 0x00007fff41b08000 	C:\Users\Ashwani\.vscode\extensions\redhat.java-1.56.0-win32-x64\jre\21.0.12.1-win32-x86_64\bin\zip.dll
0x00007fff63b00000 - 0x00007fff63b10000 	C:\Users\Ashwani\.vscode\extensions\redhat.java-1.56.0-win32-x64\jre\21.0.12.1-win32-x86_64\bin\net.dll
0x00007ff810080000 - 0x00007ff8101aa000 	C:\WINDOWS\SYSTEM32\WINHTTP.dll
0x00007ff8171c0000 - 0x00007ff81722c000 	C:\WINDOWS\system32\mswsock.dll
0x00007fff62230000 - 0x00007fff62246000 	C:\Users\Ashwani\.vscode\extensions\redhat.java-1.56.0-win32-x64\jre\21.0.12.1-win32-x86_64\bin\nio.dll
0x00007fff416c0000 - 0x00007fff416d0000 	C:\Users\Ashwani\.vscode\extensions\redhat.java-1.56.0-win32-x64\jre\21.0.12.1-win32-x86_64\bin\verify.dll
0x00007fffc2ba0000 - 0x00007fffc2bc7000 	D:\GradleCache\native\1def1411415f61bf3af743bc5b6707747c0891f09f0c88961ee8f79bc544acac\windows-amd64\native-platform.dll
0x00007ff80edd0000 - 0x00007ff80ee48000 	D:\GradleCache\native\0.2.7\x86_64-windows-gnu\gradle-fileevents.dll
0x00007ff80eda0000 - 0x00007ff80edaa000 	C:\Users\Ashwani\.vscode\extensions\redhat.java-1.56.0-win32-x64\jre\21.0.12.1-win32-x86_64\bin\management.dll
0x00007ff80e870000 - 0x00007ff80e87c000 	C:\Users\Ashwani\.vscode\extensions\redhat.java-1.56.0-win32-x64\jre\21.0.12.1-win32-x86_64\bin\management_ext.dll
0x00007ff81ad10000 - 0x00007ff81ad18000 	C:\WINDOWS\System32\PSAPI.DLL
0x00007ff816570000 - 0x00007ff8165a3000 	C:\WINDOWS\SYSTEM32\IPHLPAPI.DLL
0x00007ff8197e0000 - 0x00007ff8197ea000 	C:\WINDOWS\System32\NSI.dll
0x00007ff812a50000 - 0x00007ff812a59000 	C:\Users\Ashwani\.vscode\extensions\redhat.java-1.56.0-win32-x64\jre\21.0.12.1-win32-x86_64\bin\extnet.dll
0x00007ff8174b0000 - 0x00007ff8174cb000 	C:\WINDOWS\SYSTEM32\CRYPTSP.dll
0x00007ff816b40000 - 0x00007ff816b79000 	C:\WINDOWS\system32\rsaenh.dll
0x00007ff817270000 - 0x00007ff8172a4000 	C:\WINDOWS\SYSTEM32\USERENV.dll
0x00007ff817e40000 - 0x00007ff817e6a000 	C:\WINDOWS\SYSTEM32\bcrypt.dll
0x00007ff8174d0000 - 0x00007ff8174dc000 	C:\WINDOWS\SYSTEM32\CRYPTBASE.dll
0x00007ff812ab0000 - 0x00007ff812abe000 	C:\Users\Ashwani\.vscode\extensions\redhat.java-1.56.0-win32-x64\jre\21.0.12.1-win32-x86_64\bin\sunmscapi.dll
0x00007ff8188f0000 - 0x00007ff818a6f000 	C:\WINDOWS\System32\CRYPT32.dll
0x00007ff817710000 - 0x00007ff817740000 	C:\WINDOWS\SYSTEM32\ncrypt.dll
0x00007ff8176c0000 - 0x00007ff8176ff000 	C:\WINDOWS\SYSTEM32\NTASN1.dll
0x00007ff80e880000 - 0x00007ff80e888000 	C:\WINDOWS\system32\wshunix.dll

JVMTI agents:
D:\GradleCache\wrapper\dists\gradle-8.14.3-all\10utluxaxniiv4wxiphsi49nj\gradle-8.14.3\lib\agents\gradle-instrumentation-agent-8.14.3.jar path:C:\Users\Ashwani\.vscode\extensions\redhat.java-1.56.0-win32-x64\jre\21.0.12.1-win32-x86_64\bin\instrument.dll, loaded, initialized, instrumentlib options:none

dbghelp: loaded successfully - version: 4.0.5 - missing functions: none
symbol engine: initialized successfully - sym options: 0x614 - pdb path: .;C:\Users\Ashwani\.vscode\extensions\redhat.java-1.56.0-win32-x64\jre\21.0.12.1-win32-x86_64\bin;C:\WINDOWS\SYSTEM32;C:\WINDOWS\WinSxS\amd64_microsoft.windows.common-controls_6595b64144ccf1df_6.0.26100.9549_none_3e0a0396e3330090;C:\Users\Ashwani\.vscode\extensions\redhat.java-1.56.0-win32-x64\jre\21.0.12.1-win32-x86_64\bin\server;D:\GradleCache\native\1def1411415f61bf3af743bc5b6707747c0891f09f0c88961ee8f79bc544acac\windows-amd64;D:\GradleCache\native\0.2.7\x86_64-windows-gnu

VM Arguments:
jvm_args: --add-opens=java.base/java.lang=ALL-UNNAMED --add-opens=java.base/java.lang.invoke=ALL-UNNAMED --add-opens=java.base/java.util=ALL-UNNAMED --add-opens=java.prefs/java.util.prefs=ALL-UNNAMED --add-exports=jdk.compiler/com.sun.tools.javac.api=ALL-UNNAMED --add-exports=jdk.compiler/com.sun.tools.javac.util=ALL-UNNAMED --add-opens=java.base/java.util=ALL-UNNAMED --add-opens=java.prefs/java.util.prefs=ALL-UNNAMED --add-opens=java.base/java.nio.charset=ALL-UNNAMED --add-opens=java.base/java.net=ALL-UNNAMED --add-opens=java.base/java.util.concurrent.atomic=ALL-UNNAMED --add-opens=java.xml/javax.xml.namespace=ALL-UNNAMED -Xmx1024m -Dfile.encoding=UTF-8 -Duser.country=US -Duser.language=en -Duser.variant -javaagent:D:\GradleCache\wrapper\dists\gradle-8.14.3-all\10utluxaxniiv4wxiphsi49nj\gradle-8.14.3\lib\agents\gradle-instrumentation-agent-8.14.3.jar 
java_command: org.gradle.launcher.daemon.bootstrap.GradleDaemon 8.14.3
java_class_path (initial): D:\GradleCache\wrapper\dists\gradle-8.14.3-all\10utluxaxniiv4wxiphsi49nj\gradle-8.14.3\lib\gradle-daemon-main-8.14.3.jar
Launcher Type: SUN_STANDARD

[Global flags]
     intx CICompilerCount                          = 4                                         {product} {ergonomic}
     uint ConcGCThreads                            = 3                                         {product} {ergonomic}
     uint G1ConcRefinementThreads                  = 10                                        {product} {ergonomic}
   size_t G1HeapRegionSize                         = 1048576                                   {product} {ergonomic}
    uintx GCDrainStackTargetSize                   = 64                                        {product} {ergonomic}
   size_t InitialHeapSize                          = 257949696                                 {product} {ergonomic}
   size_t MarkStackSize                            = 4194304                                   {product} {ergonomic}
   size_t MaxHeapSize                              = 1073741824                                {product} {command line}
   size_t MaxNewSize                               = 643825664                                 {product} {ergonomic}
   size_t MinHeapDeltaBytes                        = 1048576                                   {product} {ergonomic}
   size_t MinHeapSize                              = 8388608                                   {product} {ergonomic}
    uintx NonNMethodCodeHeapSize                   = 5839372                                {pd product} {ergonomic}
    uintx NonProfiledCodeHeapSize                  = 122909434                              {pd product} {ergonomic}
    uintx ProfiledCodeHeapSize                     = 122909434                              {pd product} {ergonomic}
    uintx ReservedCodeCacheSize                    = 251658240                              {pd product} {ergonomic}
     bool SegmentedCodeCache                       = true                                      {product} {ergonomic}
   size_t SoftMaxHeapSize                          = 1073741824                             {manageable} {ergonomic}
     bool UseCompressedOops                        = true                           {product lp64_product} {ergonomic}
     bool UseG1GC                                  = true                                      {product} {ergonomic}
     bool UseLargePagesIndividualAllocation        = false                                  {pd product} {ergonomic}

Logging:
Log output configuration:
 #0: stdout all=warning uptime,level,tags foldmultilines=false
 #1: stderr all=off uptime,level,tags foldmultilines=false

Release file:
JAVA_VERSION="21.0.12.1" 
MODULES="java.base java.compiler java.datatransfer java.xml java.prefs java.desktop java.instrument java.logging java.management java.security.sasl java.naming java.rmi java.management.rmi java.net.http java.scripting java.security.jgss java.transaction.xa java.sql java.sql.rowset java.xml.crypto java.se java.smartcardio jdk.accessibility jdk.internal.jvmstat jdk.attach jdk.charsets jdk.internal.opt jdk.zipfs jdk.compiler jdk.crypto.ec jdk.crypto.cryptoki jdk.crypto.mscapi jdk.dynalink jdk.internal.ed jdk.editpad jdk.hotspot.agent jdk.httpserver jdk.internal.le jdk.internal.vm.ci jdk.internal.vm.compiler jdk.internal.vm.compiler.management jdk.jartool jdk.javadoc jdk.jcmd jdk.management jdk.management.agent jdk.jconsole jdk.jdeps jdk.jdwp.agent jdk.jdi jdk.jfr jdk.jshell jdk.jsobject jdk.jstatd jdk.localedata jdk.management.jfr jdk.naming.dns jdk.naming.rmi jdk.net jdk.nio.mapmode jdk.random jdk.sctp jdk.security.auth jdk.security.jgss jdk.unsupported jdk.unsupported.desktop jdk.xml.dom" 

Environment Variables:
JAVA_HOME=C:\Program Files\Eclipse Adoptium\jdk-21.0.3.9-hotspot\
PATH=C:\Program Files (x86)\Microsoft SDKs\Azure\CLI2\wbin;C:\Program Files\Common Files\Oracle\Java\javapath;C:\Program Files (x86)\Common Files\Oracle\Java\java8path;C:\Program Files (x86)\Common Files\Oracle\Java\javapath;C:\Program Files\Eclipse Adoptium\jdk-21.0.3.9-hotspot\bin;C:\Program Files\NVIDIA GPU Computing Toolkit\CUDA\v12.0\bin;C:\Program Files\NVIDIA GPU Computing Toolkit\CUDA\v12.0\libnvvp;C:\Program Files (x86)\Common Files\Intel\Shared Libraries\redist\intel64\compiler;C:\windows\system32;C:\windows;C:\windows\System32\Wbem;C:\windows\System32\WindowsPowerShell\v1.0\;C:\windows\System32\OpenSSH\;C:\Program Files (x86)\NVIDIA Corporation\PhysX\Common;C:\WINDOWS\system32;C:\WINDOWS;C:\WINDOWS\System32\Wbem;C:\WINDOWS\System32\WindowsPowerShell\v1.0\;C:\WINDOWS\System32\OpenSSH\;C:\Program Files\NVIDIA Corporation\Nsight Compute 2022.4.1\;C:\MinGW\bin;D:\android studio 2\platform-tools;D:\android studio 2\emulator;C:\Program Files\NVIDIA Corporation\NVIDIA App\NvDLISR;C:\ProgramData\chocolatey\bin;C:\Program Files\dotnet\;D:\node js\;C:\Program Files\Docker\Docker\resources\bin;D:\Git\cmd;D:\Git\mingw64\bin;D:\Git\usr\bin;D:\Scripts\;C:\Users\Ashwani\AppData\Local\Programs\Python\Launcher\;C:\Users\Ashwani\AppData\Local\Programs\Python\Python311\Scripts\;C:\Users\Ashwani\AppData\Local\Programs\Python\Python311\;D:\python\Scripts\;C:\Program Files\MySQL\MySQL Shell 8.0\bin\;D:\;C:\Users\Ashwani\AppData\Local\Programs\Microsoft VS Code\bin;C:\Users\Ashwani\AppData\Local\Microsoft\WindowsApps;C:\Program Files\nodejs;C:\Users\Ashwani\AppData\Local\npm-cache\_logs\2025-02-14T21_18_58_255Z-debug-0.log;D:\android studio 2\platform-tools;C:\Users\Ashwani\AppData\Roaming\npm;D:\Antigravity\bin;D:\python\;C:\Users\Ashwani\AppData\Local\PowerToys\DSCModules\;C:\Users\Ashwani\AppData\Local\Programs\Antigravity IDE\bin;D:\Antigravity IDE\bin;D:\colmap-x64-windows-cuda
USERNAME=Ashwani
OS=Windows_NT
PROCESSOR_IDENTIFIER=AMD64 Family 25 Model 80 Stepping 0, AuthenticAMD
TMP=C:\Users\Ashwani\AppData\Local\Temp
TEMP=C:\Users\Ashwani\AppData\Local\Temp




Periodic native trim disabled

---------------  S Y S T E M  ---------------

OS:
 Windows 11 , 64 bit Build 26100 (10.0.26100.9549)
OS uptime: 0 days 0:07 hours
Hyper-V role detected

CPU: total 12 (initial active 12) (12 cores per cpu, 2 threads per core) family 25 model 80 stepping 0 microcode 0xa500014, cx8, cmov, fxsr, ht, mmx, 3dnowpref, sse, sse2, sse3, ssse3, sse4a, sse4.1, sse4.2, popcnt, lzcnt, tsc, tscinvbit, avx, avx2, aes, erms, clmul, bmi1, bmi2, adx, sha, fma, vzeroupper, clflush, clflushopt, hv, rdtscp, rdpid, fsrm, f16c, cet_ss
Processor Information for processor 0
  Max Mhz: 3301, Current Mhz: 3301, Mhz Limit: 3301
Processor Information for processor 1
  Max Mhz: 3301, Current Mhz: 3301, Mhz Limit: 3301
Processor Information for processor 2
  Max Mhz: 3301, Current Mhz: 3301, Mhz Limit: 3301
Processor Information for processor 3
  Max Mhz: 3301, Current Mhz: 3301, Mhz Limit: 3301
Processor Information for processor 4
  Max Mhz: 3301, Current Mhz: 3301, Mhz Limit: 3301
Processor Information for processor 5
  Max Mhz: 3301, Current Mhz: 3301, Mhz Limit: 3301
Processor Information for processor 6
  Max Mhz: 3301, Current Mhz: 3301, Mhz Limit: 3301
Processor Information for processor 7
  Max Mhz: 3301, Current Mhz: 3301, Mhz Limit: 3301
Processor Information for processor 8
  Max Mhz: 3301, Current Mhz: 2011, Mhz Limit: 3301
Processor Information for processor 9
  Max Mhz: 3301, Current Mhz: 3301, Mhz Limit: 3301
Processor Information for processor 10
  Max Mhz: 3301, Current Mhz: 2011, Mhz Limit: 3301
Processor Information for processor 11
  Max Mhz: 3301, Current Mhz: 3301, Mhz Limit: 3301

Memory: 4k page, system-wide physical 15713M (100M free)
TotalPageFile size 24306M (AvailPageFile size 60M)
current process WorkingSet (physical memory assigned to process): 250M, peak: 262M
current process commit charge ("private bytes"): 292M, peak: 427M

vm_info: OpenJDK 64-Bit Server VM (21.0.12.1+1-LTS) for windows-amd64 JRE (21.0.12.1+1-LTS), built on 2026-08-18T00:00:00Z by "admin" with MS VC++ 17.12 (VS2022)

END.
